[2m2026-09-15T06:58:07.534780Z[0m [32m INFO[0m [2mactix_server::builder[0m[2m:[0m starting 12 workers
[2m2026-09-15T06:58:07.534894Z[0m [32m INFO[0m [2mactix_server::server[0m[2m:[0m Actix runtime found; starting in Actix runtime
[2m2026-09-15T06:58:07.534924Z[0m [32m INFO[0m [2mactix_server::server[0m[2m:[0m starting service: "actix-web-service-0.0.0.0:6311", workers: 12, listening on: 0.0.0.0:6311
[2m2026-09-15T06:58:07.543851Z[0m [32m INFO[0m [2mactix_web::middleware::logger[0m[2m:[0m 192.168.65.1 GET /health HTTP/1.1; took 0.000047s
[2m2026-09-15T06:58:07.545204Z[0m [32m INFO[0m [2mactix_web::middleware::logger[0m[2m:[0m 192.168.65.1 GET /ready HTTP/1.1; took 0.000039s
[2m2026-09-15T06:58:07.546401Z[0m [32m INFO[0m [2mmidnight_proof_server::endpoints[0m[2m:[0m Starting to process request for /prove...
[2m2026-09-15T06:58:07.866245Z[0m [32m INFO[0m [2mmidnight_bench[0m[2m:[0m [3mstage[0m[2m=[0m"create_proof.compute_trace.start" [3mrss_mb[0m[2m=[0m130 [3mhwm_mb[0m[2m=[0m147
[2m2026-09-15T06:58:07.866279Z[0m [32m INFO[0m [2mmidnight_bench[0m[2m:[0m [3mstage[0m[2m=[0m"trace.compute_instances.start" [3mrss_mb[0m[2m=[0m130 [3mhwm_mb[0m[2m=[0m147
[2m2026-09-15T06:58:07.871755Z[0m [32m INFO[0m [2mmidnight_bench[0m[2m:[0m [3mstage[0m[2m=[0m"trace.compute_instances.end" [3mrss_mb[0m[2m=[0m132 [3mhwm_mb[0m[2m=[0m147
[2m2026-09-15T06:58:07.871774Z[0m [32m INFO[0m [2mmidnight_bench[0m[2m:[0m [3mstage[0m[2m=[0m"trace.parse_advices.start" [3mrss_mb[0m[2m=[0m132 [3mhwm_mb[0m[2m=[0m147
[2m2026-09-15T06:58:07.880383Z[0m [32m INFO[0m [2mmidnight_bench[0m[2m:[0m [3mstage[0m[2m=[0m"trace.parse_advices.end" [3mrss_mb[0m[2m=[0m144 [3mhwm_mb[0m[2m=[0m147
[2m2026-09-15T06:58:07.880405Z[0m [32m INFO[0m [2mmidnight_bench[0m[2m:[0m [3mstage[0m[2m=[0m"trace.lookups_permuted.start" [3mrss_mb[0m[2m=[0m144 [3mhwm_mb[0m[2m=[0m147
[2m2026-09-15T06:58:07.925824Z[0m [32m INFO[0m [2mmidnight_bench[0m[2m:[0m [3mstage[0m[2m=[0m"trace.lookups_permuted.end" [3mrss_mb[0m[2m=[0m150 [3mhwm_mb[0m[2m=[0m150
[2m2026-09-15T06:58:07.925849Z[0m [32m INFO[0m [2mmidnight_bench[0m[2m:[0m [3mstage[0m[2m=[0m"trace.permutations_commit.start" [3mrss_mb[0m[2m=[0m150 [3mhwm_mb[0m[2m=[0m150
[2m2026-09-15T06:58:07.993960Z[0m [32m INFO[0m [2mmidnight_bench[0m[2m:[0m [3mstage[0m[2m=[0m"trace.permutations_commit.end" [3mrss_mb[0m[2m=[0m159 [3mhwm_mb[0m[2m=[0m159
[2m2026-09-15T06:58:07.993987Z[0m [32m INFO[0m [2mmidnight_bench[0m[2m:[0m [3mstage[0m[2m=[0m"trace.lookups_product.start" [3mrss_mb[0m[2m=[0m159 [3mhwm_mb[0m[2m=[0m159
[2m2026-09-15T06:58:08.046126Z[0m [32m INFO[0m [2mmidnight_bench[0m[2m:[0m [3mstage[0m[2m=[0m"trace.lookups_product.end" [3mrss_mb[0m[2m=[0m160 [3mhwm_mb[0m[2m=[0m160
[2m2026-09-15T06:58:08.073189Z[0m [32m INFO[0m [2mmidnight_bench[0m[2m:[0m [3mstage[0m[2m=[0m"create_proof.compute_trace.end" [3mrss_mb[0m[2m=[0m160 [3mhwm_mb[0m[2m=[0m160
[2m2026-09-15T06:58:08.073213Z[0m [32m INFO[0m [2mmidnight_bench[0m[2m:[0m [3mstage[0m[2m=[0m"create_proof.finalise_proof.start" [3mrss_mb[0m[2m=[0m160 [3mhwm_mb[0m[2m=[0m160
[2m2026-09-15T06:58:08.073222Z[0m [32m INFO[0m [2mmidnight_bench[0m[2m:[0m [3mstage[0m[2m=[0m"finalise.compute_h_poly.start" [3mrss_mb[0m[2m=[0m160 [3mhwm_mb[0m[2m=[0m160
[2m2026-09-15T06:58:08.213531Z[0m [32m INFO[0m [2mmidnight_bench[0m[2m:[0m [3mstage[0m[2m=[0m"finalise.compute_h_poly.drop_cosets.end" [3mrss_mb[0m[2m=[0m176 [3mhwm_mb[0m[2m=[0m176
[2m2026-09-15T06:58:08.213558Z[0m [32m INFO[0m [2mmidnight_bench[0m[2m:[0m [3mstage[0m[2m=[0m"finalise.compute_h_poly.end" [3mrss_mb[0m[2m=[0m176 [3mhwm_mb[0m[2m=[0m176
[2m2026-09-15T06:58:08.213565Z[0m [32m INFO[0m [2mmidnight_bench[0m[2m:[0m [3mstage[0m[2m=[0m"finalise.vanishing_construct.start" [3mrss_mb[0m[2m=[0m176 [3mhwm_mb[0m[2m=[0m176
[2m2026-09-15T06:58:08.303122Z[0m [32m INFO[0m [2mmidnight_bench[0m[2m:[0m [3mstage[0m[2m=[0m"finalise.vanishing_construct.end" [3mrss_mb[0m[2m=[0m176 [3mhwm_mb[0m[2m=[0m176
[2m2026-09-15T06:58:08.330236Z[0m [32m INFO[0m [2mmidnight_bench[0m[2m:[0m [3mstage[0m[2m=[0m"finalise.compute_queries.start" [3mrss_mb[0m[2m=[0m176 [3mhwm_mb[0m[2m=[0m176
[2m2026-09-15T06:58:08.330345Z[0m [32m INFO[0m [2mmidnight_bench[0m[2m:[0m [3mstage[0m[2m=[0m"finalise.multi_open.start" [3mrss_mb[0m[2m=[0m176 [3mhwm_mb[0m[2m=[0m176
[2m2026-09-15T06:58:08.424951Z[0m [32m INFO[0m [2mmidnight_bench[0m[2m:[0m [3mstage[0m[2m=[0m"finalise.multi_open.end" [3mrss_mb[0m[2m=[0m177 [3mhwm_mb[0m[2m=[0m177
[2m2026-09-15T06:58:08.425489Z[0m [32m INFO[0m [2mmidnight_bench[0m[2m:[0m [3mstage[0m[2m=[0m"create_proof.finalise_proof.end" [3mrss_mb[0m[2m=[0m163 [3mhwm_mb[0m[2m=[0m176
[2m2026-09-15T06:58:08.441992Z[0m [32m INFO[0m [2mactix_web::middleware::logger[0m[2m:[0m 192.168.65.1 POST /prove HTTP/1.1; took 0.895605s
[2m2026-09-15T06:58:08.468198Z[0m [32m INFO[0m [2mmidnight_proof_server::endpoints[0m[2m:[0m Starting to process request for /prove...
[2m2026-09-15T06:58:08.537635Z[0m [32m INFO[0m [2mmidnight_bench[0m[2m:[0m [3mstage[0m[2m=[0m"create_proof.compute_trace.start" [3mrss_mb[0m[2m=[0m156 [3mhwm_mb[0m[2m=[0m176
[2m2026-09-15T06:58:08.537667Z[0m [32m INFO[0m [2mmidnight_bench[0m[2m:[0m [3mstage[0m[2m=[0m"trace.compute_instances.start" [3mrss_mb[0m[2m=[0m156 [3mhwm_mb[0m[2m=[0m176
[2m2026-09-15T06:58:08.543875Z[0m [32m INFO[0m [2mmidnight_bench[0m[2m:[0m [3mstage[0m[2m=[0m"trace.compute_instances.end" [3mrss_mb[0m[2m=[0m156 [3mhwm_mb[0m[2m=[0m176
[2m2026-09-15T06:58:08.543897Z[0m [32m INFO[0m [2mmidnight_bench[0m[2m:[0m [3mstage[0m[2m=[0m"trace.parse_advices.start" [3mrss_mb[0m[2m=[0m156 [3mhwm_mb[0m[2m=[0m176
[2m2026-09-15T06:58:08.550368Z[0m [32m INFO[0m [2mmidnight_bench[0m[2m:[0m [3mstage[0m[2m=[0m"trace.parse_advices.end" [3mrss_mb[0m[2m=[0m164 [3mhwm_mb[0m[2m=[0m176
[2m2026-09-15T06:58:08.550391Z[0m [32m INFO[0m [2mmidnight_bench[0m[2m:[0m [3mstage[0m[2m=[0m"trace.lookups_permuted.start" [3mrss_mb[0m[2m=[0m164 [3mhwm_mb[0m[2m=[0m176
[2m2026-09-15T06:58:08.598514Z[0m [32m INFO[0m [2mmidnight_bench[0m[2m:[0m [3mstage[0m[2m=[0m"trace.lookups_permuted.end" [3mrss_mb[0m[2m=[0m169 [3mhwm_mb[0m[2m=[0m176
[2m2026-09-15T06:58:08.598550Z[0m [32m INFO[0m [2mmidnight_bench[0m[2m:[0m [3mstage[0m[2m=[0m"trace.permutations_commit.start" [3mrss_mb[0m[2m=[0m169 [3mhwm_mb[0m[2m=[0m176
[2m2026-09-15T06:58:08.669526Z[0m [32m INFO[0m [2mmidnight_bench[0m[2m:[0m [3mstage[0m[2m=[0m"trace.permutations_commit.end" [3mrss_mb[0m[2m=[0m177 [3mhwm_mb[0m[2m=[0m177
[2m2026-09-15T06:58:08.669552Z[0m [32m INFO[0m [2mmidnight_bench[0m[2m:[0m [3mstage[0m[2m=[0m"trace.lookups_product.start" [3mrss_mb[0m[2m=[0m177 [3mhwm_mb[0m[2m=[0m177
[2m2026-09-15T06:58:08.722655Z[0m [32m INFO[0m [2mmidnight_bench[0m[2m:[0m [3mstage[0m[2m=[0m"trace.lookups_product.end" [3mrss_mb[0m[2m=[0m178 [3mhwm_mb[0m[2m=[0m178
[2m2026-09-15T06:58:08.747182Z[0m [32m INFO[0m [2mmidnight_bench[0m[2m:[0m [3mstage[0m[2m=[0m"create_proof.compute_trace.end" [3mrss_mb[0m[2m=[0m178 [3mhwm_mb[0m[2m=[0m178
[2m2026-09-15T06:58:08.747211Z[0m [32m INFO[0m [2mmidnight_bench[0m[2m:[0m [3mstage[0m[2m=[0m"create_proof.finalise_proof.start" [3mrss_mb[0m[2m=[0m178 [3mhwm_mb[0m[2m=[0m178
[2m2026-09-15T06:58:08.747219Z[0m [32m INFO[0m [2mmidnight_bench[0m[2m:[0m [3mstage[0m[2m=[0m"finalise.compute_h_poly.start" [3mrss_mb[0m[2m=[0m178 [3mhwm_mb[0m[2m=[0m178
[2m2026-09-15T06:58:08.897326Z[0m [32m INFO[0m [2mmidnight_bench[0m[2m:[0m [3mstage[0m[2m=[0m"finalise.compute_h_poly.drop_cosets.end" [3mrss_mb[0m[2m=[0m181 [3mhwm_mb[0m[2m=[0m181
[2m2026-09-15T06:58:08.897357Z[0m [32m INFO[0m [2mmidnight_bench[0m[2m:[0m [3mstage[0m[2m=[0m"finalise.compute_h_poly.end" [3mrss_mb[0m[2m=[0m181 [3mhwm_mb[0m[2m=[0m181
[2m2026-09-15T06:58:08.897365Z[0m [32m INFO[0m [2mmidnight_bench[0m[2m:[0m [3mstage[0m[2m=[0m"finalise.vanishing_construct.start" [3mrss_mb[0m[2m=[0m181 [3mhwm_mb[0m[2m=[0m181
[2m2026-09-15T06:58:08.989694Z[0m [32m INFO[0m [2mmidnight_bench[0m[2m:[0m [3mstage[0m[2m=[0m"finalise.vanishing_construct.end" [3mrss_mb[0m[2m=[0m181 [3mhwm_mb[0m[2m=[0m181
[2m2026-09-15T06:58:09.017839Z[0m [32m INFO[0m [2mmidnight_bench[0m[2m:[0m [3mstage[0m[2m=[0m"finalise.compute_queries.start" [3mrss_mb[0m[2m=[0m181 [3mhwm_mb[0m[2m=[0m181
[2m2026-09-15T06:58:09.017924Z[0m [32m INFO[0m [2mmidnight_bench[0m[2m:[0m [3mstage[0m[2m=[0m"finalise.multi_open.start" [3mrss_mb[0m[2m=[0m181 [3mhwm_mb[0m[2m=[0m181
[2m2026-09-15T06:58:09.107810Z[0m [32m INFO[0m [2mmidnight_bench[0m[2m:[0m [3mstage[0m[2m=[0m"finalise.multi_open.end" [3mrss_mb[0m[2m=[0m181 [3mhwm_mb[0m[2m=[0m181
[2m2026-09-15T06:58:09.108927Z[0m [32m INFO[0m [2mmidnight_bench[0m[2m:[0m [3mstage[0m[2m=[0m"create_proof.finalise_proof.end" [3mrss_mb[0m[2m=[0m156 [3mhwm_mb[0m[2m=[0m180
[2m2026-09-15T06:58:09.124432Z[0m [32m INFO[0m [2mactix_web::middleware::logger[0m[2m:[0m 192.168.65.1 POST /prove HTTP/1.1; took 0.656267s
[2m2026-09-15T06:58:09.126320Z[0m [32m INFO[0m [2mmidnight_proof_server::endpoints[0m[2m:[0m Starting to process request for /prove...
[2m2026-09-15T06:58:09.198160Z[0m [32m INFO[0m [2mmidnight_bench[0m[2m:[0m [3mstage[0m[2m=[0m"create_proof.compute_trace.start" [3mrss_mb[0m[2m=[0m162 [3mhwm_mb[0m[2m=[0m180
[2m2026-09-15T06:58:09.198194Z[0m [32m INFO[0m [2mmidnight_bench[0m[2m:[0m [3mstage[0m[2m=[0m"trace.compute_instances.start" [3mrss_mb[0m[2m=[0m162 [3mhwm_mb[0m[2m=[0m180
[2m2026-09-15T06:58:09.203703Z[0m [32m INFO[0m [2mmidnight_bench[0m[2m:[0m [3mstage[0m[2m=[0m"trace.compute_instances.end" [3mrss_mb[0m[2m=[0m162 [3mhwm_mb[0m[2m=[0m180
[2m2026-09-15T06:58:09.203724Z[0m [32m INFO[0m [2mmidnight_bench[0m[2m:[0m [3mstage[0m[2m=[0m"trace.parse_advices.start" [3mrss_mb[0m[2m=[0m162 [3mhwm_mb[0m[2m=[0m180
[2m2026-09-15T06:58:09.209979Z[0m [32m INFO[0m [2mmidnight_bench[0m[2m:[0m [3mstage[0m[2m=[0m"trace.parse_advices.end" [3mrss_mb[0m[2m=[0m171 [3mhwm_mb[0m[2m=[0m180
[2m2026-09-15T06:58:09.209996Z[0m [32m INFO[0m [2mmidnight_bench[0m[2m:[0m [3mstage[0m[2m=[0m"trace.lookups_permuted.start" [3mrss_mb[0m[2m=[0m171 [3mhwm_mb[0m[2m=[0m180
[2m2026-09-15T06:58:09.255052Z[0m [32m INFO[0m [2mmidnight_bench[0m[2m:[0m [3mstage[0m[2m=[0m"trace.lookups_permuted.end" [3mrss_mb[0m[2m=[0m176 [3mhwm_mb[0m[2m=[0m180
[2m2026-09-15T06:58:09.255078Z[0m [32m INFO[0m [2mmidnight_bench[0m[2m:[0m [3mstage[0m[2m=[0m"trace.permutations_commit.start" [3mrss_mb[0m[2m=[0m176 [3mhwm_mb[0m[2m=[0m180
[2m2026-09-15T06:58:09.328063Z[0m [32m INFO[0m [2mmidnight_bench[0m[2m:[0m [3mstage[0m[2m=[0m"trace.permutations_commit.end" [3mrss_mb[0m[2m=[0m183 [3mhwm_mb[0m[2m=[0m183
[2m2026-09-15T06:58:09.328091Z[0m [32m INFO[0m [2mmidnight_bench[0m[2m:[0m [3mstage[0m[2m=[0m"trace.lookups_product.start" [3mrss_mb[0m[2m=[0m183 [3mhwm_mb[0m[2m=[0m183
[2m2026-09-15T06:58:09.378768Z[0m [32m INFO[0m [2mmidnight_bench[0m[2m:[0m [3mstage[0m[2m=[0m"trace.lookups_product.end" [3mrss_mb[0m[2m=[0m183 [3mhwm_mb[0m[2m=[0m183
[2m2026-09-15T06:58:09.403871Z[0m [32m INFO[0m [2mmidnight_bench[0m[2m:[0m [3mstage[0m[2m=[0m"create_proof.compute_trace.end" [3mrss_mb[0m[2m=[0m184 [3mhwm_mb[0m[2m=[0m184
[2m2026-09-15T06:58:09.403895Z[0m [32m INFO[0m [2mmidnight_bench[0m[2m:[0m [3mstage[0m[2m=[0m"create_proof.finalise_proof.start" [3mrss_mb[0m[2m=[0m184 [3mhwm_mb[0m[2m=[0m184
[2m2026-09-15T06:58:09.403903Z[0m [32m INFO[0m [2mmidnight_bench[0m[2m:[0m [3mstage[0m[2m=[0m"finalise.compute_h_poly.start" [3mrss_mb[0m[2m=[0m184 [3mhwm_mb[0m[2m=[0m184
[2m2026-09-15T06:58:09.555593Z[0m [32m INFO[0m [2mmidnight_bench[0m[2m:[0m [3mstage[0m[2m=[0m"finalise.compute_h_poly.drop_cosets.end" [3mrss_mb[0m[2m=[0m190 [3mhwm_mb[0m[2m=[0m190
[2m2026-09-15T06:58:09.555623Z[0m [32m INFO[0m [2mmidnight_bench[0m[2m:[0m [3mstage[0m[2m=[0m"finalise.compute_h_poly.end" [3mrss_mb[0m[2m=[0m190 [3mhwm_mb[0m[2m=[0m190
[2m2026-09-15T06:58:09.555630Z[0m [32m INFO[0m [2mmidnight_bench[0m[2m:[0m [3mstage[0m[2m=[0m"finalise.vanishing_construct.start" [3mrss_mb[0m[2m=[0m190 [3mhwm_mb[0m[2m=[0m190
[2m2026-09-15T06:58:09.654833Z[0m [32m INFO[0m [2mmidnight_bench[0m[2m:[0m [3mstage[0m[2m=[0m"finalise.vanishing_construct.end" [3mrss_mb[0m[2m=[0m190 [3mhwm_mb[0m[2m=[0m190
[2m2026-09-15T06:58:09.684207Z[0m [32m INFO[0m [2mmidnight_bench[0m[2m:[0m [3mstage[0m[2m=[0m"finalise.compute_queries.start" [3mrss_mb[0m[2m=[0m190 [3mhwm_mb[0m[2m=[0m190
[2m2026-09-15T06:58:09.684301Z[0m [32m INFO[0m [2mmidnight_bench[0m[2m:[0m [3mstage[0m[2m=[0m"finalise.multi_open.start" [3mrss_mb[0m[2m=[0m190 [3mhwm_mb[0m[2m=[0m190
[2m2026-09-15T06:58:09.777096Z[0m [32m INFO[0m [2mmidnight_bench[0m[2m:[0m [3mstage[0m[2m=[0m"finalise.multi_open.end" [3mrss_mb[0m[2m=[0m190 [3mhwm_mb[0m[2m=[0m190
[2m2026-09-15T06:58:09.778241Z[0m [32m INFO[0m [2mmidnight_bench[0m[2m:[0m [3mstage[0m[2m=[0m"create_proof.finalise_proof.end" [3mrss_mb[0m[2m=[0m164 [3mhwm_mb[0m[2m=[0m189
[2m2026-09-15T06:58:09.792830Z[0m [32m INFO[0m [2mactix_web::middleware::logger[0m[2m:[0m 192.168.65.1 POST /prove HTTP/1.1; took 0.666551s
[2m2026-09-15T06:58:09.795377Z[0m [32m INFO[0m [2mmidnight_proof_server::endpoints[0m[2m:[0m Starting to process request for /prove...
[2m2026-09-15T06:58:09.869525Z[0m [32m INFO[0m [2mmidnight_bench[0m[2m:[0m [3mstage[0m[2m=[0m"create_proof.compute_trace.start" [3mrss_mb[0m[2m=[0m179 [3mhwm_mb[0m[2m=[0m189
[2m2026-09-15T06:58:09.869557Z[0m [32m INFO[0m [2mmidnight_bench[0m[2m:[0m [3mstage[0m[2m=[0m"trace.compute_instances.start" [3mrss_mb[0m[2m=[0m179 [3mhwm_mb[0m[2m=[0m189
[2m2026-09-15T06:58:09.875042Z[0m [32m INFO[0m [2mmidnight_bench[0m[2m:[0m [3mstage[0m[2m=[0m"trace.compute_instances.end" [3mrss_mb[0m[2m=[0m179 [3mhwm_mb[0m[2m=[0m189
[2m2026-09-15T06:58:09.875061Z[0m [32m INFO[0m [2mmidnight_bench[0m[2m:[0m [3mstage[0m[2m=[0m"trace.parse_advices.start" [3mrss_mb[0m[2m=[0m179 [3mhwm_mb[0m[2m=[0m189
[2m2026-09-15T06:58:09.881806Z[0m [32m INFO[0m [2mmidnight_bench[0m[2m:[0m [3mstage[0m[2m=[0m"trace.parse_advices.end" [3mrss_mb[0m[2m=[0m188 [3mhwm_mb[0m[2m=[0m189
[2m2026-09-15T06:58:09.881833Z[0m [32m INFO[0m [2mmidnight_bench[0m[2m:[0m [3mstage[0m[2m=[0m"trace.lookups_permuted.start" [3mrss_mb[0m[2m=[0m188 [3mhwm_mb[0m[2m=[0m189
[2m2026-09-15T06:58:09.928999Z[0m [32m INFO[0m [2mmidnight_bench[0m[2m:[0m [3mstage[0m[2m=[0m"trace.lookups_permuted.end" [3mrss_mb[0m[2m=[0m193 [3mhwm_mb[0m[2m=[0m193
[2m2026-09-15T06:58:09.929035Z[0m [32m INFO[0m [2mmidnight_bench[0m[2m:[0m [3mstage[0m[2m=[0m"trace.permutations_commit.start" [3mrss_mb[0m[2m=[0m193 [3mhwm_mb[0m[2m=[0m193
[2m2026-09-15T06:58:09.998749Z[0m [32m INFO[0m [2mmidnight_bench[0m[2m:[0m [3mstage[0m[2m=[0m"trace.permutations_commit.end" [3mrss_mb[0m[2m=[0m200 [3mhwm_mb[0m[2m=[0m200
[2m2026-09-15T06:58:09.998773Z[0m [32m INFO[0m [2mmidnight_bench[0m[2m:[0m [3mstage[0m[2m=[0m"trace.lookups_product.start" [3mrss_mb[0m[2m=[0m200 [3mhwm_mb[0m[2m=[0m200
[2m2026-09-15T06:58:10.049710Z[0m [32m INFO[0m [2mmidnight_bench[0m[2m:[0m [3mstage[0m[2m=[0m"trace.lookups_product.end" [3mrss_mb[0m[2m=[0m200 [3mhwm_mb[0m[2m=[0m200
[2m2026-09-15T06:58:10.075603Z[0m [32m INFO[0m [2mmidnight_bench[0m[2m:[0m [3mstage[0m[2m=[0m"create_proof.compute_trace.end" [3mrss_mb[0m[2m=[0m201 [3mhwm_mb[0m[2m=[0m201
[2m2026-09-15T06:58:10.075626Z[0m [32m INFO[0m [2mmidnight_bench[0m[2m:[0m [3mstage[0m[2m=[0m"create_proof.finalise_proof.start" [3mrss_mb[0m[2m=[0m201 [3mhwm_mb[0m[2m=[0m201
[2m2026-09-15T06:58:10.075633Z[0m [32m INFO[0m [2mmidnight_bench[0m[2m:[0m [3mstage[0m[2m=[0m"finalise.compute_h_poly.start" [3mrss_mb[0m[2m=[0m201 [3mhwm_mb[0m[2m=[0m201
[2m2026-09-15T06:58:10.220665Z[0m [32m INFO[0m [2mmidnight_bench[0m[2m:[0m [3mstage[0m[2m=[0m"finalise.compute_h_poly.drop_cosets.end" [3mrss_mb[0m[2m=[0m206 [3mhwm_mb[0m[2m=[0m206
[2m2026-09-15T06:58:10.220696Z[0m [32m INFO[0m [2mmidnight_bench[0m[2m:[0m [3mstage[0m[2m=[0m"finalise.compute_h_poly.end" [3mrss_mb[0m[2m=[0m206 [3mhwm_mb[0m[2m=[0m206
[2m2026-09-15T06:58:10.220705Z[0m [32m INFO[0m [2mmidnight_bench[0m[2m:[0m [3mstage[0m[2m=[0m"finalise.vanishing_construct.start" [3mrss_mb[0m[2m=[0m206 [3mhwm_mb[0m[2m=[0m206
[2m2026-09-15T06:58:10.318207Z[0m [32m INFO[0m [2mmidnight_bench[0m[2m:[0m [3mstage[0m[2m=[0m"finalise.vanishing_construct.end" [3mrss_mb[0m[2m=[0m206 [3mhwm_mb[0m[2m=[0m206
[2m2026-09-15T06:58:10.346968Z[0m [32m INFO[0m [2mmidnight_bench[0m[2m:[0m [3mstage[0m[2m=[0m"finalise.compute_queries.start" [3mrss_mb[0m[2m=[0m206 [3mhwm_mb[0m[2m=[0m206
[2m2026-09-15T06:58:10.347075Z[0m [32m INFO[0m [2mmidnight_bench[0m[2m:[0m [3mstage[0m[2m=[0m"finalise.multi_open.start" [3mrss_mb[0m[2m=[0m206 [3mhwm_mb[0m[2m=[0m206
[2m2026-09-15T06:58:10.449601Z[0m [32m INFO[0m [2mmidnight_bench[0m[2m:[0m [3mstage[0m[2m=[0m"finalise.multi_open.end" [3mrss_mb[0m[2m=[0m206 [3mhwm_mb[0m[2m=[0m206
[2m2026-09-15T06:58:10.450740Z[0m [32m INFO[0m [2mmidnight_bench[0m[2m:[0m [3mstage[0m[2m=[0m"create_proof.finalise_proof.end" [3mrss_mb[0m[2m=[0m180 [3mhwm_mb[0m[2m=[0m205
[2m2026-09-15T06:58:10.466453Z[0m [32m INFO[0m [2mactix_web::middleware::logger[0m[2m:[0m 192.168.65.1 POST /prove HTTP/1.1; took 0.671094s
[2m2026-09-15T06:58:10.467829Z[0m [32m INFO[0m [2mmidnight_proof_server::endpoints[0m[2m:[0m Starting to process request for /prove...
[2m2026-09-15T06:58:10.540637Z[0m [32m INFO[0m [2mmidnight_bench[0m[2m:[0m [3mstage[0m[2m=[0m"create_proof.compute_trace.start" [3mrss_mb[0m[2m=[0m182 [3mhwm_mb[0m[2m=[0m205
[2m2026-09-15T06:58:10.540664Z[0m [32m INFO[0m [2mmidnight_bench[0m[2m:[0m [3mstage[0m[2m=[0m"trace.compute_instances.start" [3mrss_mb[0m[2m=[0m182 [3mhwm_mb[0m[2m=[0m205
[2m2026-09-15T06:58:10.547171Z[0m [32m INFO[0m [2mmidnight_bench[0m[2m:[0m [3mstage[0m[2m=[0m"trace.compute_instances.end" [3mrss_mb[0m[2m=[0m182 [3mhwm_mb[0m[2m=[0m205
[2m2026-09-15T06:58:10.547193Z[0m [32m INFO[0m [2mmidnight_bench[0m[2m:[0m [3mstage[0m[2m=[0m"trace.parse_advices.start" [3mrss_mb[0m[2m=[0m182 [3mhwm_mb[0m[2m=[0m205
[2m2026-09-15T06:58:10.553360Z[0m [32m INFO[0m [2mmidnight_bench[0m[2m:[0m [3mstage[0m[2m=[0m"trace.parse_advices.end" [3mrss_mb[0m[2m=[0m190 [3mhwm_mb[0m[2m=[0m205
[2m2026-09-15T06:58:10.553385Z[0m [32m INFO[0m [2mmidnight_bench[0m[2m:[0m [3mstage[0m[2m=[0m"trace.lookups_permuted.start" [3mrss_mb[0m[2m=[0m190 [3mhwm_mb[0m[2m=[0m205
[2m2026-09-15T06:58:10.597931Z[0m [32m INFO[0m [2mmidnight_bench[0m[2m:[0m [3mstage[0m[2m=[0m"trace.lookups_permuted.end" [3mrss_mb[0m[2m=[0m195 [3mhwm_mb[0m[2m=[0m205
[2m2026-09-15T06:58:10.597961Z[0m [32m INFO[0m [2mmidnight_bench[0m[2m:[0m [3mstage[0m[2m=[0m"trace.permutations_commit.start" [3mrss_mb[0m[2m=[0m195 [3mhwm_mb[0m[2m=[0m205
[2m2026-09-15T06:58:10.667925Z[0m [32m INFO[0m [2mmidnight_bench[0m[2m:[0m [3mstage[0m[2m=[0m"trace.permutations_commit.end" [3mrss_mb[0m[2m=[0m202 [3mhwm_mb[0m[2m=[0m205
[2m2026-09-15T06:58:10.667949Z[0m [32m INFO[0m [2mmidnight_bench[0m[2m:[0m [3mstage[0m[2m=[0m"trace.lookups_product.start" [3mrss_mb[0m[2m=[0m202 [3mhwm_mb[0m[2m=[0m205
[2m2026-09-15T06:58:10.718610Z[0m [32m INFO[0m [2mmidnight_bench[0m[2m:[0m [3mstage[0m[2m=[0m"trace.lookups_product.end" [3mrss_mb[0m[2m=[0m204 [3mhwm_mb[0m[2m=[0m205
[2m2026-09-15T06:58:10.743473Z[0m [32m INFO[0m [2mmidnight_bench[0m[2m:[0m [3mstage[0m[2m=[0m"create_proof.compute_trace.end" [3mrss_mb[0m[2m=[0m204 [3mhwm_mb[0m[2m=[0m205
[2m2026-09-15T06:58:10.743494Z[0m [32m INFO[0m [2mmidnight_bench[0m[2m:[0m [3mstage[0m[2m=[0m"create_proof.finalise_proof.start" [3mrss_mb[0m[2m=[0m204 [3mhwm_mb[0m[2m=[0m205
[2m2026-09-15T06:58:10.743502Z[0m [32m INFO[0m [2mmidnight_bench[0m[2m:[0m [3mstage[0m[2m=[0m"finalise.compute_h_poly.start" [3mrss_mb[0m[2m=[0m204 [3mhwm_mb[0m[2m=[0m205
[2m2026-09-15T06:58:10.884273Z[0m [32m INFO[0m [2mmidnight_bench[0m[2m:[0m [3mstage[0m[2m=[0m"finalise.compute_h_poly.drop_cosets.end" [3mrss_mb[0m[2m=[0m204 [3mhwm_mb[0m[2m=[0m205
[2m2026-09-15T06:58:10.884300Z[0m [32m INFO[0m [2mmidnight_bench[0m[2m:[0m [3mstage[0m[2m=[0m"finalise.compute_h_poly.end" [3mrss_mb[0m[2m=[0m204 [3mhwm_mb[0m[2m=[0m205
[2m2026-09-15T06:58:10.884307Z[0m [32m INFO[0m [2mmidnight_bench[0m[2m:[0m [3mstage[0m[2m=[0m"finalise.vanishing_construct.start" [3mrss_mb[0m[2m=[0m204 [3mhwm_mb[0m[2m=[0m205
[2m2026-09-15T06:58:10.974612Z[0m [32m INFO[0m [2mmidnight_bench[0m[2m:[0m [3mstage[0m[2m=[0m"finalise.vanishing_construct.end" [3mrss_mb[0m[2m=[0m204 [3mhwm_mb[0m[2m=[0m205
[2m2026-09-15T06:58:11.003444Z[0m [32m INFO[0m [2mmidnight_bench[0m[2m:[0m [3mstage[0m[2m=[0m"finalise.compute_queries.start" [3mrss_mb[0m[2m=[0m204 [3mhwm_mb[0m[2m=[0m205
[2m2026-09-15T06:58:11.003537Z[0m [32m INFO[0m [2mmidnight_bench[0m[2m:[0m [3mstage[0m[2m=[0m"finalise.multi_open.start" [3mrss_mb[0m[2m=[0m204 [3mhwm_mb[0m[2m=[0m205
[2m2026-09-15T06:58:11.095095Z[0m [32m INFO[0m [2mmidnight_bench[0m[2m:[0m [3mstage[0m[2m=[0m"finalise.multi_open.end" [3mrss_mb[0m[2m=[0m204 [3mhwm_mb[0m[2m=[0m205
[2m2026-09-15T06:58:11.096279Z[0m [32m INFO[0m [2mmidnight_bench[0m[2m:[0m [3mstage[0m[2m=[0m"create_proof.finalise_proof.end" [3mrss_mb[0m[2m=[0m179 [3mhwm_mb[0m[2m=[0m205
[2m2026-09-15T06:58:11.111878Z[0m [32m INFO[0m [2mactix_web::middleware::logger[0m[2m:[0m 192.168.65.1 POST /prove HTTP/1.1; took 0.644065s
[2m2026-09-15T06:58:11.113453Z[0m [32m INFO[0m [2mmidnight_proof_server::endpoints[0m[2m:[0m Starting to process request for /prove...
[2m2026-09-15T06:58:11.188101Z[0m [32m INFO[0m [2mmidnight_bench[0m[2m:[0m [3mstage[0m[2m=[0m"create_proof.compute_trace.start" [3mrss_mb[0m[2m=[0m196 [3mhwm_mb[0m[2m=[0m205
[2m2026-09-15T06:58:11.188136Z[0m [32m INFO[0m [2mmidnight_bench[0m[2m:[0m [3mstage[0m[2m=[0m"trace.compute_instances.start" [3mrss_mb[0m[2m=[0m196 [3mhwm_mb[0m[2m=[0m205
[2m2026-09-15T06:58:11.192878Z[0m [32m INFO[0m [2mmidnight_bench[0m[2m:[0m [3mstage[0m[2m=[0m"trace.compute_instances.end" [3mrss_mb[0m[2m=[0m196 [3mhwm_mb[0m[2m=[0m205
[2m2026-09-15T06:58:11.192899Z[0m [32m INFO[0m [2mmidnight_bench[0m[2m:[0m [3mstage[0m[2m=[0m"trace.parse_advices.start" [3mrss_mb[0m[2m=[0m196 [3mhwm_mb[0m[2m=[0m205
[2m2026-09-15T06:58:11.199225Z[0m [32m INFO[0m [2mmidnight_bench[0m[2m:[0m [3mstage[0m[2m=[0m"trace.parse_advices.end" [3mrss_mb[0m[2m=[0m204 [3mhwm_mb[0m[2m=[0m205
[2m2026-09-15T06:58:11.199249Z[0m [32m INFO[0m [2mmidnight_bench[0m[2m:[0m [3mstage[0m[2m=[0m"trace.lookups_permuted.start" [3mrss_mb[0m[2m=[0m204 [3mhwm_mb[0m[2m=[0m205
[2m2026-09-15T06:58:11.247484Z[0m [32m INFO[0m [2mmidnight_bench[0m[2m:[0m [3mstage[0m[2m=[0m"trace.lookups_permuted.end" [3mrss_mb[0m[2m=[0m210 [3mhwm_mb[0m[2m=[0m210
[2m2026-09-15T06:58:11.247513Z[0m [32m INFO[0m [2mmidnight_bench[0m[2m:[0m [3mstage[0m[2m=[0m"trace.permutations_commit.start" [3mrss_mb[0m[2m=[0m210 [3mhwm_mb[0m[2m=[0m210
[2m2026-09-15T06:58:11.322778Z[0m [32m INFO[0m [2mmidnight_bench[0m[2m:[0m [3mstage[0m[2m=[0m"trace.permutations_commit.end" [3mrss_mb[0m[2m=[0m217 [3mhwm_mb[0m[2m=[0m217
[2m2026-09-15T06:58:11.322800Z[0m [32m INFO[0m [2mmidnight_bench[0m[2m:[0m [3mstage[0m[2m=[0m"trace.lookups_product.start" [3mrss_mb[0m[2m=[0m217 [3mhwm_mb[0m[2m=[0m217
[2m2026-09-15T06:58:11.379597Z[0m [32m INFO[0m [2mmidnight_bench[0m[2m:[0m [3mstage[0m[2m=[0m"trace.lookups_product.end" [3mrss_mb[0m[2m=[0m217 [3mhwm_mb[0m[2m=[0m217
[2m2026-09-15T06:58:11.409710Z[0m [32m INFO[0m [2mmidnight_bench[0m[2m:[0m [3mstage[0m[2m=[0m"create_proof.compute_trace.end" [3mrss_mb[0m[2m=[0m218 [3mhwm_mb[0m[2m=[0m218
[2m2026-09-15T06:58:11.409736Z[0m [32m INFO[0m [2mmidnight_bench[0m[2m:[0m [3mstage[0m[2m=[0m"create_proof.finalise_proof.start" [3mrss_mb[0m[2m=[0m218 [3mhwm_mb[0m[2m=[0m218
[2m2026-09-15T06:58:11.409745Z[0m [32m INFO[0m [2mmidnight_bench[0m[2m:[0m [3mstage[0m[2m=[0m"finalise.compute_h_poly.start" [3mrss_mb[0m[2m=[0m218 [3mhwm_mb[0m[2m=[0m218
[2m2026-09-15T06:58:11.570667Z[0m [32m INFO[0m [2mmidnight_bench[0m[2m:[0m [3mstage[0m[2m=[0m"finalise.compute_h_poly.drop_cosets.end" [3mrss_mb[0m[2m=[0m220 [3mhwm_mb[0m[2m=[0m220
[2m2026-09-15T06:58:11.570693Z[0m [32m INFO[0m [2mmidnight_bench[0m[2m:[0m [3mstage[0m[2m=[0m"finalise.compute_h_poly.end" [3mrss_mb[0m[2m=[0m220 [3mhwm_mb[0m[2m=[0m220
[2m2026-09-15T06:58:11.570700Z[0m [32m INFO[0m [2mmidnight_bench[0m[2m:[0m [3mstage[0m[2m=[0m"finalise.vanishing_construct.start" [3mrss_mb[0m[2m=[0m220 [3mhwm_mb[0m[2m=[0m220
[2m2026-09-15T06:58:11.663363Z[0m [32m INFO[0m [2mmidnight_bench[0m[2m:[0m [3mstage[0m[2m=[0m"finalise.vanishing_construct.end" [3mrss_mb[0m[2m=[0m220 [3mhwm_mb[0m[2m=[0m220
[2m2026-09-15T06:58:11.692541Z[0m [32m INFO[0m [2mmidnight_bench[0m[2m:[0m [3mstage[0m[2m=[0m"finalise.compute_queries.start" [3mrss_mb[0m[2m=[0m220 [3mhwm_mb[0m[2m=[0m220
[2m2026-09-15T06:58:11.692637Z[0m [32m INFO[0m [2mmidnight_bench[0m[2m:[0m [3mstage[0m[2m=[0m"finalise.multi_open.start" [3mrss_mb[0m[2m=[0m220 [3mhwm_mb[0m[2m=[0m220
[2m2026-09-15T06:58:11.788007Z[0m [32m INFO[0m [2mmidnight_bench[0m[2m:[0m [3mstage[0m[2m=[0m"finalise.multi_open.end" [3mrss_mb[0m[2m=[0m220 [3mhwm_mb[0m[2m=[0m220
[2m2026-09-15T06:58:11.789067Z[0m [32m INFO[0m [2mmidnight_bench[0m[2m:[0m [3mstage[0m[2m=[0m"create_proof.finalise_proof.end" [3mrss_mb[0m[2m=[0m195 [3mhwm_mb[0m[2m=[0m220
[2m2026-09-15T06:58:11.816058Z[0m [32m INFO[0m [2mactix_web::middleware::logger[0m[2m:[0m 192.168.65.1 POST /prove HTTP/1.1; took 0.702623s
[2m2026-09-15T06:58:11.817892Z[0m [32m INFO[0m [2mmidnight_proof_server::endpoints[0m[2m:[0m Starting to process request for /prove...
[2m2026-09-15T06:58:11.896992Z[0m [32m INFO[0m [2mmidnight_bench[0m[2m:[0m [3mstage[0m[2m=[0m"create_proof.compute_trace.start" [3mrss_mb[0m[2m=[0m213 [3mhwm_mb[0m[2m=[0m220
[2m2026-09-15T06:58:11.897035Z[0m [32m INFO[0m [2mmidnight_bench[0m[2m:[0m [3mstage[0m[2m=[0m"trace.compute_instances.start" [3mrss_mb[0m[2m=[0m213 [3mhwm_mb[0m[2m=[0m220
[2m2026-09-15T06:58:11.902762Z[0m [32m INFO[0m [2mmidnight_bench[0m[2m:[0m [3mstage[0m[2m=[0m"trace.compute_instances.end" [3mrss_mb[0m[2m=[0m213 [3mhwm_mb[0m[2m=[0m220
[2m2026-09-15T06:58:11.902786Z[0m [32m INFO[0m [2mmidnight_bench[0m[2m:[0m [3mstage[0m[2m=[0m"trace.parse_advices.start" [3mrss_mb[0m[2m=[0m213 [3mhwm_mb[0m[2m=[0m220
[2m2026-09-15T06:58:11.909319Z[0m [32m INFO[0m [2mmidnight_bench[0m[2m:[0m [3mstage[0m[2m=[0m"trace.parse_advices.end" [3mrss_mb[0m[2m=[0m221 [3mhwm_mb[0m[2m=[0m221
[2m2026-09-15T06:58:11.909341Z[0m [32m INFO[0m [2mmidnight_bench[0m[2m:[0m [3mstage[0m[2m=[0m"trace.lookups_permuted.start" [3mrss_mb[0m[2m=[0m221 [3mhwm_mb[0m[2m=[0m221
[2m2026-09-15T06:58:11.955700Z[0m [32m INFO[0m [2mmidnight_bench[0m[2m:[0m [3mstage[0m[2m=[0m"trace.lookups_permuted.end" [3mrss_mb[0m[2m=[0m226 [3mhwm_mb[0m[2m=[0m226
[2m2026-09-15T06:58:11.955734Z[0m [32m INFO[0m [2mmidnight_bench[0m[2m:[0m [3mstage[0m[2m=[0m"trace.permutations_commit.start" [3mrss_mb[0m[2m=[0m226 [3mhwm_mb[0m[2m=[0m226
[2m2026-09-15T06:58:12.027792Z[0m [32m INFO[0m [2mmidnight_bench[0m[2m:[0m [3mstage[0m[2m=[0m"trace.permutations_commit.end" [3mrss_mb[0m[2m=[0m233 [3mhwm_mb[0m[2m=[0m233
[2m2026-09-15T06:58:12.027818Z[0m [32m INFO[0m [2mmidnight_bench[0m[2m:[0m [3mstage[0m[2m=[0m"trace.lookups_product.start" [3mrss_mb[0m[2m=[0m233 [3mhwm_mb[0m[2m=[0m233
[2m2026-09-15T06:58:12.080489Z[0m [32m INFO[0m [2mmidnight_bench[0m[2m:[0m [3mstage[0m[2m=[0m"trace.lookups_product.end" [3mrss_mb[0m[2m=[0m233 [3mhwm_mb[0m[2m=[0m233
[2m2026-09-15T06:58:12.105282Z[0m [32m INFO[0m [2mmidnight_bench[0m[2m:[0m [3mstage[0m[2m=[0m"create_proof.compute_trace.end" [3mrss_mb[0m[2m=[0m234 [3mhwm_mb[0m[2m=[0m234
[2m2026-09-15T06:58:12.105309Z[0m [32m INFO[0m [2mmidnight_bench[0m[2m:[0m [3mstage[0m[2m=[0m"create_proof.finalise_proof.start" [3mrss_mb[0m[2m=[0m234 [3mhwm_mb[0m[2m=[0m234
[2m2026-09-15T06:58:12.105316Z[0m [32m INFO[0m [2mmidnight_bench[0m[2m:[0m [3mstage[0m[2m=[0m"finalise.compute_h_poly.start" [3mrss_mb[0m[2m=[0m234 [3mhwm_mb[0m[2m=[0m234
[2m2026-09-15T06:58:12.252408Z[0m [32m INFO[0m [2mmidnight_bench[0m[2m:[0m [3mstage[0m[2m=[0m"finalise.compute_h_poly.drop_cosets.end" [3mrss_mb[0m[2m=[0m236 [3mhwm_mb[0m[2m=[0m236
[2m2026-09-15T06:58:12.252438Z[0m [32m INFO[0m [2mmidnight_bench[0m[2m:[0m [3mstage[0m[2m=[0m"finalise.compute_h_poly.end" [3mrss_mb[0m[2m=[0m236 [3mhwm_mb[0m[2m=[0m236
[2m2026-09-15T06:58:12.252448Z[0m [32m INFO[0m [2mmidnight_bench[0m[2m:[0m [3mstage[0m[2m=[0m"finalise.vanishing_construct.start" [3mrss_mb[0m[2m=[0m236 [3mhwm_mb[0m[2m=[0m236
[2m2026-09-15T06:58:12.345691Z[0m [32m INFO[0m [2mmidnight_bench[0m[2m:[0m [3mstage[0m[2m=[0m"finalise.vanishing_construct.end" [3mrss_mb[0m[2m=[0m236 [3mhwm_mb[0m[2m=[0m236
[2m2026-09-15T06:58:12.372814Z[0m [32m INFO[0m [2mmidnight_bench[0m[2m:[0m [3mstage[0m[2m=[0m"finalise.compute_queries.start" [3mrss_mb[0m[2m=[0m236 [3mhwm_mb[0m[2m=[0m236
[2m2026-09-15T06:58:12.372898Z[0m [32m INFO[0m [2mmidnight_bench[0m[2m:[0m [3mstage[0m[2m=[0m"finalise.multi_open.start" [3mrss_mb[0m[2m=[0m236 [3mhwm_mb[0m[2m=[0m236
[2m2026-09-15T06:58:12.466156Z[0m [32m INFO[0m [2mmidnight_bench[0m[2m:[0m [3mstage[0m[2m=[0m"finalise.multi_open.end" [3mrss_mb[0m[2m=[0m236 [3mhwm_mb[0m[2m=[0m236
[2m2026-09-15T06:58:12.467171Z[0m [32m INFO[0m [2mmidnight_bench[0m[2m:[0m [3mstage[0m[2m=[0m"create_proof.finalise_proof.end" [3mrss_mb[0m[2m=[0m211 [3mhwm_mb[0m[2m=[0m235
[2m2026-09-15T06:58:12.483204Z[0m [32m INFO[0m [2mactix_web::middleware::logger[0m[2m:[0m 192.168.65.1 POST /prove HTTP/1.1; took 0.665333s
[2m2026-09-15T06:58:12.484664Z[0m [32m INFO[0m [2mmidnight_proof_server::endpoints[0m[2m:[0m Starting to process request for /prove...
[2m2026-09-15T06:58:12.557302Z[0m [32m INFO[0m [2mmidnight_bench[0m[2m:[0m [3mstage[0m[2m=[0m"create_proof.compute_trace.start" [3mrss_mb[0m[2m=[0m214 [3mhwm_mb[0m[2m=[0m235
[2m2026-09-15T06:58:12.557335Z[0m [32m INFO[0m [2mmidnight_bench[0m[2m:[0m [3mstage[0m[2m=[0m"trace.compute_instances.start" [3mrss_mb[0m[2m=[0m214 [3mhwm_mb[0m[2m=[0m235
[2m2026-09-15T06:58:12.563740Z[0m [32m INFO[0m [2mmidnight_bench[0m[2m:[0m [3mstage[0m[2m=[0m"trace.compute_instances.end" [3mrss_mb[0m[2m=[0m214 [3mhwm_mb[0m[2m=[0m235
[2m2026-09-15T06:58:12.563759Z[0m [32m INFO[0m [2mmidnight_bench[0m[2m:[0m [3mstage[0m[2m=[0m"trace.parse_advices.start" [3mrss_mb[0m[2m=[0m214 [3mhwm_mb[0m[2m=[0m235
[2m2026-09-15T06:58:12.570593Z[0m [32m INFO[0m [2mmidnight_bench[0m[2m:[0m [3mstage[0m[2m=[0m"trace.parse_advices.end" [3mrss_mb[0m[2m=[0m223 [3mhwm_mb[0m[2m=[0m235
[2m2026-09-15T06:58:12.570618Z[0m [32m INFO[0m [2mmidnight_bench[0m[2m:[0m [3mstage[0m[2m=[0m"trace.lookups_permuted.start" [3mrss_mb[0m[2m=[0m223 [3mhwm_mb[0m[2m=[0m235
[2m2026-09-15T06:58:12.620814Z[0m [32m INFO[0m [2mmidnight_bench[0m[2m:[0m [3mstage[0m[2m=[0m"trace.lookups_permuted.end" [3mrss_mb[0m[2m=[0m228 [3mhwm_mb[0m[2m=[0m235
[2m2026-09-15T06:58:12.620846Z[0m [32m INFO[0m [2mmidnight_bench[0m[2m:[0m [3mstage[0m[2m=[0m"trace.permutations_commit.start" [3mrss_mb[0m[2m=[0m228 [3mhwm_mb[0m[2m=[0m235
[2m2026-09-15T06:58:12.694340Z[0m [32m INFO[0m [2mmidnight_bench[0m[2m:[0m [3mstage[0m[2m=[0m"trace.permutations_commit.end" [3mrss_mb[0m[2m=[0m235 [3mhwm_mb[0m[2m=[0m235
[2m2026-09-15T06:58:12.694367Z[0m [32m INFO[0m [2mmidnight_bench[0m[2m:[0m [3mstage[0m[2m=[0m"trace.lookups_product.start" [3mrss_mb[0m[2m=[0m235 [3mhwm_mb[0m[2m=[0m235
[2m2026-09-15T06:58:12.750790Z[0m [32m INFO[0m [2mmidnight_bench[0m[2m:[0m [3mstage[0m[2m=[0m"trace.lookups_product.end" [3mrss_mb[0m[2m=[0m236 [3mhwm_mb[0m[2m=[0m236
[2m2026-09-15T06:58:12.777183Z[0m [32m INFO[0m [2mmidnight_bench[0m[2m:[0m [3mstage[0m[2m=[0m"create_proof.compute_trace.end" [3mrss_mb[0m[2m=[0m237 [3mhwm_mb[0m[2m=[0m237
[2m2026-09-15T06:58:12.777209Z[0m [32m INFO[0m [2mmidnight_bench[0m[2m:[0m [3mstage[0m[2m=[0m"create_proof.finalise_proof.start" [3mrss_mb[0m[2m=[0m237 [3mhwm_mb[0m[2m=[0m237
[2m2026-09-15T06:58:12.777218Z[0m [32m INFO[0m [2mmidnight_bench[0m[2m:[0m [3mstage[0m[2m=[0m"finalise.compute_h_poly.start" [3mrss_mb[0m[2m=[0m237 [3mhwm_mb[0m[2m=[0m237
[2m2026-09-15T06:58:12.933105Z[0m [32m INFO[0m [2mmidnight_bench[0m[2m:[0m [3mstage[0m[2m=[0m"finalise.compute_h_poly.drop_cosets.end" [3mrss_mb[0m[2m=[0m239 [3mhwm_mb[0m[2m=[0m239
[2m2026-09-15T06:58:12.933131Z[0m [32m INFO[0m [2mmidnight_bench[0m[2m:[0m [3mstage[0m[2m=[0m"finalise.compute_h_poly.end" [3mrss_mb[0m[2m=[0m239 [3mhwm_mb[0m[2m=[0m239
[2m2026-09-15T06:58:12.933139Z[0m [32m INFO[0m [2mmidnight_bench[0m[2m:[0m [3mstage[0m[2m=[0m"finalise.vanishing_construct.start" [3mrss_mb[0m[2m=[0m239 [3mhwm_mb[0m[2m=[0m239
[2m2026-09-15T06:58:13.024313Z[0m [32m INFO[0m [2mmidnight_bench[0m[2m:[0m [3mstage[0m[2m=[0m"finalise.vanishing_construct.end" [3mrss_mb[0m[2m=[0m239 [3mhwm_mb[0m[2m=[0m239
[2m2026-09-15T06:58:13.052940Z[0m [32m INFO[0m [2mmidnight_bench[0m[2m:[0m [3mstage[0m[2m=[0m"finalise.compute_queries.start" [3mrss_mb[0m[2m=[0m239 [3mhwm_mb[0m[2m=[0m239
[2m2026-09-15T06:58:13.053040Z[0m [32m INFO[0m [2mmidnight_bench[0m[2m:[0m [3mstage[0m[2m=[0m"finalise.multi_open.start" [3mrss_mb[0m[2m=[0m239 [3mhwm_mb[0m[2m=[0m239
[2m2026-09-15T06:58:13.164210Z[0m [32m INFO[0m [2mmidnight_bench[0m[2m:[0m [3mstage[0m[2m=[0m"finalise.multi_open.end" [3mrss_mb[0m[2m=[0m239 [3mhwm_mb[0m[2m=[0m239
[2m2026-09-15T06:58:13.165122Z[0m [32m INFO[0m [2mmidnight_bench[0m[2m:[0m [3mstage[0m[2m=[0m"create_proof.finalise_proof.end" [3mrss_mb[0m[2m=[0m213 [3mhwm_mb[0m[2m=[0m238
[2m2026-09-15T06:58:13.180209Z[0m [32m INFO[0m [2mactix_web::middleware::logger[0m[2m:[0m 192.168.65.1 POST /prove HTTP/1.1; took 0.695563s
[2m2026-09-15T06:58:13.182558Z[0m [32m INFO[0m [2mmidnight_proof_server::endpoints[0m[2m:[0m Starting to process request for /prove...
[2m2026-09-15T06:58:13.254395Z[0m [32m INFO[0m [2mmidnight_bench[0m[2m:[0m [3mstage[0m[2m=[0m"create_proof.compute_trace.start" [3mrss_mb[0m[2m=[0m229 [3mhwm_mb[0m[2m=[0m238
[2m2026-09-15T06:58:13.254423Z[0m [32m INFO[0m [2mmidnight_bench[0m[2m:[0m [3mstage[0m[2m=[0m"trace.compute_instances.start" [3mrss_mb[0m[2m=[0m229 [3mhwm_mb[0m[2m=[0m238
[2m2026-09-15T06:58:13.258742Z[0m [32m INFO[0m [2mmidnight_bench[0m[2m:[0m [3mstage[0m[2m=[0m"trace.compute_instances.end" [3mrss_mb[0m[2m=[0m229 [3mhwm_mb[0m[2m=[0m238
[2m2026-09-15T06:58:13.258763Z[0m [32m INFO[0m [2mmidnight_bench[0m[2m:[0m [3mstage[0m[2m=[0m"trace.parse_advices.start" [3mrss_mb[0m[2m=[0m229 [3mhwm_mb[0m[2m=[0m238
[2m2026-09-15T06:58:13.265363Z[0m [32m INFO[0m [2mmidnight_bench[0m[2m:[0m [3mstage[0m[2m=[0m"trace.parse_advices.end" [3mrss_mb[0m[2m=[0m237 [3mhwm_mb[0m[2m=[0m238
[2m2026-09-15T06:58:13.265390Z[0m [32m INFO[0m [2mmidnight_bench[0m[2m:[0m [3mstage[0m[2m=[0m"trace.lookups_permuted.start" [3mrss_mb[0m[2m=[0m237 [3mhwm_mb[0m[2m=[0m238
[2m2026-09-15T06:58:13.309773Z[0m [32m INFO[0m [2mmidnight_bench[0m[2m:[0m [3mstage[0m[2m=[0m"trace.lookups_permuted.end" [3mrss_mb[0m[2m=[0m242 [3mhwm_mb[0m[2m=[0m242
[2m2026-09-15T06:58:13.309805Z[0m [32m INFO[0m [2mmidnight_bench[0m[2m:[0m [3mstage[0m[2m=[0m"trace.permutations_commit.start" [3mrss_mb[0m[2m=[0m242 [3mhwm_mb[0m[2m=[0m242
[2m2026-09-15T06:58:13.377990Z[0m [32m INFO[0m [2mmidnight_bench[0m[2m:[0m [3mstage[0m[2m=[0m"trace.permutations_commit.end" [3mrss_mb[0m[2m=[0m250 [3mhwm_mb[0m[2m=[0m250
[2m2026-09-15T06:58:13.378025Z[0m [32m INFO[0m [2mmidnight_bench[0m[2m:[0m [3mstage[0m[2m=[0m"trace.lookups_product.start" [3mrss_mb[0m[2m=[0m250 [3mhwm_mb[0m[2m=[0m250
[2m2026-09-15T06:58:13.427487Z[0m [32m INFO[0m [2mmidnight_bench[0m[2m:[0m [3mstage[0m[2m=[0m"trace.lookups_product.end" [3mrss_mb[0m[2m=[0m250 [3mhwm_mb[0m[2m=[0m250
[2m2026-09-15T06:58:13.453543Z[0m [32m INFO[0m [2mmidnight_bench[0m[2m:[0m [3mstage[0m[2m=[0m"create_proof.compute_trace.end" [3mrss_mb[0m[2m=[0m251 [3mhwm_mb[0m[2m=[0m251
[2m2026-09-15T06:58:13.453573Z[0m [32m INFO[0m [2mmidnight_bench[0m[2m:[0m [3mstage[0m[2m=[0m"create_proof.finalise_proof.start" [3mrss_mb[0m[2m=[0m251 [3mhwm_mb[0m[2m=[0m251
[2m2026-09-15T06:58:13.453583Z[0m [32m INFO[0m [2mmidnight_bench[0m[2m:[0m [3mstage[0m[2m=[0m"finalise.compute_h_poly.start" [3mrss_mb[0m[2m=[0m251 [3mhwm_mb[0m[2m=[0m251
[2m2026-09-15T06:58:13.597929Z[0m [32m INFO[0m [2mmidnight_bench[0m[2m:[0m [3mstage[0m[2m=[0m"finalise.compute_h_poly.drop_cosets.end" [3mrss_mb[0m[2m=[0m251 [3mhwm_mb[0m[2m=[0m251
[2m2026-09-15T06:58:13.597958Z[0m [32m INFO[0m [2mmidnight_bench[0m[2m:[0m [3mstage[0m[2m=[0m"finalise.compute_h_poly.end" [3mrss_mb[0m[2m=[0m251 [3mhwm_mb[0m[2m=[0m251
[2m2026-09-15T06:58:13.597966Z[0m [32m INFO[0m [2mmidnight_bench[0m[2m:[0m [3mstage[0m[2m=[0m"finalise.vanishing_construct.start" [3mrss_mb[0m[2m=[0m251 [3mhwm_mb[0m[2m=[0m251
[2m2026-09-15T06:58:13.688213Z[0m [32m INFO[0m [2mmidnight_bench[0m[2m:[0m [3mstage[0m[2m=[0m"finalise.vanishing_construct.end" [3mrss_mb[0m[2m=[0m251 [3mhwm_mb[0m[2m=[0m251
[2m2026-09-15T06:58:13.715847Z[0m [32m INFO[0m [2mmidnight_bench[0m[2m:[0m [3mstage[0m[2m=[0m"finalise.compute_queries.start" [3mrss_mb[0m[2m=[0m251 [3mhwm_mb[0m[2m=[0m251
[2m2026-09-15T06:58:13.715936Z[0m [32m INFO[0m [2mmidnight_bench[0m[2m:[0m [3mstage[0m[2m=[0m"finalise.multi_open.start" [3mrss_mb[0m[2m=[0m251 [3mhwm_mb[0m[2m=[0m251
[2m2026-09-15T06:58:13.804800Z[0m [32m INFO[0m [2mmidnight_bench[0m[2m:[0m [3mstage[0m[2m=[0m"finalise.multi_open.end" [3mrss_mb[0m[2m=[0m251 [3mhwm_mb[0m[2m=[0m251
[2m2026-09-15T06:58:13.805652Z[0m [32m INFO[0m [2mmidnight_bench[0m[2m:[0m [3mstage[0m[2m=[0m"create_proof.finalise_proof.end" [3mrss_mb[0m[2m=[0m225 [3mhwm_mb[0m[2m=[0m250
[2m2026-09-15T06:58:13.820864Z[0m [32m INFO[0m [2mactix_web::middleware::logger[0m[2m:[0m 192.168.65.1 POST /prove HTTP/1.1; took 0.638325s
[2m2026-09-15T06:58:13.824611Z[0m [32m INFO[0m [2mmidnight_proof_server::endpoints[0m[2m:[0m Starting to process request for /prove...
[2m2026-09-15T06:58:13.896906Z[0m [32m INFO[0m [2mmidnight_bench[0m[2m:[0m [3mstage[0m[2m=[0m"create_proof.compute_trace.start" [3mrss_mb[0m[2m=[0m242 [3mhwm_mb[0m[2m=[0m250
[2m2026-09-15T06:58:13.896935Z[0m [32m INFO[0m [2mmidnight_bench[0m[2m:[0m [3mstage[0m[2m=[0m"trace.compute_instances.start" [3mrss_mb[0m[2m=[0m242 [3mhwm_mb[0m[2m=[0m250
[2m2026-09-15T06:58:13.902642Z[0m [32m INFO[0m [2mmidnight_bench[0m[2m:[0m [3mstage[0m[2m=[0m"trace.compute_instances.end" [3mrss_mb[0m[2m=[0m242 [3mhwm_mb[0m[2m=[0m250
[2m2026-09-15T06:58:13.902661Z[0m [32m INFO[0m [2mmidnight_bench[0m[2m:[0m [3mstage[0m[2m=[0m"trace.parse_advices.start" [3mrss_mb[0m[2m=[0m242 [3mhwm_mb[0m[2m=[0m250
[2m2026-09-15T06:58:13.909121Z[0m [32m INFO[0m [2mmidnight_bench[0m[2m:[0m [3mstage[0m[2m=[0m"trace.parse_advices.end" [3mrss_mb[0m[2m=[0m250 [3mhwm_mb[0m[2m=[0m250
[2m2026-09-15T06:58:13.909147Z[0m [32m INFO[0m [2mmidnight_bench[0m[2m:[0m [3mstage[0m[2m=[0m"trace.lookups_permuted.start" [3mrss_mb[0m[2m=[0m250 [3mhwm_mb[0m[2m=[0m250
[2m2026-09-15T06:58:13.953760Z[0m [32m INFO[0m [2mmidnight_bench[0m[2m:[0m [3mstage[0m[2m=[0m"trace.lookups_permuted.end" [3mrss_mb[0m[2m=[0m255 [3mhwm_mb[0m[2m=[0m255
[2m2026-09-15T06:58:13.953792Z[0m [32m INFO[0m [2mmidnight_bench[0m[2m:[0m [3mstage[0m[2m=[0m"trace.permutations_commit.start" [3mrss_mb[0m[2m=[0m255 [3mhwm_mb[0m[2m=[0m255
[2m2026-09-15T06:58:14.022233Z[0m [32m INFO[0m [2mmidnight_bench[0m[2m:[0m [3mstage[0m[2m=[0m"trace.permutations_commit.end" [3mrss_mb[0m[2m=[0m262 [3mhwm_mb[0m[2m=[0m262
[2m2026-09-15T06:58:14.022262Z[0m [32m INFO[0m [2mmidnight_bench[0m[2m:[0m [3mstage[0m[2m=[0m"trace.lookups_product.start" [3mrss_mb[0m[2m=[0m262 [3mhwm_mb[0m[2m=[0m262
[2m2026-09-15T06:58:14.072344Z[0m [32m INFO[0m [2mmidnight_bench[0m[2m:[0m [3mstage[0m[2m=[0m"trace.lookups_product.end" [3mrss_mb[0m[2m=[0m262 [3mhwm_mb[0m[2m=[0m262
[2m2026-09-15T06:58:14.096874Z[0m [32m INFO[0m [2mmidnight_bench[0m[2m:[0m [3mstage[0m[2m=[0m"create_proof.compute_trace.end" [3mrss_mb[0m[2m=[0m263 [3mhwm_mb[0m[2m=[0m263
[2m2026-09-15T06:58:14.096897Z[0m [32m INFO[0m [2mmidnight_bench[0m[2m:[0m [3mstage[0m[2m=[0m"create_proof.finalise_proof.start" [3mrss_mb[0m[2m=[0m263 [3mhwm_mb[0m[2m=[0m263
[2m2026-09-15T06:58:14.096905Z[0m [32m INFO[0m [2mmidnight_bench[0m[2m:[0m [3mstage[0m[2m=[0m"finalise.compute_h_poly.start" [3mrss_mb[0m[2m=[0m263 [3mhwm_mb[0m[2m=[0m263
[2m2026-09-15T06:58:14.239989Z[0m [32m INFO[0m [2mmidnight_bench[0m[2m:[0m [3mstage[0m[2m=[0m"finalise.compute_h_poly.drop_cosets.end" [3mrss_mb[0m[2m=[0m263 [3mhwm_mb[0m[2m=[0m263
[2m2026-09-15T06:58:14.240028Z[0m [32m INFO[0m [2mmidnight_bench[0m[2m:[0m [3mstage[0m[2m=[0m"finalise.compute_h_poly.end" [3mrss_mb[0m[2m=[0m263 [3mhwm_mb[0m[2m=[0m263
[2m2026-09-15T06:58:14.240036Z[0m [32m INFO[0m [2mmidnight_bench[0m[2m:[0m [3mstage[0m[2m=[0m"finalise.vanishing_construct.start" [3mrss_mb[0m[2m=[0m263 [3mhwm_mb[0m[2m=[0m263
[2m2026-09-15T06:58:14.329224Z[0m [32m INFO[0m [2mmidnight_bench[0m[2m:[0m [3mstage[0m[2m=[0m"finalise.vanishing_construct.end" [3mrss_mb[0m[2m=[0m263 [3mhwm_mb[0m[2m=[0m263
[2m2026-09-15T06:58:14.357546Z[0m [32m INFO[0m [2mmidnight_bench[0m[2m:[0m [3mstage[0m[2m=[0m"finalise.compute_queries.start" [3mrss_mb[0m[2m=[0m263 [3mhwm_mb[0m[2m=[0m263
[2m2026-09-15T06:58:14.357648Z[0m [32m INFO[0m [2mmidnight_bench[0m[2m:[0m [3mstage[0m[2m=[0m"finalise.multi_open.start" [3mrss_mb[0m[2m=[0m263 [3mhwm_mb[0m[2m=[0m263
[2m2026-09-15T06:58:14.448949Z[0m [32m INFO[0m [2mmidnight_bench[0m[2m:[0m [3mstage[0m[2m=[0m"finalise.multi_open.end" [3mrss_mb[0m[2m=[0m263 [3mhwm_mb[0m[2m=[0m263
[2m2026-09-15T06:58:14.449840Z[0m [32m INFO[0m [2mmidnight_bench[0m[2m:[0m [3mstage[0m[2m=[0m"create_proof.finalise_proof.end" [3mrss_mb[0m[2m=[0m238 [3mhwm_mb[0m[2m=[0m262
[2m2026-09-15T06:58:14.465640Z[0m [32m INFO[0m [2mactix_web::middleware::logger[0m[2m:[0m 192.168.65.1 POST /prove HTTP/1.1; took 0.641049s
[2m2026-09-15T06:58:14.467653Z[0m [32m INFO[0m [2mmidnight_proof_server::endpoints[0m[2m:[0m Starting to process request for /prove...
[2m2026-09-15T06:58:14.541665Z[0m [32m INFO[0m [2mmidnight_bench[0m[2m:[0m [3mstage[0m[2m=[0m"create_proof.compute_trace.start" [3mrss_mb[0m[2m=[0m254 [3mhwm_mb[0m[2m=[0m262
[2m2026-09-15T06:58:14.541705Z[0m [32m INFO[0m [2mmidnight_bench[0m[2m:[0m [3mstage[0m[2m=[0m"trace.compute_instances.start" [3mrss_mb[0m[2m=[0m254 [3mhwm_mb[0m[2m=[0m262
[2m2026-09-15T06:58:14.546432Z[0m [32m INFO[0m [2mmidnight_bench[0m[2m:[0m [3mstage[0m[2m=[0m"trace.compute_instances.end" [3mrss_mb[0m[2m=[0m254 [3mhwm_mb[0m[2m=[0m262
[2m2026-09-15T06:58:14.546450Z[0m [32m INFO[0m [2mmidnight_bench[0m[2m:[0m [3mstage[0m[2m=[0m"trace.parse_advices.start" [3mrss_mb[0m[2m=[0m254 [3mhwm_mb[0m[2m=[0m262
[2m2026-09-15T06:58:14.553043Z[0m [32m INFO[0m [2mmidnight_bench[0m[2m:[0m [3mstage[0m[2m=[0m"trace.parse_advices.end" [3mrss_mb[0m[2m=[0m262 [3mhwm_mb[0m[2m=[0m262
[2m2026-09-15T06:58:14.553065Z[0m [32m INFO[0m [2mmidnight_bench[0m[2m:[0m [3mstage[0m[2m=[0m"trace.lookups_permuted.start" [3mrss_mb[0m[2m=[0m262 [3mhwm_mb[0m[2m=[0m262
[2m2026-09-15T06:58:14.597118Z[0m [32m INFO[0m [2mmidnight_bench[0m[2m:[0m [3mstage[0m[2m=[0m"trace.lookups_permuted.end" [3mrss_mb[0m[2m=[0m267 [3mhwm_mb[0m[2m=[0m267
[2m2026-09-15T06:58:14.597156Z[0m [32m INFO[0m [2mmidnight_bench[0m[2m:[0m [3mstage[0m[2m=[0m"trace.permutations_commit.start" [3mrss_mb[0m[2m=[0m267 [3mhwm_mb[0m[2m=[0m267
[2m2026-09-15T06:58:14.665108Z[0m [32m INFO[0m [2mmidnight_bench[0m[2m:[0m [3mstage[0m[2m=[0m"trace.permutations_commit.end" [3mrss_mb[0m[2m=[0m275 [3mhwm_mb[0m[2m=[0m275
[2m2026-09-15T06:58:14.665136Z[0m [32m INFO[0m [2mmidnight_bench[0m[2m:[0m [3mstage[0m[2m=[0m"trace.lookups_product.start" [3mrss_mb[0m[2m=[0m275 [3mhwm_mb[0m[2m=[0m275
[2m2026-09-15T06:58:14.718658Z[0m [32m INFO[0m [2mmidnight_bench[0m[2m:[0m [3mstage[0m[2m=[0m"trace.lookups_product.end" [3mrss_mb[0m[2m=[0m275 [3mhwm_mb[0m[2m=[0m275
[2m2026-09-15T06:58:14.745446Z[0m [32m INFO[0m [2mmidnight_bench[0m[2m:[0m [3mstage[0m[2m=[0m"create_proof.compute_trace.end" [3mrss_mb[0m[2m=[0m276 [3mhwm_mb[0m[2m=[0m276
[2m2026-09-15T06:58:14.745473Z[0m [32m INFO[0m [2mmidnight_bench[0m[2m:[0m [3mstage[0m[2m=[0m"create_proof.finalise_proof.start" [3mrss_mb[0m[2m=[0m276 [3mhwm_mb[0m[2m=[0m276
[2m2026-09-15T06:58:14.745482Z[0m [32m INFO[0m [2mmidnight_bench[0m[2m:[0m [3mstage[0m[2m=[0m"finalise.compute_h_poly.start" [3mrss_mb[0m[2m=[0m276 [3mhwm_mb[0m[2m=[0m276
[2m2026-09-15T06:58:14.895764Z[0m [32m INFO[0m [2mmidnight_bench[0m[2m:[0m [3mstage[0m[2m=[0m"finalise.compute_h_poly.drop_cosets.end" [3mrss_mb[0m[2m=[0m278 [3mhwm_mb[0m[2m=[0m278
[2m2026-09-15T06:58:14.895792Z[0m [32m INFO[0m [2mmidnight_bench[0m[2m:[0m [3mstage[0m[2m=[0m"finalise.compute_h_poly.end" [3mrss_mb[0m[2m=[0m278 [3mhwm_mb[0m[2m=[0m278
[2m2026-09-15T06:58:14.895799Z[0m [32m INFO[0m [2mmidnight_bench[0m[2m:[0m [3mstage[0m[2m=[0m"finalise.vanishing_construct.start" [3mrss_mb[0m[2m=[0m278 [3mhwm_mb[0m[2m=[0m278
[2m2026-09-15T06:58:14.987575Z[0m [32m INFO[0m [2mmidnight_bench[0m[2m:[0m [3mstage[0m[2m=[0m"finalise.vanishing_construct.end" [3mrss_mb[0m[2m=[0m278 [3mhwm_mb[0m[2m=[0m278
[2m2026-09-15T06:58:15.015651Z[0m [32m INFO[0m [2mmidnight_bench[0m[2m:[0m [3mstage[0m[2m=[0m"finalise.compute_queries.start" [3mrss_mb[0m[2m=[0m278 [3mhwm_mb[0m[2m=[0m278
[2m2026-09-15T06:58:15.015738Z[0m [32m INFO[0m [2mmidnight_bench[0m[2m:[0m [3mstage[0m[2m=[0m"finalise.multi_open.start" [3mrss_mb[0m[2m=[0m278 [3mhwm_mb[0m[2m=[0m278
[2m2026-09-15T06:58:15.110619Z[0m [32m INFO[0m [2mmidnight_bench[0m[2m:[0m [3mstage[0m[2m=[0m"finalise.multi_open.end" [3mrss_mb[0m[2m=[0m278 [3mhwm_mb[0m[2m=[0m278
[2m2026-09-15T06:58:15.111439Z[0m [32m INFO[0m [2mmidnight_bench[0m[2m:[0m [3mstage[0m[2m=[0m"create_proof.finalise_proof.end" [3mrss_mb[0m[2m=[0m252 [3mhwm_mb[0m[2m=[0m277
[2m2026-09-15T06:58:15.128481Z[0m [32m INFO[0m [2mactix_web::middleware::logger[0m[2m:[0m 192.168.65.1 POST /prove HTTP/1.1; took 0.660848s
[2m2026-09-15T06:58:15.129908Z[0m [32m INFO[0m [2mmidnight_proof_server::endpoints[0m[2m:[0m Starting to process request for /prove...
[2m2026-09-15T06:58:15.216897Z[0m [32m INFO[0m [2mmidnight_bench[0m[2m:[0m [3mstage[0m[2m=[0m"create_proof.compute_trace.start" [3mrss_mb[0m[2m=[0m269 [3mhwm_mb[0m[2m=[0m277
[2m2026-09-15T06:58:15.216928Z[0m [32m INFO[0m [2mmidnight_bench[0m[2m:[0m [3mstage[0m[2m=[0m"trace.compute_instances.start" [3mrss_mb[0m[2m=[0m269 [3mhwm_mb[0m[2m=[0m277
[2m2026-09-15T06:58:15.221778Z[0m [32m INFO[0m [2mmidnight_bench[0m[2m:[0m [3mstage[0m[2m=[0m"trace.compute_instances.end" [3mrss_mb[0m[2m=[0m269 [3mhwm_mb[0m[2m=[0m277
[2m2026-09-15T06:58:15.221822Z[0m [32m INFO[0m [2mmidnight_bench[0m[2m:[0m [3mstage[0m[2m=[0m"trace.parse_advices.start" [3mrss_mb[0m[2m=[0m269 [3mhwm_mb[0m[2m=[0m277
[2m2026-09-15T06:58:15.230104Z[0m [32m INFO[0m [2mmidnight_bench[0m[2m:[0m [3mstage[0m[2m=[0m"trace.parse_advices.end" [3mrss_mb[0m[2m=[0m277 [3mhwm_mb[0m[2m=[0m277
[2m2026-09-15T06:58:15.230127Z[0m [32m INFO[0m [2mmidnight_bench[0m[2m:[0m [3mstage[0m[2m=[0m"trace.lookups_permuted.start" [3mrss_mb[0m[2m=[0m277 [3mhwm_mb[0m[2m=[0m277
[2m2026-09-15T06:58:15.314355Z[0m [32m INFO[0m [2mmidnight_bench[0m[2m:[0m [3mstage[0m[2m=[0m"trace.lookups_permuted.end" [3mrss_mb[0m[2m=[0m282 [3mhwm_mb[0m[2m=[0m282
[2m2026-09-15T06:58:15.314421Z[0m [32m INFO[0m [2mmidnight_bench[0m[2m:[0m [3mstage[0m[2m=[0m"trace.permutations_commit.start" [3mrss_mb[0m[2m=[0m282 [3mhwm_mb[0m[2m=[0m282
[2m2026-09-15T06:58:15.420979Z[0m [32m INFO[0m [2mmidnight_bench[0m[2m:[0m [3mstage[0m[2m=[0m"trace.permutations_commit.end" [3mrss_mb[0m[2m=[0m289 [3mhwm_mb[0m[2m=[0m289
[2m2026-09-15T06:58:15.421039Z[0m [32m INFO[0m [2mmidnight_bench[0m[2m:[0m [3mstage[0m[2m=[0m"trace.lookups_product.start" [3mrss_mb[0m[2m=[0m289 [3mhwm_mb[0m[2m=[0m289
[2m2026-09-15T06:58:15.489852Z[0m [32m INFO[0m [2mmidnight_bench[0m[2m:[0m [3mstage[0m[2m=[0m"trace.lookups_product.end" [3mrss_mb[0m[2m=[0m289 [3mhwm_mb[0m[2m=[0m289
[2m2026-09-15T06:58:15.531457Z[0m [32m INFO[0m [2mmidnight_bench[0m[2m:[0m [3mstage[0m[2m=[0m"create_proof.compute_trace.end" [3mrss_mb[0m[2m=[0m290 [3mhwm_mb[0m[2m=[0m290
[2m2026-09-15T06:58:15.531483Z[0m [32m INFO[0m [2mmidnight_bench[0m[2m:[0m [3mstage[0m[2m=[0m"create_proof.finalise_proof.start" [3mrss_mb[0m[2m=[0m290 [3mhwm_mb[0m[2m=[0m290
[2m2026-09-15T06:58:15.531492Z[0m [32m INFO[0m [2mmidnight_bench[0m[2m:[0m [3mstage[0m[2m=[0m"finalise.compute_h_poly.start" [3mrss_mb[0m[2m=[0m290 [3mhwm_mb[0m[2m=[0m290
[2m2026-09-15T06:58:15.678269Z[0m [32m INFO[0m [2mmidnight_bench[0m[2m:[0m [3mstage[0m[2m=[0m"finalise.compute_h_poly.drop_cosets.end" [3mrss_mb[0m[2m=[0m290 [3mhwm_mb[0m[2m=[0m290
[2m2026-09-15T06:58:15.678299Z[0m [32m INFO[0m [2mmidnight_bench[0m[2m:[0m [3mstage[0m[2m=[0m"finalise.compute_h_poly.end" [3mrss_mb[0m[2m=[0m290 [3mhwm_mb[0m[2m=[0m290
[2m2026-09-15T06:58:15.678307Z[0m [32m INFO[0m [2mmidnight_bench[0m[2m:[0m [3mstage[0m[2m=[0m"finalise.vanishing_construct.start" [3mrss_mb[0m[2m=[0m290 [3mhwm_mb[0m[2m=[0m290
[2m2026-09-15T06:58:15.770537Z[0m [32m INFO[0m [2mmidnight_bench[0m[2m:[0m [3mstage[0m[2m=[0m"finalise.vanishing_construct.end" [3mrss_mb[0m[2m=[0m290 [3mhwm_mb[0m[2m=[0m290
[2m2026-09-15T06:58:15.798976Z[0m [32m INFO[0m [2mmidnight_bench[0m[2m:[0m [3mstage[0m[2m=[0m"finalise.compute_queries.start" [3mrss_mb[0m[2m=[0m290 [3mhwm_mb[0m[2m=[0m290
[2m2026-09-15T06:58:15.799071Z[0m [32m INFO[0m [2mmidnight_bench[0m[2m:[0m [3mstage[0m[2m=[0m"finalise.multi_open.start" [3mrss_mb[0m[2m=[0m290 [3mhwm_mb[0m[2m=[0m290
[2m2026-09-15T06:58:15.889999Z[0m [32m INFO[0m [2mmidnight_bench[0m[2m:[0m [3mstage[0m[2m=[0m"finalise.multi_open.end" [3mrss_mb[0m[2m=[0m290 [3mhwm_mb[0m[2m=[0m290
[2m2026-09-15T06:58:15.890799Z[0m [32m INFO[0m [2mmidnight_bench[0m[2m:[0m [3mstage[0m[2m=[0m"create_proof.finalise_proof.end" [3mrss_mb[0m[2m=[0m265 [3mhwm_mb[0m[2m=[0m289
[2m2026-09-15T06:58:15.914496Z[0m [32m INFO[0m [2mactix_web::middleware::logger[0m[2m:[0m 192.168.65.1 POST /prove HTTP/1.1; took 0.784607s
[2m2026-09-15T06:58:15.916562Z[0m [32m INFO[0m [2mmidnight_proof_server::endpoints[0m[2m:[0m Starting to process request for /prove...
[2m2026-09-15T06:58:15.983202Z[0m [32m INFO[0m [2mmidnight_bench[0m[2m:[0m [3mstage[0m[2m=[0m"create_proof.compute_trace.start" [3mrss_mb[0m[2m=[0m282 [3mhwm_mb[0m[2m=[0m289
[2m2026-09-15T06:58:15.983230Z[0m [32m INFO[0m [2mmidnight_bench[0m[2m:[0m [3mstage[0m[2m=[0m"trace.compute_instances.start" [3mrss_mb[0m[2m=[0m282 [3mhwm_mb[0m[2m=[0m289
[2m2026-09-15T06:58:15.988043Z[0m [32m INFO[0m [2mmidnight_bench[0m[2m:[0m [3mstage[0m[2m=[0m"trace.compute_instances.end" [3mrss_mb[0m[2m=[0m282 [3mhwm_mb[0m[2m=[0m289
[2m2026-09-15T06:58:15.988065Z[0m [32m INFO[0m [2mmidnight_bench[0m[2m:[0m [3mstage[0m[2m=[0m"trace.parse_advices.start" [3mrss_mb[0m[2m=[0m282 [3mhwm_mb[0m[2m=[0m289
[2m2026-09-15T06:58:15.994600Z[0m [32m INFO[0m [2mmidnight_bench[0m[2m:[0m [3mstage[0m[2m=[0m"trace.parse_advices.end" [3mrss_mb[0m[2m=[0m290 [3mhwm_mb[0m[2m=[0m290
[2m2026-09-15T06:58:15.994627Z[0m [32m INFO[0m [2mmidnight_bench[0m[2m:[0m [3mstage[0m[2m=[0m"trace.lookups_permuted.start" [3mrss_mb[0m[2m=[0m290 [3mhwm_mb[0m[2m=[0m290
[2m2026-09-15T06:58:16.061616Z[0m [32m INFO[0m [2mmidnight_bench[0m[2m:[0m [3mstage[0m[2m=[0m"trace.lookups_permuted.end" [3mrss_mb[0m[2m=[0m295 [3mhwm_mb[0m[2m=[0m295
[2m2026-09-15T06:58:16.061652Z[0m [32m INFO[0m [2mmidnight_bench[0m[2m:[0m [3mstage[0m[2m=[0m"trace.permutations_commit.start" [3mrss_mb[0m[2m=[0m295 [3mhwm_mb[0m[2m=[0m295
[2m2026-09-15T06:58:16.153259Z[0m [32m INFO[0m [2mmidnight_bench[0m[2m:[0m [3mstage[0m[2m=[0m"trace.permutations_commit.end" [3mrss_mb[0m[2m=[0m302 [3mhwm_mb[0m[2m=[0m302
[2m2026-09-15T06:58:16.153285Z[0m [32m INFO[0m [2mmidnight_bench[0m[2m:[0m [3mstage[0m[2m=[0m"trace.lookups_product.start" [3mrss_mb[0m[2m=[0m302 [3mhwm_mb[0m[2m=[0m302
[2m2026-09-15T06:58:16.208168Z[0m [32m INFO[0m [2mmidnight_bench[0m[2m:[0m [3mstage[0m[2m=[0m"trace.lookups_product.end" [3mrss_mb[0m[2m=[0m302 [3mhwm_mb[0m[2m=[0m302
[2m2026-09-15T06:58:16.236630Z[0m [32m INFO[0m [2mmidnight_bench[0m[2m:[0m [3mstage[0m[2m=[0m"create_proof.compute_trace.end" [3mrss_mb[0m[2m=[0m303 [3mhwm_mb[0m[2m=[0m303
[2m2026-09-15T06:58:16.236655Z[0m [32m INFO[0m [2mmidnight_bench[0m[2m:[0m [3mstage[0m[2m=[0m"create_proof.finalise_proof.start" [3mrss_mb[0m[2m=[0m303 [3mhwm_mb[0m[2m=[0m303
[2m2026-09-15T06:58:16.236663Z[0m [32m INFO[0m [2mmidnight_bench[0m[2m:[0m [3mstage[0m[2m=[0m"finalise.compute_h_poly.start" [3mrss_mb[0m[2m=[0m303 [3mhwm_mb[0m[2m=[0m303
[2m2026-09-15T06:58:16.388358Z[0m [32m INFO[0m [2mmidnight_bench[0m[2m:[0m [3mstage[0m[2m=[0m"finalise.compute_h_poly.drop_cosets.end" [3mrss_mb[0m[2m=[0m303 [3mhwm_mb[0m[2m=[0m303
[2m2026-09-15T06:58:16.388389Z[0m [32m INFO[0m [2mmidnight_bench[0m[2m:[0m [3mstage[0m[2m=[0m"finalise.compute_h_poly.end" [3mrss_mb[0m[2m=[0m303 [3mhwm_mb[0m[2m=[0m303
[2m2026-09-15T06:58:16.388397Z[0m [32m INFO[0m [2mmidnight_bench[0m[2m:[0m [3mstage[0m[2m=[0m"finalise.vanishing_construct.start" [3mrss_mb[0m[2m=[0m303 [3mhwm_mb[0m[2m=[0m303
[2m2026-09-15T06:58:16.492362Z[0m [32m INFO[0m [2mmidnight_bench[0m[2m:[0m [3mstage[0m[2m=[0m"finalise.vanishing_construct.end" [3mrss_mb[0m[2m=[0m303 [3mhwm_mb[0m[2m=[0m303
[2m2026-09-15T06:58:16.529152Z[0m [32m INFO[0m [2mmidnight_bench[0m[2m:[0m [3mstage[0m[2m=[0m"finalise.compute_queries.start" [3mrss_mb[0m[2m=[0m303 [3mhwm_mb[0m[2m=[0m303
[2m2026-09-15T06:58:16.529245Z[0m [32m INFO[0m [2mmidnight_bench[0m[2m:[0m [3mstage[0m[2m=[0m"finalise.multi_open.start" [3mrss_mb[0m[2m=[0m303 [3mhwm_mb[0m[2m=[0m303
[2m2026-09-15T06:58:16.628399Z[0m [32m INFO[0m [2mmidnight_bench[0m[2m:[0m [3mstage[0m[2m=[0m"finalise.multi_open.end" [3mrss_mb[0m[2m=[0m303 [3mhwm_mb[0m[2m=[0m303
[2m2026-09-15T06:58:16.629268Z[0m [32m INFO[0m [2mmidnight_bench[0m[2m:[0m [3mstage[0m[2m=[0m"create_proof.finalise_proof.end" [3mrss_mb[0m[2m=[0m278 [3mhwm_mb[0m[2m=[0m303
[2m2026-09-15T06:58:16.645782Z[0m [32m INFO[0m [2mactix_web::middleware::logger[0m[2m:[0m 192.168.65.1 POST /prove HTTP/1.1; took 0.729294s
[2m2026-09-15T06:58:16.647536Z[0m [32m INFO[0m [2mmidnight_proof_server::endpoints[0m[2m:[0m Starting to process request for /prove...
[2m2026-09-15T06:58:16.721090Z[0m [32m INFO[0m [2mmidnight_bench[0m[2m:[0m [3mstage[0m[2m=[0m"create_proof.compute_trace.start" [3mrss_mb[0m[2m=[0m293 [3mhwm_mb[0m[2m=[0m303
[2m2026-09-15T06:58:16.721122Z[0m [32m INFO[0m [2mmidnight_bench[0m[2m:[0m [3mstage[0m[2m=[0m"trace.compute_instances.start" [3mrss_mb[0m[2m=[0m293 [3mhwm_mb[0m[2m=[0m303
[2m2026-09-15T06:58:16.727114Z[0m [32m INFO[0m [2mmidnight_bench[0m[2m:[0m [3mstage[0m[2m=[0m"trace.compute_instances.end" [3mrss_mb[0m[2m=[0m293 [3mhwm_mb[0m[2m=[0m303
[2m2026-09-15T06:58:16.727136Z[0m [32m INFO[0m [2mmidnight_bench[0m[2m:[0m [3mstage[0m[2m=[0m"trace.parse_advices.start" [3mrss_mb[0m[2m=[0m293 [3mhwm_mb[0m[2m=[0m303
[2m2026-09-15T06:58:16.733510Z[0m [32m INFO[0m [2mmidnight_bench[0m[2m:[0m [3mstage[0m[2m=[0m"trace.parse_advices.end" [3mrss_mb[0m[2m=[0m301 [3mhwm_mb[0m[2m=[0m303
[2m2026-09-15T06:58:16.733531Z[0m [32m INFO[0m [2mmidnight_bench[0m[2m:[0m [3mstage[0m[2m=[0m"trace.lookups_permuted.start" [3mrss_mb[0m[2m=[0m301 [3mhwm_mb[0m[2m=[0m303
[2m2026-09-15T06:58:16.779381Z[0m [32m INFO[0m [2mmidnight_bench[0m[2m:[0m [3mstage[0m[2m=[0m"trace.lookups_permuted.end" [3mrss_mb[0m[2m=[0m306 [3mhwm_mb[0m[2m=[0m306
[2m2026-09-15T06:58:16.779416Z[0m [32m INFO[0m [2mmidnight_bench[0m[2m:[0m [3mstage[0m[2m=[0m"trace.permutations_commit.start" [3mrss_mb[0m[2m=[0m306 [3mhwm_mb[0m[2m=[0m306
[2m2026-09-15T06:58:16.850461Z[0m [32m INFO[0m [2mmidnight_bench[0m[2m:[0m [3mstage[0m[2m=[0m"trace.permutations_commit.end" [3mrss_mb[0m[2m=[0m314 [3mhwm_mb[0m[2m=[0m314
[2m2026-09-15T06:58:16.850504Z[0m [32m INFO[0m [2mmidnight_bench[0m[2m:[0m [3mstage[0m[2m=[0m"trace.lookups_product.start" [3mrss_mb[0m[2m=[0m314 [3mhwm_mb[0m[2m=[0m314
[2m2026-09-15T06:58:16.903185Z[0m [32m INFO[0m [2mmidnight_bench[0m[2m:[0m [3mstage[0m[2m=[0m"trace.lookups_product.end" [3mrss_mb[0m[2m=[0m314 [3mhwm_mb[0m[2m=[0m314
[2m2026-09-15T06:58:16.928471Z[0m [32m INFO[0m [2mmidnight_bench[0m[2m:[0m [3mstage[0m[2m=[0m"create_proof.compute_trace.end" [3mrss_mb[0m[2m=[0m315 [3mhwm_mb[0m[2m=[0m315
[2m2026-09-15T06:58:16.928495Z[0m [32m INFO[0m [2mmidnight_bench[0m[2m:[0m [3mstage[0m[2m=[0m"create_proof.finalise_proof.start" [3mrss_mb[0m[2m=[0m315 [3mhwm_mb[0m[2m=[0m315
[2m2026-09-15T06:58:16.928504Z[0m [32m INFO[0m [2mmidnight_bench[0m[2m:[0m [3mstage[0m[2m=[0m"finalise.compute_h_poly.start" [3mrss_mb[0m[2m=[0m315 [3mhwm_mb[0m[2m=[0m315
[2m2026-09-15T06:58:17.073308Z[0m [32m INFO[0m [2mmidnight_bench[0m[2m:[0m [3mstage[0m[2m=[0m"finalise.compute_h_poly.drop_cosets.end" [3mrss_mb[0m[2m=[0m318 [3mhwm_mb[0m[2m=[0m318
[2m2026-09-15T06:58:17.073336Z[0m [32m INFO[0m [2mmidnight_bench[0m[2m:[0m [3mstage[0m[2m=[0m"finalise.compute_h_poly.end" [3mrss_mb[0m[2m=[0m318 [3mhwm_mb[0m[2m=[0m318
[2m2026-09-15T06:58:17.073343Z[0m [32m INFO[0m [2mmidnight_bench[0m[2m:[0m [3mstage[0m[2m=[0m"finalise.vanishing_construct.start" [3mrss_mb[0m[2m=[0m318 [3mhwm_mb[0m[2m=[0m318
[2m2026-09-15T06:58:17.160686Z[0m [32m INFO[0m [2mmidnight_bench[0m[2m:[0m [3mstage[0m[2m=[0m"finalise.vanishing_construct.end" [3mrss_mb[0m[2m=[0m318 [3mhwm_mb[0m[2m=[0m318
[2m2026-09-15T06:58:17.189645Z[0m [32m INFO[0m [2mmidnight_bench[0m[2m:[0m [3mstage[0m[2m=[0m"finalise.compute_queries.start" [3mrss_mb[0m[2m=[0m318 [3mhwm_mb[0m[2m=[0m318
[2m2026-09-15T06:58:17.189737Z[0m [32m INFO[0m [2mmidnight_bench[0m[2m:[0m [3mstage[0m[2m=[0m"finalise.multi_open.start" [3mrss_mb[0m[2m=[0m318 [3mhwm_mb[0m[2m=[0m318
[2m2026-09-15T06:58:17.285187Z[0m [32m INFO[0m [2mmidnight_bench[0m[2m:[0m [3mstage[0m[2m=[0m"finalise.multi_open.end" [3mrss_mb[0m[2m=[0m318 [3mhwm_mb[0m[2m=[0m318
[2m2026-09-15T06:58:17.286064Z[0m [32m INFO[0m [2mmidnight_bench[0m[2m:[0m [3mstage[0m[2m=[0m"create_proof.finalise_proof.end" [3mrss_mb[0m[2m=[0m293 [3mhwm_mb[0m[2m=[0m317
[2m2026-09-15T06:58:17.301370Z[0m [32m INFO[0m [2mactix_web::middleware::logger[0m[2m:[0m 192.168.65.1 POST /prove HTTP/1.1; took 0.653855s
[2m2026-09-15T06:58:17.302970Z[0m [32m INFO[0m [2mmidnight_proof_server::endpoints[0m[2m:[0m Starting to process request for /prove...
[2m2026-09-15T06:58:17.374971Z[0m [32m INFO[0m [2mmidnight_bench[0m[2m:[0m [3mstage[0m[2m=[0m"create_proof.compute_trace.start" [3mrss_mb[0m[2m=[0m286 [3mhwm_mb[0m[2m=[0m317
[2m2026-09-15T06:58:17.375001Z[0m [32m INFO[0m [2mmidnight_bench[0m[2m:[0m [3mstage[0m[2m=[0m"trace.compute_instances.start" [3mrss_mb[0m[2m=[0m286 [3mhwm_mb[0m[2m=[0m317
[2m2026-09-15T06:58:17.379725Z[0m [32m INFO[0m [2mmidnight_bench[0m[2m:[0m [3mstage[0m[2m=[0m"trace.compute_instances.end" [3mrss_mb[0m[2m=[0m286 [3mhwm_mb[0m[2m=[0m317
[2m2026-09-15T06:58:17.379745Z[0m [32m INFO[0m [2mmidnight_bench[0m[2m:[0m [3mstage[0m[2m=[0m"trace.parse_advices.start" [3mrss_mb[0m[2m=[0m286 [3mhwm_mb[0m[2m=[0m317
[2m2026-09-15T06:58:17.386124Z[0m [32m INFO[0m [2mmidnight_bench[0m[2m:[0m [3mstage[0m[2m=[0m"trace.parse_advices.end" [3mrss_mb[0m[2m=[0m294 [3mhwm_mb[0m[2m=[0m317
[2m2026-09-15T06:58:17.386146Z[0m [32m INFO[0m [2mmidnight_bench[0m[2m:[0m [3mstage[0m[2m=[0m"trace.lookups_permuted.start" [3mrss_mb[0m[2m=[0m294 [3mhwm_mb[0m[2m=[0m317
[2m2026-09-15T06:58:17.431266Z[0m [32m INFO[0m [2mmidnight_bench[0m[2m:[0m [3mstage[0m[2m=[0m"trace.lookups_permuted.end" [3mrss_mb[0m[2m=[0m299 [3mhwm_mb[0m[2m=[0m317
[2m2026-09-15T06:58:17.431298Z[0m [32m INFO[0m [2mmidnight_bench[0m[2m:[0m [3mstage[0m[2m=[0m"trace.permutations_commit.start" [3mrss_mb[0m[2m=[0m299 [3mhwm_mb[0m[2m=[0m317
[2m2026-09-15T06:58:17.502169Z[0m [32m INFO[0m [2mmidnight_bench[0m[2m:[0m [3mstage[0m[2m=[0m"trace.permutations_commit.end" [3mrss_mb[0m[2m=[0m307 [3mhwm_mb[0m[2m=[0m317
[2m2026-09-15T06:58:17.502196Z[0m [32m INFO[0m [2mmidnight_bench[0m[2m:[0m [3mstage[0m[2m=[0m"trace.lookups_product.start" [3mrss_mb[0m[2m=[0m307 [3mhwm_mb[0m[2m=[0m317
[2m2026-09-15T06:58:17.555454Z[0m [32m INFO[0m [2mmidnight_bench[0m[2m:[0m [3mstage[0m[2m=[0m"trace.lookups_product.end" [3mrss_mb[0m[2m=[0m307 [3mhwm_mb[0m[2m=[0m317
[2m2026-09-15T06:58:17.580550Z[0m [32m INFO[0m [2mmidnight_bench[0m[2m:[0m [3mstage[0m[2m=[0m"create_proof.compute_trace.end" [3mrss_mb[0m[2m=[0m308 [3mhwm_mb[0m[2m=[0m317
[2m2026-09-15T06:58:17.580572Z[0m [32m INFO[0m [2mmidnight_bench[0m[2m:[0m [3mstage[0m[2m=[0m"create_proof.finalise_proof.start" [3mrss_mb[0m[2m=[0m308 [3mhwm_mb[0m[2m=[0m317
[2m2026-09-15T06:58:17.580580Z[0m [32m INFO[0m [2mmidnight_bench[0m[2m:[0m [3mstage[0m[2m=[0m"finalise.compute_h_poly.start" [3mrss_mb[0m[2m=[0m308 [3mhwm_mb[0m[2m=[0m317
[2m2026-09-15T06:58:17.727721Z[0m [32m INFO[0m [2mmidnight_bench[0m[2m:[0m [3mstage[0m[2m=[0m"finalise.compute_h_poly.drop_cosets.end" [3mrss_mb[0m[2m=[0m308 [3mhwm_mb[0m[2m=[0m317
[2m2026-09-15T06:58:17.727750Z[0m [32m INFO[0m [2mmidnight_bench[0m[2m:[0m [3mstage[0m[2m=[0m"finalise.compute_h_poly.end" [3mrss_mb[0m[2m=[0m308 [3mhwm_mb[0m[2m=[0m317
[2m2026-09-15T06:58:17.727758Z[0m [32m INFO[0m [2mmidnight_bench[0m[2m:[0m [3mstage[0m[2m=[0m"finalise.vanishing_construct.start" [3mrss_mb[0m[2m=[0m308 [3mhwm_mb[0m[2m=[0m317
[2m2026-09-15T06:58:17.818799Z[0m [32m INFO[0m [2mmidnight_bench[0m[2m:[0m [3mstage[0m[2m=[0m"finalise.vanishing_construct.end" [3mrss_mb[0m[2m=[0m308 [3mhwm_mb[0m[2m=[0m317
[2m2026-09-15T06:58:17.847073Z[0m [32m INFO[0m [2mmidnight_bench[0m[2m:[0m [3mstage[0m[2m=[0m"finalise.compute_queries.start" [3mrss_mb[0m[2m=[0m308 [3mhwm_mb[0m[2m=[0m317
[2m2026-09-15T06:58:17.847165Z[0m [32m INFO[0m [2mmidnight_bench[0m[2m:[0m [3mstage[0m[2m=[0m"finalise.multi_open.start" [3mrss_mb[0m[2m=[0m308 [3mhwm_mb[0m[2m=[0m317
[2m2026-09-15T06:58:17.935317Z[0m [32m INFO[0m [2mmidnight_bench[0m[2m:[0m [3mstage[0m[2m=[0m"finalise.multi_open.end" [3mrss_mb[0m[2m=[0m308 [3mhwm_mb[0m[2m=[0m317
[2m2026-09-15T06:58:17.936248Z[0m [32m INFO[0m [2mmidnight_bench[0m[2m:[0m [3mstage[0m[2m=[0m"create_proof.finalise_proof.end" [3mrss_mb[0m[2m=[0m282 [3mhwm_mb[0m[2m=[0m317
[2m2026-09-15T06:58:17.951346Z[0m [32m INFO[0m [2mactix_web::middleware::logger[0m[2m:[0m 192.168.65.1 POST /prove HTTP/1.1; took 0.648392s
[2m2026-09-15T06:58:17.953443Z[0m [32m INFO[0m [2mmidnight_proof_server::endpoints[0m[2m:[0m Starting to process request for /prove...
[2m2026-09-15T06:58:18.029582Z[0m [32m INFO[0m [2mmidnight_bench[0m[2m:[0m [3mstage[0m[2m=[0m"create_proof.compute_trace.start" [3mrss_mb[0m[2m=[0m299 [3mhwm_mb[0m[2m=[0m317
[2m2026-09-15T06:58:18.029615Z[0m [32m INFO[0m [2mmidnight_bench[0m[2m:[0m [3mstage[0m[2m=[0m"trace.compute_instances.start" [3mrss_mb[0m[2m=[0m299 [3mhwm_mb[0m[2m=[0m317
[2m2026-09-15T06:58:18.035432Z[0m [32m INFO[0m [2mmidnight_bench[0m[2m:[0m [3mstage[0m[2m=[0m"trace.compute_instances.end" [3mrss_mb[0m[2m=[0m299 [3mhwm_mb[0m[2m=[0m317
[2m2026-09-15T06:58:18.035456Z[0m [32m INFO[0m [2mmidnight_bench[0m[2m:[0m [3mstage[0m[2m=[0m"trace.parse_advices.start" [3mrss_mb[0m[2m=[0m299 [3mhwm_mb[0m[2m=[0m317
[2m2026-09-15T06:58:18.041833Z[0m [32m INFO[0m [2mmidnight_bench[0m[2m:[0m [3mstage[0m[2m=[0m"trace.parse_advices.end" [3mrss_mb[0m[2m=[0m307 [3mhwm_mb[0m[2m=[0m317
[2m2026-09-15T06:58:18.041857Z[0m [32m INFO[0m [2mmidnight_bench[0m[2m:[0m [3mstage[0m[2m=[0m"trace.lookups_permuted.start" [3mrss_mb[0m[2m=[0m307 [3mhwm_mb[0m[2m=[0m317
[2m2026-09-15T06:58:18.087853Z[0m [32m INFO[0m [2mmidnight_bench[0m[2m:[0m [3mstage[0m[2m=[0m"trace.lookups_permuted.end" [3mrss_mb[0m[2m=[0m312 [3mhwm_mb[0m[2m=[0m317
[2m2026-09-15T06:58:18.087878Z[0m [32m INFO[0m [2mmidnight_bench[0m[2m:[0m [3mstage[0m[2m=[0m"trace.permutations_commit.start" [3mrss_mb[0m[2m=[0m312 [3mhwm_mb[0m[2m=[0m317
[2m2026-09-15T06:58:18.159912Z[0m [32m INFO[0m [2mmidnight_bench[0m[2m:[0m [3mstage[0m[2m=[0m"trace.permutations_commit.end" [3mrss_mb[0m[2m=[0m320 [3mhwm_mb[0m[2m=[0m320
[2m2026-09-15T06:58:18.159934Z[0m [32m INFO[0m [2mmidnight_bench[0m[2m:[0m [3mstage[0m[2m=[0m"trace.lookups_product.start" [3mrss_mb[0m[2m=[0m320 [3mhwm_mb[0m[2m=[0m320
[2m2026-09-15T06:58:18.212638Z[0m [32m INFO[0m [2mmidnight_bench[0m[2m:[0m [3mstage[0m[2m=[0m"trace.lookups_product.end" [3mrss_mb[0m[2m=[0m320 [3mhwm_mb[0m[2m=[0m320
[2m2026-09-15T06:58:18.238324Z[0m [32m INFO[0m [2mmidnight_bench[0m[2m:[0m [3mstage[0m[2m=[0m"create_proof.compute_trace.end" [3mrss_mb[0m[2m=[0m321 [3mhwm_mb[0m[2m=[0m321
[2m2026-09-15T06:58:18.238344Z[0m [32m INFO[0m [2mmidnight_bench[0m[2m:[0m [3mstage[0m[2m=[0m"create_proof.finalise_proof.start" [3mrss_mb[0m[2m=[0m321 [3mhwm_mb[0m[2m=[0m321
[2m2026-09-15T06:58:18.238352Z[0m [32m INFO[0m [2mmidnight_bench[0m[2m:[0m [3mstage[0m[2m=[0m"finalise.compute_h_poly.start" [3mrss_mb[0m[2m=[0m321 [3mhwm_mb[0m[2m=[0m321
[2m2026-09-15T06:58:18.380368Z[0m [32m INFO[0m [2mmidnight_bench[0m[2m:[0m [3mstage[0m[2m=[0m"finalise.compute_h_poly.drop_cosets.end" [3mrss_mb[0m[2m=[0m321 [3mhwm_mb[0m[2m=[0m321
[2m2026-09-15T06:58:18.380396Z[0m [32m INFO[0m [2mmidnight_bench[0m[2m:[0m [3mstage[0m[2m=[0m"finalise.compute_h_poly.end" [3mrss_mb[0m[2m=[0m321 [3mhwm_mb[0m[2m=[0m321
[2m2026-09-15T06:58:18.380403Z[0m [32m INFO[0m [2mmidnight_bench[0m[2m:[0m [3mstage[0m[2m=[0m"finalise.vanishing_construct.start" [3mrss_mb[0m[2m=[0m321 [3mhwm_mb[0m[2m=[0m321
[2m2026-09-15T06:58:18.473142Z[0m [32m INFO[0m [2mmidnight_bench[0m[2m:[0m [3mstage[0m[2m=[0m"finalise.vanishing_construct.end" [3mrss_mb[0m[2m=[0m321 [3mhwm_mb[0m[2m=[0m321
[2m2026-09-15T06:58:18.502973Z[0m [32m INFO[0m [2mmidnight_bench[0m[2m:[0m [3mstage[0m[2m=[0m"finalise.compute_queries.start" [3mrss_mb[0m[2m=[0m321 [3mhwm_mb[0m[2m=[0m321
[2m2026-09-15T06:58:18.503079Z[0m [32m INFO[0m [2mmidnight_bench[0m[2m:[0m [3mstage[0m[2m=[0m"finalise.multi_open.start" [3mrss_mb[0m[2m=[0m321 [3mhwm_mb[0m[2m=[0m321
[2m2026-09-15T06:58:18.600761Z[0m [32m INFO[0m [2mmidnight_bench[0m[2m:[0m [3mstage[0m[2m=[0m"finalise.multi_open.end" [3mrss_mb[0m[2m=[0m321 [3mhwm_mb[0m[2m=[0m321
[2m2026-09-15T06:58:18.601579Z[0m [32m INFO[0m [2mmidnight_bench[0m[2m:[0m [3mstage[0m[2m=[0m"create_proof.finalise_proof.end" [3mrss_mb[0m[2m=[0m295 [3mhwm_mb[0m[2m=[0m320
[2m2026-09-15T06:58:18.616914Z[0m [32m INFO[0m [2mactix_web::middleware::logger[0m[2m:[0m 192.168.65.1 POST /prove HTTP/1.1; took 0.663487s
[2m2026-09-15T06:58:18.618405Z[0m [32m INFO[0m [2mmidnight_proof_server::endpoints[0m[2m:[0m Starting to process request for /prove...
[2m2026-09-15T06:58:18.693107Z[0m [32m INFO[0m [2mmidnight_bench[0m[2m:[0m [3mstage[0m[2m=[0m"create_proof.compute_trace.start" [3mrss_mb[0m[2m=[0m299 [3mhwm_mb[0m[2m=[0m320
[2m2026-09-15T06:58:18.693148Z[0m [32m INFO[0m [2mmidnight_bench[0m[2m:[0m [3mstage[0m[2m=[0m"trace.compute_instances.start" [3mrss_mb[0m[2m=[0m299 [3mhwm_mb[0m[2m=[0m320
[2m2026-09-15T06:58:18.699527Z[0m [32m INFO[0m [2mmidnight_bench[0m[2m:[0m [3mstage[0m[2m=[0m"trace.compute_instances.end" [3mrss_mb[0m[2m=[0m299 [3mhwm_mb[0m[2m=[0m320
[2m2026-09-15T06:58:18.699552Z[0m [32m INFO[0m [2mmidnight_bench[0m[2m:[0m [3mstage[0m[2m=[0m"trace.parse_advices.start" [3mrss_mb[0m[2m=[0m299 [3mhwm_mb[0m[2m=[0m320
[2m2026-09-15T06:58:18.706288Z[0m [32m INFO[0m [2mmidnight_bench[0m[2m:[0m [3mstage[0m[2m=[0m"trace.parse_advices.end" [3mrss_mb[0m[2m=[0m307 [3mhwm_mb[0m[2m=[0m320
[2m2026-09-15T06:58:18.706311Z[0m [32m INFO[0m [2mmidnight_bench[0m[2m:[0m [3mstage[0m[2m=[0m"trace.lookups_permuted.start" [3mrss_mb[0m[2m=[0m307 [3mhwm_mb[0m[2m=[0m320
[2m2026-09-15T06:58:18.753078Z[0m [32m INFO[0m [2mmidnight_bench[0m[2m:[0m [3mstage[0m[2m=[0m"trace.lookups_permuted.end" [3mrss_mb[0m[2m=[0m312 [3mhwm_mb[0m[2m=[0m320
[2m2026-09-15T06:58:18.753108Z[0m [32m INFO[0m [2mmidnight_bench[0m[2m:[0m [3mstage[0m[2m=[0m"trace.permutations_commit.start" [3mrss_mb[0m[2m=[0m312 [3mhwm_mb[0m[2m=[0m320
[2m2026-09-15T06:58:18.825105Z[0m [32m INFO[0m [2mmidnight_bench[0m[2m:[0m [3mstage[0m[2m=[0m"trace.permutations_commit.end" [3mrss_mb[0m[2m=[0m320 [3mhwm_mb[0m[2m=[0m320
[2m2026-09-15T06:58:18.825130Z[0m [32m INFO[0m [2mmidnight_bench[0m[2m:[0m [3mstage[0m[2m=[0m"trace.lookups_product.start" [3mrss_mb[0m[2m=[0m320 [3mhwm_mb[0m[2m=[0m320
[2m2026-09-15T06:58:18.875961Z[0m [32m INFO[0m [2mmidnight_bench[0m[2m:[0m [3mstage[0m[2m=[0m"trace.lookups_product.end" [3mrss_mb[0m[2m=[0m321 [3mhwm_mb[0m[2m=[0m321
[2m2026-09-15T06:58:18.901896Z[0m [32m INFO[0m [2mmidnight_bench[0m[2m:[0m [3mstage[0m[2m=[0m"create_proof.compute_trace.end" [3mrss_mb[0m[2m=[0m321 [3mhwm_mb[0m[2m=[0m321
[2m2026-09-15T06:58:18.901920Z[0m [32m INFO[0m [2mmidnight_bench[0m[2m:[0m [3mstage[0m[2m=[0m"create_proof.finalise_proof.start" [3mrss_mb[0m[2m=[0m321 [3mhwm_mb[0m[2m=[0m321
[2m2026-09-15T06:58:18.901928Z[0m [32m INFO[0m [2mmidnight_bench[0m[2m:[0m [3mstage[0m[2m=[0m"finalise.compute_h_poly.start" [3mrss_mb[0m[2m=[0m321 [3mhwm_mb[0m[2m=[0m321
[2m2026-09-15T06:58:19.045184Z[0m [32m INFO[0m [2mmidnight_bench[0m[2m:[0m [3mstage[0m[2m=[0m"finalise.compute_h_poly.drop_cosets.end" [3mrss_mb[0m[2m=[0m321 [3mhwm_mb[0m[2m=[0m321
[2m2026-09-15T06:58:19.045211Z[0m [32m INFO[0m [2mmidnight_bench[0m[2m:[0m [3mstage[0m[2m=[0m"finalise.compute_h_poly.end" [3mrss_mb[0m[2m=[0m321 [3mhwm_mb[0m[2m=[0m321
[2m2026-09-15T06:58:19.045219Z[0m [32m INFO[0m [2mmidnight_bench[0m[2m:[0m [3mstage[0m[2m=[0m"finalise.vanishing_construct.start" [3mrss_mb[0m[2m=[0m321 [3mhwm_mb[0m[2m=[0m321
[2m2026-09-15T06:58:19.140161Z[0m [32m INFO[0m [2mmidnight_bench[0m[2m:[0m [3mstage[0m[2m=[0m"finalise.vanishing_construct.end" [3mrss_mb[0m[2m=[0m321 [3mhwm_mb[0m[2m=[0m321
[2m2026-09-15T06:58:19.169546Z[0m [32m INFO[0m [2mmidnight_bench[0m[2m:[0m [3mstage[0m[2m=[0m"finalise.compute_queries.start" [3mrss_mb[0m[2m=[0m321 [3mhwm_mb[0m[2m=[0m321
[2m2026-09-15T06:58:19.169656Z[0m [32m INFO[0m [2mmidnight_bench[0m[2m:[0m [3mstage[0m[2m=[0m"finalise.multi_open.start" [3mrss_mb[0m[2m=[0m321 [3mhwm_mb[0m[2m=[0m321
[2m2026-09-15T06:58:19.261198Z[0m [32m INFO[0m [2mmidnight_bench[0m[2m:[0m [3mstage[0m[2m=[0m"finalise.multi_open.end" [3mrss_mb[0m[2m=[0m321 [3mhwm_mb[0m[2m=[0m321
[2m2026-09-15T06:58:19.261945Z[0m [32m INFO[0m [2mmidnight_bench[0m[2m:[0m [3mstage[0m[2m=[0m"create_proof.finalise_proof.end" [3mrss_mb[0m[2m=[0m296 [3mhwm_mb[0m[2m=[0m320
[2m2026-09-15T06:58:19.277237Z[0m [32m INFO[0m [2mactix_web::middleware::logger[0m[2m:[0m 192.168.65.1 POST /prove HTTP/1.1; took 0.658849s
[2m2026-09-15T06:58:19.278964Z[0m [32m INFO[0m [2mmidnight_proof_server::endpoints[0m[2m:[0m Starting to process request for /prove...
[2m2026-09-15T06:58:19.354809Z[0m [32m INFO[0m [2mmidnight_bench[0m[2m:[0m [3mstage[0m[2m=[0m"create_proof.compute_trace.start" [3mrss_mb[0m[2m=[0m301 [3mhwm_mb[0m[2m=[0m320
[2m2026-09-15T06:58:19.354838Z[0m [32m INFO[0m [2mmidnight_bench[0m[2m:[0m [3mstage[0m[2m=[0m"trace.compute_instances.start" [3mrss_mb[0m[2m=[0m301 [3mhwm_mb[0m[2m=[0m320
[2m2026-09-15T06:58:19.359855Z[0m [32m INFO[0m [2mmidnight_bench[0m[2m:[0m [3mstage[0m[2m=[0m"trace.compute_instances.end" [3mrss_mb[0m[2m=[0m301 [3mhwm_mb[0m[2m=[0m320
[2m2026-09-15T06:58:19.359883Z[0m [32m INFO[0m [2mmidnight_bench[0m[2m:[0m [3mstage[0m[2m=[0m"trace.parse_advices.start" [3mrss_mb[0m[2m=[0m301 [3mhwm_mb[0m[2m=[0m320
[2m2026-09-15T06:58:19.366478Z[0m [32m INFO[0m [2mmidnight_bench[0m[2m:[0m [3mstage[0m[2m=[0m"trace.parse_advices.end" [3mrss_mb[0m[2m=[0m309 [3mhwm_mb[0m[2m=[0m320
[2m2026-09-15T06:58:19.366502Z[0m [32m INFO[0m [2mmidnight_bench[0m[2m:[0m [3mstage[0m[2m=[0m"trace.lookups_permuted.start" [3mrss_mb[0m[2m=[0m309 [3mhwm_mb[0m[2m=[0m320
[2m2026-09-15T06:58:19.413874Z[0m [32m INFO[0m [2mmidnight_bench[0m[2m:[0m [3mstage[0m[2m=[0m"trace.lookups_permuted.end" [3mrss_mb[0m[2m=[0m314 [3mhwm_mb[0m[2m=[0m320
[2m2026-09-15T06:58:19.413900Z[0m [32m INFO[0m [2mmidnight_bench[0m[2m:[0m [3mstage[0m[2m=[0m"trace.permutations_commit.start" [3mrss_mb[0m[2m=[0m314 [3mhwm_mb[0m[2m=[0m320
[2m2026-09-15T06:58:19.484528Z[0m [32m INFO[0m [2mmidnight_bench[0m[2m:[0m [3mstage[0m[2m=[0m"trace.permutations_commit.end" [3mrss_mb[0m[2m=[0m322 [3mhwm_mb[0m[2m=[0m322
[2m2026-09-15T06:58:19.484554Z[0m [32m INFO[0m [2mmidnight_bench[0m[2m:[0m [3mstage[0m[2m=[0m"trace.lookups_product.start" [3mrss_mb[0m[2m=[0m322 [3mhwm_mb[0m[2m=[0m322
[2m2026-09-15T06:58:19.535011Z[0m [32m INFO[0m [2mmidnight_bench[0m[2m:[0m [3mstage[0m[2m=[0m"trace.lookups_product.end" [3mrss_mb[0m[2m=[0m322 [3mhwm_mb[0m[2m=[0m322
[2m2026-09-15T06:58:19.562766Z[0m [32m INFO[0m [2mmidnight_bench[0m[2m:[0m [3mstage[0m[2m=[0m"create_proof.compute_trace.end" [3mrss_mb[0m[2m=[0m323 [3mhwm_mb[0m[2m=[0m323
[2m2026-09-15T06:58:19.562787Z[0m [32m INFO[0m [2mmidnight_bench[0m[2m:[0m [3mstage[0m[2m=[0m"create_proof.finalise_proof.start" [3mrss_mb[0m[2m=[0m323 [3mhwm_mb[0m[2m=[0m323
[2m2026-09-15T06:58:19.562794Z[0m [32m INFO[0m [2mmidnight_bench[0m[2m:[0m [3mstage[0m[2m=[0m"finalise.compute_h_poly.start" [3mrss_mb[0m[2m=[0m323 [3mhwm_mb[0m[2m=[0m323
[2m2026-09-15T06:58:19.705336Z[0m [32m INFO[0m [2mmidnight_bench[0m[2m:[0m [3mstage[0m[2m=[0m"finalise.compute_h_poly.drop_cosets.end" [3mrss_mb[0m[2m=[0m325 [3mhwm_mb[0m[2m=[0m325
[2m2026-09-15T06:58:19.705363Z[0m [32m INFO[0m [2mmidnight_bench[0m[2m:[0m [3mstage[0m[2m=[0m"finalise.compute_h_poly.end" [3mrss_mb[0m[2m=[0m325 [3mhwm_mb[0m[2m=[0m325
[2m2026-09-15T06:58:19.705370Z[0m [32m INFO[0m [2mmidnight_bench[0m[2m:[0m [3mstage[0m[2m=[0m"finalise.vanishing_construct.start" [3mrss_mb[0m[2m=[0m325 [3mhwm_mb[0m[2m=[0m325
[2m2026-09-15T06:58:19.795062Z[0m [32m INFO[0m [2mmidnight_bench[0m[2m:[0m [3mstage[0m[2m=[0m"finalise.vanishing_construct.end" [3mrss_mb[0m[2m=[0m325 [3mhwm_mb[0m[2m=[0m325
[2m2026-09-15T06:58:19.823534Z[0m [32m INFO[0m [2mmidnight_bench[0m[2m:[0m [3mstage[0m[2m=[0m"finalise.compute_queries.start" [3mrss_mb[0m[2m=[0m325 [3mhwm_mb[0m[2m=[0m325
[2m2026-09-15T06:58:19.823617Z[0m [32m INFO[0m [2mmidnight_bench[0m[2m:[0m [3mstage[0m[2m=[0m"finalise.multi_open.start" [3mrss_mb[0m[2m=[0m325 [3mhwm_mb[0m[2m=[0m325
[2m2026-09-15T06:58:19.912220Z[0m [32m INFO[0m [2mmidnight_bench[0m[2m:[0m [3mstage[0m[2m=[0m"finalise.multi_open.end" [3mrss_mb[0m[2m=[0m325 [3mhwm_mb[0m[2m=[0m325
[2m2026-09-15T06:58:19.913130Z[0m [32m INFO[0m [2mmidnight_bench[0m[2m:[0m [3mstage[0m[2m=[0m"create_proof.finalise_proof.end" [3mrss_mb[0m[2m=[0m299 [3mhwm_mb[0m[2m=[0m324
[2m2026-09-15T06:58:19.928657Z[0m [32m INFO[0m [2mactix_web::middleware::logger[0m[2m:[0m 192.168.65.1 POST /prove HTTP/1.1; took 0.649710s
[2m2026-09-15T06:58:19.956216Z[0m [32m INFO[0m [2mmidnight_proof_server::endpoints[0m[2m:[0m Starting to process request for /prove...
[2m2026-09-15T06:58:20.033166Z[0m [32m INFO[0m [2mmidnight_bench[0m[2m:[0m [3mstage[0m[2m=[0m"create_proof.compute_trace.start" [3mrss_mb[0m[2m=[0m317 [3mhwm_mb[0m[2m=[0m324
[2m2026-09-15T06:58:20.033201Z[0m [32m INFO[0m [2mmidnight_bench[0m[2m:[0m [3mstage[0m[2m=[0m"trace.compute_instances.start" [3mrss_mb[0m[2m=[0m317 [3mhwm_mb[0m[2m=[0m324
[2m2026-09-15T06:58:20.038983Z[0m [32m INFO[0m [2mmidnight_bench[0m[2m:[0m [3mstage[0m[2m=[0m"trace.compute_instances.end" [3mrss_mb[0m[2m=[0m317 [3mhwm_mb[0m[2m=[0m324
[2m2026-09-15T06:58:20.039001Z[0m [32m INFO[0m [2mmidnight_bench[0m[2m:[0m [3mstage[0m[2m=[0m"trace.parse_advices.start" [3mrss_mb[0m[2m=[0m317 [3mhwm_mb[0m[2m=[0m324
[2m2026-09-15T06:58:20.045374Z[0m [32m INFO[0m [2mmidnight_bench[0m[2m:[0m [3mstage[0m[2m=[0m"trace.parse_advices.end" [3mrss_mb[0m[2m=[0m325 [3mhwm_mb[0m[2m=[0m325
[2m2026-09-15T06:58:20.045395Z[0m [32m INFO[0m [2mmidnight_bench[0m[2m:[0m [3mstage[0m[2m=[0m"trace.lookups_permuted.start" [3mrss_mb[0m[2m=[0m325 [3mhwm_mb[0m[2m=[0m325
[2m2026-09-15T06:58:20.090041Z[0m [32m INFO[0m [2mmidnight_bench[0m[2m:[0m [3mstage[0m[2m=[0m"trace.lookups_permuted.end" [3mrss_mb[0m[2m=[0m330 [3mhwm_mb[0m[2m=[0m330
[2m2026-09-15T06:58:20.090072Z[0m [32m INFO[0m [2mmidnight_bench[0m[2m:[0m [3mstage[0m[2m=[0m"trace.permutations_commit.start" [3mrss_mb[0m[2m=[0m330 [3mhwm_mb[0m[2m=[0m330
[2m2026-09-15T06:58:20.160250Z[0m [32m INFO[0m [2mmidnight_bench[0m[2m:[0m [3mstage[0m[2m=[0m"trace.permutations_commit.end" [3mrss_mb[0m[2m=[0m337 [3mhwm_mb[0m[2m=[0m337
[2m2026-09-15T06:58:20.160274Z[0m [32m INFO[0m [2mmidnight_bench[0m[2m:[0m [3mstage[0m[2m=[0m"trace.lookups_product.start" [3mrss_mb[0m[2m=[0m337 [3mhwm_mb[0m[2m=[0m337
[2m2026-09-15T06:58:20.209728Z[0m [32m INFO[0m [2mmidnight_bench[0m[2m:[0m [3mstage[0m[2m=[0m"trace.lookups_product.end" [3mrss_mb[0m[2m=[0m338 [3mhwm_mb[0m[2m=[0m338
[2m2026-09-15T06:58:20.234285Z[0m [32m INFO[0m [2mmidnight_bench[0m[2m:[0m [3mstage[0m[2m=[0m"create_proof.compute_trace.end" [3mrss_mb[0m[2m=[0m338 [3mhwm_mb[0m[2m=[0m338
[2m2026-09-15T06:58:20.234311Z[0m [32m INFO[0m [2mmidnight_bench[0m[2m:[0m [3mstage[0m[2m=[0m"create_proof.finalise_proof.start" [3mrss_mb[0m[2m=[0m338 [3mhwm_mb[0m[2m=[0m338
[2m2026-09-15T06:58:20.234320Z[0m [32m INFO[0m [2mmidnight_bench[0m[2m:[0m [3mstage[0m[2m=[0m"finalise.compute_h_poly.start" [3mrss_mb[0m[2m=[0m338 [3mhwm_mb[0m[2m=[0m338
[2m2026-09-15T06:58:20.375555Z[0m [32m INFO[0m [2mmidnight_bench[0m[2m:[0m [3mstage[0m[2m=[0m"finalise.compute_h_poly.drop_cosets.end" [3mrss_mb[0m[2m=[0m338 [3mhwm_mb[0m[2m=[0m338
[2m2026-09-15T06:58:20.375583Z[0m [32m INFO[0m [2mmidnight_bench[0m[2m:[0m [3mstage[0m[2m=[0m"finalise.compute_h_poly.end" [3mrss_mb[0m[2m=[0m338 [3mhwm_mb[0m[2m=[0m338
[2m2026-09-15T06:58:20.375590Z[0m [32m INFO[0m [2mmidnight_bench[0m[2m:[0m [3mstage[0m[2m=[0m"finalise.vanishing_construct.start" [3mrss_mb[0m[2m=[0m338 [3mhwm_mb[0m[2m=[0m338
[2m2026-09-15T06:58:20.470262Z[0m [32m INFO[0m [2mmidnight_bench[0m[2m:[0m [3mstage[0m[2m=[0m"finalise.vanishing_construct.end" [3mrss_mb[0m[2m=[0m338 [3mhwm_mb[0m[2m=[0m338
[2m2026-09-15T06:58:20.497513Z[0m [32m INFO[0m [2mmidnight_bench[0m[2m:[0m [3mstage[0m[2m=[0m"finalise.compute_queries.start" [3mrss_mb[0m[2m=[0m338 [3mhwm_mb[0m[2m=[0m338
[2m2026-09-15T06:58:20.497600Z[0m [32m INFO[0m [2mmidnight_bench[0m[2m:[0m [3mstage[0m[2m=[0m"finalise.multi_open.start" [3mrss_mb[0m[2m=[0m338 [3mhwm_mb[0m[2m=[0m338
[2m2026-09-15T06:58:20.591670Z[0m [32m INFO[0m [2mmidnight_bench[0m[2m:[0m [3mstage[0m[2m=[0m"finalise.multi_open.end" [3mrss_mb[0m[2m=[0m338 [3mhwm_mb[0m[2m=[0m338
[2m2026-09-15T06:58:20.592454Z[0m [32m INFO[0m [2mmidnight_bench[0m[2m:[0m [3mstage[0m[2m=[0m"create_proof.finalise_proof.end" [3mrss_mb[0m[2m=[0m313 [3mhwm_mb[0m[2m=[0m337
[2m2026-09-15T06:58:20.608378Z[0m [32m INFO[0m [2mactix_web::middleware::logger[0m[2m:[0m 192.168.65.1 POST /prove HTTP/1.1; took 0.652180s
[2m2026-09-15T06:58:20.611749Z[0m [32m INFO[0m [2mmidnight_proof_server::endpoints[0m[2m:[0m Starting to process request for /prove...
[2m2026-09-15T06:58:20.682125Z[0m [32m INFO[0m [2mmidnight_bench[0m[2m:[0m [3mstage[0m[2m=[0m"create_proof.compute_trace.start" [3mrss_mb[0m[2m=[0m318 [3mhwm_mb[0m[2m=[0m337
[2m2026-09-15T06:58:20.682149Z[0m [32m INFO[0m [2mmidnight_bench[0m[2m:[0m [3mstage[0m[2m=[0m"trace.compute_instances.start" [3mrss_mb[0m[2m=[0m318 [3mhwm_mb[0m[2m=[0m337
[2m2026-09-15T06:58:20.687617Z[0m [32m INFO[0m [2mmidnight_bench[0m[2m:[0m [3mstage[0m[2m=[0m"trace.compute_instances.end" [3mrss_mb[0m[2m=[0m318 [3mhwm_mb[0m[2m=[0m337
[2m2026-09-15T06:58:20.687637Z[0m [32m INFO[0m [2mmidnight_bench[0m[2m:[0m [3mstage[0m[2m=[0m"trace.parse_advices.start" [3mrss_mb[0m[2m=[0m318 [3mhwm_mb[0m[2m=[0m337
[2m2026-09-15T06:58:20.694025Z[0m [32m INFO[0m [2mmidnight_bench[0m[2m:[0m [3mstage[0m[2m=[0m"trace.parse_advices.end" [3mrss_mb[0m[2m=[0m327 [3mhwm_mb[0m[2m=[0m337
[2m2026-09-15T06:58:20.694045Z[0m [32m INFO[0m [2mmidnight_bench[0m[2m:[0m [3mstage[0m[2m=[0m"trace.lookups_permuted.start" [3mrss_mb[0m[2m=[0m327 [3mhwm_mb[0m[2m=[0m337
[2m2026-09-15T06:58:20.739840Z[0m [32m INFO[0m [2mmidnight_bench[0m[2m:[0m [3mstage[0m[2m=[0m"trace.lookups_permuted.end" [3mrss_mb[0m[2m=[0m332 [3mhwm_mb[0m[2m=[0m337
[2m2026-09-15T06:58:20.739874Z[0m [32m INFO[0m [2mmidnight_bench[0m[2m:[0m [3mstage[0m[2m=[0m"trace.permutations_commit.start" [3mrss_mb[0m[2m=[0m332 [3mhwm_mb[0m[2m=[0m337
[2m2026-09-15T06:58:20.809681Z[0m [32m INFO[0m [2mmidnight_bench[0m[2m:[0m [3mstage[0m[2m=[0m"trace.permutations_commit.end" [3mrss_mb[0m[2m=[0m339 [3mhwm_mb[0m[2m=[0m339
[2m2026-09-15T06:58:20.809705Z[0m [32m INFO[0m [2mmidnight_bench[0m[2m:[0m [3mstage[0m[2m=[0m"trace.lookups_product.start" [3mrss_mb[0m[2m=[0m339 [3mhwm_mb[0m[2m=[0m339
[2m2026-09-15T06:58:20.861429Z[0m [32m INFO[0m [2mmidnight_bench[0m[2m:[0m [3mstage[0m[2m=[0m"trace.lookups_product.end" [3mrss_mb[0m[2m=[0m339 [3mhwm_mb[0m[2m=[0m339
[2m2026-09-15T06:58:20.886197Z[0m [32m INFO[0m [2mmidnight_bench[0m[2m:[0m [3mstage[0m[2m=[0m"create_proof.compute_trace.end" [3mrss_mb[0m[2m=[0m340 [3mhwm_mb[0m[2m=[0m340
[2m2026-09-15T06:58:20.886214Z[0m [32m INFO[0m [2mmidnight_bench[0m[2m:[0m [3mstage[0m[2m=[0m"create_proof.finalise_proof.start" [3mrss_mb[0m[2m=[0m340 [3mhwm_mb[0m[2m=[0m340
[2m2026-09-15T06:58:20.886225Z[0m [32m INFO[0m [2mmidnight_bench[0m[2m:[0m [3mstage[0m[2m=[0m"finalise.compute_h_poly.start" [3mrss_mb[0m[2m=[0m340 [3mhwm_mb[0m[2m=[0m340
[2m2026-09-15T06:58:21.029802Z[0m [32m INFO[0m [2mmidnight_bench[0m[2m:[0m [3mstage[0m[2m=[0m"finalise.compute_h_poly.drop_cosets.end" [3mrss_mb[0m[2m=[0m342 [3mhwm_mb[0m[2m=[0m342
[2m2026-09-15T06:58:21.029828Z[0m [32m INFO[0m [2mmidnight_bench[0m[2m:[0m [3mstage[0m[2m=[0m"finalise.compute_h_poly.end" [3mrss_mb[0m[2m=[0m342 [3mhwm_mb[0m[2m=[0m342
[2m2026-09-15T06:58:21.029835Z[0m [32m INFO[0m [2mmidnight_bench[0m[2m:[0m [3mstage[0m[2m=[0m"finalise.vanishing_construct.start" [3mrss_mb[0m[2m=[0m342 [3mhwm_mb[0m[2m=[0m342
[2m2026-09-15T06:58:21.116054Z[0m [32m INFO[0m [2mmidnight_bench[0m[2m:[0m [3mstage[0m[2m=[0m"finalise.vanishing_construct.end" [3mrss_mb[0m[2m=[0m342 [3mhwm_mb[0m[2m=[0m342
[2m2026-09-15T06:58:21.142953Z[0m [32m INFO[0m [2mmidnight_bench[0m[2m:[0m [3mstage[0m[2m=[0m"finalise.compute_queries.start" [3mrss_mb[0m[2m=[0m342 [3mhwm_mb[0m[2m=[0m342
[2m2026-09-15T06:58:21.143051Z[0m [32m INFO[0m [2mmidnight_bench[0m[2m:[0m [3mstage[0m[2m=[0m"finalise.multi_open.start" [3mrss_mb[0m[2m=[0m342 [3mhwm_mb[0m[2m=[0m342
[2m2026-09-15T06:58:21.235743Z[0m [32m INFO[0m [2mmidnight_bench[0m[2m:[0m [3mstage[0m[2m=[0m"finalise.multi_open.end" [3mrss_mb[0m[2m=[0m342 [3mhwm_mb[0m[2m=[0m342
[2m2026-09-15T06:58:21.236655Z[0m [32m INFO[0m [2mmidnight_bench[0m[2m:[0m [3mstage[0m[2m=[0m"create_proof.finalise_proof.end" [3mrss_mb[0m[2m=[0m317 [3mhwm_mb[0m[2m=[0m341
[2m2026-09-15T06:58:21.252251Z[0m [32m INFO[0m [2mactix_web::middleware::logger[0m[2m:[0m 192.168.65.1 POST /prove HTTP/1.1; took 0.640519s
[2m2026-09-15T06:58:21.253621Z[0m [32m INFO[0m [2mmidnight_proof_server::endpoints[0m[2m:[0m Starting to process request for /prove...
[2m2026-09-15T06:58:21.434456Z[0m [32m INFO[0m [2mmidnight_bench[0m[2m:[0m [3mstage[0m[2m=[0m"create_proof.compute_trace.start" [3mrss_mb[0m[2m=[0m322 [3mhwm_mb[0m[2m=[0m341
[2m2026-09-15T06:58:21.434489Z[0m [32m INFO[0m [2mmidnight_bench[0m[2m:[0m [3mstage[0m[2m=[0m"trace.compute_instances.start" [3mrss_mb[0m[2m=[0m322 [3mhwm_mb[0m[2m=[0m341
[2m2026-09-15T06:58:21.440276Z[0m [32m INFO[0m [2mmidnight_bench[0m[2m:[0m [3mstage[0m[2m=[0m"trace.compute_instances.end" [3mrss_mb[0m[2m=[0m322 [3mhwm_mb[0m[2m=[0m341
[2m2026-09-15T06:58:21.440312Z[0m [32m INFO[0m [2mmidnight_bench[0m[2m:[0m [3mstage[0m[2m=[0m"trace.parse_advices.start" [3mrss_mb[0m[2m=[0m322 [3mhwm_mb[0m[2m=[0m341
[2m2026-09-15T06:58:21.452265Z[0m [32m INFO[0m [2mmidnight_bench[0m[2m:[0m [3mstage[0m[2m=[0m"trace.parse_advices.end" [3mrss_mb[0m[2m=[0m331 [3mhwm_mb[0m[2m=[0m341
[2m2026-09-15T06:58:21.452319Z[0m [32m INFO[0m [2mmidnight_bench[0m[2m:[0m [3mstage[0m[2m=[0m"trace.lookups_permuted.start" [3mrss_mb[0m[2m=[0m331 [3mhwm_mb[0m[2m=[0m341
[2m2026-09-15T06:58:21.512404Z[0m [32m INFO[0m [2mmidnight_bench[0m[2m:[0m [3mstage[0m[2m=[0m"trace.lookups_permuted.end" [3mrss_mb[0m[2m=[0m336 [3mhwm_mb[0m[2m=[0m341
[2m2026-09-15T06:58:21.512433Z[0m [32m INFO[0m [2mmidnight_bench[0m[2m:[0m [3mstage[0m[2m=[0m"trace.permutations_commit.start" [3mrss_mb[0m[2m=[0m336 [3mhwm_mb[0m[2m=[0m341
[2m2026-09-15T06:58:21.603191Z[0m [32m INFO[0m [2mmidnight_bench[0m[2m:[0m [3mstage[0m[2m=[0m"trace.permutations_commit.end" [3mrss_mb[0m[2m=[0m343 [3mhwm_mb[0m[2m=[0m343
[2m2026-09-15T06:58:21.603217Z[0m [32m INFO[0m [2mmidnight_bench[0m[2m:[0m [3mstage[0m[2m=[0m"trace.lookups_product.start" [3mrss_mb[0m[2m=[0m343 [3mhwm_mb[0m[2m=[0m343
[2m2026-09-15T06:58:21.661126Z[0m [32m INFO[0m [2mmidnight_bench[0m[2m:[0m [3mstage[0m[2m=[0m"trace.lookups_product.end" [3mrss_mb[0m[2m=[0m343 [3mhwm_mb[0m[2m=[0m343
[2m2026-09-15T06:58:21.686932Z[0m [32m INFO[0m [2mmidnight_bench[0m[2m:[0m [3mstage[0m[2m=[0m"create_proof.compute_trace.end" [3mrss_mb[0m[2m=[0m344 [3mhwm_mb[0m[2m=[0m344
[2m2026-09-15T06:58:21.686957Z[0m [32m INFO[0m [2mmidnight_bench[0m[2m:[0m [3mstage[0m[2m=[0m"create_proof.finalise_proof.start" [3mrss_mb[0m[2m=[0m344 [3mhwm_mb[0m[2m=[0m344
[2m2026-09-15T06:58:21.686966Z[0m [32m INFO[0m [2mmidnight_bench[0m[2m:[0m [3mstage[0m[2m=[0m"finalise.compute_h_poly.start" [3mrss_mb[0m[2m=[0m344 [3mhwm_mb[0m[2m=[0m344
[2m2026-09-15T06:58:21.825302Z[0m [32m INFO[0m [2mmidnight_bench[0m[2m:[0m [3mstage[0m[2m=[0m"finalise.compute_h_poly.drop_cosets.end" [3mrss_mb[0m[2m=[0m344 [3mhwm_mb[0m[2m=[0m344
[2m2026-09-15T06:58:21.825330Z[0m [32m INFO[0m [2mmidnight_bench[0m[2m:[0m [3mstage[0m[2m=[0m"finalise.compute_h_poly.end" [3mrss_mb[0m[2m=[0m344 [3mhwm_mb[0m[2m=[0m344
[2m2026-09-15T06:58:21.825338Z[0m [32m INFO[0m [2mmidnight_bench[0m[2m:[0m [3mstage[0m[2m=[0m"finalise.vanishing_construct.start" [3mrss_mb[0m[2m=[0m344 [3mhwm_mb[0m[2m=[0m344
[2m2026-09-15T06:58:21.915908Z[0m [32m INFO[0m [2mmidnight_bench[0m[2m:[0m [3mstage[0m[2m=[0m"finalise.vanishing_construct.end" [3mrss_mb[0m[2m=[0m344 [3mhwm_mb[0m[2m=[0m344
[2m2026-09-15T06:58:21.943444Z[0m [32m INFO[0m [2mmidnight_bench[0m[2m:[0m [3mstage[0m[2m=[0m"finalise.compute_queries.start" [3mrss_mb[0m[2m=[0m344 [3mhwm_mb[0m[2m=[0m344
[2m2026-09-15T06:58:21.943540Z[0m [32m INFO[0m [2mmidnight_bench[0m[2m:[0m [3mstage[0m[2m=[0m"finalise.multi_open.start" [3mrss_mb[0m[2m=[0m344 [3mhwm_mb[0m[2m=[0m344
[2m2026-09-15T06:58:22.034179Z[0m [32m INFO[0m [2mmidnight_bench[0m[2m:[0m [3mstage[0m[2m=[0m"finalise.multi_open.end" [3mrss_mb[0m[2m=[0m344 [3mhwm_mb[0m[2m=[0m344
[2m2026-09-15T06:58:22.034940Z[0m [32m INFO[0m [2mmidnight_bench[0m[2m:[0m [3mstage[0m[2m=[0m"create_proof.finalise_proof.end" [3mrss_mb[0m[2m=[0m318 [3mhwm_mb[0m[2m=[0m343
[2m2026-09-15T06:58:22.051430Z[0m [32m INFO[0m [2mactix_web::middleware::logger[0m[2m:[0m 192.168.65.1 POST /prove HTTP/1.1; took 0.797826s
[2m2026-09-15T06:58:22.053703Z[0m [32m INFO[0m [2mmidnight_proof_server::endpoints[0m[2m:[0m Starting to process request for /prove...
[2m2026-09-15T06:58:22.125853Z[0m [32m INFO[0m [2mmidnight_bench[0m[2m:[0m [3mstage[0m[2m=[0m"create_proof.compute_trace.start" [3mrss_mb[0m[2m=[0m325 [3mhwm_mb[0m[2m=[0m343
[2m2026-09-15T06:58:22.125883Z[0m [32m INFO[0m [2mmidnight_bench[0m[2m:[0m [3mstage[0m[2m=[0m"trace.compute_instances.start" [3mrss_mb[0m[2m=[0m325 [3mhwm_mb[0m[2m=[0m343
[2m2026-09-15T06:58:22.130970Z[0m [32m INFO[0m [2mmidnight_bench[0m[2m:[0m [3mstage[0m[2m=[0m"trace.compute_instances.end" [3mrss_mb[0m[2m=[0m325 [3mhwm_mb[0m[2m=[0m343
[2m2026-09-15T06:58:22.130986Z[0m [32m INFO[0m [2mmidnight_bench[0m[2m:[0m [3mstage[0m[2m=[0m"trace.parse_advices.start" [3mrss_mb[0m[2m=[0m325 [3mhwm_mb[0m[2m=[0m343
[2m2026-09-15T06:58:22.137513Z[0m [32m INFO[0m [2mmidnight_bench[0m[2m:[0m [3mstage[0m[2m=[0m"trace.parse_advices.end" [3mrss_mb[0m[2m=[0m333 [3mhwm_mb[0m[2m=[0m343
[2m2026-09-15T06:58:22.137536Z[0m [32m INFO[0m [2mmidnight_bench[0m[2m:[0m [3mstage[0m[2m=[0m"trace.lookups_permuted.start" [3mrss_mb[0m[2m=[0m333 [3mhwm_mb[0m[2m=[0m343
[2m2026-09-15T06:58:22.184629Z[0m [32m INFO[0m [2mmidnight_bench[0m[2m:[0m [3mstage[0m[2m=[0m"trace.lookups_permuted.end" [3mrss_mb[0m[2m=[0m338 [3mhwm_mb[0m[2m=[0m343
[2m2026-09-15T06:58:22.184656Z[0m [32m INFO[0m [2mmidnight_bench[0m[2m:[0m [3mstage[0m[2m=[0m"trace.permutations_commit.start" [3mrss_mb[0m[2m=[0m338 [3mhwm_mb[0m[2m=[0m343
[2m2026-09-15T06:58:22.258904Z[0m [32m INFO[0m [2mmidnight_bench[0m[2m:[0m [3mstage[0m[2m=[0m"trace.permutations_commit.end" [3mrss_mb[0m[2m=[0m346 [3mhwm_mb[0m[2m=[0m346
[2m2026-09-15T06:58:22.258931Z[0m [32m INFO[0m [2mmidnight_bench[0m[2m:[0m [3mstage[0m[2m=[0m"trace.lookups_product.start" [3mrss_mb[0m[2m=[0m346 [3mhwm_mb[0m[2m=[0m346
[2m2026-09-15T06:58:22.310407Z[0m [32m INFO[0m [2mmidnight_bench[0m[2m:[0m [3mstage[0m[2m=[0m"trace.lookups_product.end" [3mrss_mb[0m[2m=[0m346 [3mhwm_mb[0m[2m=[0m346
[2m2026-09-15T06:58:22.334296Z[0m [32m INFO[0m [2mmidnight_bench[0m[2m:[0m [3mstage[0m[2m=[0m"create_proof.compute_trace.end" [3mrss_mb[0m[2m=[0m347 [3mhwm_mb[0m[2m=[0m347
[2m2026-09-15T06:58:22.334322Z[0m [32m INFO[0m [2mmidnight_bench[0m[2m:[0m [3mstage[0m[2m=[0m"create_proof.finalise_proof.start" [3mrss_mb[0m[2m=[0m347 [3mhwm_mb[0m[2m=[0m347
[2m2026-09-15T06:58:22.334331Z[0m [32m INFO[0m [2mmidnight_bench[0m[2m:[0m [3mstage[0m[2m=[0m"finalise.compute_h_poly.start" [3mrss_mb[0m[2m=[0m347 [3mhwm_mb[0m[2m=[0m347
[2m2026-09-15T06:58:22.473997Z[0m [32m INFO[0m [2mmidnight_bench[0m[2m:[0m [3mstage[0m[2m=[0m"finalise.compute_h_poly.drop_cosets.end" [3mrss_mb[0m[2m=[0m347 [3mhwm_mb[0m[2m=[0m347
[2m2026-09-15T06:58:22.474027Z[0m [32m INFO[0m [2mmidnight_bench[0m[2m:[0m [3mstage[0m[2m=[0m"finalise.compute_h_poly.end" [3mrss_mb[0m[2m=[0m347 [3mhwm_mb[0m[2m=[0m347
[2m2026-09-15T06:58:22.474035Z[0m [32m INFO[0m [2mmidnight_bench[0m[2m:[0m [3mstage[0m[2m=[0m"finalise.vanishing_construct.start" [3mrss_mb[0m[2m=[0m347 [3mhwm_mb[0m[2m=[0m347
[2m2026-09-15T06:58:22.560673Z[0m [32m INFO[0m [2mmidnight_bench[0m[2m:[0m [3mstage[0m[2m=[0m"finalise.vanishing_construct.end" [3mrss_mb[0m[2m=[0m347 [3mhwm_mb[0m[2m=[0m347
[2m2026-09-15T06:58:22.588597Z[0m [32m INFO[0m [2mmidnight_bench[0m[2m:[0m [3mstage[0m[2m=[0m"finalise.compute_queries.start" [3mrss_mb[0m[2m=[0m347 [3mhwm_mb[0m[2m=[0m347
[2m2026-09-15T06:58:22.588683Z[0m [32m INFO[0m [2mmidnight_bench[0m[2m:[0m [3mstage[0m[2m=[0m"finalise.multi_open.start" [3mrss_mb[0m[2m=[0m347 [3mhwm_mb[0m[2m=[0m347
[2m2026-09-15T06:58:22.680317Z[0m [32m INFO[0m [2mmidnight_bench[0m[2m:[0m [3mstage[0m[2m=[0m"finalise.multi_open.end" [3mrss_mb[0m[2m=[0m347 [3mhwm_mb[0m[2m=[0m347
[2m2026-09-15T06:58:22.681236Z[0m [32m INFO[0m [2mmidnight_bench[0m[2m:[0m [3mstage[0m[2m=[0m"create_proof.finalise_proof.end" [3mrss_mb[0m[2m=[0m321 [3mhwm_mb[0m[2m=[0m346
[2m2026-09-15T06:58:22.697499Z[0m [32m INFO[0m [2mactix_web::middleware::logger[0m[2m:[0m 192.168.65.1 POST /prove HTTP/1.1; took 0.643814s
[2m2026-09-15T06:58:22.699165Z[0m [32m INFO[0m [2mmidnight_proof_server::endpoints[0m[2m:[0m Starting to process request for /prove...
[2m2026-09-15T06:58:22.767876Z[0m [32m INFO[0m [2mmidnight_bench[0m[2m:[0m [3mstage[0m[2m=[0m"create_proof.compute_trace.start" [3mrss_mb[0m[2m=[0m326 [3mhwm_mb[0m[2m=[0m346
[2m2026-09-15T06:58:22.767912Z[0m [32m INFO[0m [2mmidnight_bench[0m[2m:[0m [3mstage[0m[2m=[0m"trace.compute_instances.start" [3mrss_mb[0m[2m=[0m326 [3mhwm_mb[0m[2m=[0m346
[2m2026-09-15T06:58:22.771700Z[0m [32m INFO[0m [2mmidnight_bench[0m[2m:[0m [3mstage[0m[2m=[0m"trace.compute_instances.end" [3mrss_mb[0m[2m=[0m326 [3mhwm_mb[0m[2m=[0m346
[2m2026-09-15T06:58:22.771722Z[0m [32m INFO[0m [2mmidnight_bench[0m[2m:[0m [3mstage[0m[2m=[0m"trace.parse_advices.start" [3mrss_mb[0m[2m=[0m326 [3mhwm_mb[0m[2m=[0m346
[2m2026-09-15T06:58:22.778030Z[0m [32m INFO[0m [2mmidnight_bench[0m[2m:[0m [3mstage[0m[2m=[0m"trace.parse_advices.end" [3mrss_mb[0m[2m=[0m334 [3mhwm_mb[0m[2m=[0m346
[2m2026-09-15T06:58:22.778053Z[0m [32m INFO[0m [2mmidnight_bench[0m[2m:[0m [3mstage[0m[2m=[0m"trace.lookups_permuted.start" [3mrss_mb[0m[2m=[0m334 [3mhwm_mb[0m[2m=[0m346
[2m2026-09-15T06:58:22.823124Z[0m [32m INFO[0m [2mmidnight_bench[0m[2m:[0m [3mstage[0m[2m=[0m"trace.lookups_permuted.end" [3mrss_mb[0m[2m=[0m339 [3mhwm_mb[0m[2m=[0m346
[2m2026-09-15T06:58:22.823158Z[0m [32m INFO[0m [2mmidnight_bench[0m[2m:[0m [3mstage[0m[2m=[0m"trace.permutations_commit.start" [3mrss_mb[0m[2m=[0m339 [3mhwm_mb[0m[2m=[0m346
[2m2026-09-15T06:58:22.897602Z[0m [32m INFO[0m [2mmidnight_bench[0m[2m:[0m [3mstage[0m[2m=[0m"trace.permutations_commit.end" [3mrss_mb[0m[2m=[0m347 [3mhwm_mb[0m[2m=[0m347
[2m2026-09-15T06:58:22.897626Z[0m [32m INFO[0m [2mmidnight_bench[0m[2m:[0m [3mstage[0m[2m=[0m"trace.lookups_product.start" [3mrss_mb[0m[2m=[0m347 [3mhwm_mb[0m[2m=[0m347
[2m2026-09-15T06:58:22.953516Z[0m [32m INFO[0m [2mmidnight_bench[0m[2m:[0m [3mstage[0m[2m=[0m"trace.lookups_product.end" [3mrss_mb[0m[2m=[0m347 [3mhwm_mb[0m[2m=[0m347
[2m2026-09-15T06:58:22.984833Z[0m [32m INFO[0m [2mmidnight_bench[0m[2m:[0m [3mstage[0m[2m=[0m"create_proof.compute_trace.end" [3mrss_mb[0m[2m=[0m348 [3mhwm_mb[0m[2m=[0m348
[2m2026-09-15T06:58:22.984858Z[0m [32m INFO[0m [2mmidnight_bench[0m[2m:[0m [3mstage[0m[2m=[0m"create_proof.finalise_proof.start" [3mrss_mb[0m[2m=[0m348 [3mhwm_mb[0m[2m=[0m348
[2m2026-09-15T06:58:22.984866Z[0m [32m INFO[0m [2mmidnight_bench[0m[2m:[0m [3mstage[0m[2m=[0m"finalise.compute_h_poly.start" [3mrss_mb[0m[2m=[0m348 [3mhwm_mb[0m[2m=[0m348
[2m2026-09-15T06:58:23.160255Z[0m [32m INFO[0m [2mmidnight_bench[0m[2m:[0m [3mstage[0m[2m=[0m"finalise.compute_h_poly.drop_cosets.end" [3mrss_mb[0m[2m=[0m348 [3mhwm_mb[0m[2m=[0m348
[2m2026-09-15T06:58:23.160284Z[0m [32m INFO[0m [2mmidnight_bench[0m[2m:[0m [3mstage[0m[2m=[0m"finalise.compute_h_poly.end" [3mrss_mb[0m[2m=[0m348 [3mhwm_mb[0m[2m=[0m348
[2m2026-09-15T06:58:23.160292Z[0m [32m INFO[0m [2mmidnight_bench[0m[2m:[0m [3mstage[0m[2m=[0m"finalise.vanishing_construct.start" [3mrss_mb[0m[2m=[0m348 [3mhwm_mb[0m[2m=[0m348
[2m2026-09-15T06:58:23.280354Z[0m [32m INFO[0m [2mmidnight_bench[0m[2m:[0m [3mstage[0m[2m=[0m"finalise.vanishing_construct.end" [3mrss_mb[0m[2m=[0m348 [3mhwm_mb[0m[2m=[0m348
[2m2026-09-15T06:58:23.314736Z[0m [32m INFO[0m [2mmidnight_bench[0m[2m:[0m [3mstage[0m[2m=[0m"finalise.compute_queries.start" [3mrss_mb[0m[2m=[0m348 [3mhwm_mb[0m[2m=[0m348
[2m2026-09-15T06:58:23.315005Z[0m [32m INFO[0m [2mmidnight_bench[0m[2m:[0m [3mstage[0m[2m=[0m"finalise.multi_open.start" [3mrss_mb[0m[2m=[0m348 [3mhwm_mb[0m[2m=[0m348
[2m2026-09-15T06:58:23.454646Z[0m [32m INFO[0m [2mmidnight_bench[0m[2m:[0m [3mstage[0m[2m=[0m"finalise.multi_open.end" [3mrss_mb[0m[2m=[0m348 [3mhwm_mb[0m[2m=[0m348
[2m2026-09-15T06:58:23.455462Z[0m [32m INFO[0m [2mmidnight_bench[0m[2m:[0m [3mstage[0m[2m=[0m"create_proof.finalise_proof.end" [3mrss_mb[0m[2m=[0m322 [3mhwm_mb[0m[2m=[0m347
[2m2026-09-15T06:58:23.473800Z[0m [32m INFO[0m [2mactix_web::middleware::logger[0m[2m:[0m 192.168.65.1 POST /prove HTTP/1.1; took 0.774653s
[2m2026-09-15T06:58:23.475917Z[0m [32m INFO[0m [2mmidnight_proof_server::endpoints[0m[2m:[0m Starting to process request for /prove...
[2m2026-09-15T06:58:23.564981Z[0m [32m INFO[0m [2mmidnight_bench[0m[2m:[0m [3mstage[0m[2m=[0m"create_proof.compute_trace.start" [3mrss_mb[0m[2m=[0m330 [3mhwm_mb[0m[2m=[0m347
[2m2026-09-15T06:58:23.565008Z[0m [32m INFO[0m [2mmidnight_bench[0m[2m:[0m [3mstage[0m[2m=[0m"trace.compute_instances.start" [3mrss_mb[0m[2m=[0m330 [3mhwm_mb[0m[2m=[0m347
[2m2026-09-15T06:58:23.573686Z[0m [32m INFO[0m [2mmidnight_bench[0m[2m:[0m [3mstage[0m[2m=[0m"trace.compute_instances.end" [3mrss_mb[0m[2m=[0m330 [3mhwm_mb[0m[2m=[0m347
[2m2026-09-15T06:58:23.573844Z[0m [32m INFO[0m [2mmidnight_bench[0m[2m:[0m [3mstage[0m[2m=[0m"trace.parse_advices.start" [3mrss_mb[0m[2m=[0m330 [3mhwm_mb[0m[2m=[0m347
[2m2026-09-15T06:58:23.580812Z[0m [32m INFO[0m [2mmidnight_bench[0m[2m:[0m [3mstage[0m[2m=[0m"trace.parse_advices.end" [3mrss_mb[0m[2m=[0m338 [3mhwm_mb[0m[2m=[0m347
[2m2026-09-15T06:58:23.580841Z[0m [32m INFO[0m [2mmidnight_bench[0m[2m:[0m [3mstage[0m[2m=[0m"trace.lookups_permuted.start" [3mrss_mb[0m[2m=[0m338 [3mhwm_mb[0m[2m=[0m347
[2m2026-09-15T06:58:23.630358Z[0m [32m INFO[0m [2mmidnight_bench[0m[2m:[0m [3mstage[0m[2m=[0m"trace.lookups_permuted.end" [3mrss_mb[0m[2m=[0m343 [3mhwm_mb[0m[2m=[0m347
[2m2026-09-15T06:58:23.630394Z[0m [32m INFO[0m [2mmidnight_bench[0m[2m:[0m [3mstage[0m[2m=[0m"trace.permutations_commit.start" [3mrss_mb[0m[2m=[0m343 [3mhwm_mb[0m[2m=[0m347
[2m2026-09-15T06:58:23.706140Z[0m [32m INFO[0m [2mmidnight_bench[0m[2m:[0m [3mstage[0m[2m=[0m"trace.permutations_commit.end" [3mrss_mb[0m[2m=[0m350 [3mhwm_mb[0m[2m=[0m350
[2m2026-09-15T06:58:23.706166Z[0m [32m INFO[0m [2mmidnight_bench[0m[2m:[0m [3mstage[0m[2m=[0m"trace.lookups_product.start" [3mrss_mb[0m[2m=[0m350 [3mhwm_mb[0m[2m=[0m350
[2m2026-09-15T06:58:23.756563Z[0m [32m INFO[0m [2mmidnight_bench[0m[2m:[0m [3mstage[0m[2m=[0m"trace.lookups_product.end" [3mrss_mb[0m[2m=[0m350 [3mhwm_mb[0m[2m=[0m350
[2m2026-09-15T06:58:23.781888Z[0m [32m INFO[0m [2mmidnight_bench[0m[2m:[0m [3mstage[0m[2m=[0m"create_proof.compute_trace.end" [3mrss_mb[0m[2m=[0m351 [3mhwm_mb[0m[2m=[0m351
[2m2026-09-15T06:58:23.781914Z[0m [32m INFO[0m [2mmidnight_bench[0m[2m:[0m [3mstage[0m[2m=[0m"create_proof.finalise_proof.start" [3mrss_mb[0m[2m=[0m351 [3mhwm_mb[0m[2m=[0m351
[2m2026-09-15T06:58:23.781922Z[0m [32m INFO[0m [2mmidnight_bench[0m[2m:[0m [3mstage[0m[2m=[0m"finalise.compute_h_poly.start" [3mrss_mb[0m[2m=[0m351 [3mhwm_mb[0m[2m=[0m351
[2m2026-09-15T06:58:23.918338Z[0m [32m INFO[0m [2mmidnight_bench[0m[2m:[0m [3mstage[0m[2m=[0m"finalise.compute_h_poly.drop_cosets.end" [3mrss_mb[0m[2m=[0m351 [3mhwm_mb[0m[2m=[0m351
[2m2026-09-15T06:58:23.918367Z[0m [32m INFO[0m [2mmidnight_bench[0m[2m:[0m [3mstage[0m[2m=[0m"finalise.compute_h_poly.end" [3mrss_mb[0m[2m=[0m351 [3mhwm_mb[0m[2m=[0m351
[2m2026-09-15T06:58:23.918374Z[0m [32m INFO[0m [2mmidnight_bench[0m[2m:[0m [3mstage[0m[2m=[0m"finalise.vanishing_construct.start" [3mrss_mb[0m[2m=[0m351 [3mhwm_mb[0m[2m=[0m351
[2m2026-09-15T06:58:24.007372Z[0m [32m INFO[0m [2mmidnight_bench[0m[2m:[0m [3mstage[0m[2m=[0m"finalise.vanishing_construct.end" [3mrss_mb[0m[2m=[0m351 [3mhwm_mb[0m[2m=[0m351
[2m2026-09-15T06:58:24.034277Z[0m [32m INFO[0m [2mmidnight_bench[0m[2m:[0m [3mstage[0m[2m=[0m"finalise.compute_queries.start" [3mrss_mb[0m[2m=[0m351 [3mhwm_mb[0m[2m=[0m351
[2m2026-09-15T06:58:24.034369Z[0m [32m INFO[0m [2mmidnight_bench[0m[2m:[0m [3mstage[0m[2m=[0m"finalise.multi_open.start" [3mrss_mb[0m[2m=[0m351 [3mhwm_mb[0m[2m=[0m351
[2m2026-09-15T06:58:24.124605Z[0m [32m INFO[0m [2mmidnight_bench[0m[2m:[0m [3mstage[0m[2m=[0m"finalise.multi_open.end" [3mrss_mb[0m[2m=[0m351 [3mhwm_mb[0m[2m=[0m351
[2m2026-09-15T06:58:24.125363Z[0m [32m INFO[0m [2mmidnight_bench[0m[2m:[0m [3mstage[0m[2m=[0m"create_proof.finalise_proof.end" [3mrss_mb[0m[2m=[0m326 [3mhwm_mb[0m[2m=[0m350
[2m2026-09-15T06:58:24.141078Z[0m [32m INFO[0m [2mactix_web::middleware::logger[0m[2m:[0m 192.168.65.1 POST /prove HTTP/1.1; took 0.665184s
[2m2026-09-15T06:58:24.143569Z[0m [32m INFO[0m [2mmidnight_proof_server::endpoints[0m[2m:[0m Starting to process request for /prove...
[2m2026-09-15T06:58:24.212355Z[0m [32m INFO[0m [2mmidnight_bench[0m[2m:[0m [3mstage[0m[2m=[0m"create_proof.compute_trace.start" [3mrss_mb[0m[2m=[0m320 [3mhwm_mb[0m[2m=[0m350
[2m2026-09-15T06:58:24.212388Z[0m [32m INFO[0m [2mmidnight_bench[0m[2m:[0m [3mstage[0m[2m=[0m"trace.compute_instances.start" [3mrss_mb[0m[2m=[0m320 [3mhwm_mb[0m[2m=[0m350
[2m2026-09-15T06:58:24.216644Z[0m [32m INFO[0m [2mmidnight_bench[0m[2m:[0m [3mstage[0m[2m=[0m"trace.compute_instances.end" [3mrss_mb[0m[2m=[0m320 [3mhwm_mb[0m[2m=[0m350
[2m2026-09-15T06:58:24.216664Z[0m [32m INFO[0m [2mmidnight_bench[0m[2m:[0m [3mstage[0m[2m=[0m"trace.parse_advices.start" [3mrss_mb[0m[2m=[0m320 [3mhwm_mb[0m[2m=[0m350
[2m2026-09-15T06:58:24.222843Z[0m [32m INFO[0m [2mmidnight_bench[0m[2m:[0m [3mstage[0m[2m=[0m"trace.parse_advices.end" [3mrss_mb[0m[2m=[0m329 [3mhwm_mb[0m[2m=[0m350
[2m2026-09-15T06:58:24.222867Z[0m [32m INFO[0m [2mmidnight_bench[0m[2m:[0m [3mstage[0m[2m=[0m"trace.lookups_permuted.start" [3mrss_mb[0m[2m=[0m329 [3mhwm_mb[0m[2m=[0m350
[2m2026-09-15T06:58:24.268210Z[0m [32m INFO[0m [2mmidnight_bench[0m[2m:[0m [3mstage[0m[2m=[0m"trace.lookups_permuted.end" [3mrss_mb[0m[2m=[0m334 [3mhwm_mb[0m[2m=[0m350
[2m2026-09-15T06:58:24.268237Z[0m [32m INFO[0m [2mmidnight_bench[0m[2m:[0m [3mstage[0m[2m=[0m"trace.permutations_commit.start" [3mrss_mb[0m[2m=[0m334 [3mhwm_mb[0m[2m=[0m350
[2m2026-09-15T06:58:24.340096Z[0m [32m INFO[0m [2mmidnight_bench[0m[2m:[0m [3mstage[0m[2m=[0m"trace.permutations_commit.end" [3mrss_mb[0m[2m=[0m341 [3mhwm_mb[0m[2m=[0m350
[2m2026-09-15T06:58:24.340121Z[0m [32m INFO[0m [2mmidnight_bench[0m[2m:[0m [3mstage[0m[2m=[0m"trace.lookups_product.start" [3mrss_mb[0m[2m=[0m341 [3mhwm_mb[0m[2m=[0m350
[2m2026-09-15T06:58:24.390923Z[0m [32m INFO[0m [2mmidnight_bench[0m[2m:[0m [3mstage[0m[2m=[0m"trace.lookups_product.end" [3mrss_mb[0m[2m=[0m341 [3mhwm_mb[0m[2m=[0m350
[2m2026-09-15T06:58:24.416834Z[0m [32m INFO[0m [2mmidnight_bench[0m[2m:[0m [3mstage[0m[2m=[0m"create_proof.compute_trace.end" [3mrss_mb[0m[2m=[0m342 [3mhwm_mb[0m[2m=[0m350
[2m2026-09-15T06:58:24.416856Z[0m [32m INFO[0m [2mmidnight_bench[0m[2m:[0m [3mstage[0m[2m=[0m"create_proof.finalise_proof.start" [3mrss_mb[0m[2m=[0m342 [3mhwm_mb[0m[2m=[0m350
[2m2026-09-15T06:58:24.416866Z[0m [32m INFO[0m [2mmidnight_bench[0m[2m:[0m [3mstage[0m[2m=[0m"finalise.compute_h_poly.start" [3mrss_mb[0m[2m=[0m342 [3mhwm_mb[0m[2m=[0m350
[2m2026-09-15T06:58:24.555602Z[0m [32m INFO[0m [2mmidnight_bench[0m[2m:[0m [3mstage[0m[2m=[0m"finalise.compute_h_poly.drop_cosets.end" [3mrss_mb[0m[2m=[0m342 [3mhwm_mb[0m[2m=[0m350
[2m2026-09-15T06:58:24.555629Z[0m [32m INFO[0m [2mmidnight_bench[0m[2m:[0m [3mstage[0m[2m=[0m"finalise.compute_h_poly.end" [3mrss_mb[0m[2m=[0m342 [3mhwm_mb[0m[2m=[0m350
[2m2026-09-15T06:58:24.555636Z[0m [32m INFO[0m [2mmidnight_bench[0m[2m:[0m [3mstage[0m[2m=[0m"finalise.vanishing_construct.start" [3mrss_mb[0m[2m=[0m342 [3mhwm_mb[0m[2m=[0m350
[2m2026-09-15T06:58:24.666447Z[0m [32m INFO[0m [2mmidnight_bench[0m[2m:[0m [3mstage[0m[2m=[0m"finalise.vanishing_construct.end" [3mrss_mb[0m[2m=[0m342 [3mhwm_mb[0m[2m=[0m350
[2m2026-09-15T06:58:24.694807Z[0m [32m INFO[0m [2mmidnight_bench[0m[2m:[0m [3mstage[0m[2m=[0m"finalise.compute_queries.start" [3mrss_mb[0m[2m=[0m342 [3mhwm_mb[0m[2m=[0m350
[2m2026-09-15T06:58:24.694892Z[0m [32m INFO[0m [2mmidnight_bench[0m[2m:[0m [3mstage[0m[2m=[0m"finalise.multi_open.start" [3mrss_mb[0m[2m=[0m342 [3mhwm_mb[0m[2m=[0m350
[2m2026-09-15T06:58:24.784421Z[0m [32m INFO[0m [2mmidnight_bench[0m[2m:[0m [3mstage[0m[2m=[0m"finalise.multi_open.end" [3mrss_mb[0m[2m=[0m342 [3mhwm_mb[0m[2m=[0m350
[2m2026-09-15T06:58:24.785228Z[0m [32m INFO[0m [2mmidnight_bench[0m[2m:[0m [3mstage[0m[2m=[0m"create_proof.finalise_proof.end" [3mrss_mb[0m[2m=[0m316 [3mhwm_mb[0m[2m=[0m350
[2m2026-09-15T06:58:24.800592Z[0m [32m INFO[0m [2mactix_web::middleware::logger[0m[2m:[0m 192.168.65.1 POST /prove HTTP/1.1; took 0.657041s
[2m2026-09-15T06:58:24.802337Z[0m [32m INFO[0m [2mmidnight_proof_server::endpoints[0m[2m:[0m Starting to process request for /prove...
[2m2026-09-15T06:58:24.875537Z[0m [32m INFO[0m [2mmidnight_bench[0m[2m:[0m [3mstage[0m[2m=[0m"create_proof.compute_trace.start" [3mrss_mb[0m[2m=[0m334 [3mhwm_mb[0m[2m=[0m350
[2m2026-09-15T06:58:24.875571Z[0m [32m INFO[0m [2mmidnight_bench[0m[2m:[0m [3mstage[0m[2m=[0m"trace.compute_instances.start" [3mrss_mb[0m[2m=[0m334 [3mhwm_mb[0m[2m=[0m350
[2m2026-09-15T06:58:24.882073Z[0m [32m INFO[0m [2mmidnight_bench[0m[2m:[0m [3mstage[0m[2m=[0m"trace.compute_instances.end" [3mrss_mb[0m[2m=[0m334 [3mhwm_mb[0m[2m=[0m350
[2m2026-09-15T06:58:24.882103Z[0m [32m INFO[0m [2mmidnight_bench[0m[2m:[0m [3mstage[0m[2m=[0m"trace.parse_advices.start" [3mrss_mb[0m[2m=[0m334 [3mhwm_mb[0m[2m=[0m350
[2m2026-09-15T06:58:24.888419Z[0m [32m INFO[0m [2mmidnight_bench[0m[2m:[0m [3mstage[0m[2m=[0m"trace.parse_advices.end" [3mrss_mb[0m[2m=[0m342 [3mhwm_mb[0m[2m=[0m350
[2m2026-09-15T06:58:24.888439Z[0m [32m INFO[0m [2mmidnight_bench[0m[2m:[0m [3mstage[0m[2m=[0m"trace.lookups_permuted.start" [3mrss_mb[0m[2m=[0m342 [3mhwm_mb[0m[2m=[0m350
[2m2026-09-15T06:58:24.934743Z[0m [32m INFO[0m [2mmidnight_bench[0m[2m:[0m [3mstage[0m[2m=[0m"trace.lookups_permuted.end" [3mrss_mb[0m[2m=[0m347 [3mhwm_mb[0m[2m=[0m350
[2m2026-09-15T06:58:24.934789Z[0m [32m INFO[0m [2mmidnight_bench[0m[2m:[0m [3mstage[0m[2m=[0m"trace.permutations_commit.start" [3mrss_mb[0m[2m=[0m347 [3mhwm_mb[0m[2m=[0m350
[2m2026-09-15T06:58:25.011585Z[0m [32m INFO[0m [2mmidnight_bench[0m[2m:[0m [3mstage[0m[2m=[0m"trace.permutations_commit.end" [3mrss_mb[0m[2m=[0m355 [3mhwm_mb[0m[2m=[0m355
[2m2026-09-15T06:58:25.011611Z[0m [32m INFO[0m [2mmidnight_bench[0m[2m:[0m [3mstage[0m[2m=[0m"trace.lookups_product.start" [3mrss_mb[0m[2m=[0m355 [3mhwm_mb[0m[2m=[0m355
[2m2026-09-15T06:58:25.064598Z[0m [32m INFO[0m [2mmidnight_bench[0m[2m:[0m [3mstage[0m[2m=[0m"trace.lookups_product.end" [3mrss_mb[0m[2m=[0m355 [3mhwm_mb[0m[2m=[0m355
[2m2026-09-15T06:58:25.089755Z[0m [32m INFO[0m [2mmidnight_bench[0m[2m:[0m [3mstage[0m[2m=[0m"create_proof.compute_trace.end" [3mrss_mb[0m[2m=[0m356 [3mhwm_mb[0m[2m=[0m356
[2m2026-09-15T06:58:25.089789Z[0m [32m INFO[0m [2mmidnight_bench[0m[2m:[0m [3mstage[0m[2m=[0m"create_proof.finalise_proof.start" [3mrss_mb[0m[2m=[0m356 [3mhwm_mb[0m[2m=[0m356
[2m2026-09-15T06:58:25.089798Z[0m [32m INFO[0m [2mmidnight_bench[0m[2m:[0m [3mstage[0m[2m=[0m"finalise.compute_h_poly.start" [3mrss_mb[0m[2m=[0m356 [3mhwm_mb[0m[2m=[0m356
[2m2026-09-15T06:58:25.233568Z[0m [32m INFO[0m [2mmidnight_bench[0m[2m:[0m [3mstage[0m[2m=[0m"finalise.compute_h_poly.drop_cosets.end" [3mrss_mb[0m[2m=[0m356 [3mhwm_mb[0m[2m=[0m356
[2m2026-09-15T06:58:25.233598Z[0m [32m INFO[0m [2mmidnight_bench[0m[2m:[0m [3mstage[0m[2m=[0m"finalise.compute_h_poly.end" [3mrss_mb[0m[2m=[0m356 [3mhwm_mb[0m[2m=[0m356
[2m2026-09-15T06:58:25.233605Z[0m [32m INFO[0m [2mmidnight_bench[0m[2m:[0m [3mstage[0m[2m=[0m"finalise.vanishing_construct.start" [3mrss_mb[0m[2m=[0m356 [3mhwm_mb[0m[2m=[0m356
[2m2026-09-15T06:58:25.329820Z[0m [32m INFO[0m [2mmidnight_bench[0m[2m:[0m [3mstage[0m[2m=[0m"finalise.vanishing_construct.end" [3mrss_mb[0m[2m=[0m356 [3mhwm_mb[0m[2m=[0m356
[2m2026-09-15T06:58:25.357159Z[0m [32m INFO[0m [2mmidnight_bench[0m[2m:[0m [3mstage[0m[2m=[0m"finalise.compute_queries.start" [3mrss_mb[0m[2m=[0m356 [3mhwm_mb[0m[2m=[0m356
[2m2026-09-15T06:58:25.357254Z[0m [32m INFO[0m [2mmidnight_bench[0m[2m:[0m [3mstage[0m[2m=[0m"finalise.multi_open.start" [3mrss_mb[0m[2m=[0m356 [3mhwm_mb[0m[2m=[0m356
[2m2026-09-15T06:58:25.453014Z[0m [32m INFO[0m [2mmidnight_bench[0m[2m:[0m [3mstage[0m[2m=[0m"finalise.multi_open.end" [3mrss_mb[0m[2m=[0m356 [3mhwm_mb[0m[2m=[0m356
[2m2026-09-15T06:58:25.453796Z[0m [32m INFO[0m [2mmidnight_bench[0m[2m:[0m [3mstage[0m[2m=[0m"create_proof.finalise_proof.end" [3mrss_mb[0m[2m=[0m331 [3mhwm_mb[0m[2m=[0m355
[2m2026-09-15T06:58:25.469699Z[0m [32m INFO[0m [2mactix_web::middleware::logger[0m[2m:[0m 192.168.65.1 POST /prove HTTP/1.1; took 0.667378s
[2m2026-09-15T06:58:25.471337Z[0m [32m INFO[0m [2mmidnight_proof_server::endpoints[0m[2m:[0m Starting to process request for /prove...
[2m2026-09-15T06:58:25.542817Z[0m [32m INFO[0m [2mmidnight_bench[0m[2m:[0m [3mstage[0m[2m=[0m"create_proof.compute_trace.start" [3mrss_mb[0m[2m=[0m335 [3mhwm_mb[0m[2m=[0m355
[2m2026-09-15T06:58:25.542849Z[0m [32m INFO[0m [2mmidnight_bench[0m[2m:[0m [3mstage[0m[2m=[0m"trace.compute_instances.start" [3mrss_mb[0m[2m=[0m335 [3mhwm_mb[0m[2m=[0m355
[2m2026-09-15T06:58:25.547859Z[0m [32m INFO[0m [2mmidnight_bench[0m[2m:[0m [3mstage[0m[2m=[0m"trace.compute_instances.end" [3mrss_mb[0m[2m=[0m335 [3mhwm_mb[0m[2m=[0m355
[2m2026-09-15T06:58:25.547879Z[0m [32m INFO[0m [2mmidnight_bench[0m[2m:[0m [3mstage[0m[2m=[0m"trace.parse_advices.start" [3mrss_mb[0m[2m=[0m335 [3mhwm_mb[0m[2m=[0m355
[2m2026-09-15T06:58:25.554495Z[0m [32m INFO[0m [2mmidnight_bench[0m[2m:[0m [3mstage[0m[2m=[0m"trace.parse_advices.end" [3mrss_mb[0m[2m=[0m343 [3mhwm_mb[0m[2m=[0m355
[2m2026-09-15T06:58:25.554516Z[0m [32m INFO[0m [2mmidnight_bench[0m[2m:[0m [3mstage[0m[2m=[0m"trace.lookups_permuted.start" [3mrss_mb[0m[2m=[0m343 [3mhwm_mb[0m[2m=[0m355
[2m2026-09-15T06:58:25.600028Z[0m [32m INFO[0m [2mmidnight_bench[0m[2m:[0m [3mstage[0m[2m=[0m"trace.lookups_permuted.end" [3mrss_mb[0m[2m=[0m348 [3mhwm_mb[0m[2m=[0m355
[2m2026-09-15T06:58:25.600058Z[0m [32m INFO[0m [2mmidnight_bench[0m[2m:[0m [3mstage[0m[2m=[0m"trace.permutations_commit.start" [3mrss_mb[0m[2m=[0m348 [3mhwm_mb[0m[2m=[0m355
[2m2026-09-15T06:58:25.675293Z[0m [32m INFO[0m [2mmidnight_bench[0m[2m:[0m [3mstage[0m[2m=[0m"trace.permutations_commit.end" [3mrss_mb[0m[2m=[0m355 [3mhwm_mb[0m[2m=[0m355
[2m2026-09-15T06:58:25.675320Z[0m [32m INFO[0m [2mmidnight_bench[0m[2m:[0m [3mstage[0m[2m=[0m"trace.lookups_product.start" [3mrss_mb[0m[2m=[0m355 [3mhwm_mb[0m[2m=[0m355
[2m2026-09-15T06:58:25.727833Z[0m [32m INFO[0m [2mmidnight_bench[0m[2m:[0m [3mstage[0m[2m=[0m"trace.lookups_product.end" [3mrss_mb[0m[2m=[0m355 [3mhwm_mb[0m[2m=[0m355
[2m2026-09-15T06:58:25.753119Z[0m [32m INFO[0m [2mmidnight_bench[0m[2m:[0m [3mstage[0m[2m=[0m"create_proof.compute_trace.end" [3mrss_mb[0m[2m=[0m356 [3mhwm_mb[0m[2m=[0m356
[2m2026-09-15T06:58:25.753148Z[0m [32m INFO[0m [2mmidnight_bench[0m[2m:[0m [3mstage[0m[2m=[0m"create_proof.finalise_proof.start" [3mrss_mb[0m[2m=[0m356 [3mhwm_mb[0m[2m=[0m356
[2m2026-09-15T06:58:25.753157Z[0m [32m INFO[0m [2mmidnight_bench[0m[2m:[0m [3mstage[0m[2m=[0m"finalise.compute_h_poly.start" [3mrss_mb[0m[2m=[0m356 [3mhwm_mb[0m[2m=[0m356
[2m2026-09-15T06:58:25.899843Z[0m [32m INFO[0m [2mmidnight_bench[0m[2m:[0m [3mstage[0m[2m=[0m"finalise.compute_h_poly.drop_cosets.end" [3mrss_mb[0m[2m=[0m356 [3mhwm_mb[0m[2m=[0m356
[2m2026-09-15T06:58:25.899871Z[0m [32m INFO[0m [2mmidnight_bench[0m[2m:[0m [3mstage[0m[2m=[0m"finalise.compute_h_poly.end" [3mrss_mb[0m[2m=[0m356 [3mhwm_mb[0m[2m=[0m356
[2m2026-09-15T06:58:25.899878Z[0m [32m INFO[0m [2mmidnight_bench[0m[2m:[0m [3mstage[0m[2m=[0m"finalise.vanishing_construct.start" [3mrss_mb[0m[2m=[0m356 [3mhwm_mb[0m[2m=[0m356
[2m2026-09-15T06:58:25.991766Z[0m [32m INFO[0m [2mmidnight_bench[0m[2m:[0m [3mstage[0m[2m=[0m"finalise.vanishing_construct.end" [3mrss_mb[0m[2m=[0m356 [3mhwm_mb[0m[2m=[0m356
[2m2026-09-15T06:58:26.019790Z[0m [32m INFO[0m [2mmidnight_bench[0m[2m:[0m [3mstage[0m[2m=[0m"finalise.compute_queries.start" [3mrss_mb[0m[2m=[0m356 [3mhwm_mb[0m[2m=[0m356
[2m2026-09-15T06:58:26.019878Z[0m [32m INFO[0m [2mmidnight_bench[0m[2m:[0m [3mstage[0m[2m=[0m"finalise.multi_open.start" [3mrss_mb[0m[2m=[0m356 [3mhwm_mb[0m[2m=[0m356
[2m2026-09-15T06:58:26.110710Z[0m [32m INFO[0m [2mmidnight_bench[0m[2m:[0m [3mstage[0m[2m=[0m"finalise.multi_open.end" [3mrss_mb[0m[2m=[0m356 [3mhwm_mb[0m[2m=[0m356
[2m2026-09-15T06:58:26.111690Z[0m [32m INFO[0m [2mmidnight_bench[0m[2m:[0m [3mstage[0m[2m=[0m"create_proof.finalise_proof.end" [3mrss_mb[0m[2m=[0m331 [3mhwm_mb[0m[2m=[0m355
[2m2026-09-15T06:58:26.127304Z[0m [32m INFO[0m [2mactix_web::middleware::logger[0m[2m:[0m 192.168.65.1 POST /prove HTTP/1.1; took 0.655983s
[2m2026-09-15T06:58:26.129384Z[0m [32m INFO[0m [2mmidnight_proof_server::endpoints[0m[2m:[0m Starting to process request for /prove...
[2m2026-09-15T06:58:26.203300Z[0m [32m INFO[0m [2mmidnight_bench[0m[2m:[0m [3mstage[0m[2m=[0m"create_proof.compute_trace.start" [3mrss_mb[0m[2m=[0m335 [3mhwm_mb[0m[2m=[0m355
[2m2026-09-15T06:58:26.203330Z[0m [32m INFO[0m [2mmidnight_bench[0m[2m:[0m [3mstage[0m[2m=[0m"trace.compute_instances.start" [3mrss_mb[0m[2m=[0m335 [3mhwm_mb[0m[2m=[0m355
[2m2026-09-15T06:58:26.208930Z[0m [32m INFO[0m [2mmidnight_bench[0m[2m:[0m [3mstage[0m[2m=[0m"trace.compute_instances.end" [3mrss_mb[0m[2m=[0m335 [3mhwm_mb[0m[2m=[0m355
[2m2026-09-15T06:58:26.208950Z[0m [32m INFO[0m [2mmidnight_bench[0m[2m:[0m [3mstage[0m[2m=[0m"trace.parse_advices.start" [3mrss_mb[0m[2m=[0m335 [3mhwm_mb[0m[2m=[0m355
[2m2026-09-15T06:58:26.215149Z[0m [32m INFO[0m [2mmidnight_bench[0m[2m:[0m [3mstage[0m[2m=[0m"trace.parse_advices.end" [3mrss_mb[0m[2m=[0m343 [3mhwm_mb[0m[2m=[0m355
[2m2026-09-15T06:58:26.215178Z[0m [32m INFO[0m [2mmidnight_bench[0m[2m:[0m [3mstage[0m[2m=[0m"trace.lookups_permuted.start" [3mrss_mb[0m[2m=[0m343 [3mhwm_mb[0m[2m=[0m355
[2m2026-09-15T06:58:26.259697Z[0m [32m INFO[0m [2mmidnight_bench[0m[2m:[0m [3mstage[0m[2m=[0m"trace.lookups_permuted.end" [3mrss_mb[0m[2m=[0m348 [3mhwm_mb[0m[2m=[0m355
[2m2026-09-15T06:58:26.259731Z[0m [32m INFO[0m [2mmidnight_bench[0m[2m:[0m [3mstage[0m[2m=[0m"trace.permutations_commit.start" [3mrss_mb[0m[2m=[0m348 [3mhwm_mb[0m[2m=[0m355
[2m2026-09-15T06:58:26.326211Z[0m [32m INFO[0m [2mmidnight_bench[0m[2m:[0m [3mstage[0m[2m=[0m"trace.permutations_commit.end" [3mrss_mb[0m[2m=[0m356 [3mhwm_mb[0m[2m=[0m356
[2m2026-09-15T06:58:26.326238Z[0m [32m INFO[0m [2mmidnight_bench[0m[2m:[0m [3mstage[0m[2m=[0m"trace.lookups_product.start" [3mrss_mb[0m[2m=[0m356 [3mhwm_mb[0m[2m=[0m356
[2m2026-09-15T06:58:26.377420Z[0m [32m INFO[0m [2mmidnight_bench[0m[2m:[0m [3mstage[0m[2m=[0m"trace.lookups_product.end" [3mrss_mb[0m[2m=[0m356 [3mhwm_mb[0m[2m=[0m356
[2m2026-09-15T06:58:26.404051Z[0m [32m INFO[0m [2mmidnight_bench[0m[2m:[0m [3mstage[0m[2m=[0m"create_proof.compute_trace.end" [3mrss_mb[0m[2m=[0m357 [3mhwm_mb[0m[2m=[0m357
[2m2026-09-15T06:58:26.404083Z[0m [32m INFO[0m [2mmidnight_bench[0m[2m:[0m [3mstage[0m[2m=[0m"create_proof.finalise_proof.start" [3mrss_mb[0m[2m=[0m357 [3mhwm_mb[0m[2m=[0m357
[2m2026-09-15T06:58:26.404092Z[0m [32m INFO[0m [2mmidnight_bench[0m[2m:[0m [3mstage[0m[2m=[0m"finalise.compute_h_poly.start" [3mrss_mb[0m[2m=[0m357 [3mhwm_mb[0m[2m=[0m357
[2m2026-09-15T06:58:26.547550Z[0m [32m INFO[0m [2mmidnight_bench[0m[2m:[0m [3mstage[0m[2m=[0m"finalise.compute_h_poly.drop_cosets.end" [3mrss_mb[0m[2m=[0m357 [3mhwm_mb[0m[2m=[0m357
[2m2026-09-15T06:58:26.547578Z[0m [32m INFO[0m [2mmidnight_bench[0m[2m:[0m [3mstage[0m[2m=[0m"finalise.compute_h_poly.end" [3mrss_mb[0m[2m=[0m357 [3mhwm_mb[0m[2m=[0m357
[2m2026-09-15T06:58:26.547585Z[0m [32m INFO[0m [2mmidnight_bench[0m[2m:[0m [3mstage[0m[2m=[0m"finalise.vanishing_construct.start" [3mrss_mb[0m[2m=[0m357 [3mhwm_mb[0m[2m=[0m357
[2m2026-09-15T06:58:26.638692Z[0m [32m INFO[0m [2mmidnight_bench[0m[2m:[0m [3mstage[0m[2m=[0m"finalise.vanishing_construct.end" [3mrss_mb[0m[2m=[0m357 [3mhwm_mb[0m[2m=[0m357
[2m2026-09-15T06:58:26.667051Z[0m [32m INFO[0m [2mmidnight_bench[0m[2m:[0m [3mstage[0m[2m=[0m"finalise.compute_queries.start" [3mrss_mb[0m[2m=[0m357 [3mhwm_mb[0m[2m=[0m357
[2m2026-09-15T06:58:26.667138Z[0m [32m INFO[0m [2mmidnight_bench[0m[2m:[0m [3mstage[0m[2m=[0m"finalise.multi_open.start" [3mrss_mb[0m[2m=[0m357 [3mhwm_mb[0m[2m=[0m357
[2m2026-09-15T06:58:26.764610Z[0m [32m INFO[0m [2mmidnight_bench[0m[2m:[0m [3mstage[0m[2m=[0m"finalise.multi_open.end" [3mrss_mb[0m[2m=[0m357 [3mhwm_mb[0m[2m=[0m357
[2m2026-09-15T06:58:26.765350Z[0m [32m INFO[0m [2mmidnight_bench[0m[2m:[0m [3mstage[0m[2m=[0m"create_proof.finalise_proof.end" [3mrss_mb[0m[2m=[0m331 [3mhwm_mb[0m[2m=[0m356
[2m2026-09-15T06:58:26.780767Z[0m [32m INFO[0m [2mactix_web::middleware::logger[0m[2m:[0m 192.168.65.1 POST /prove HTTP/1.1; took 0.651399s
[2m2026-09-15T06:58:26.782178Z[0m [32m INFO[0m [2mmidnight_proof_server::endpoints[0m[2m:[0m Starting to process request for /prove...
[2m2026-09-15T06:58:26.857169Z[0m [32m INFO[0m [2mmidnight_bench[0m[2m:[0m [3mstage[0m[2m=[0m"create_proof.compute_trace.start" [3mrss_mb[0m[2m=[0m338 [3mhwm_mb[0m[2m=[0m356
[2m2026-09-15T06:58:26.857200Z[0m [32m INFO[0m [2mmidnight_bench[0m[2m:[0m [3mstage[0m[2m=[0m"trace.compute_instances.start" [3mrss_mb[0m[2m=[0m338 [3mhwm_mb[0m[2m=[0m356
[2m2026-09-15T06:58:26.861974Z[0m [32m INFO[0m [2mmidnight_bench[0m[2m:[0m [3mstage[0m[2m=[0m"trace.compute_instances.end" [3mrss_mb[0m[2m=[0m338 [3mhwm_mb[0m[2m=[0m356
[2m2026-09-15T06:58:26.861995Z[0m [32m INFO[0m [2mmidnight_bench[0m[2m:[0m [3mstage[0m[2m=[0m"trace.parse_advices.start" [3mrss_mb[0m[2m=[0m338 [3mhwm_mb[0m[2m=[0m356
[2m2026-09-15T06:58:26.868357Z[0m [32m INFO[0m [2mmidnight_bench[0m[2m:[0m [3mstage[0m[2m=[0m"trace.parse_advices.end" [3mrss_mb[0m[2m=[0m346 [3mhwm_mb[0m[2m=[0m356
[2m2026-09-15T06:58:26.868389Z[0m [32m INFO[0m [2mmidnight_bench[0m[2m:[0m [3mstage[0m[2m=[0m"trace.lookups_permuted.start" [3mrss_mb[0m[2m=[0m346 [3mhwm_mb[0m[2m=[0m356
[2m2026-09-15T06:58:26.913919Z[0m [32m INFO[0m [2mmidnight_bench[0m[2m:[0m [3mstage[0m[2m=[0m"trace.lookups_permuted.end" [3mrss_mb[0m[2m=[0m351 [3mhwm_mb[0m[2m=[0m356
[2m2026-09-15T06:58:26.913949Z[0m [32m INFO[0m [2mmidnight_bench[0m[2m:[0m [3mstage[0m[2m=[0m"trace.permutations_commit.start" [3mrss_mb[0m[2m=[0m351 [3mhwm_mb[0m[2m=[0m356
[2m2026-09-15T06:58:26.985190Z[0m [32m INFO[0m [2mmidnight_bench[0m[2m:[0m [3mstage[0m[2m=[0m"trace.permutations_commit.end" [3mrss_mb[0m[2m=[0m359 [3mhwm_mb[0m[2m=[0m359
[2m2026-09-15T06:58:26.985215Z[0m [32m INFO[0m [2mmidnight_bench[0m[2m:[0m [3mstage[0m[2m=[0m"trace.lookups_product.start" [3mrss_mb[0m[2m=[0m359 [3mhwm_mb[0m[2m=[0m359
[2m2026-09-15T06:58:27.036839Z[0m [32m INFO[0m [2mmidnight_bench[0m[2m:[0m [3mstage[0m[2m=[0m"trace.lookups_product.end" [3mrss_mb[0m[2m=[0m359 [3mhwm_mb[0m[2m=[0m359
[2m2026-09-15T06:58:27.064860Z[0m [32m INFO[0m [2mmidnight_bench[0m[2m:[0m [3mstage[0m[2m=[0m"create_proof.compute_trace.end" [3mrss_mb[0m[2m=[0m360 [3mhwm_mb[0m[2m=[0m360
[2m2026-09-15T06:58:27.064887Z[0m [32m INFO[0m [2mmidnight_bench[0m[2m:[0m [3mstage[0m[2m=[0m"create_proof.finalise_proof.start" [3mrss_mb[0m[2m=[0m360 [3mhwm_mb[0m[2m=[0m360
[2m2026-09-15T06:58:27.064896Z[0m [32m INFO[0m [2mmidnight_bench[0m[2m:[0m [3mstage[0m[2m=[0m"finalise.compute_h_poly.start" [3mrss_mb[0m[2m=[0m360 [3mhwm_mb[0m[2m=[0m360
[2m2026-09-15T06:58:27.213192Z[0m [32m INFO[0m [2mmidnight_bench[0m[2m:[0m [3mstage[0m[2m=[0m"finalise.compute_h_poly.drop_cosets.end" [3mrss_mb[0m[2m=[0m360 [3mhwm_mb[0m[2m=[0m360
[2m2026-09-15T06:58:27.213226Z[0m [32m INFO[0m [2mmidnight_bench[0m[2m:[0m [3mstage[0m[2m=[0m"finalise.compute_h_poly.end" [3mrss_mb[0m[2m=[0m360 [3mhwm_mb[0m[2m=[0m360
[2m2026-09-15T06:58:27.213234Z[0m [32m INFO[0m [2mmidnight_bench[0m[2m:[0m [3mstage[0m[2m=[0m"finalise.vanishing_construct.start" [3mrss_mb[0m[2m=[0m360 [3mhwm_mb[0m[2m=[0m360
[2m2026-09-15T06:58:27.303853Z[0m [32m INFO[0m [2mmidnight_bench[0m[2m:[0m [3mstage[0m[2m=[0m"finalise.vanishing_construct.end" [3mrss_mb[0m[2m=[0m360 [3mhwm_mb[0m[2m=[0m360
[2m2026-09-15T06:58:27.331167Z[0m [32m INFO[0m [2mmidnight_bench[0m[2m:[0m [3mstage[0m[2m=[0m"finalise.compute_queries.start" [3mrss_mb[0m[2m=[0m360 [3mhwm_mb[0m[2m=[0m360
[2m2026-09-15T06:58:27.331252Z[0m [32m INFO[0m [2mmidnight_bench[0m[2m:[0m [3mstage[0m[2m=[0m"finalise.multi_open.start" [3mrss_mb[0m[2m=[0m360 [3mhwm_mb[0m[2m=[0m360
[2m2026-09-15T06:58:27.419871Z[0m [32m INFO[0m [2mmidnight_bench[0m[2m:[0m [3mstage[0m[2m=[0m"finalise.multi_open.end" [3mrss_mb[0m[2m=[0m360 [3mhwm_mb[0m[2m=[0m360
[2m2026-09-15T06:58:27.420637Z[0m [32m INFO[0m [2mmidnight_bench[0m[2m:[0m [3mstage[0m[2m=[0m"create_proof.finalise_proof.end" [3mrss_mb[0m[2m=[0m334 [3mhwm_mb[0m[2m=[0m359
[2m2026-09-15T06:58:27.436444Z[0m [32m INFO[0m [2mactix_web::middleware::logger[0m[2m:[0m 192.168.65.1 POST /prove HTTP/1.1; took 0.654283s
[2m2026-09-15T06:58:27.438101Z[0m [32m INFO[0m [2mmidnight_proof_server::endpoints[0m[2m:[0m Starting to process request for /prove...
[2m2026-09-15T06:58:27.512687Z[0m [32m INFO[0m [2mmidnight_bench[0m[2m:[0m [3mstage[0m[2m=[0m"create_proof.compute_trace.start" [3mrss_mb[0m[2m=[0m338 [3mhwm_mb[0m[2m=[0m359
[2m2026-09-15T06:58:27.512715Z[0m [32m INFO[0m [2mmidnight_bench[0m[2m:[0m [3mstage[0m[2m=[0m"trace.compute_instances.start" [3mrss_mb[0m[2m=[0m338 [3mhwm_mb[0m[2m=[0m359
[2m2026-09-15T06:58:27.518072Z[0m [32m INFO[0m [2mmidnight_bench[0m[2m:[0m [3mstage[0m[2m=[0m"trace.compute_instances.end" [3mrss_mb[0m[2m=[0m338 [3mhwm_mb[0m[2m=[0m359
[2m2026-09-15T06:58:27.518092Z[0m [32m INFO[0m [2mmidnight_bench[0m[2m:[0m [3mstage[0m[2m=[0m"trace.parse_advices.start" [3mrss_mb[0m[2m=[0m338 [3mhwm_mb[0m[2m=[0m359
[2m2026-09-15T06:58:27.524228Z[0m [32m INFO[0m [2mmidnight_bench[0m[2m:[0m [3mstage[0m[2m=[0m"trace.parse_advices.end" [3mrss_mb[0m[2m=[0m346 [3mhwm_mb[0m[2m=[0m359
[2m2026-09-15T06:58:27.524250Z[0m [32m INFO[0m [2mmidnight_bench[0m[2m:[0m [3mstage[0m[2m=[0m"trace.lookups_permuted.start" [3mrss_mb[0m[2m=[0m346 [3mhwm_mb[0m[2m=[0m359
[2m2026-09-15T06:58:27.573009Z[0m [32m INFO[0m [2mmidnight_bench[0m[2m:[0m [3mstage[0m[2m=[0m"trace.lookups_permuted.end" [3mrss_mb[0m[2m=[0m351 [3mhwm_mb[0m[2m=[0m359
[2m2026-09-15T06:58:27.573046Z[0m [32m INFO[0m [2mmidnight_bench[0m[2m:[0m [3mstage[0m[2m=[0m"trace.permutations_commit.start" [3mrss_mb[0m[2m=[0m351 [3mhwm_mb[0m[2m=[0m359
[2m2026-09-15T06:58:27.649803Z[0m [32m INFO[0m [2mmidnight_bench[0m[2m:[0m [3mstage[0m[2m=[0m"trace.permutations_commit.end" [3mrss_mb[0m[2m=[0m359 [3mhwm_mb[0m[2m=[0m359
[2m2026-09-15T06:58:27.649828Z[0m [32m INFO[0m [2mmidnight_bench[0m[2m:[0m [3mstage[0m[2m=[0m"trace.lookups_product.start" [3mrss_mb[0m[2m=[0m359 [3mhwm_mb[0m[2m=[0m359
[2m2026-09-15T06:58:27.703621Z[0m [32m INFO[0m [2mmidnight_bench[0m[2m:[0m [3mstage[0m[2m=[0m"trace.lookups_product.end" [3mrss_mb[0m[2m=[0m359 [3mhwm_mb[0m[2m=[0m359
[2m2026-09-15T06:58:27.729365Z[0m [32m INFO[0m [2mmidnight_bench[0m[2m:[0m [3mstage[0m[2m=[0m"create_proof.compute_trace.end" [3mrss_mb[0m[2m=[0m360 [3mhwm_mb[0m[2m=[0m360
[2m2026-09-15T06:58:27.729391Z[0m [32m INFO[0m [2mmidnight_bench[0m[2m:[0m [3mstage[0m[2m=[0m"create_proof.finalise_proof.start" [3mrss_mb[0m[2m=[0m360 [3mhwm_mb[0m[2m=[0m360
[2m2026-09-15T06:58:27.729402Z[0m [32m INFO[0m [2mmidnight_bench[0m[2m:[0m [3mstage[0m[2m=[0m"finalise.compute_h_poly.start" [3mrss_mb[0m[2m=[0m360 [3mhwm_mb[0m[2m=[0m360
[2m2026-09-15T06:58:27.869347Z[0m [32m INFO[0m [2mmidnight_bench[0m[2m:[0m [3mstage[0m[2m=[0m"finalise.compute_h_poly.drop_cosets.end" [3mrss_mb[0m[2m=[0m360 [3mhwm_mb[0m[2m=[0m360
[2m2026-09-15T06:58:27.869375Z[0m [32m INFO[0m [2mmidnight_bench[0m[2m:[0m [3mstage[0m[2m=[0m"finalise.compute_h_poly.end" [3mrss_mb[0m[2m=[0m360 [3mhwm_mb[0m[2m=[0m360
[2m2026-09-15T06:58:27.869382Z[0m [32m INFO[0m [2mmidnight_bench[0m[2m:[0m [3mstage[0m[2m=[0m"finalise.vanishing_construct.start" [3mrss_mb[0m[2m=[0m360 [3mhwm_mb[0m[2m=[0m360
[2m2026-09-15T06:58:27.960854Z[0m [32m INFO[0m [2mmidnight_bench[0m[2m:[0m [3mstage[0m[2m=[0m"finalise.vanishing_construct.end" [3mrss_mb[0m[2m=[0m360 [3mhwm_mb[0m[2m=[0m360
[2m2026-09-15T06:58:27.989334Z[0m [32m INFO[0m [2mmidnight_bench[0m[2m:[0m [3mstage[0m[2m=[0m"finalise.compute_queries.start" [3mrss_mb[0m[2m=[0m360 [3mhwm_mb[0m[2m=[0m360
[2m2026-09-15T06:58:27.989431Z[0m [32m INFO[0m [2mmidnight_bench[0m[2m:[0m [3mstage[0m[2m=[0m"finalise.multi_open.start" [3mrss_mb[0m[2m=[0m360 [3mhwm_mb[0m[2m=[0m360
[2m2026-09-15T06:58:28.084357Z[0m [32m INFO[0m [2mmidnight_bench[0m[2m:[0m [3mstage[0m[2m=[0m"finalise.multi_open.end" [3mrss_mb[0m[2m=[0m360 [3mhwm_mb[0m[2m=[0m360
[2m2026-09-15T06:58:28.085347Z[0m [32m INFO[0m [2mmidnight_bench[0m[2m:[0m [3mstage[0m[2m=[0m"create_proof.finalise_proof.end" [3mrss_mb[0m[2m=[0m334 [3mhwm_mb[0m[2m=[0m359
[2m2026-09-15T06:58:28.101000Z[0m [32m INFO[0m [2mactix_web::middleware::logger[0m[2m:[0m 192.168.65.1 POST /prove HTTP/1.1; took 0.662914s
[2m2026-09-15T06:58:28.102908Z[0m [32m INFO[0m [2mmidnight_proof_server::endpoints[0m[2m:[0m Starting to process request for /prove...
[2m2026-09-15T06:58:28.177417Z[0m [32m INFO[0m [2mmidnight_bench[0m[2m:[0m [3mstage[0m[2m=[0m"create_proof.compute_trace.start" [3mrss_mb[0m[2m=[0m343 [3mhwm_mb[0m[2m=[0m359
[2m2026-09-15T06:58:28.177450Z[0m [32m INFO[0m [2mmidnight_bench[0m[2m:[0m [3mstage[0m[2m=[0m"trace.compute_instances.start" [3mrss_mb[0m[2m=[0m343 [3mhwm_mb[0m[2m=[0m359
[2m2026-09-15T06:58:28.182925Z[0m [32m INFO[0m [2mmidnight_bench[0m[2m:[0m [3mstage[0m[2m=[0m"trace.compute_instances.end" [3mrss_mb[0m[2m=[0m343 [3mhwm_mb[0m[2m=[0m359
[2m2026-09-15T06:58:28.182946Z[0m [32m INFO[0m [2mmidnight_bench[0m[2m:[0m [3mstage[0m[2m=[0m"trace.parse_advices.start" [3mrss_mb[0m[2m=[0m343 [3mhwm_mb[0m[2m=[0m359
[2m2026-09-15T06:58:28.189347Z[0m [32m INFO[0m [2mmidnight_bench[0m[2m:[0m [3mstage[0m[2m=[0m"trace.parse_advices.end" [3mrss_mb[0m[2m=[0m351 [3mhwm_mb[0m[2m=[0m359
[2m2026-09-15T06:58:28.189371Z[0m [32m INFO[0m [2mmidnight_bench[0m[2m:[0m [3mstage[0m[2m=[0m"trace.lookups_permuted.start" [3mrss_mb[0m[2m=[0m351 [3mhwm_mb[0m[2m=[0m359
[2m2026-09-15T06:58:28.236687Z[0m [32m INFO[0m [2mmidnight_bench[0m[2m:[0m [3mstage[0m[2m=[0m"trace.lookups_permuted.end" [3mrss_mb[0m[2m=[0m356 [3mhwm_mb[0m[2m=[0m359
[2m2026-09-15T06:58:28.236715Z[0m [32m INFO[0m [2mmidnight_bench[0m[2m:[0m [3mstage[0m[2m=[0m"trace.permutations_commit.start" [3mrss_mb[0m[2m=[0m356 [3mhwm_mb[0m[2m=[0m359
[2m2026-09-15T06:58:28.306391Z[0m [32m INFO[0m [2mmidnight_bench[0m[2m:[0m [3mstage[0m[2m=[0m"trace.permutations_commit.end" [3mrss_mb[0m[2m=[0m364 [3mhwm_mb[0m[2m=[0m364
[2m2026-09-15T06:58:28.306424Z[0m [32m INFO[0m [2mmidnight_bench[0m[2m:[0m [3mstage[0m[2m=[0m"trace.lookups_product.start" [3mrss_mb[0m[2m=[0m364 [3mhwm_mb[0m[2m=[0m364
[2m2026-09-15T06:58:28.357991Z[0m [32m INFO[0m [2mmidnight_bench[0m[2m:[0m [3mstage[0m[2m=[0m"trace.lookups_product.end" [3mrss_mb[0m[2m=[0m364 [3mhwm_mb[0m[2m=[0m364
[2m2026-09-15T06:58:28.382054Z[0m [32m INFO[0m [2mmidnight_bench[0m[2m:[0m [3mstage[0m[2m=[0m"create_proof.compute_trace.end" [3mrss_mb[0m[2m=[0m365 [3mhwm_mb[0m[2m=[0m365
[2m2026-09-15T06:58:28.382088Z[0m [32m INFO[0m [2mmidnight_bench[0m[2m:[0m [3mstage[0m[2m=[0m"create_proof.finalise_proof.start" [3mrss_mb[0m[2m=[0m365 [3mhwm_mb[0m[2m=[0m365
[2m2026-09-15T06:58:28.382097Z[0m [32m INFO[0m [2mmidnight_bench[0m[2m:[0m [3mstage[0m[2m=[0m"finalise.compute_h_poly.start" [3mrss_mb[0m[2m=[0m365 [3mhwm_mb[0m[2m=[0m365
[2m2026-09-15T06:58:28.526689Z[0m [32m INFO[0m [2mmidnight_bench[0m[2m:[0m [3mstage[0m[2m=[0m"finalise.compute_h_poly.drop_cosets.end" [3mrss_mb[0m[2m=[0m365 [3mhwm_mb[0m[2m=[0m365
[2m2026-09-15T06:58:28.526720Z[0m [32m INFO[0m [2mmidnight_bench[0m[2m:[0m [3mstage[0m[2m=[0m"finalise.compute_h_poly.end" [3mrss_mb[0m[2m=[0m365 [3mhwm_mb[0m[2m=[0m365
[2m2026-09-15T06:58:28.526728Z[0m [32m INFO[0m [2mmidnight_bench[0m[2m:[0m [3mstage[0m[2m=[0m"finalise.vanishing_construct.start" [3mrss_mb[0m[2m=[0m365 [3mhwm_mb[0m[2m=[0m365
[2m2026-09-15T06:58:28.620141Z[0m [32m INFO[0m [2mmidnight_bench[0m[2m:[0m [3mstage[0m[2m=[0m"finalise.vanishing_construct.end" [3mrss_mb[0m[2m=[0m365 [3mhwm_mb[0m[2m=[0m365
[2m2026-09-15T06:58:28.648377Z[0m [32m INFO[0m [2mmidnight_bench[0m[2m:[0m [3mstage[0m[2m=[0m"finalise.compute_queries.start" [3mrss_mb[0m[2m=[0m365 [3mhwm_mb[0m[2m=[0m365
[2m2026-09-15T06:58:28.648476Z[0m [32m INFO[0m [2mmidnight_bench[0m[2m:[0m [3mstage[0m[2m=[0m"finalise.multi_open.start" [3mrss_mb[0m[2m=[0m365 [3mhwm_mb[0m[2m=[0m365
[2m2026-09-15T06:58:28.750320Z[0m [32m INFO[0m [2mmidnight_bench[0m[2m:[0m [3mstage[0m[2m=[0m"finalise.multi_open.end" [3mrss_mb[0m[2m=[0m365 [3mhwm_mb[0m[2m=[0m365
[2m2026-09-15T06:58:28.751316Z[0m [32m INFO[0m [2mmidnight_bench[0m[2m:[0m [3mstage[0m[2m=[0m"create_proof.finalise_proof.end" [3mrss_mb[0m[2m=[0m340 [3mhwm_mb[0m[2m=[0m364
[2m2026-09-15T06:58:28.767151Z[0m [32m INFO[0m [2mactix_web::middleware::logger[0m[2m:[0m 192.168.65.1 POST /prove HTTP/1.1; took 0.664264s
[2m2026-09-15T06:58:28.768643Z[0m [32m INFO[0m [2mmidnight_proof_server::endpoints[0m[2m:[0m Starting to process request for /prove...
[2m2026-09-15T06:58:28.839105Z[0m [32m INFO[0m [2mmidnight_bench[0m[2m:[0m [3mstage[0m[2m=[0m"create_proof.compute_trace.start" [3mrss_mb[0m[2m=[0m327 [3mhwm_mb[0m[2m=[0m364
[2m2026-09-15T06:58:28.839139Z[0m [32m INFO[0m [2mmidnight_bench[0m[2m:[0m [3mstage[0m[2m=[0m"trace.compute_instances.start" [3mrss_mb[0m[2m=[0m327 [3mhwm_mb[0m[2m=[0m364
[2m2026-09-15T06:58:28.843901Z[0m [32m INFO[0m [2mmidnight_bench[0m[2m:[0m [3mstage[0m[2m=[0m"trace.compute_instances.end" [3mrss_mb[0m[2m=[0m327 [3mhwm_mb[0m[2m=[0m364
[2m2026-09-15T06:58:28.843921Z[0m [32m INFO[0m [2mmidnight_bench[0m[2m:[0m [3mstage[0m[2m=[0m"trace.parse_advices.start" [3mrss_mb[0m[2m=[0m327 [3mhwm_mb[0m[2m=[0m364
[2m2026-09-15T06:58:28.850228Z[0m [32m INFO[0m [2mmidnight_bench[0m[2m:[0m [3mstage[0m[2m=[0m"trace.parse_advices.end" [3mrss_mb[0m[2m=[0m335 [3mhwm_mb[0m[2m=[0m364
[2m2026-09-15T06:58:28.850248Z[0m [32m INFO[0m [2mmidnight_bench[0m[2m:[0m [3mstage[0m[2m=[0m"trace.lookups_permuted.start" [3mrss_mb[0m[2m=[0m335 [3mhwm_mb[0m[2m=[0m364
[2m2026-09-15T06:58:28.898251Z[0m [32m INFO[0m [2mmidnight_bench[0m[2m:[0m [3mstage[0m[2m=[0m"trace.lookups_permuted.end" [3mrss_mb[0m[2m=[0m340 [3mhwm_mb[0m[2m=[0m364
[2m2026-09-15T06:58:28.898277Z[0m [32m INFO[0m [2mmidnight_bench[0m[2m:[0m [3mstage[0m[2m=[0m"trace.permutations_commit.start" [3mrss_mb[0m[2m=[0m340 [3mhwm_mb[0m[2m=[0m364
[2m2026-09-15T06:58:28.966449Z[0m [32m INFO[0m [2mmidnight_bench[0m[2m:[0m [3mstage[0m[2m=[0m"trace.permutations_commit.end" [3mrss_mb[0m[2m=[0m347 [3mhwm_mb[0m[2m=[0m364
[2m2026-09-15T06:58:28.966475Z[0m [32m INFO[0m [2mmidnight_bench[0m[2m:[0m [3mstage[0m[2m=[0m"trace.lookups_product.start" [3mrss_mb[0m[2m=[0m347 [3mhwm_mb[0m[2m=[0m364
[2m2026-09-15T06:58:29.015073Z[0m [32m INFO[0m [2mmidnight_bench[0m[2m:[0m [3mstage[0m[2m=[0m"trace.lookups_product.end" [3mrss_mb[0m[2m=[0m347 [3mhwm_mb[0m[2m=[0m364
[2m2026-09-15T06:58:29.039885Z[0m [32m INFO[0m [2mmidnight_bench[0m[2m:[0m [3mstage[0m[2m=[0m"create_proof.compute_trace.end" [3mrss_mb[0m[2m=[0m348 [3mhwm_mb[0m[2m=[0m364
[2m2026-09-15T06:58:29.039909Z[0m [32m INFO[0m [2mmidnight_bench[0m[2m:[0m [3mstage[0m[2m=[0m"create_proof.finalise_proof.start" [3mrss_mb[0m[2m=[0m348 [3mhwm_mb[0m[2m=[0m364
[2m2026-09-15T06:58:29.039918Z[0m [32m INFO[0m [2mmidnight_bench[0m[2m:[0m [3mstage[0m[2m=[0m"finalise.compute_h_poly.start" [3mrss_mb[0m[2m=[0m348 [3mhwm_mb[0m[2m=[0m364
[2m2026-09-15T06:58:29.180755Z[0m [32m INFO[0m [2mmidnight_bench[0m[2m:[0m [3mstage[0m[2m=[0m"finalise.compute_h_poly.drop_cosets.end" [3mrss_mb[0m[2m=[0m348 [3mhwm_mb[0m[2m=[0m364
[2m2026-09-15T06:58:29.180803Z[0m [32m INFO[0m [2mmidnight_bench[0m[2m:[0m [3mstage[0m[2m=[0m"finalise.compute_h_poly.end" [3mrss_mb[0m[2m=[0m348 [3mhwm_mb[0m[2m=[0m364
[2m2026-09-15T06:58:29.180812Z[0m [32m INFO[0m [2mmidnight_bench[0m[2m:[0m [3mstage[0m[2m=[0m"finalise.vanishing_construct.start" [3mrss_mb[0m[2m=[0m348 [3mhwm_mb[0m[2m=[0m364
[2m2026-09-15T06:58:29.272231Z[0m [32m INFO[0m [2mmidnight_bench[0m[2m:[0m [3mstage[0m[2m=[0m"finalise.vanishing_construct.end" [3mrss_mb[0m[2m=[0m348 [3mhwm_mb[0m[2m=[0m364
[2m2026-09-15T06:58:29.299957Z[0m [32m INFO[0m [2mmidnight_bench[0m[2m:[0m [3mstage[0m[2m=[0m"finalise.compute_queries.start" [3mrss_mb[0m[2m=[0m348 [3mhwm_mb[0m[2m=[0m364
[2m2026-09-15T06:58:29.300052Z[0m [32m INFO[0m [2mmidnight_bench[0m[2m:[0m [3mstage[0m[2m=[0m"finalise.multi_open.start" [3mrss_mb[0m[2m=[0m348 [3mhwm_mb[0m[2m=[0m364
[2m2026-09-15T06:58:29.393801Z[0m [32m INFO[0m [2mmidnight_bench[0m[2m:[0m [3mstage[0m[2m=[0m"finalise.multi_open.end" [3mrss_mb[0m[2m=[0m348 [3mhwm_mb[0m[2m=[0m364
[2m2026-09-15T06:58:29.394533Z[0m [32m INFO[0m [2mmidnight_bench[0m[2m:[0m [3mstage[0m[2m=[0m"create_proof.finalise_proof.end" [3mrss_mb[0m[2m=[0m323 [3mhwm_mb[0m[2m=[0m364
[2m2026-09-15T06:58:29.411596Z[0m [32m INFO[0m [2mactix_web::middleware::logger[0m[2m:[0m 192.168.65.1 POST /prove HTTP/1.1; took 0.642974s
