[2m2026-09-15T06:59:18.835481Z[0m [32m INFO[0m [2mactix_server::builder[0m[2m:[0m starting 12 workers
[2m2026-09-15T06:59:18.835502Z[0m [32m INFO[0m [2mactix_server::server[0m[2m:[0m Actix runtime found; starting in Actix runtime
[2m2026-09-15T06:59:18.835508Z[0m [32m INFO[0m [2mactix_server::server[0m[2m:[0m starting service: "actix-web-service-0.0.0.0:6311", workers: 12, listening on: 0.0.0.0:6311
[2m2026-09-15T06:59:18.848660Z[0m [32m INFO[0m [2mactix_web::middleware::logger[0m[2m:[0m 192.168.65.1 GET /health HTTP/1.1; took 0.000048s
[2m2026-09-15T06:59:18.849964Z[0m [32m INFO[0m [2mactix_web::middleware::logger[0m[2m:[0m 192.168.65.1 GET /ready HTTP/1.1; took 0.000037s
[2m2026-09-15T06:59:18.851301Z[0m [32m INFO[0m [2mmidnight_proof_server::endpoints[0m[2m:[0m Starting to process request for /prove...
[2m2026-09-15T06:59:19.071476Z[0m [32m INFO[0m [2mmidnight_bench[0m[2m:[0m [3mstage[0m[2m=[0m"create_proof.compute_trace.start" [3mrss_mb[0m[2m=[0m90 [3mhwm_mb[0m[2m=[0m96
[2m2026-09-15T06:59:19.071507Z[0m [32m INFO[0m [2mmidnight_bench[0m[2m:[0m [3mstage[0m[2m=[0m"trace.compute_instances.start" [3mrss_mb[0m[2m=[0m90 [3mhwm_mb[0m[2m=[0m96
[2m2026-09-15T06:59:19.078580Z[0m [32m INFO[0m [2mmidnight_bench[0m[2m:[0m [3mstage[0m[2m=[0m"trace.compute_instances.end" [3mrss_mb[0m[2m=[0m90 [3mhwm_mb[0m[2m=[0m96
[2m2026-09-15T06:59:19.078600Z[0m [32m INFO[0m [2mmidnight_bench[0m[2m:[0m [3mstage[0m[2m=[0m"trace.parse_advices.start" [3mrss_mb[0m[2m=[0m90 [3mhwm_mb[0m[2m=[0m96
[2m2026-09-15T06:59:19.084287Z[0m [32m INFO[0m [2mmidnight_bench[0m[2m:[0m [3mstage[0m[2m=[0m"trace.parse_advices.end" [3mrss_mb[0m[2m=[0m91 [3mhwm_mb[0m[2m=[0m96
[2m2026-09-15T06:59:19.084313Z[0m [32m INFO[0m [2mmidnight_bench[0m[2m:[0m [3mstage[0m[2m=[0m"trace.lookups_permuted.start" [3mrss_mb[0m[2m=[0m91 [3mhwm_mb[0m[2m=[0m96
[2m2026-09-15T06:59:19.130660Z[0m [32m INFO[0m [2mmidnight_bench[0m[2m:[0m [3mstage[0m[2m=[0m"trace.lookups_permuted.end" [3mrss_mb[0m[2m=[0m95 [3mhwm_mb[0m[2m=[0m96
[2m2026-09-15T06:59:19.130688Z[0m [32m INFO[0m [2mmidnight_bench[0m[2m:[0m [3mstage[0m[2m=[0m"trace.permutations_commit.start" [3mrss_mb[0m[2m=[0m95 [3mhwm_mb[0m[2m=[0m96
[2m2026-09-15T06:59:19.197528Z[0m [32m INFO[0m [2mmidnight_bench[0m[2m:[0m [3mstage[0m[2m=[0m"trace.permutations_commit.end" [3mrss_mb[0m[2m=[0m105 [3mhwm_mb[0m[2m=[0m105
[2m2026-09-15T06:59:19.197553Z[0m [32m INFO[0m [2mmidnight_bench[0m[2m:[0m [3mstage[0m[2m=[0m"trace.lookups_product.start" [3mrss_mb[0m[2m=[0m105 [3mhwm_mb[0m[2m=[0m105
[2m2026-09-15T06:59:19.247952Z[0m [32m INFO[0m [2mmidnight_bench[0m[2m:[0m [3mstage[0m[2m=[0m"trace.lookups_product.end" [3mrss_mb[0m[2m=[0m105 [3mhwm_mb[0m[2m=[0m105
[2m2026-09-15T06:59:19.273696Z[0m [32m INFO[0m [2mmidnight_bench[0m[2m:[0m [3mstage[0m[2m=[0m"create_proof.compute_trace.end" [3mrss_mb[0m[2m=[0m105 [3mhwm_mb[0m[2m=[0m105
[2m2026-09-15T06:59:19.273723Z[0m [32m INFO[0m [2mmidnight_bench[0m[2m:[0m [3mstage[0m[2m=[0m"create_proof.finalise_proof.start" [3mrss_mb[0m[2m=[0m105 [3mhwm_mb[0m[2m=[0m105
[2m2026-09-15T06:59:19.273730Z[0m [32m INFO[0m [2mmidnight_bench[0m[2m:[0m [3mstage[0m[2m=[0m"finalise.compute_h_poly.start" [3mrss_mb[0m[2m=[0m105 [3mhwm_mb[0m[2m=[0m105
[2m2026-09-15T06:59:19.273738Z[0m [32m INFO[0m [2mmidnight_bench[0m[2m:[0m [3mstage[0m[2m=[0m"finalise.compute_h_poly.spill_advice_cosets.start" [3mrss_mb[0m[2m=[0m105 [3mhwm_mb[0m[2m=[0m105
[2m2026-09-15T06:59:19.304559Z[0m [32m INFO[0m [2mmidnight_bench[0m[2m:[0m [3mstage[0m[2m=[0m"finalise.compute_h_poly.spill_advice_cosets.end" [3mrss_mb[0m[2m=[0m116 [3mhwm_mb[0m[2m=[0m116
[2m2026-09-15T06:59:19.304582Z[0m [32m INFO[0m [2mmidnight_bench[0m[2m:[0m [3mstage[0m[2m=[0m"finalise.compute_h_poly.spill_instance_cosets.start" [3mrss_mb[0m[2m=[0m116 [3mhwm_mb[0m[2m=[0m116
[2m2026-09-15T06:59:19.318484Z[0m [32m INFO[0m [2mmidnight_bench[0m[2m:[0m [3mstage[0m[2m=[0m"finalise.compute_h_poly.spill_instance_cosets.end" [3mrss_mb[0m[2m=[0m120 [3mhwm_mb[0m[2m=[0m120
[2m2026-09-15T06:59:19.318513Z[0m [32m INFO[0m [2mmidnight_bench[0m[2m:[0m [3mstage[0m[2m=[0m"finalise.compute_h_poly.spill_fixed_cosets.start" [3mrss_mb[0m[2m=[0m120 [3mhwm_mb[0m[2m=[0m120
[2m2026-09-15T06:59:19.431732Z[0m [32m INFO[0m [2mmidnight_bench[0m[2m:[0m [3mstage[0m[2m=[0m"finalise.compute_h_poly.spill_fixed_cosets.end" [3mrss_mb[0m[2m=[0m154 [3mhwm_mb[0m[2m=[0m154
[2m2026-09-15T06:59:19.431763Z[0m [32m INFO[0m [2mmidnight_bench[0m[2m:[0m [3mstage[0m[2m=[0m"finalise.compute_h_poly.spill_perm_cosets.start" [3mrss_mb[0m[2m=[0m154 [3mhwm_mb[0m[2m=[0m154
[2m2026-09-15T06:59:19.485041Z[0m [32m INFO[0m [2mmidnight_bench[0m[2m:[0m [3mstage[0m[2m=[0m"finalise.compute_h_poly.spill_perm_cosets.end" [3mrss_mb[0m[2m=[0m170 [3mhwm_mb[0m[2m=[0m170
[2m2026-09-15T06:59:19.621304Z[0m [32m INFO[0m [2mmidnight_bench[0m[2m:[0m [3mstage[0m[2m=[0m"finalise.compute_h_poly.drop_cosets.end" [3mrss_mb[0m[2m=[0m170 [3mhwm_mb[0m[2m=[0m170
[2m2026-09-15T06:59:19.624838Z[0m [32m INFO[0m [2mmidnight_bench[0m[2m:[0m [3mstage[0m[2m=[0m"finalise.compute_h_poly.end" [3mrss_mb[0m[2m=[0m106 [3mhwm_mb[0m[2m=[0m168
[2m2026-09-15T06:59:19.624858Z[0m [32m INFO[0m [2mmidnight_bench[0m[2m:[0m [3mstage[0m[2m=[0m"finalise.vanishing_construct.start" [3mrss_mb[0m[2m=[0m106 [3mhwm_mb[0m[2m=[0m168
[2m2026-09-15T06:59:19.712139Z[0m [32m INFO[0m [2mmidnight_bench[0m[2m:[0m [3mstage[0m[2m=[0m"finalise.vanishing_construct.end" [3mrss_mb[0m[2m=[0m106 [3mhwm_mb[0m[2m=[0m168
[2m2026-09-15T06:59:19.757808Z[0m [32m INFO[0m [2mmidnight_bench[0m[2m:[0m [3mstage[0m[2m=[0m"finalise.compute_queries.start" [3mrss_mb[0m[2m=[0m106 [3mhwm_mb[0m[2m=[0m168
[2m2026-09-15T06:59:19.757913Z[0m [32m INFO[0m [2mmidnight_bench[0m[2m:[0m [3mstage[0m[2m=[0m"finalise.multi_open.start" [3mrss_mb[0m[2m=[0m106 [3mhwm_mb[0m[2m=[0m168
[2m2026-09-15T06:59:19.882075Z[0m [32m INFO[0m [2mmidnight_bench[0m[2m:[0m [3mstage[0m[2m=[0m"finalise.multi_open.end" [3mrss_mb[0m[2m=[0m106 [3mhwm_mb[0m[2m=[0m168
[2m2026-09-15T06:59:19.882946Z[0m [32m INFO[0m [2mmidnight_bench[0m[2m:[0m [3mstage[0m[2m=[0m"create_proof.finalise_proof.end" [3mrss_mb[0m[2m=[0m93 [3mhwm_mb[0m[2m=[0m168
[2m2026-09-15T06:59:19.899605Z[0m [32m INFO[0m [2mactix_web::middleware::logger[0m[2m:[0m 192.168.65.1 POST /prove HTTP/1.1; took 1.048335s
[2m2026-09-15T06:59:19.924517Z[0m [32m INFO[0m [2mmidnight_proof_server::endpoints[0m[2m:[0m Starting to process request for /prove...
[2m2026-09-15T06:59:19.997025Z[0m [32m INFO[0m [2mmidnight_bench[0m[2m:[0m [3mstage[0m[2m=[0m"create_proof.compute_trace.start" [3mrss_mb[0m[2m=[0m87 [3mhwm_mb[0m[2m=[0m168
[2m2026-09-15T06:59:19.997057Z[0m [32m INFO[0m [2mmidnight_bench[0m[2m:[0m [3mstage[0m[2m=[0m"trace.compute_instances.start" [3mrss_mb[0m[2m=[0m87 [3mhwm_mb[0m[2m=[0m168
[2m2026-09-15T06:59:20.002060Z[0m [32m INFO[0m [2mmidnight_bench[0m[2m:[0m [3mstage[0m[2m=[0m"trace.compute_instances.end" [3mrss_mb[0m[2m=[0m87 [3mhwm_mb[0m[2m=[0m168
[2m2026-09-15T06:59:20.002082Z[0m [32m INFO[0m [2mmidnight_bench[0m[2m:[0m [3mstage[0m[2m=[0m"trace.parse_advices.start" [3mrss_mb[0m[2m=[0m87 [3mhwm_mb[0m[2m=[0m168
[2m2026-09-15T06:59:20.008287Z[0m [32m INFO[0m [2mmidnight_bench[0m[2m:[0m [3mstage[0m[2m=[0m"trace.parse_advices.end" [3mrss_mb[0m[2m=[0m94 [3mhwm_mb[0m[2m=[0m168
[2m2026-09-15T06:59:20.008310Z[0m [32m INFO[0m [2mmidnight_bench[0m[2m:[0m [3mstage[0m[2m=[0m"trace.lookups_permuted.start" [3mrss_mb[0m[2m=[0m94 [3mhwm_mb[0m[2m=[0m168
[2m2026-09-15T06:59:20.053632Z[0m [32m INFO[0m [2mmidnight_bench[0m[2m:[0m [3mstage[0m[2m=[0m"trace.lookups_permuted.end" [3mrss_mb[0m[2m=[0m98 [3mhwm_mb[0m[2m=[0m168
[2m2026-09-15T06:59:20.053663Z[0m [32m INFO[0m [2mmidnight_bench[0m[2m:[0m [3mstage[0m[2m=[0m"trace.permutations_commit.start" [3mrss_mb[0m[2m=[0m98 [3mhwm_mb[0m[2m=[0m168
[2m2026-09-15T06:59:20.122391Z[0m [32m INFO[0m [2mmidnight_bench[0m[2m:[0m [3mstage[0m[2m=[0m"trace.permutations_commit.end" [3mrss_mb[0m[2m=[0m106 [3mhwm_mb[0m[2m=[0m168
[2m2026-09-15T06:59:20.122418Z[0m [32m INFO[0m [2mmidnight_bench[0m[2m:[0m [3mstage[0m[2m=[0m"trace.lookups_product.start" [3mrss_mb[0m[2m=[0m106 [3mhwm_mb[0m[2m=[0m168
[2m2026-09-15T06:59:20.174555Z[0m [32m INFO[0m [2mmidnight_bench[0m[2m:[0m [3mstage[0m[2m=[0m"trace.lookups_product.end" [3mrss_mb[0m[2m=[0m106 [3mhwm_mb[0m[2m=[0m168
[2m2026-09-15T06:59:20.200146Z[0m [32m INFO[0m [2mmidnight_bench[0m[2m:[0m [3mstage[0m[2m=[0m"create_proof.compute_trace.end" [3mrss_mb[0m[2m=[0m106 [3mhwm_mb[0m[2m=[0m168
[2m2026-09-15T06:59:20.200169Z[0m [32m INFO[0m [2mmidnight_bench[0m[2m:[0m [3mstage[0m[2m=[0m"create_proof.finalise_proof.start" [3mrss_mb[0m[2m=[0m106 [3mhwm_mb[0m[2m=[0m168
[2m2026-09-15T06:59:20.200176Z[0m [32m INFO[0m [2mmidnight_bench[0m[2m:[0m [3mstage[0m[2m=[0m"finalise.compute_h_poly.start" [3mrss_mb[0m[2m=[0m106 [3mhwm_mb[0m[2m=[0m168
[2m2026-09-15T06:59:20.200184Z[0m [32m INFO[0m [2mmidnight_bench[0m[2m:[0m [3mstage[0m[2m=[0m"finalise.compute_h_poly.spill_advice_cosets.start" [3mrss_mb[0m[2m=[0m106 [3mhwm_mb[0m[2m=[0m168
[2m2026-09-15T06:59:20.234517Z[0m [32m INFO[0m [2mmidnight_bench[0m[2m:[0m [3mstage[0m[2m=[0m"finalise.compute_h_poly.spill_advice_cosets.end" [3mrss_mb[0m[2m=[0m116 [3mhwm_mb[0m[2m=[0m168
[2m2026-09-15T06:59:20.234545Z[0m [32m INFO[0m [2mmidnight_bench[0m[2m:[0m [3mstage[0m[2m=[0m"finalise.compute_h_poly.spill_instance_cosets.start" [3mrss_mb[0m[2m=[0m116 [3mhwm_mb[0m[2m=[0m168
[2m2026-09-15T06:59:20.247075Z[0m [32m INFO[0m [2mmidnight_bench[0m[2m:[0m [3mstage[0m[2m=[0m"finalise.compute_h_poly.spill_instance_cosets.end" [3mrss_mb[0m[2m=[0m120 [3mhwm_mb[0m[2m=[0m168
[2m2026-09-15T06:59:20.247096Z[0m [32m INFO[0m [2mmidnight_bench[0m[2m:[0m [3mstage[0m[2m=[0m"finalise.compute_h_poly.spill_fixed_cosets.start" [3mrss_mb[0m[2m=[0m120 [3mhwm_mb[0m[2m=[0m168
[2m2026-09-15T06:59:20.354882Z[0m [32m INFO[0m [2mmidnight_bench[0m[2m:[0m [3mstage[0m[2m=[0m"finalise.compute_h_poly.spill_fixed_cosets.end" [3mrss_mb[0m[2m=[0m154 [3mhwm_mb[0m[2m=[0m168
[2m2026-09-15T06:59:20.354910Z[0m [32m INFO[0m [2mmidnight_bench[0m[2m:[0m [3mstage[0m[2m=[0m"finalise.compute_h_poly.spill_perm_cosets.start" [3mrss_mb[0m[2m=[0m154 [3mhwm_mb[0m[2m=[0m168
[2m2026-09-15T06:59:20.409048Z[0m [32m INFO[0m [2mmidnight_bench[0m[2m:[0m [3mstage[0m[2m=[0m"finalise.compute_h_poly.spill_perm_cosets.end" [3mrss_mb[0m[2m=[0m170 [3mhwm_mb[0m[2m=[0m170
[2m2026-09-15T06:59:20.551398Z[0m [32m INFO[0m [2mmidnight_bench[0m[2m:[0m [3mstage[0m[2m=[0m"finalise.compute_h_poly.drop_cosets.end" [3mrss_mb[0m[2m=[0m172 [3mhwm_mb[0m[2m=[0m172
[2m2026-09-15T06:59:20.554880Z[0m [32m INFO[0m [2mmidnight_bench[0m[2m:[0m [3mstage[0m[2m=[0m"finalise.compute_h_poly.end" [3mrss_mb[0m[2m=[0m108 [3mhwm_mb[0m[2m=[0m171
[2m2026-09-15T06:59:20.554897Z[0m [32m INFO[0m [2mmidnight_bench[0m[2m:[0m [3mstage[0m[2m=[0m"finalise.vanishing_construct.start" [3mrss_mb[0m[2m=[0m108 [3mhwm_mb[0m[2m=[0m171
[2m2026-09-15T06:59:20.650195Z[0m [32m INFO[0m [2mmidnight_bench[0m[2m:[0m [3mstage[0m[2m=[0m"finalise.vanishing_construct.end" [3mrss_mb[0m[2m=[0m108 [3mhwm_mb[0m[2m=[0m171
[2m2026-09-15T06:59:20.678839Z[0m [32m INFO[0m [2mmidnight_bench[0m[2m:[0m [3mstage[0m[2m=[0m"finalise.compute_queries.start" [3mrss_mb[0m[2m=[0m108 [3mhwm_mb[0m[2m=[0m171
[2m2026-09-15T06:59:20.678938Z[0m [32m INFO[0m [2mmidnight_bench[0m[2m:[0m [3mstage[0m[2m=[0m"finalise.multi_open.start" [3mrss_mb[0m[2m=[0m108 [3mhwm_mb[0m[2m=[0m171
[2m2026-09-15T06:59:20.772102Z[0m [32m INFO[0m [2mmidnight_bench[0m[2m:[0m [3mstage[0m[2m=[0m"finalise.multi_open.end" [3mrss_mb[0m[2m=[0m108 [3mhwm_mb[0m[2m=[0m171
[2m2026-09-15T06:59:20.772968Z[0m [32m INFO[0m [2mmidnight_bench[0m[2m:[0m [3mstage[0m[2m=[0m"create_proof.finalise_proof.end" [3mrss_mb[0m[2m=[0m94 [3mhwm_mb[0m[2m=[0m171
[2m2026-09-15T06:59:20.789624Z[0m [32m INFO[0m [2mactix_web::middleware::logger[0m[2m:[0m 192.168.65.1 POST /prove HTTP/1.1; took 0.865130s
[2m2026-09-15T06:59:20.791047Z[0m [32m INFO[0m [2mmidnight_proof_server::endpoints[0m[2m:[0m Starting to process request for /prove...
[2m2026-09-15T06:59:20.880435Z[0m [32m INFO[0m [2mmidnight_bench[0m[2m:[0m [3mstage[0m[2m=[0m"create_proof.compute_trace.start" [3mrss_mb[0m[2m=[0m110 [3mhwm_mb[0m[2m=[0m171
[2m2026-09-15T06:59:20.880469Z[0m [32m INFO[0m [2mmidnight_bench[0m[2m:[0m [3mstage[0m[2m=[0m"trace.compute_instances.start" [3mrss_mb[0m[2m=[0m110 [3mhwm_mb[0m[2m=[0m171
[2m2026-09-15T06:59:20.885667Z[0m [32m INFO[0m [2mmidnight_bench[0m[2m:[0m [3mstage[0m[2m=[0m"trace.compute_instances.end" [3mrss_mb[0m[2m=[0m110 [3mhwm_mb[0m[2m=[0m171
[2m2026-09-15T06:59:20.885688Z[0m [32m INFO[0m [2mmidnight_bench[0m[2m:[0m [3mstage[0m[2m=[0m"trace.parse_advices.start" [3mrss_mb[0m[2m=[0m110 [3mhwm_mb[0m[2m=[0m171
[2m2026-09-15T06:59:20.890888Z[0m [32m INFO[0m [2mmidnight_bench[0m[2m:[0m [3mstage[0m[2m=[0m"trace.parse_advices.end" [3mrss_mb[0m[2m=[0m110 [3mhwm_mb[0m[2m=[0m171
[2m2026-09-15T06:59:20.890912Z[0m [32m INFO[0m [2mmidnight_bench[0m[2m:[0m [3mstage[0m[2m=[0m"trace.lookups_permuted.start" [3mrss_mb[0m[2m=[0m110 [3mhwm_mb[0m[2m=[0m171
[2m2026-09-15T06:59:20.937331Z[0m [32m INFO[0m [2mmidnight_bench[0m[2m:[0m [3mstage[0m[2m=[0m"trace.lookups_permuted.end" [3mrss_mb[0m[2m=[0m114 [3mhwm_mb[0m[2m=[0m171
[2m2026-09-15T06:59:20.937359Z[0m [32m INFO[0m [2mmidnight_bench[0m[2m:[0m [3mstage[0m[2m=[0m"trace.permutations_commit.start" [3mrss_mb[0m[2m=[0m114 [3mhwm_mb[0m[2m=[0m171
[2m2026-09-15T06:59:21.006270Z[0m [32m INFO[0m [2mmidnight_bench[0m[2m:[0m [3mstage[0m[2m=[0m"trace.permutations_commit.end" [3mrss_mb[0m[2m=[0m122 [3mhwm_mb[0m[2m=[0m171
[2m2026-09-15T06:59:21.006297Z[0m [32m INFO[0m [2mmidnight_bench[0m[2m:[0m [3mstage[0m[2m=[0m"trace.lookups_product.start" [3mrss_mb[0m[2m=[0m122 [3mhwm_mb[0m[2m=[0m171
[2m2026-09-15T06:59:21.061093Z[0m [32m INFO[0m [2mmidnight_bench[0m[2m:[0m [3mstage[0m[2m=[0m"trace.lookups_product.end" [3mrss_mb[0m[2m=[0m122 [3mhwm_mb[0m[2m=[0m171
[2m2026-09-15T06:59:21.085898Z[0m [32m INFO[0m [2mmidnight_bench[0m[2m:[0m [3mstage[0m[2m=[0m"create_proof.compute_trace.end" [3mrss_mb[0m[2m=[0m122 [3mhwm_mb[0m[2m=[0m171
[2m2026-09-15T06:59:21.085932Z[0m [32m INFO[0m [2mmidnight_bench[0m[2m:[0m [3mstage[0m[2m=[0m"create_proof.finalise_proof.start" [3mrss_mb[0m[2m=[0m122 [3mhwm_mb[0m[2m=[0m171
[2m2026-09-15T06:59:21.085940Z[0m [32m INFO[0m [2mmidnight_bench[0m[2m:[0m [3mstage[0m[2m=[0m"finalise.compute_h_poly.start" [3mrss_mb[0m[2m=[0m122 [3mhwm_mb[0m[2m=[0m171
[2m2026-09-15T06:59:21.085949Z[0m [32m INFO[0m [2mmidnight_bench[0m[2m:[0m [3mstage[0m[2m=[0m"finalise.compute_h_poly.spill_advice_cosets.start" [3mrss_mb[0m[2m=[0m122 [3mhwm_mb[0m[2m=[0m171
[2m2026-09-15T06:59:21.118688Z[0m [32m INFO[0m [2mmidnight_bench[0m[2m:[0m [3mstage[0m[2m=[0m"finalise.compute_h_poly.spill_advice_cosets.end" [3mrss_mb[0m[2m=[0m132 [3mhwm_mb[0m[2m=[0m171
[2m2026-09-15T06:59:21.118714Z[0m [32m INFO[0m [2mmidnight_bench[0m[2m:[0m [3mstage[0m[2m=[0m"finalise.compute_h_poly.spill_instance_cosets.start" [3mrss_mb[0m[2m=[0m132 [3mhwm_mb[0m[2m=[0m171
[2m2026-09-15T06:59:21.132818Z[0m [32m INFO[0m [2mmidnight_bench[0m[2m:[0m [3mstage[0m[2m=[0m"finalise.compute_h_poly.spill_instance_cosets.end" [3mrss_mb[0m[2m=[0m136 [3mhwm_mb[0m[2m=[0m171
[2m2026-09-15T06:59:21.132839Z[0m [32m INFO[0m [2mmidnight_bench[0m[2m:[0m [3mstage[0m[2m=[0m"finalise.compute_h_poly.spill_fixed_cosets.start" [3mrss_mb[0m[2m=[0m136 [3mhwm_mb[0m[2m=[0m171
[2m2026-09-15T06:59:21.242604Z[0m [32m INFO[0m [2mmidnight_bench[0m[2m:[0m [3mstage[0m[2m=[0m"finalise.compute_h_poly.spill_fixed_cosets.end" [3mrss_mb[0m[2m=[0m170 [3mhwm_mb[0m[2m=[0m171
[2m2026-09-15T06:59:21.242633Z[0m [32m INFO[0m [2mmidnight_bench[0m[2m:[0m [3mstage[0m[2m=[0m"finalise.compute_h_poly.spill_perm_cosets.start" [3mrss_mb[0m[2m=[0m170 [3mhwm_mb[0m[2m=[0m171
[2m2026-09-15T06:59:21.296181Z[0m [32m INFO[0m [2mmidnight_bench[0m[2m:[0m [3mstage[0m[2m=[0m"finalise.compute_h_poly.spill_perm_cosets.end" [3mrss_mb[0m[2m=[0m186 [3mhwm_mb[0m[2m=[0m186
[2m2026-09-15T06:59:21.438157Z[0m [32m INFO[0m [2mmidnight_bench[0m[2m:[0m [3mstage[0m[2m=[0m"finalise.compute_h_poly.drop_cosets.end" [3mrss_mb[0m[2m=[0m186 [3mhwm_mb[0m[2m=[0m186
[2m2026-09-15T06:59:21.441615Z[0m [32m INFO[0m [2mmidnight_bench[0m[2m:[0m [3mstage[0m[2m=[0m"finalise.compute_h_poly.end" [3mrss_mb[0m[2m=[0m122 [3mhwm_mb[0m[2m=[0m185
[2m2026-09-15T06:59:21.441632Z[0m [32m INFO[0m [2mmidnight_bench[0m[2m:[0m [3mstage[0m[2m=[0m"finalise.vanishing_construct.start" [3mrss_mb[0m[2m=[0m122 [3mhwm_mb[0m[2m=[0m185
[2m2026-09-15T06:59:21.542936Z[0m [32m INFO[0m [2mmidnight_bench[0m[2m:[0m [3mstage[0m[2m=[0m"finalise.vanishing_construct.end" [3mrss_mb[0m[2m=[0m123 [3mhwm_mb[0m[2m=[0m185
[2m2026-09-15T06:59:21.583346Z[0m [32m INFO[0m [2mmidnight_bench[0m[2m:[0m [3mstage[0m[2m=[0m"finalise.compute_queries.start" [3mrss_mb[0m[2m=[0m123 [3mhwm_mb[0m[2m=[0m185
[2m2026-09-15T06:59:21.583436Z[0m [32m INFO[0m [2mmidnight_bench[0m[2m:[0m [3mstage[0m[2m=[0m"finalise.multi_open.start" [3mrss_mb[0m[2m=[0m123 [3mhwm_mb[0m[2m=[0m185
[2m2026-09-15T06:59:21.679256Z[0m [32m INFO[0m [2mmidnight_bench[0m[2m:[0m [3mstage[0m[2m=[0m"finalise.multi_open.end" [3mrss_mb[0m[2m=[0m123 [3mhwm_mb[0m[2m=[0m185
[2m2026-09-15T06:59:21.679999Z[0m [32m INFO[0m [2mmidnight_bench[0m[2m:[0m [3mstage[0m[2m=[0m"create_proof.finalise_proof.end" [3mrss_mb[0m[2m=[0m109 [3mhwm_mb[0m[2m=[0m185
[2m2026-09-15T06:59:21.696046Z[0m [32m INFO[0m [2mactix_web::middleware::logger[0m[2m:[0m 192.168.65.1 POST /prove HTTP/1.1; took 0.905016s
[2m2026-09-15T06:59:21.697774Z[0m [32m INFO[0m [2mmidnight_proof_server::endpoints[0m[2m:[0m Starting to process request for /prove...
[2m2026-09-15T06:59:21.772252Z[0m [32m INFO[0m [2mmidnight_bench[0m[2m:[0m [3mstage[0m[2m=[0m"create_proof.compute_trace.start" [3mrss_mb[0m[2m=[0m110 [3mhwm_mb[0m[2m=[0m185
[2m2026-09-15T06:59:21.772285Z[0m [32m INFO[0m [2mmidnight_bench[0m[2m:[0m [3mstage[0m[2m=[0m"trace.compute_instances.start" [3mrss_mb[0m[2m=[0m110 [3mhwm_mb[0m[2m=[0m185
[2m2026-09-15T06:59:21.778678Z[0m [32m INFO[0m [2mmidnight_bench[0m[2m:[0m [3mstage[0m[2m=[0m"trace.compute_instances.end" [3mrss_mb[0m[2m=[0m110 [3mhwm_mb[0m[2m=[0m185
[2m2026-09-15T06:59:21.778701Z[0m [32m INFO[0m [2mmidnight_bench[0m[2m:[0m [3mstage[0m[2m=[0m"trace.parse_advices.start" [3mrss_mb[0m[2m=[0m110 [3mhwm_mb[0m[2m=[0m185
[2m2026-09-15T06:59:21.784494Z[0m [32m INFO[0m [2mmidnight_bench[0m[2m:[0m [3mstage[0m[2m=[0m"trace.parse_advices.end" [3mrss_mb[0m[2m=[0m112 [3mhwm_mb[0m[2m=[0m185
[2m2026-09-15T06:59:21.784520Z[0m [32m INFO[0m [2mmidnight_bench[0m[2m:[0m [3mstage[0m[2m=[0m"trace.lookups_permuted.start" [3mrss_mb[0m[2m=[0m112 [3mhwm_mb[0m[2m=[0m185
[2m2026-09-15T06:59:21.828399Z[0m [32m INFO[0m [2mmidnight_bench[0m[2m:[0m [3mstage[0m[2m=[0m"trace.lookups_permuted.end" [3mrss_mb[0m[2m=[0m118 [3mhwm_mb[0m[2m=[0m185
[2m2026-09-15T06:59:21.828434Z[0m [32m INFO[0m [2mmidnight_bench[0m[2m:[0m [3mstage[0m[2m=[0m"trace.permutations_commit.start" [3mrss_mb[0m[2m=[0m118 [3mhwm_mb[0m[2m=[0m185
[2m2026-09-15T06:59:21.898671Z[0m [32m INFO[0m [2mmidnight_bench[0m[2m:[0m [3mstage[0m[2m=[0m"trace.permutations_commit.end" [3mrss_mb[0m[2m=[0m125 [3mhwm_mb[0m[2m=[0m185
[2m2026-09-15T06:59:21.898699Z[0m [32m INFO[0m [2mmidnight_bench[0m[2m:[0m [3mstage[0m[2m=[0m"trace.lookups_product.start" [3mrss_mb[0m[2m=[0m125 [3mhwm_mb[0m[2m=[0m185
[2m2026-09-15T06:59:21.949381Z[0m [32m INFO[0m [2mmidnight_bench[0m[2m:[0m [3mstage[0m[2m=[0m"trace.lookups_product.end" [3mrss_mb[0m[2m=[0m125 [3mhwm_mb[0m[2m=[0m185
[2m2026-09-15T06:59:21.974491Z[0m [32m INFO[0m [2mmidnight_bench[0m[2m:[0m [3mstage[0m[2m=[0m"create_proof.compute_trace.end" [3mrss_mb[0m[2m=[0m126 [3mhwm_mb[0m[2m=[0m185
[2m2026-09-15T06:59:21.974515Z[0m [32m INFO[0m [2mmidnight_bench[0m[2m:[0m [3mstage[0m[2m=[0m"create_proof.finalise_proof.start" [3mrss_mb[0m[2m=[0m126 [3mhwm_mb[0m[2m=[0m185
[2m2026-09-15T06:59:21.974522Z[0m [32m INFO[0m [2mmidnight_bench[0m[2m:[0m [3mstage[0m[2m=[0m"finalise.compute_h_poly.start" [3mrss_mb[0m[2m=[0m126 [3mhwm_mb[0m[2m=[0m185
[2m2026-09-15T06:59:21.974529Z[0m [32m INFO[0m [2mmidnight_bench[0m[2m:[0m [3mstage[0m[2m=[0m"finalise.compute_h_poly.spill_advice_cosets.start" [3mrss_mb[0m[2m=[0m126 [3mhwm_mb[0m[2m=[0m185
[2m2026-09-15T06:59:22.007333Z[0m [32m INFO[0m [2mmidnight_bench[0m[2m:[0m [3mstage[0m[2m=[0m"finalise.compute_h_poly.spill_advice_cosets.end" [3mrss_mb[0m[2m=[0m136 [3mhwm_mb[0m[2m=[0m185
[2m2026-09-15T06:59:22.007362Z[0m [32m INFO[0m [2mmidnight_bench[0m[2m:[0m [3mstage[0m[2m=[0m"finalise.compute_h_poly.spill_instance_cosets.start" [3mrss_mb[0m[2m=[0m136 [3mhwm_mb[0m[2m=[0m185
[2m2026-09-15T06:59:22.021131Z[0m [32m INFO[0m [2mmidnight_bench[0m[2m:[0m [3mstage[0m[2m=[0m"finalise.compute_h_poly.spill_instance_cosets.end" [3mrss_mb[0m[2m=[0m140 [3mhwm_mb[0m[2m=[0m185
[2m2026-09-15T06:59:22.021154Z[0m [32m INFO[0m [2mmidnight_bench[0m[2m:[0m [3mstage[0m[2m=[0m"finalise.compute_h_poly.spill_fixed_cosets.start" [3mrss_mb[0m[2m=[0m140 [3mhwm_mb[0m[2m=[0m185
[2m2026-09-15T06:59:22.132162Z[0m [32m INFO[0m [2mmidnight_bench[0m[2m:[0m [3mstage[0m[2m=[0m"finalise.compute_h_poly.spill_fixed_cosets.end" [3mrss_mb[0m[2m=[0m174 [3mhwm_mb[0m[2m=[0m185
[2m2026-09-15T06:59:22.132186Z[0m [32m INFO[0m [2mmidnight_bench[0m[2m:[0m [3mstage[0m[2m=[0m"finalise.compute_h_poly.spill_perm_cosets.start" [3mrss_mb[0m[2m=[0m174 [3mhwm_mb[0m[2m=[0m185
[2m2026-09-15T06:59:22.183840Z[0m [32m INFO[0m [2mmidnight_bench[0m[2m:[0m [3mstage[0m[2m=[0m"finalise.compute_h_poly.spill_perm_cosets.end" [3mrss_mb[0m[2m=[0m190 [3mhwm_mb[0m[2m=[0m190
[2m2026-09-15T06:59:22.324194Z[0m [32m INFO[0m [2mmidnight_bench[0m[2m:[0m [3mstage[0m[2m=[0m"finalise.compute_h_poly.drop_cosets.end" [3mrss_mb[0m[2m=[0m190 [3mhwm_mb[0m[2m=[0m190
[2m2026-09-15T06:59:22.327936Z[0m [32m INFO[0m [2mmidnight_bench[0m[2m:[0m [3mstage[0m[2m=[0m"finalise.compute_h_poly.end" [3mrss_mb[0m[2m=[0m126 [3mhwm_mb[0m[2m=[0m189
[2m2026-09-15T06:59:22.327955Z[0m [32m INFO[0m [2mmidnight_bench[0m[2m:[0m [3mstage[0m[2m=[0m"finalise.vanishing_construct.start" [3mrss_mb[0m[2m=[0m126 [3mhwm_mb[0m[2m=[0m189
[2m2026-09-15T06:59:22.433166Z[0m [32m INFO[0m [2mmidnight_bench[0m[2m:[0m [3mstage[0m[2m=[0m"finalise.vanishing_construct.end" [3mrss_mb[0m[2m=[0m126 [3mhwm_mb[0m[2m=[0m189
[2m2026-09-15T06:59:22.461876Z[0m [32m INFO[0m [2mmidnight_bench[0m[2m:[0m [3mstage[0m[2m=[0m"finalise.compute_queries.start" [3mrss_mb[0m[2m=[0m126 [3mhwm_mb[0m[2m=[0m189
[2m2026-09-15T06:59:22.461988Z[0m [32m INFO[0m [2mmidnight_bench[0m[2m:[0m [3mstage[0m[2m=[0m"finalise.multi_open.start" [3mrss_mb[0m[2m=[0m126 [3mhwm_mb[0m[2m=[0m189
[2m2026-09-15T06:59:22.550581Z[0m [32m INFO[0m [2mmidnight_bench[0m[2m:[0m [3mstage[0m[2m=[0m"finalise.multi_open.end" [3mrss_mb[0m[2m=[0m126 [3mhwm_mb[0m[2m=[0m189
[2m2026-09-15T06:59:22.551347Z[0m [32m INFO[0m [2mmidnight_bench[0m[2m:[0m [3mstage[0m[2m=[0m"create_proof.finalise_proof.end" [3mrss_mb[0m[2m=[0m112 [3mhwm_mb[0m[2m=[0m189
[2m2026-09-15T06:59:22.567694Z[0m [32m INFO[0m [2mactix_web::middleware::logger[0m[2m:[0m 192.168.65.1 POST /prove HTTP/1.1; took 0.869941s
[2m2026-09-15T06:59:22.569422Z[0m [32m INFO[0m [2mmidnight_proof_server::endpoints[0m[2m:[0m Starting to process request for /prove...
[2m2026-09-15T06:59:22.638714Z[0m [32m INFO[0m [2mmidnight_bench[0m[2m:[0m [3mstage[0m[2m=[0m"create_proof.compute_trace.start" [3mrss_mb[0m[2m=[0m112 [3mhwm_mb[0m[2m=[0m189
[2m2026-09-15T06:59:22.638741Z[0m [32m INFO[0m [2mmidnight_bench[0m[2m:[0m [3mstage[0m[2m=[0m"trace.compute_instances.start" [3mrss_mb[0m[2m=[0m112 [3mhwm_mb[0m[2m=[0m189
[2m2026-09-15T06:59:22.643958Z[0m [32m INFO[0m [2mmidnight_bench[0m[2m:[0m [3mstage[0m[2m=[0m"trace.compute_instances.end" [3mrss_mb[0m[2m=[0m112 [3mhwm_mb[0m[2m=[0m189
[2m2026-09-15T06:59:22.643979Z[0m [32m INFO[0m [2mmidnight_bench[0m[2m:[0m [3mstage[0m[2m=[0m"trace.parse_advices.start" [3mrss_mb[0m[2m=[0m112 [3mhwm_mb[0m[2m=[0m189
[2m2026-09-15T06:59:22.648941Z[0m [32m INFO[0m [2mmidnight_bench[0m[2m:[0m [3mstage[0m[2m=[0m"trace.parse_advices.end" [3mrss_mb[0m[2m=[0m112 [3mhwm_mb[0m[2m=[0m189
[2m2026-09-15T06:59:22.648958Z[0m [32m INFO[0m [2mmidnight_bench[0m[2m:[0m [3mstage[0m[2m=[0m"trace.lookups_permuted.start" [3mrss_mb[0m[2m=[0m112 [3mhwm_mb[0m[2m=[0m189
[2m2026-09-15T06:59:22.695852Z[0m [32m INFO[0m [2mmidnight_bench[0m[2m:[0m [3mstage[0m[2m=[0m"trace.lookups_permuted.end" [3mrss_mb[0m[2m=[0m117 [3mhwm_mb[0m[2m=[0m189
[2m2026-09-15T06:59:22.695883Z[0m [32m INFO[0m [2mmidnight_bench[0m[2m:[0m [3mstage[0m[2m=[0m"trace.permutations_commit.start" [3mrss_mb[0m[2m=[0m117 [3mhwm_mb[0m[2m=[0m189
[2m2026-09-15T06:59:22.764224Z[0m [32m INFO[0m [2mmidnight_bench[0m[2m:[0m [3mstage[0m[2m=[0m"trace.permutations_commit.end" [3mrss_mb[0m[2m=[0m124 [3mhwm_mb[0m[2m=[0m189
[2m2026-09-15T06:59:22.764245Z[0m [32m INFO[0m [2mmidnight_bench[0m[2m:[0m [3mstage[0m[2m=[0m"trace.lookups_product.start" [3mrss_mb[0m[2m=[0m124 [3mhwm_mb[0m[2m=[0m189
[2m2026-09-15T06:59:22.814706Z[0m [32m INFO[0m [2mmidnight_bench[0m[2m:[0m [3mstage[0m[2m=[0m"trace.lookups_product.end" [3mrss_mb[0m[2m=[0m124 [3mhwm_mb[0m[2m=[0m189
[2m2026-09-15T06:59:22.839186Z[0m [32m INFO[0m [2mmidnight_bench[0m[2m:[0m [3mstage[0m[2m=[0m"create_proof.compute_trace.end" [3mrss_mb[0m[2m=[0m125 [3mhwm_mb[0m[2m=[0m189
[2m2026-09-15T06:59:22.839210Z[0m [32m INFO[0m [2mmidnight_bench[0m[2m:[0m [3mstage[0m[2m=[0m"create_proof.finalise_proof.start" [3mrss_mb[0m[2m=[0m125 [3mhwm_mb[0m[2m=[0m189
[2m2026-09-15T06:59:22.839218Z[0m [32m INFO[0m [2mmidnight_bench[0m[2m:[0m [3mstage[0m[2m=[0m"finalise.compute_h_poly.start" [3mrss_mb[0m[2m=[0m125 [3mhwm_mb[0m[2m=[0m189
[2m2026-09-15T06:59:22.839225Z[0m [32m INFO[0m [2mmidnight_bench[0m[2m:[0m [3mstage[0m[2m=[0m"finalise.compute_h_poly.spill_advice_cosets.start" [3mrss_mb[0m[2m=[0m125 [3mhwm_mb[0m[2m=[0m189
[2m2026-09-15T06:59:22.869006Z[0m [32m INFO[0m [2mmidnight_bench[0m[2m:[0m [3mstage[0m[2m=[0m"finalise.compute_h_poly.spill_advice_cosets.end" [3mrss_mb[0m[2m=[0m135 [3mhwm_mb[0m[2m=[0m189
[2m2026-09-15T06:59:22.869031Z[0m [32m INFO[0m [2mmidnight_bench[0m[2m:[0m [3mstage[0m[2m=[0m"finalise.compute_h_poly.spill_instance_cosets.start" [3mrss_mb[0m[2m=[0m135 [3mhwm_mb[0m[2m=[0m189
[2m2026-09-15T06:59:22.882231Z[0m [32m INFO[0m [2mmidnight_bench[0m[2m:[0m [3mstage[0m[2m=[0m"finalise.compute_h_poly.spill_instance_cosets.end" [3mrss_mb[0m[2m=[0m139 [3mhwm_mb[0m[2m=[0m189
[2m2026-09-15T06:59:22.882252Z[0m [32m INFO[0m [2mmidnight_bench[0m[2m:[0m [3mstage[0m[2m=[0m"finalise.compute_h_poly.spill_fixed_cosets.start" [3mrss_mb[0m[2m=[0m139 [3mhwm_mb[0m[2m=[0m189
[2m2026-09-15T06:59:22.997053Z[0m [32m INFO[0m [2mmidnight_bench[0m[2m:[0m [3mstage[0m[2m=[0m"finalise.compute_h_poly.spill_fixed_cosets.end" [3mrss_mb[0m[2m=[0m173 [3mhwm_mb[0m[2m=[0m189
[2m2026-09-15T06:59:22.997086Z[0m [32m INFO[0m [2mmidnight_bench[0m[2m:[0m [3mstage[0m[2m=[0m"finalise.compute_h_poly.spill_perm_cosets.start" [3mrss_mb[0m[2m=[0m173 [3mhwm_mb[0m[2m=[0m189
[2m2026-09-15T06:59:23.050203Z[0m [32m INFO[0m [2mmidnight_bench[0m[2m:[0m [3mstage[0m[2m=[0m"finalise.compute_h_poly.spill_perm_cosets.end" [3mrss_mb[0m[2m=[0m189 [3mhwm_mb[0m[2m=[0m189
[2m2026-09-15T06:59:23.179391Z[0m [32m INFO[0m [2mmidnight_bench[0m[2m:[0m [3mstage[0m[2m=[0m"finalise.compute_h_poly.drop_cosets.end" [3mrss_mb[0m[2m=[0m189 [3mhwm_mb[0m[2m=[0m189
[2m2026-09-15T06:59:23.182812Z[0m [32m INFO[0m [2mmidnight_bench[0m[2m:[0m [3mstage[0m[2m=[0m"finalise.compute_h_poly.end" [3mrss_mb[0m[2m=[0m125 [3mhwm_mb[0m[2m=[0m189
[2m2026-09-15T06:59:23.182827Z[0m [32m INFO[0m [2mmidnight_bench[0m[2m:[0m [3mstage[0m[2m=[0m"finalise.vanishing_construct.start" [3mrss_mb[0m[2m=[0m125 [3mhwm_mb[0m[2m=[0m189
[2m2026-09-15T06:59:23.267600Z[0m [32m INFO[0m [2mmidnight_bench[0m[2m:[0m [3mstage[0m[2m=[0m"finalise.vanishing_construct.end" [3mrss_mb[0m[2m=[0m125 [3mhwm_mb[0m[2m=[0m189
[2m2026-09-15T06:59:23.296118Z[0m [32m INFO[0m [2mmidnight_bench[0m[2m:[0m [3mstage[0m[2m=[0m"finalise.compute_queries.start" [3mrss_mb[0m[2m=[0m125 [3mhwm_mb[0m[2m=[0m189
[2m2026-09-15T06:59:23.296214Z[0m [32m INFO[0m [2mmidnight_bench[0m[2m:[0m [3mstage[0m[2m=[0m"finalise.multi_open.start" [3mrss_mb[0m[2m=[0m125 [3mhwm_mb[0m[2m=[0m189
[2m2026-09-15T06:59:23.385032Z[0m [32m INFO[0m [2mmidnight_bench[0m[2m:[0m [3mstage[0m[2m=[0m"finalise.multi_open.end" [3mrss_mb[0m[2m=[0m125 [3mhwm_mb[0m[2m=[0m189
[2m2026-09-15T06:59:23.385867Z[0m [32m INFO[0m [2mmidnight_bench[0m[2m:[0m [3mstage[0m[2m=[0m"create_proof.finalise_proof.end" [3mrss_mb[0m[2m=[0m112 [3mhwm_mb[0m[2m=[0m189
[2m2026-09-15T06:59:23.403589Z[0m [32m INFO[0m [2mactix_web::middleware::logger[0m[2m:[0m 192.168.65.1 POST /prove HTTP/1.1; took 0.834187s
[2m2026-09-15T06:59:23.405600Z[0m [32m INFO[0m [2mmidnight_proof_server::endpoints[0m[2m:[0m Starting to process request for /prove...
[2m2026-09-15T06:59:23.473525Z[0m [32m INFO[0m [2mmidnight_bench[0m[2m:[0m [3mstage[0m[2m=[0m"create_proof.compute_trace.start" [3mrss_mb[0m[2m=[0m124 [3mhwm_mb[0m[2m=[0m189
[2m2026-09-15T06:59:23.473552Z[0m [32m INFO[0m [2mmidnight_bench[0m[2m:[0m [3mstage[0m[2m=[0m"trace.compute_instances.start" [3mrss_mb[0m[2m=[0m124 [3mhwm_mb[0m[2m=[0m189
[2m2026-09-15T06:59:23.479349Z[0m [32m INFO[0m [2mmidnight_bench[0m[2m:[0m [3mstage[0m[2m=[0m"trace.compute_instances.end" [3mrss_mb[0m[2m=[0m124 [3mhwm_mb[0m[2m=[0m189
[2m2026-09-15T06:59:23.479371Z[0m [32m INFO[0m [2mmidnight_bench[0m[2m:[0m [3mstage[0m[2m=[0m"trace.parse_advices.start" [3mrss_mb[0m[2m=[0m124 [3mhwm_mb[0m[2m=[0m189
[2m2026-09-15T06:59:23.484558Z[0m [32m INFO[0m [2mmidnight_bench[0m[2m:[0m [3mstage[0m[2m=[0m"trace.parse_advices.end" [3mrss_mb[0m[2m=[0m124 [3mhwm_mb[0m[2m=[0m189
[2m2026-09-15T06:59:23.484579Z[0m [32m INFO[0m [2mmidnight_bench[0m[2m:[0m [3mstage[0m[2m=[0m"trace.lookups_permuted.start" [3mrss_mb[0m[2m=[0m124 [3mhwm_mb[0m[2m=[0m189
[2m2026-09-15T06:59:23.529891Z[0m [32m INFO[0m [2mmidnight_bench[0m[2m:[0m [3mstage[0m[2m=[0m"trace.lookups_permuted.end" [3mrss_mb[0m[2m=[0m130 [3mhwm_mb[0m[2m=[0m189
[2m2026-09-15T06:59:23.529925Z[0m [32m INFO[0m [2mmidnight_bench[0m[2m:[0m [3mstage[0m[2m=[0m"trace.permutations_commit.start" [3mrss_mb[0m[2m=[0m130 [3mhwm_mb[0m[2m=[0m189
[2m2026-09-15T06:59:23.609561Z[0m [32m INFO[0m [2mmidnight_bench[0m[2m:[0m [3mstage[0m[2m=[0m"trace.permutations_commit.end" [3mrss_mb[0m[2m=[0m137 [3mhwm_mb[0m[2m=[0m189
[2m2026-09-15T06:59:23.609588Z[0m [32m INFO[0m [2mmidnight_bench[0m[2m:[0m [3mstage[0m[2m=[0m"trace.lookups_product.start" [3mrss_mb[0m[2m=[0m137 [3mhwm_mb[0m[2m=[0m189
[2m2026-09-15T06:59:23.661105Z[0m [32m INFO[0m [2mmidnight_bench[0m[2m:[0m [3mstage[0m[2m=[0m"trace.lookups_product.end" [3mrss_mb[0m[2m=[0m137 [3mhwm_mb[0m[2m=[0m189
[2m2026-09-15T06:59:23.685305Z[0m [32m INFO[0m [2mmidnight_bench[0m[2m:[0m [3mstage[0m[2m=[0m"create_proof.compute_trace.end" [3mrss_mb[0m[2m=[0m138 [3mhwm_mb[0m[2m=[0m189
[2m2026-09-15T06:59:23.685330Z[0m [32m INFO[0m [2mmidnight_bench[0m[2m:[0m [3mstage[0m[2m=[0m"create_proof.finalise_proof.start" [3mrss_mb[0m[2m=[0m138 [3mhwm_mb[0m[2m=[0m189
[2m2026-09-15T06:59:23.685339Z[0m [32m INFO[0m [2mmidnight_bench[0m[2m:[0m [3mstage[0m[2m=[0m"finalise.compute_h_poly.start" [3mrss_mb[0m[2m=[0m138 [3mhwm_mb[0m[2m=[0m189
[2m2026-09-15T06:59:23.685346Z[0m [32m INFO[0m [2mmidnight_bench[0m[2m:[0m [3mstage[0m[2m=[0m"finalise.compute_h_poly.spill_advice_cosets.start" [3mrss_mb[0m[2m=[0m138 [3mhwm_mb[0m[2m=[0m189
[2m2026-09-15T06:59:23.719023Z[0m [32m INFO[0m [2mmidnight_bench[0m[2m:[0m [3mstage[0m[2m=[0m"finalise.compute_h_poly.spill_advice_cosets.end" [3mrss_mb[0m[2m=[0m148 [3mhwm_mb[0m[2m=[0m189
[2m2026-09-15T06:59:23.719050Z[0m [32m INFO[0m [2mmidnight_bench[0m[2m:[0m [3mstage[0m[2m=[0m"finalise.compute_h_poly.spill_instance_cosets.start" [3mrss_mb[0m[2m=[0m148 [3mhwm_mb[0m[2m=[0m189
[2m2026-09-15T06:59:23.732622Z[0m [32m INFO[0m [2mmidnight_bench[0m[2m:[0m [3mstage[0m[2m=[0m"finalise.compute_h_poly.spill_instance_cosets.end" [3mrss_mb[0m[2m=[0m152 [3mhwm_mb[0m[2m=[0m189
[2m2026-09-15T06:59:23.732668Z[0m [32m INFO[0m [2mmidnight_bench[0m[2m:[0m [3mstage[0m[2m=[0m"finalise.compute_h_poly.spill_fixed_cosets.start" [3mrss_mb[0m[2m=[0m152 [3mhwm_mb[0m[2m=[0m189
[2m2026-09-15T06:59:23.837122Z[0m [32m INFO[0m [2mmidnight_bench[0m[2m:[0m [3mstage[0m[2m=[0m"finalise.compute_h_poly.spill_fixed_cosets.end" [3mrss_mb[0m[2m=[0m186 [3mhwm_mb[0m[2m=[0m189
[2m2026-09-15T06:59:23.837151Z[0m [32m INFO[0m [2mmidnight_bench[0m[2m:[0m [3mstage[0m[2m=[0m"finalise.compute_h_poly.spill_perm_cosets.start" [3mrss_mb[0m[2m=[0m186 [3mhwm_mb[0m[2m=[0m189
[2m2026-09-15T06:59:23.888780Z[0m [32m INFO[0m [2mmidnight_bench[0m[2m:[0m [3mstage[0m[2m=[0m"finalise.compute_h_poly.spill_perm_cosets.end" [3mrss_mb[0m[2m=[0m202 [3mhwm_mb[0m[2m=[0m202
[2m2026-09-15T06:59:24.021890Z[0m [32m INFO[0m [2mmidnight_bench[0m[2m:[0m [3mstage[0m[2m=[0m"finalise.compute_h_poly.drop_cosets.end" [3mrss_mb[0m[2m=[0m202 [3mhwm_mb[0m[2m=[0m202
[2m2026-09-15T06:59:24.025374Z[0m [32m INFO[0m [2mmidnight_bench[0m[2m:[0m [3mstage[0m[2m=[0m"finalise.compute_h_poly.end" [3mrss_mb[0m[2m=[0m138 [3mhwm_mb[0m[2m=[0m201
[2m2026-09-15T06:59:24.025390Z[0m [32m INFO[0m [2mmidnight_bench[0m[2m:[0m [3mstage[0m[2m=[0m"finalise.vanishing_construct.start" [3mrss_mb[0m[2m=[0m138 [3mhwm_mb[0m[2m=[0m201
[2m2026-09-15T06:59:24.113527Z[0m [32m INFO[0m [2mmidnight_bench[0m[2m:[0m [3mstage[0m[2m=[0m"finalise.vanishing_construct.end" [3mrss_mb[0m[2m=[0m138 [3mhwm_mb[0m[2m=[0m201
[2m2026-09-15T06:59:24.142367Z[0m [32m INFO[0m [2mmidnight_bench[0m[2m:[0m [3mstage[0m[2m=[0m"finalise.compute_queries.start" [3mrss_mb[0m[2m=[0m138 [3mhwm_mb[0m[2m=[0m201
[2m2026-09-15T06:59:24.142459Z[0m [32m INFO[0m [2mmidnight_bench[0m[2m:[0m [3mstage[0m[2m=[0m"finalise.multi_open.start" [3mrss_mb[0m[2m=[0m138 [3mhwm_mb[0m[2m=[0m201
[2m2026-09-15T06:59:24.232448Z[0m [32m INFO[0m [2mmidnight_bench[0m[2m:[0m [3mstage[0m[2m=[0m"finalise.multi_open.end" [3mrss_mb[0m[2m=[0m138 [3mhwm_mb[0m[2m=[0m201
[2m2026-09-15T06:59:24.233310Z[0m [32m INFO[0m [2mmidnight_bench[0m[2m:[0m [3mstage[0m[2m=[0m"create_proof.finalise_proof.end" [3mrss_mb[0m[2m=[0m124 [3mhwm_mb[0m[2m=[0m201
[2m2026-09-15T06:59:24.249638Z[0m [32m INFO[0m [2mactix_web::middleware::logger[0m[2m:[0m 192.168.65.1 POST /prove HTTP/1.1; took 0.844054s
[2m2026-09-15T06:59:24.251329Z[0m [32m INFO[0m [2mmidnight_proof_server::endpoints[0m[2m:[0m Starting to process request for /prove...
[2m2026-09-15T06:59:24.326773Z[0m [32m INFO[0m [2mmidnight_bench[0m[2m:[0m [3mstage[0m[2m=[0m"create_proof.compute_trace.start" [3mrss_mb[0m[2m=[0m132 [3mhwm_mb[0m[2m=[0m201
[2m2026-09-15T06:59:24.326802Z[0m [32m INFO[0m [2mmidnight_bench[0m[2m:[0m [3mstage[0m[2m=[0m"trace.compute_instances.start" [3mrss_mb[0m[2m=[0m132 [3mhwm_mb[0m[2m=[0m201
[2m2026-09-15T06:59:24.332716Z[0m [32m INFO[0m [2mmidnight_bench[0m[2m:[0m [3mstage[0m[2m=[0m"trace.compute_instances.end" [3mrss_mb[0m[2m=[0m132 [3mhwm_mb[0m[2m=[0m201
[2m2026-09-15T06:59:24.332743Z[0m [32m INFO[0m [2mmidnight_bench[0m[2m:[0m [3mstage[0m[2m=[0m"trace.parse_advices.start" [3mrss_mb[0m[2m=[0m132 [3mhwm_mb[0m[2m=[0m201
[2m2026-09-15T06:59:24.338017Z[0m [32m INFO[0m [2mmidnight_bench[0m[2m:[0m [3mstage[0m[2m=[0m"trace.parse_advices.end" [3mrss_mb[0m[2m=[0m132 [3mhwm_mb[0m[2m=[0m201
[2m2026-09-15T06:59:24.338038Z[0m [32m INFO[0m [2mmidnight_bench[0m[2m:[0m [3mstage[0m[2m=[0m"trace.lookups_permuted.start" [3mrss_mb[0m[2m=[0m132 [3mhwm_mb[0m[2m=[0m201
[2m2026-09-15T06:59:24.383723Z[0m [32m INFO[0m [2mmidnight_bench[0m[2m:[0m [3mstage[0m[2m=[0m"trace.lookups_permuted.end" [3mrss_mb[0m[2m=[0m138 [3mhwm_mb[0m[2m=[0m201
[2m2026-09-15T06:59:24.383753Z[0m [32m INFO[0m [2mmidnight_bench[0m[2m:[0m [3mstage[0m[2m=[0m"trace.permutations_commit.start" [3mrss_mb[0m[2m=[0m138 [3mhwm_mb[0m[2m=[0m201
[2m2026-09-15T06:59:24.457267Z[0m [32m INFO[0m [2mmidnight_bench[0m[2m:[0m [3mstage[0m[2m=[0m"trace.permutations_commit.end" [3mrss_mb[0m[2m=[0m145 [3mhwm_mb[0m[2m=[0m201
[2m2026-09-15T06:59:24.457298Z[0m [32m INFO[0m [2mmidnight_bench[0m[2m:[0m [3mstage[0m[2m=[0m"trace.lookups_product.start" [3mrss_mb[0m[2m=[0m145 [3mhwm_mb[0m[2m=[0m201
[2m2026-09-15T06:59:24.508883Z[0m [32m INFO[0m [2mmidnight_bench[0m[2m:[0m [3mstage[0m[2m=[0m"trace.lookups_product.end" [3mrss_mb[0m[2m=[0m145 [3mhwm_mb[0m[2m=[0m201
[2m2026-09-15T06:59:24.534118Z[0m [32m INFO[0m [2mmidnight_bench[0m[2m:[0m [3mstage[0m[2m=[0m"create_proof.compute_trace.end" [3mrss_mb[0m[2m=[0m146 [3mhwm_mb[0m[2m=[0m201
[2m2026-09-15T06:59:24.534148Z[0m [32m INFO[0m [2mmidnight_bench[0m[2m:[0m [3mstage[0m[2m=[0m"create_proof.finalise_proof.start" [3mrss_mb[0m[2m=[0m146 [3mhwm_mb[0m[2m=[0m201
[2m2026-09-15T06:59:24.534156Z[0m [32m INFO[0m [2mmidnight_bench[0m[2m:[0m [3mstage[0m[2m=[0m"finalise.compute_h_poly.start" [3mrss_mb[0m[2m=[0m146 [3mhwm_mb[0m[2m=[0m201
[2m2026-09-15T06:59:24.534163Z[0m [32m INFO[0m [2mmidnight_bench[0m[2m:[0m [3mstage[0m[2m=[0m"finalise.compute_h_poly.spill_advice_cosets.start" [3mrss_mb[0m[2m=[0m146 [3mhwm_mb[0m[2m=[0m201
[2m2026-09-15T06:59:24.568329Z[0m [32m INFO[0m [2mmidnight_bench[0m[2m:[0m [3mstage[0m[2m=[0m"finalise.compute_h_poly.spill_advice_cosets.end" [3mrss_mb[0m[2m=[0m156 [3mhwm_mb[0m[2m=[0m201
[2m2026-09-15T06:59:24.568356Z[0m [32m INFO[0m [2mmidnight_bench[0m[2m:[0m [3mstage[0m[2m=[0m"finalise.compute_h_poly.spill_instance_cosets.start" [3mrss_mb[0m[2m=[0m156 [3mhwm_mb[0m[2m=[0m201
[2m2026-09-15T06:59:24.582619Z[0m [32m INFO[0m [2mmidnight_bench[0m[2m:[0m [3mstage[0m[2m=[0m"finalise.compute_h_poly.spill_instance_cosets.end" [3mrss_mb[0m[2m=[0m160 [3mhwm_mb[0m[2m=[0m201
[2m2026-09-15T06:59:24.582675Z[0m [32m INFO[0m [2mmidnight_bench[0m[2m:[0m [3mstage[0m[2m=[0m"finalise.compute_h_poly.spill_fixed_cosets.start" [3mrss_mb[0m[2m=[0m160 [3mhwm_mb[0m[2m=[0m201
[2m2026-09-15T06:59:24.698916Z[0m [32m INFO[0m [2mmidnight_bench[0m[2m:[0m [3mstage[0m[2m=[0m"finalise.compute_h_poly.spill_fixed_cosets.end" [3mrss_mb[0m[2m=[0m194 [3mhwm_mb[0m[2m=[0m201
[2m2026-09-15T06:59:24.698944Z[0m [32m INFO[0m [2mmidnight_bench[0m[2m:[0m [3mstage[0m[2m=[0m"finalise.compute_h_poly.spill_perm_cosets.start" [3mrss_mb[0m[2m=[0m194 [3mhwm_mb[0m[2m=[0m201
[2m2026-09-15T06:59:24.750354Z[0m [32m INFO[0m [2mmidnight_bench[0m[2m:[0m [3mstage[0m[2m=[0m"finalise.compute_h_poly.spill_perm_cosets.end" [3mrss_mb[0m[2m=[0m210 [3mhwm_mb[0m[2m=[0m210
[2m2026-09-15T06:59:24.886117Z[0m [32m INFO[0m [2mmidnight_bench[0m[2m:[0m [3mstage[0m[2m=[0m"finalise.compute_h_poly.drop_cosets.end" [3mrss_mb[0m[2m=[0m210 [3mhwm_mb[0m[2m=[0m210
[2m2026-09-15T06:59:24.889588Z[0m [32m INFO[0m [2mmidnight_bench[0m[2m:[0m [3mstage[0m[2m=[0m"finalise.compute_h_poly.end" [3mrss_mb[0m[2m=[0m146 [3mhwm_mb[0m[2m=[0m209
[2m2026-09-15T06:59:24.889606Z[0m [32m INFO[0m [2mmidnight_bench[0m[2m:[0m [3mstage[0m[2m=[0m"finalise.vanishing_construct.start" [3mrss_mb[0m[2m=[0m146 [3mhwm_mb[0m[2m=[0m209
[2m2026-09-15T06:59:24.982456Z[0m [32m INFO[0m [2mmidnight_bench[0m[2m:[0m [3mstage[0m[2m=[0m"finalise.vanishing_construct.end" [3mrss_mb[0m[2m=[0m146 [3mhwm_mb[0m[2m=[0m209
[2m2026-09-15T06:59:25.010926Z[0m [32m INFO[0m [2mmidnight_bench[0m[2m:[0m [3mstage[0m[2m=[0m"finalise.compute_queries.start" [3mrss_mb[0m[2m=[0m146 [3mhwm_mb[0m[2m=[0m209
[2m2026-09-15T06:59:25.011014Z[0m [32m INFO[0m [2mmidnight_bench[0m[2m:[0m [3mstage[0m[2m=[0m"finalise.multi_open.start" [3mrss_mb[0m[2m=[0m146 [3mhwm_mb[0m[2m=[0m209
[2m2026-09-15T06:59:25.102289Z[0m [32m INFO[0m [2mmidnight_bench[0m[2m:[0m [3mstage[0m[2m=[0m"finalise.multi_open.end" [3mrss_mb[0m[2m=[0m146 [3mhwm_mb[0m[2m=[0m209
[2m2026-09-15T06:59:25.103096Z[0m [32m INFO[0m [2mmidnight_bench[0m[2m:[0m [3mstage[0m[2m=[0m"create_proof.finalise_proof.end" [3mrss_mb[0m[2m=[0m131 [3mhwm_mb[0m[2m=[0m209
[2m2026-09-15T06:59:25.119149Z[0m [32m INFO[0m [2mactix_web::middleware::logger[0m[2m:[0m 192.168.65.1 POST /prove HTTP/1.1; took 0.867835s
[2m2026-09-15T06:59:25.121453Z[0m [32m INFO[0m [2mmidnight_proof_server::endpoints[0m[2m:[0m Starting to process request for /prove...
[2m2026-09-15T06:59:25.193722Z[0m [32m INFO[0m [2mmidnight_bench[0m[2m:[0m [3mstage[0m[2m=[0m"create_proof.compute_trace.start" [3mrss_mb[0m[2m=[0m144 [3mhwm_mb[0m[2m=[0m209
[2m2026-09-15T06:59:25.193751Z[0m [32m INFO[0m [2mmidnight_bench[0m[2m:[0m [3mstage[0m[2m=[0m"trace.compute_instances.start" [3mrss_mb[0m[2m=[0m144 [3mhwm_mb[0m[2m=[0m209
[2m2026-09-15T06:59:25.198880Z[0m [32m INFO[0m [2mmidnight_bench[0m[2m:[0m [3mstage[0m[2m=[0m"trace.compute_instances.end" [3mrss_mb[0m[2m=[0m144 [3mhwm_mb[0m[2m=[0m209
[2m2026-09-15T06:59:25.198897Z[0m [32m INFO[0m [2mmidnight_bench[0m[2m:[0m [3mstage[0m[2m=[0m"trace.parse_advices.start" [3mrss_mb[0m[2m=[0m144 [3mhwm_mb[0m[2m=[0m209
[2m2026-09-15T06:59:25.204195Z[0m [32m INFO[0m [2mmidnight_bench[0m[2m:[0m [3mstage[0m[2m=[0m"trace.parse_advices.end" [3mrss_mb[0m[2m=[0m146 [3mhwm_mb[0m[2m=[0m209
[2m2026-09-15T06:59:25.204224Z[0m [32m INFO[0m [2mmidnight_bench[0m[2m:[0m [3mstage[0m[2m=[0m"trace.lookups_permuted.start" [3mrss_mb[0m[2m=[0m146 [3mhwm_mb[0m[2m=[0m209
[2m2026-09-15T06:59:25.248495Z[0m [32m INFO[0m [2mmidnight_bench[0m[2m:[0m [3mstage[0m[2m=[0m"trace.lookups_permuted.end" [3mrss_mb[0m[2m=[0m151 [3mhwm_mb[0m[2m=[0m209
[2m2026-09-15T06:59:25.248525Z[0m [32m INFO[0m [2mmidnight_bench[0m[2m:[0m [3mstage[0m[2m=[0m"trace.permutations_commit.start" [3mrss_mb[0m[2m=[0m151 [3mhwm_mb[0m[2m=[0m209
[2m2026-09-15T06:59:25.322297Z[0m [32m INFO[0m [2mmidnight_bench[0m[2m:[0m [3mstage[0m[2m=[0m"trace.permutations_commit.end" [3mrss_mb[0m[2m=[0m158 [3mhwm_mb[0m[2m=[0m209
[2m2026-09-15T06:59:25.322322Z[0m [32m INFO[0m [2mmidnight_bench[0m[2m:[0m [3mstage[0m[2m=[0m"trace.lookups_product.start" [3mrss_mb[0m[2m=[0m158 [3mhwm_mb[0m[2m=[0m209
[2m2026-09-15T06:59:25.372775Z[0m [32m INFO[0m [2mmidnight_bench[0m[2m:[0m [3mstage[0m[2m=[0m"trace.lookups_product.end" [3mrss_mb[0m[2m=[0m158 [3mhwm_mb[0m[2m=[0m209
[2m2026-09-15T06:59:25.397093Z[0m [32m INFO[0m [2mmidnight_bench[0m[2m:[0m [3mstage[0m[2m=[0m"create_proof.compute_trace.end" [3mrss_mb[0m[2m=[0m159 [3mhwm_mb[0m[2m=[0m209
[2m2026-09-15T06:59:25.397117Z[0m [32m INFO[0m [2mmidnight_bench[0m[2m:[0m [3mstage[0m[2m=[0m"create_proof.finalise_proof.start" [3mrss_mb[0m[2m=[0m159 [3mhwm_mb[0m[2m=[0m209
[2m2026-09-15T06:59:25.397125Z[0m [32m INFO[0m [2mmidnight_bench[0m[2m:[0m [3mstage[0m[2m=[0m"finalise.compute_h_poly.start" [3mrss_mb[0m[2m=[0m159 [3mhwm_mb[0m[2m=[0m209
[2m2026-09-15T06:59:25.397132Z[0m [32m INFO[0m [2mmidnight_bench[0m[2m:[0m [3mstage[0m[2m=[0m"finalise.compute_h_poly.spill_advice_cosets.start" [3mrss_mb[0m[2m=[0m159 [3mhwm_mb[0m[2m=[0m209
[2m2026-09-15T06:59:25.432653Z[0m [32m INFO[0m [2mmidnight_bench[0m[2m:[0m [3mstage[0m[2m=[0m"finalise.compute_h_poly.spill_advice_cosets.end" [3mrss_mb[0m[2m=[0m169 [3mhwm_mb[0m[2m=[0m209
[2m2026-09-15T06:59:25.432680Z[0m [32m INFO[0m [2mmidnight_bench[0m[2m:[0m [3mstage[0m[2m=[0m"finalise.compute_h_poly.spill_instance_cosets.start" [3mrss_mb[0m[2m=[0m169 [3mhwm_mb[0m[2m=[0m209
[2m2026-09-15T06:59:25.446073Z[0m [32m INFO[0m [2mmidnight_bench[0m[2m:[0m [3mstage[0m[2m=[0m"finalise.compute_h_poly.spill_instance_cosets.end" [3mrss_mb[0m[2m=[0m173 [3mhwm_mb[0m[2m=[0m209
[2m2026-09-15T06:59:25.446099Z[0m [32m INFO[0m [2mmidnight_bench[0m[2m:[0m [3mstage[0m[2m=[0m"finalise.compute_h_poly.spill_fixed_cosets.start" [3mrss_mb[0m[2m=[0m173 [3mhwm_mb[0m[2m=[0m209
[2m2026-09-15T06:59:25.567238Z[0m [32m INFO[0m [2mmidnight_bench[0m[2m:[0m [3mstage[0m[2m=[0m"finalise.compute_h_poly.spill_fixed_cosets.end" [3mrss_mb[0m[2m=[0m207 [3mhwm_mb[0m[2m=[0m209
[2m2026-09-15T06:59:25.567264Z[0m [32m INFO[0m [2mmidnight_bench[0m[2m:[0m [3mstage[0m[2m=[0m"finalise.compute_h_poly.spill_perm_cosets.start" [3mrss_mb[0m[2m=[0m207 [3mhwm_mb[0m[2m=[0m209
[2m2026-09-15T06:59:25.623749Z[0m [32m INFO[0m [2mmidnight_bench[0m[2m:[0m [3mstage[0m[2m=[0m"finalise.compute_h_poly.spill_perm_cosets.end" [3mrss_mb[0m[2m=[0m223 [3mhwm_mb[0m[2m=[0m223
[2m2026-09-15T06:59:25.758352Z[0m [32m INFO[0m [2mmidnight_bench[0m[2m:[0m [3mstage[0m[2m=[0m"finalise.compute_h_poly.drop_cosets.end" [3mrss_mb[0m[2m=[0m224 [3mhwm_mb[0m[2m=[0m224
[2m2026-09-15T06:59:25.761830Z[0m [32m INFO[0m [2mmidnight_bench[0m[2m:[0m [3mstage[0m[2m=[0m"finalise.compute_h_poly.end" [3mrss_mb[0m[2m=[0m160 [3mhwm_mb[0m[2m=[0m222
[2m2026-09-15T06:59:25.761846Z[0m [32m INFO[0m [2mmidnight_bench[0m[2m:[0m [3mstage[0m[2m=[0m"finalise.vanishing_construct.start" [3mrss_mb[0m[2m=[0m160 [3mhwm_mb[0m[2m=[0m222
[2m2026-09-15T06:59:25.854828Z[0m [32m INFO[0m [2mmidnight_bench[0m[2m:[0m [3mstage[0m[2m=[0m"finalise.vanishing_construct.end" [3mrss_mb[0m[2m=[0m160 [3mhwm_mb[0m[2m=[0m222
[2m2026-09-15T06:59:25.882927Z[0m [32m INFO[0m [2mmidnight_bench[0m[2m:[0m [3mstage[0m[2m=[0m"finalise.compute_queries.start" [3mrss_mb[0m[2m=[0m160 [3mhwm_mb[0m[2m=[0m222
[2m2026-09-15T06:59:25.883022Z[0m [32m INFO[0m [2mmidnight_bench[0m[2m:[0m [3mstage[0m[2m=[0m"finalise.multi_open.start" [3mrss_mb[0m[2m=[0m160 [3mhwm_mb[0m[2m=[0m222
[2m2026-09-15T06:59:25.971355Z[0m [32m INFO[0m [2mmidnight_bench[0m[2m:[0m [3mstage[0m[2m=[0m"finalise.multi_open.end" [3mrss_mb[0m[2m=[0m160 [3mhwm_mb[0m[2m=[0m222
[2m2026-09-15T06:59:25.972165Z[0m [32m INFO[0m [2mmidnight_bench[0m[2m:[0m [3mstage[0m[2m=[0m"create_proof.finalise_proof.end" [3mrss_mb[0m[2m=[0m144 [3mhwm_mb[0m[2m=[0m222
[2m2026-09-15T06:59:25.987958Z[0m [32m INFO[0m [2mactix_web::middleware::logger[0m[2m:[0m 192.168.65.1 POST /prove HTTP/1.1; took 0.866523s
[2m2026-09-15T06:59:25.989832Z[0m [32m INFO[0m [2mmidnight_proof_server::endpoints[0m[2m:[0m Starting to process request for /prove...
[2m2026-09-15T06:59:26.060806Z[0m [32m INFO[0m [2mmidnight_bench[0m[2m:[0m [3mstage[0m[2m=[0m"create_proof.compute_trace.start" [3mrss_mb[0m[2m=[0m157 [3mhwm_mb[0m[2m=[0m222
[2m2026-09-15T06:59:26.060836Z[0m [32m INFO[0m [2mmidnight_bench[0m[2m:[0m [3mstage[0m[2m=[0m"trace.compute_instances.start" [3mrss_mb[0m[2m=[0m157 [3mhwm_mb[0m[2m=[0m222
[2m2026-09-15T06:59:26.065307Z[0m [32m INFO[0m [2mmidnight_bench[0m[2m:[0m [3mstage[0m[2m=[0m"trace.compute_instances.end" [3mrss_mb[0m[2m=[0m157 [3mhwm_mb[0m[2m=[0m222
[2m2026-09-15T06:59:26.065338Z[0m [32m INFO[0m [2mmidnight_bench[0m[2m:[0m [3mstage[0m[2m=[0m"trace.parse_advices.start" [3mrss_mb[0m[2m=[0m157 [3mhwm_mb[0m[2m=[0m222
[2m2026-09-15T06:59:26.071019Z[0m [32m INFO[0m [2mmidnight_bench[0m[2m:[0m [3mstage[0m[2m=[0m"trace.parse_advices.end" [3mrss_mb[0m[2m=[0m159 [3mhwm_mb[0m[2m=[0m222
[2m2026-09-15T06:59:26.071058Z[0m [32m INFO[0m [2mmidnight_bench[0m[2m:[0m [3mstage[0m[2m=[0m"trace.lookups_permuted.start" [3mrss_mb[0m[2m=[0m159 [3mhwm_mb[0m[2m=[0m222
[2m2026-09-15T06:59:26.116554Z[0m [32m INFO[0m [2mmidnight_bench[0m[2m:[0m [3mstage[0m[2m=[0m"trace.lookups_permuted.end" [3mrss_mb[0m[2m=[0m164 [3mhwm_mb[0m[2m=[0m222
[2m2026-09-15T06:59:26.116584Z[0m [32m INFO[0m [2mmidnight_bench[0m[2m:[0m [3mstage[0m[2m=[0m"trace.permutations_commit.start" [3mrss_mb[0m[2m=[0m164 [3mhwm_mb[0m[2m=[0m222
[2m2026-09-15T06:59:26.183505Z[0m [32m INFO[0m [2mmidnight_bench[0m[2m:[0m [3mstage[0m[2m=[0m"trace.permutations_commit.end" [3mrss_mb[0m[2m=[0m171 [3mhwm_mb[0m[2m=[0m222
[2m2026-09-15T06:59:26.183530Z[0m [32m INFO[0m [2mmidnight_bench[0m[2m:[0m [3mstage[0m[2m=[0m"trace.lookups_product.start" [3mrss_mb[0m[2m=[0m171 [3mhwm_mb[0m[2m=[0m222
[2m2026-09-15T06:59:26.235082Z[0m [32m INFO[0m [2mmidnight_bench[0m[2m:[0m [3mstage[0m[2m=[0m"trace.lookups_product.end" [3mrss_mb[0m[2m=[0m171 [3mhwm_mb[0m[2m=[0m222
[2m2026-09-15T06:59:26.257940Z[0m [32m INFO[0m [2mmidnight_bench[0m[2m:[0m [3mstage[0m[2m=[0m"create_proof.compute_trace.end" [3mrss_mb[0m[2m=[0m172 [3mhwm_mb[0m[2m=[0m222
[2m2026-09-15T06:59:26.257964Z[0m [32m INFO[0m [2mmidnight_bench[0m[2m:[0m [3mstage[0m[2m=[0m"create_proof.finalise_proof.start" [3mrss_mb[0m[2m=[0m172 [3mhwm_mb[0m[2m=[0m222
[2m2026-09-15T06:59:26.257973Z[0m [32m INFO[0m [2mmidnight_bench[0m[2m:[0m [3mstage[0m[2m=[0m"finalise.compute_h_poly.start" [3mrss_mb[0m[2m=[0m172 [3mhwm_mb[0m[2m=[0m222
[2m2026-09-15T06:59:26.257980Z[0m [32m INFO[0m [2mmidnight_bench[0m[2m:[0m [3mstage[0m[2m=[0m"finalise.compute_h_poly.spill_advice_cosets.start" [3mrss_mb[0m[2m=[0m172 [3mhwm_mb[0m[2m=[0m222
[2m2026-09-15T06:59:26.292302Z[0m [32m INFO[0m [2mmidnight_bench[0m[2m:[0m [3mstage[0m[2m=[0m"finalise.compute_h_poly.spill_advice_cosets.end" [3mrss_mb[0m[2m=[0m182 [3mhwm_mb[0m[2m=[0m222
[2m2026-09-15T06:59:26.292332Z[0m [32m INFO[0m [2mmidnight_bench[0m[2m:[0m [3mstage[0m[2m=[0m"finalise.compute_h_poly.spill_instance_cosets.start" [3mrss_mb[0m[2m=[0m182 [3mhwm_mb[0m[2m=[0m222
[2m2026-09-15T06:59:26.304410Z[0m [32m INFO[0m [2mmidnight_bench[0m[2m:[0m [3mstage[0m[2m=[0m"finalise.compute_h_poly.spill_instance_cosets.end" [3mrss_mb[0m[2m=[0m186 [3mhwm_mb[0m[2m=[0m222
[2m2026-09-15T06:59:26.304434Z[0m [32m INFO[0m [2mmidnight_bench[0m[2m:[0m [3mstage[0m[2m=[0m"finalise.compute_h_poly.spill_fixed_cosets.start" [3mrss_mb[0m[2m=[0m186 [3mhwm_mb[0m[2m=[0m222
[2m2026-09-15T06:59:26.410944Z[0m [32m INFO[0m [2mmidnight_bench[0m[2m:[0m [3mstage[0m[2m=[0m"finalise.compute_h_poly.spill_fixed_cosets.end" [3mrss_mb[0m[2m=[0m220 [3mhwm_mb[0m[2m=[0m222
[2m2026-09-15T06:59:26.410968Z[0m [32m INFO[0m [2mmidnight_bench[0m[2m:[0m [3mstage[0m[2m=[0m"finalise.compute_h_poly.spill_perm_cosets.start" [3mrss_mb[0m[2m=[0m220 [3mhwm_mb[0m[2m=[0m222
[2m2026-09-15T06:59:26.465119Z[0m [32m INFO[0m [2mmidnight_bench[0m[2m:[0m [3mstage[0m[2m=[0m"finalise.compute_h_poly.spill_perm_cosets.end" [3mrss_mb[0m[2m=[0m236 [3mhwm_mb[0m[2m=[0m236
[2m2026-09-15T06:59:26.647505Z[0m [32m INFO[0m [2mmidnight_bench[0m[2m:[0m [3mstage[0m[2m=[0m"finalise.compute_h_poly.drop_cosets.end" [3mrss_mb[0m[2m=[0m236 [3mhwm_mb[0m[2m=[0m236
[2m2026-09-15T06:59:26.651407Z[0m [32m INFO[0m [2mmidnight_bench[0m[2m:[0m [3mstage[0m[2m=[0m"finalise.compute_h_poly.end" [3mrss_mb[0m[2m=[0m172 [3mhwm_mb[0m[2m=[0m235
[2m2026-09-15T06:59:26.651430Z[0m [32m INFO[0m [2mmidnight_bench[0m[2m:[0m [3mstage[0m[2m=[0m"finalise.vanishing_construct.start" [3mrss_mb[0m[2m=[0m172 [3mhwm_mb[0m[2m=[0m235
[2m2026-09-15T06:59:26.791467Z[0m [32m INFO[0m [2mmidnight_bench[0m[2m:[0m [3mstage[0m[2m=[0m"finalise.vanishing_construct.end" [3mrss_mb[0m[2m=[0m172 [3mhwm_mb[0m[2m=[0m235
[2m2026-09-15T06:59:26.830290Z[0m [32m INFO[0m [2mmidnight_bench[0m[2m:[0m [3mstage[0m[2m=[0m"finalise.compute_queries.start" [3mrss_mb[0m[2m=[0m172 [3mhwm_mb[0m[2m=[0m235
[2m2026-09-15T06:59:26.830386Z[0m [32m INFO[0m [2mmidnight_bench[0m[2m:[0m [3mstage[0m[2m=[0m"finalise.multi_open.start" [3mrss_mb[0m[2m=[0m172 [3mhwm_mb[0m[2m=[0m235
[2m2026-09-15T06:59:26.954975Z[0m [32m INFO[0m [2mmidnight_bench[0m[2m:[0m [3mstage[0m[2m=[0m"finalise.multi_open.end" [3mrss_mb[0m[2m=[0m172 [3mhwm_mb[0m[2m=[0m235
[2m2026-09-15T06:59:26.955725Z[0m [32m INFO[0m [2mmidnight_bench[0m[2m:[0m [3mstage[0m[2m=[0m"create_proof.finalise_proof.end" [3mrss_mb[0m[2m=[0m157 [3mhwm_mb[0m[2m=[0m235
[2m2026-09-15T06:59:26.972761Z[0m [32m INFO[0m [2mactix_web::middleware::logger[0m[2m:[0m 192.168.65.1 POST /prove HTTP/1.1; took 0.982959s
[2m2026-09-15T06:59:26.974412Z[0m [32m INFO[0m [2mmidnight_proof_server::endpoints[0m[2m:[0m Starting to process request for /prove...
[2m2026-09-15T06:59:27.056363Z[0m [32m INFO[0m [2mmidnight_bench[0m[2m:[0m [3mstage[0m[2m=[0m"create_proof.compute_trace.start" [3mrss_mb[0m[2m=[0m173 [3mhwm_mb[0m[2m=[0m235
[2m2026-09-15T06:59:27.056393Z[0m [32m INFO[0m [2mmidnight_bench[0m[2m:[0m [3mstage[0m[2m=[0m"trace.compute_instances.start" [3mrss_mb[0m[2m=[0m173 [3mhwm_mb[0m[2m=[0m235
[2m2026-09-15T06:59:27.061462Z[0m [32m INFO[0m [2mmidnight_bench[0m[2m:[0m [3mstage[0m[2m=[0m"trace.compute_instances.end" [3mrss_mb[0m[2m=[0m173 [3mhwm_mb[0m[2m=[0m235
[2m2026-09-15T06:59:27.061482Z[0m [32m INFO[0m [2mmidnight_bench[0m[2m:[0m [3mstage[0m[2m=[0m"trace.parse_advices.start" [3mrss_mb[0m[2m=[0m173 [3mhwm_mb[0m[2m=[0m235
[2m2026-09-15T06:59:27.067076Z[0m [32m INFO[0m [2mmidnight_bench[0m[2m:[0m [3mstage[0m[2m=[0m"trace.parse_advices.end" [3mrss_mb[0m[2m=[0m175 [3mhwm_mb[0m[2m=[0m235
[2m2026-09-15T06:59:27.067102Z[0m [32m INFO[0m [2mmidnight_bench[0m[2m:[0m [3mstage[0m[2m=[0m"trace.lookups_permuted.start" [3mrss_mb[0m[2m=[0m175 [3mhwm_mb[0m[2m=[0m235
[2m2026-09-15T06:59:27.112113Z[0m [32m INFO[0m [2mmidnight_bench[0m[2m:[0m [3mstage[0m[2m=[0m"trace.lookups_permuted.end" [3mrss_mb[0m[2m=[0m180 [3mhwm_mb[0m[2m=[0m235
[2m2026-09-15T06:59:27.112141Z[0m [32m INFO[0m [2mmidnight_bench[0m[2m:[0m [3mstage[0m[2m=[0m"trace.permutations_commit.start" [3mrss_mb[0m[2m=[0m180 [3mhwm_mb[0m[2m=[0m235
[2m2026-09-15T06:59:27.179492Z[0m [32m INFO[0m [2mmidnight_bench[0m[2m:[0m [3mstage[0m[2m=[0m"trace.permutations_commit.end" [3mrss_mb[0m[2m=[0m187 [3mhwm_mb[0m[2m=[0m235
[2m2026-09-15T06:59:27.179517Z[0m [32m INFO[0m [2mmidnight_bench[0m[2m:[0m [3mstage[0m[2m=[0m"trace.lookups_product.start" [3mrss_mb[0m[2m=[0m187 [3mhwm_mb[0m[2m=[0m235
[2m2026-09-15T06:59:27.229577Z[0m [32m INFO[0m [2mmidnight_bench[0m[2m:[0m [3mstage[0m[2m=[0m"trace.lookups_product.end" [3mrss_mb[0m[2m=[0m187 [3mhwm_mb[0m[2m=[0m235
[2m2026-09-15T06:59:27.254982Z[0m [32m INFO[0m [2mmidnight_bench[0m[2m:[0m [3mstage[0m[2m=[0m"create_proof.compute_trace.end" [3mrss_mb[0m[2m=[0m188 [3mhwm_mb[0m[2m=[0m235
[2m2026-09-15T06:59:27.255009Z[0m [32m INFO[0m [2mmidnight_bench[0m[2m:[0m [3mstage[0m[2m=[0m"create_proof.finalise_proof.start" [3mrss_mb[0m[2m=[0m188 [3mhwm_mb[0m[2m=[0m235
[2m2026-09-15T06:59:27.255017Z[0m [32m INFO[0m [2mmidnight_bench[0m[2m:[0m [3mstage[0m[2m=[0m"finalise.compute_h_poly.start" [3mrss_mb[0m[2m=[0m188 [3mhwm_mb[0m[2m=[0m235
[2m2026-09-15T06:59:27.255024Z[0m [32m INFO[0m [2mmidnight_bench[0m[2m:[0m [3mstage[0m[2m=[0m"finalise.compute_h_poly.spill_advice_cosets.start" [3mrss_mb[0m[2m=[0m188 [3mhwm_mb[0m[2m=[0m235
[2m2026-09-15T06:59:27.290812Z[0m [32m INFO[0m [2mmidnight_bench[0m[2m:[0m [3mstage[0m[2m=[0m"finalise.compute_h_poly.spill_advice_cosets.end" [3mrss_mb[0m[2m=[0m198 [3mhwm_mb[0m[2m=[0m235
[2m2026-09-15T06:59:27.290840Z[0m [32m INFO[0m [2mmidnight_bench[0m[2m:[0m [3mstage[0m[2m=[0m"finalise.compute_h_poly.spill_instance_cosets.start" [3mrss_mb[0m[2m=[0m198 [3mhwm_mb[0m[2m=[0m235
[2m2026-09-15T06:59:27.303301Z[0m [32m INFO[0m [2mmidnight_bench[0m[2m:[0m [3mstage[0m[2m=[0m"finalise.compute_h_poly.spill_instance_cosets.end" [3mrss_mb[0m[2m=[0m202 [3mhwm_mb[0m[2m=[0m235
[2m2026-09-15T06:59:27.303322Z[0m [32m INFO[0m [2mmidnight_bench[0m[2m:[0m [3mstage[0m[2m=[0m"finalise.compute_h_poly.spill_fixed_cosets.start" [3mrss_mb[0m[2m=[0m202 [3mhwm_mb[0m[2m=[0m235
[2m2026-09-15T06:59:27.418318Z[0m [32m INFO[0m [2mmidnight_bench[0m[2m:[0m [3mstage[0m[2m=[0m"finalise.compute_h_poly.spill_fixed_cosets.end" [3mrss_mb[0m[2m=[0m236 [3mhwm_mb[0m[2m=[0m236
[2m2026-09-15T06:59:27.418343Z[0m [32m INFO[0m [2mmidnight_bench[0m[2m:[0m [3mstage[0m[2m=[0m"finalise.compute_h_poly.spill_perm_cosets.start" [3mrss_mb[0m[2m=[0m236 [3mhwm_mb[0m[2m=[0m236
[2m2026-09-15T06:59:27.469004Z[0m [32m INFO[0m [2mmidnight_bench[0m[2m:[0m [3mstage[0m[2m=[0m"finalise.compute_h_poly.spill_perm_cosets.end" [3mrss_mb[0m[2m=[0m252 [3mhwm_mb[0m[2m=[0m252
[2m2026-09-15T06:59:27.610127Z[0m [32m INFO[0m [2mmidnight_bench[0m[2m:[0m [3mstage[0m[2m=[0m"finalise.compute_h_poly.drop_cosets.end" [3mrss_mb[0m[2m=[0m252 [3mhwm_mb[0m[2m=[0m252
[2m2026-09-15T06:59:27.613528Z[0m [32m INFO[0m [2mmidnight_bench[0m[2m:[0m [3mstage[0m[2m=[0m"finalise.compute_h_poly.end" [3mrss_mb[0m[2m=[0m188 [3mhwm_mb[0m[2m=[0m251
[2m2026-09-15T06:59:27.613552Z[0m [32m INFO[0m [2mmidnight_bench[0m[2m:[0m [3mstage[0m[2m=[0m"finalise.vanishing_construct.start" [3mrss_mb[0m[2m=[0m188 [3mhwm_mb[0m[2m=[0m251
[2m2026-09-15T06:59:27.702211Z[0m [32m INFO[0m [2mmidnight_bench[0m[2m:[0m [3mstage[0m[2m=[0m"finalise.vanishing_construct.end" [3mrss_mb[0m[2m=[0m188 [3mhwm_mb[0m[2m=[0m251
[2m2026-09-15T06:59:27.729330Z[0m [32m INFO[0m [2mmidnight_bench[0m[2m:[0m [3mstage[0m[2m=[0m"finalise.compute_queries.start" [3mrss_mb[0m[2m=[0m188 [3mhwm_mb[0m[2m=[0m251
[2m2026-09-15T06:59:27.729416Z[0m [32m INFO[0m [2mmidnight_bench[0m[2m:[0m [3mstage[0m[2m=[0m"finalise.multi_open.start" [3mrss_mb[0m[2m=[0m188 [3mhwm_mb[0m[2m=[0m251
[2m2026-09-15T06:59:27.818938Z[0m [32m INFO[0m [2mmidnight_bench[0m[2m:[0m [3mstage[0m[2m=[0m"finalise.multi_open.end" [3mrss_mb[0m[2m=[0m188 [3mhwm_mb[0m[2m=[0m251
[2m2026-09-15T06:59:27.819774Z[0m [32m INFO[0m [2mmidnight_bench[0m[2m:[0m [3mstage[0m[2m=[0m"create_proof.finalise_proof.end" [3mrss_mb[0m[2m=[0m173 [3mhwm_mb[0m[2m=[0m251
[2m2026-09-15T06:59:27.835162Z[0m [32m INFO[0m [2mactix_web::middleware::logger[0m[2m:[0m 192.168.65.1 POST /prove HTTP/1.1; took 0.860766s
[2m2026-09-15T06:59:27.837628Z[0m [32m INFO[0m [2mmidnight_proof_server::endpoints[0m[2m:[0m Starting to process request for /prove...
[2m2026-09-15T06:59:27.907058Z[0m [32m INFO[0m [2mmidnight_bench[0m[2m:[0m [3mstage[0m[2m=[0m"create_proof.compute_trace.start" [3mrss_mb[0m[2m=[0m170 [3mhwm_mb[0m[2m=[0m251
[2m2026-09-15T06:59:27.907090Z[0m [32m INFO[0m [2mmidnight_bench[0m[2m:[0m [3mstage[0m[2m=[0m"trace.compute_instances.start" [3mrss_mb[0m[2m=[0m170 [3mhwm_mb[0m[2m=[0m251
[2m2026-09-15T06:59:27.911829Z[0m [32m INFO[0m [2mmidnight_bench[0m[2m:[0m [3mstage[0m[2m=[0m"trace.compute_instances.end" [3mrss_mb[0m[2m=[0m170 [3mhwm_mb[0m[2m=[0m251
[2m2026-09-15T06:59:27.911847Z[0m [32m INFO[0m [2mmidnight_bench[0m[2m:[0m [3mstage[0m[2m=[0m"trace.parse_advices.start" [3mrss_mb[0m[2m=[0m170 [3mhwm_mb[0m[2m=[0m251
[2m2026-09-15T06:59:27.917406Z[0m [32m INFO[0m [2mmidnight_bench[0m[2m:[0m [3mstage[0m[2m=[0m"trace.parse_advices.end" [3mrss_mb[0m[2m=[0m171 [3mhwm_mb[0m[2m=[0m251
[2m2026-09-15T06:59:27.917428Z[0m [32m INFO[0m [2mmidnight_bench[0m[2m:[0m [3mstage[0m[2m=[0m"trace.lookups_permuted.start" [3mrss_mb[0m[2m=[0m171 [3mhwm_mb[0m[2m=[0m251
[2m2026-09-15T06:59:27.963163Z[0m [32m INFO[0m [2mmidnight_bench[0m[2m:[0m [3mstage[0m[2m=[0m"trace.lookups_permuted.end" [3mrss_mb[0m[2m=[0m177 [3mhwm_mb[0m[2m=[0m251
[2m2026-09-15T06:59:27.963200Z[0m [32m INFO[0m [2mmidnight_bench[0m[2m:[0m [3mstage[0m[2m=[0m"trace.permutations_commit.start" [3mrss_mb[0m[2m=[0m177 [3mhwm_mb[0m[2m=[0m251
[2m2026-09-15T06:59:28.047028Z[0m [32m INFO[0m [2mmidnight_bench[0m[2m:[0m [3mstage[0m[2m=[0m"trace.permutations_commit.end" [3mrss_mb[0m[2m=[0m184 [3mhwm_mb[0m[2m=[0m251
[2m2026-09-15T06:59:28.047056Z[0m [32m INFO[0m [2mmidnight_bench[0m[2m:[0m [3mstage[0m[2m=[0m"trace.lookups_product.start" [3mrss_mb[0m[2m=[0m184 [3mhwm_mb[0m[2m=[0m251
[2m2026-09-15T06:59:28.096600Z[0m [32m INFO[0m [2mmidnight_bench[0m[2m:[0m [3mstage[0m[2m=[0m"trace.lookups_product.end" [3mrss_mb[0m[2m=[0m184 [3mhwm_mb[0m[2m=[0m251
[2m2026-09-15T06:59:28.122068Z[0m [32m INFO[0m [2mmidnight_bench[0m[2m:[0m [3mstage[0m[2m=[0m"create_proof.compute_trace.end" [3mrss_mb[0m[2m=[0m185 [3mhwm_mb[0m[2m=[0m251
[2m2026-09-15T06:59:28.122091Z[0m [32m INFO[0m [2mmidnight_bench[0m[2m:[0m [3mstage[0m[2m=[0m"create_proof.finalise_proof.start" [3mrss_mb[0m[2m=[0m185 [3mhwm_mb[0m[2m=[0m251
[2m2026-09-15T06:59:28.122101Z[0m [32m INFO[0m [2mmidnight_bench[0m[2m:[0m [3mstage[0m[2m=[0m"finalise.compute_h_poly.start" [3mrss_mb[0m[2m=[0m185 [3mhwm_mb[0m[2m=[0m251
[2m2026-09-15T06:59:28.122109Z[0m [32m INFO[0m [2mmidnight_bench[0m[2m:[0m [3mstage[0m[2m=[0m"finalise.compute_h_poly.spill_advice_cosets.start" [3mrss_mb[0m[2m=[0m185 [3mhwm_mb[0m[2m=[0m251
[2m2026-09-15T06:59:28.154469Z[0m [32m INFO[0m [2mmidnight_bench[0m[2m:[0m [3mstage[0m[2m=[0m"finalise.compute_h_poly.spill_advice_cosets.end" [3mrss_mb[0m[2m=[0m195 [3mhwm_mb[0m[2m=[0m251
[2m2026-09-15T06:59:28.154496Z[0m [32m INFO[0m [2mmidnight_bench[0m[2m:[0m [3mstage[0m[2m=[0m"finalise.compute_h_poly.spill_instance_cosets.start" [3mrss_mb[0m[2m=[0m195 [3mhwm_mb[0m[2m=[0m251
[2m2026-09-15T06:59:28.167130Z[0m [32m INFO[0m [2mmidnight_bench[0m[2m:[0m [3mstage[0m[2m=[0m"finalise.compute_h_poly.spill_instance_cosets.end" [3mrss_mb[0m[2m=[0m199 [3mhwm_mb[0m[2m=[0m251
[2m2026-09-15T06:59:28.167153Z[0m [32m INFO[0m [2mmidnight_bench[0m[2m:[0m [3mstage[0m[2m=[0m"finalise.compute_h_poly.spill_fixed_cosets.start" [3mrss_mb[0m[2m=[0m199 [3mhwm_mb[0m[2m=[0m251
[2m2026-09-15T06:59:28.277115Z[0m [32m INFO[0m [2mmidnight_bench[0m[2m:[0m [3mstage[0m[2m=[0m"finalise.compute_h_poly.spill_fixed_cosets.end" [3mrss_mb[0m[2m=[0m233 [3mhwm_mb[0m[2m=[0m251
[2m2026-09-15T06:59:28.277137Z[0m [32m INFO[0m [2mmidnight_bench[0m[2m:[0m [3mstage[0m[2m=[0m"finalise.compute_h_poly.spill_perm_cosets.start" [3mrss_mb[0m[2m=[0m233 [3mhwm_mb[0m[2m=[0m251
[2m2026-09-15T06:59:28.327380Z[0m [32m INFO[0m [2mmidnight_bench[0m[2m:[0m [3mstage[0m[2m=[0m"finalise.compute_h_poly.spill_perm_cosets.end" [3mrss_mb[0m[2m=[0m249 [3mhwm_mb[0m[2m=[0m251
[2m2026-09-15T06:59:28.502144Z[0m [32m INFO[0m [2mmidnight_bench[0m[2m:[0m [3mstage[0m[2m=[0m"finalise.compute_h_poly.drop_cosets.end" [3mrss_mb[0m[2m=[0m249 [3mhwm_mb[0m[2m=[0m251
[2m2026-09-15T06:59:28.505988Z[0m [32m INFO[0m [2mmidnight_bench[0m[2m:[0m [3mstage[0m[2m=[0m"finalise.compute_h_poly.end" [3mrss_mb[0m[2m=[0m185 [3mhwm_mb[0m[2m=[0m251
[2m2026-09-15T06:59:28.506012Z[0m [32m INFO[0m [2mmidnight_bench[0m[2m:[0m [3mstage[0m[2m=[0m"finalise.vanishing_construct.start" [3mrss_mb[0m[2m=[0m185 [3mhwm_mb[0m[2m=[0m251
[2m2026-09-15T06:59:28.597275Z[0m [32m INFO[0m [2mmidnight_bench[0m[2m:[0m [3mstage[0m[2m=[0m"finalise.vanishing_construct.end" [3mrss_mb[0m[2m=[0m185 [3mhwm_mb[0m[2m=[0m251
[2m2026-09-15T06:59:28.627579Z[0m [32m INFO[0m [2mmidnight_bench[0m[2m:[0m [3mstage[0m[2m=[0m"finalise.compute_queries.start" [3mrss_mb[0m[2m=[0m185 [3mhwm_mb[0m[2m=[0m251
[2m2026-09-15T06:59:28.627683Z[0m [32m INFO[0m [2mmidnight_bench[0m[2m:[0m [3mstage[0m[2m=[0m"finalise.multi_open.start" [3mrss_mb[0m[2m=[0m185 [3mhwm_mb[0m[2m=[0m251
[2m2026-09-15T06:59:28.716866Z[0m [32m INFO[0m [2mmidnight_bench[0m[2m:[0m [3mstage[0m[2m=[0m"finalise.multi_open.end" [3mrss_mb[0m[2m=[0m185 [3mhwm_mb[0m[2m=[0m251
[2m2026-09-15T06:59:28.717588Z[0m [32m INFO[0m [2mmidnight_bench[0m[2m:[0m [3mstage[0m[2m=[0m"create_proof.finalise_proof.end" [3mrss_mb[0m[2m=[0m170 [3mhwm_mb[0m[2m=[0m251
[2m2026-09-15T06:59:28.733092Z[0m [32m INFO[0m [2mactix_web::middleware::logger[0m[2m:[0m 192.168.65.1 POST /prove HTTP/1.1; took 0.895527s
[2m2026-09-15T06:59:28.734447Z[0m [32m INFO[0m [2mmidnight_proof_server::endpoints[0m[2m:[0m Starting to process request for /prove...
[2m2026-09-15T06:59:28.808784Z[0m [32m INFO[0m [2mmidnight_bench[0m[2m:[0m [3mstage[0m[2m=[0m"create_proof.compute_trace.start" [3mrss_mb[0m[2m=[0m188 [3mhwm_mb[0m[2m=[0m251
[2m2026-09-15T06:59:28.808815Z[0m [32m INFO[0m [2mmidnight_bench[0m[2m:[0m [3mstage[0m[2m=[0m"trace.compute_instances.start" [3mrss_mb[0m[2m=[0m188 [3mhwm_mb[0m[2m=[0m251
[2m2026-09-15T06:59:28.813756Z[0m [32m INFO[0m [2mmidnight_bench[0m[2m:[0m [3mstage[0m[2m=[0m"trace.compute_instances.end" [3mrss_mb[0m[2m=[0m188 [3mhwm_mb[0m[2m=[0m251
[2m2026-09-15T06:59:28.813778Z[0m [32m INFO[0m [2mmidnight_bench[0m[2m:[0m [3mstage[0m[2m=[0m"trace.parse_advices.start" [3mrss_mb[0m[2m=[0m188 [3mhwm_mb[0m[2m=[0m251
[2m2026-09-15T06:59:28.819388Z[0m [32m INFO[0m [2mmidnight_bench[0m[2m:[0m [3mstage[0m[2m=[0m"trace.parse_advices.end" [3mrss_mb[0m[2m=[0m189 [3mhwm_mb[0m[2m=[0m251
[2m2026-09-15T06:59:28.819411Z[0m [32m INFO[0m [2mmidnight_bench[0m[2m:[0m [3mstage[0m[2m=[0m"trace.lookups_permuted.start" [3mrss_mb[0m[2m=[0m189 [3mhwm_mb[0m[2m=[0m251
[2m2026-09-15T06:59:28.864405Z[0m [32m INFO[0m [2mmidnight_bench[0m[2m:[0m [3mstage[0m[2m=[0m"trace.lookups_permuted.end" [3mrss_mb[0m[2m=[0m195 [3mhwm_mb[0m[2m=[0m251
[2m2026-09-15T06:59:28.864437Z[0m [32m INFO[0m [2mmidnight_bench[0m[2m:[0m [3mstage[0m[2m=[0m"trace.permutations_commit.start" [3mrss_mb[0m[2m=[0m195 [3mhwm_mb[0m[2m=[0m251
[2m2026-09-15T06:59:28.931605Z[0m [32m INFO[0m [2mmidnight_bench[0m[2m:[0m [3mstage[0m[2m=[0m"trace.permutations_commit.end" [3mrss_mb[0m[2m=[0m202 [3mhwm_mb[0m[2m=[0m251
[2m2026-09-15T06:59:28.931630Z[0m [32m INFO[0m [2mmidnight_bench[0m[2m:[0m [3mstage[0m[2m=[0m"trace.lookups_product.start" [3mrss_mb[0m[2m=[0m202 [3mhwm_mb[0m[2m=[0m251
[2m2026-09-15T06:59:28.983653Z[0m [32m INFO[0m [2mmidnight_bench[0m[2m:[0m [3mstage[0m[2m=[0m"trace.lookups_product.end" [3mrss_mb[0m[2m=[0m203 [3mhwm_mb[0m[2m=[0m251
[2m2026-09-15T06:59:29.009612Z[0m [32m INFO[0m [2mmidnight_bench[0m[2m:[0m [3mstage[0m[2m=[0m"create_proof.compute_trace.end" [3mrss_mb[0m[2m=[0m203 [3mhwm_mb[0m[2m=[0m251
[2m2026-09-15T06:59:29.009639Z[0m [32m INFO[0m [2mmidnight_bench[0m[2m:[0m [3mstage[0m[2m=[0m"create_proof.finalise_proof.start" [3mrss_mb[0m[2m=[0m203 [3mhwm_mb[0m[2m=[0m251
[2m2026-09-15T06:59:29.009657Z[0m [32m INFO[0m [2mmidnight_bench[0m[2m:[0m [3mstage[0m[2m=[0m"finalise.compute_h_poly.start" [3mrss_mb[0m[2m=[0m203 [3mhwm_mb[0m[2m=[0m251
[2m2026-09-15T06:59:29.009665Z[0m [32m INFO[0m [2mmidnight_bench[0m[2m:[0m [3mstage[0m[2m=[0m"finalise.compute_h_poly.spill_advice_cosets.start" [3mrss_mb[0m[2m=[0m203 [3mhwm_mb[0m[2m=[0m251
[2m2026-09-15T06:59:29.044146Z[0m [32m INFO[0m [2mmidnight_bench[0m[2m:[0m [3mstage[0m[2m=[0m"finalise.compute_h_poly.spill_advice_cosets.end" [3mrss_mb[0m[2m=[0m213 [3mhwm_mb[0m[2m=[0m251
[2m2026-09-15T06:59:29.044177Z[0m [32m INFO[0m [2mmidnight_bench[0m[2m:[0m [3mstage[0m[2m=[0m"finalise.compute_h_poly.spill_instance_cosets.start" [3mrss_mb[0m[2m=[0m213 [3mhwm_mb[0m[2m=[0m251
[2m2026-09-15T06:59:29.057064Z[0m [32m INFO[0m [2mmidnight_bench[0m[2m:[0m [3mstage[0m[2m=[0m"finalise.compute_h_poly.spill_instance_cosets.end" [3mrss_mb[0m[2m=[0m217 [3mhwm_mb[0m[2m=[0m251
[2m2026-09-15T06:59:29.057088Z[0m [32m INFO[0m [2mmidnight_bench[0m[2m:[0m [3mstage[0m[2m=[0m"finalise.compute_h_poly.spill_fixed_cosets.start" [3mrss_mb[0m[2m=[0m217 [3mhwm_mb[0m[2m=[0m251
[2m2026-09-15T06:59:29.161997Z[0m [32m INFO[0m [2mmidnight_bench[0m[2m:[0m [3mstage[0m[2m=[0m"finalise.compute_h_poly.spill_fixed_cosets.end" [3mrss_mb[0m[2m=[0m251 [3mhwm_mb[0m[2m=[0m251
[2m2026-09-15T06:59:29.162023Z[0m [32m INFO[0m [2mmidnight_bench[0m[2m:[0m [3mstage[0m[2m=[0m"finalise.compute_h_poly.spill_perm_cosets.start" [3mrss_mb[0m[2m=[0m251 [3mhwm_mb[0m[2m=[0m251
[2m2026-09-15T06:59:29.211128Z[0m [32m INFO[0m [2mmidnight_bench[0m[2m:[0m [3mstage[0m[2m=[0m"finalise.compute_h_poly.spill_perm_cosets.end" [3mrss_mb[0m[2m=[0m267 [3mhwm_mb[0m[2m=[0m267
[2m2026-09-15T06:59:29.343551Z[0m [32m INFO[0m [2mmidnight_bench[0m[2m:[0m [3mstage[0m[2m=[0m"finalise.compute_h_poly.drop_cosets.end" [3mrss_mb[0m[2m=[0m267 [3mhwm_mb[0m[2m=[0m267
[2m2026-09-15T06:59:29.347047Z[0m [32m INFO[0m [2mmidnight_bench[0m[2m:[0m [3mstage[0m[2m=[0m"finalise.compute_h_poly.end" [3mrss_mb[0m[2m=[0m203 [3mhwm_mb[0m[2m=[0m266
[2m2026-09-15T06:59:29.347066Z[0m [32m INFO[0m [2mmidnight_bench[0m[2m:[0m [3mstage[0m[2m=[0m"finalise.vanishing_construct.start" [3mrss_mb[0m[2m=[0m203 [3mhwm_mb[0m[2m=[0m266
[2m2026-09-15T06:59:29.437121Z[0m [32m INFO[0m [2mmidnight_bench[0m[2m:[0m [3mstage[0m[2m=[0m"finalise.vanishing_construct.end" [3mrss_mb[0m[2m=[0m203 [3mhwm_mb[0m[2m=[0m266
[2m2026-09-15T06:59:29.465926Z[0m [32m INFO[0m [2mmidnight_bench[0m[2m:[0m [3mstage[0m[2m=[0m"finalise.compute_queries.start" [3mrss_mb[0m[2m=[0m203 [3mhwm_mb[0m[2m=[0m266
[2m2026-09-15T06:59:29.466012Z[0m [32m INFO[0m [2mmidnight_bench[0m[2m:[0m [3mstage[0m[2m=[0m"finalise.multi_open.start" [3mrss_mb[0m[2m=[0m203 [3mhwm_mb[0m[2m=[0m266
[2m2026-09-15T06:59:29.555273Z[0m [32m INFO[0m [2mmidnight_bench[0m[2m:[0m [3mstage[0m[2m=[0m"finalise.multi_open.end" [3mrss_mb[0m[2m=[0m203 [3mhwm_mb[0m[2m=[0m266
[2m2026-09-15T06:59:29.556159Z[0m [32m INFO[0m [2mmidnight_bench[0m[2m:[0m [3mstage[0m[2m=[0m"create_proof.finalise_proof.end" [3mrss_mb[0m[2m=[0m188 [3mhwm_mb[0m[2m=[0m266
[2m2026-09-15T06:59:29.571910Z[0m [32m INFO[0m [2mactix_web::middleware::logger[0m[2m:[0m 192.168.65.1 POST /prove HTTP/1.1; took 0.837482s
[2m2026-09-15T06:59:29.573975Z[0m [32m INFO[0m [2mmidnight_proof_server::endpoints[0m[2m:[0m Starting to process request for /prove...
[2m2026-09-15T06:59:29.654328Z[0m [32m INFO[0m [2mmidnight_bench[0m[2m:[0m [3mstage[0m[2m=[0m"create_proof.compute_trace.start" [3mrss_mb[0m[2m=[0m188 [3mhwm_mb[0m[2m=[0m266
[2m2026-09-15T06:59:29.654359Z[0m [32m INFO[0m [2mmidnight_bench[0m[2m:[0m [3mstage[0m[2m=[0m"trace.compute_instances.start" [3mrss_mb[0m[2m=[0m188 [3mhwm_mb[0m[2m=[0m266
[2m2026-09-15T06:59:29.659835Z[0m [32m INFO[0m [2mmidnight_bench[0m[2m:[0m [3mstage[0m[2m=[0m"trace.compute_instances.end" [3mrss_mb[0m[2m=[0m188 [3mhwm_mb[0m[2m=[0m266
[2m2026-09-15T06:59:29.659856Z[0m [32m INFO[0m [2mmidnight_bench[0m[2m:[0m [3mstage[0m[2m=[0m"trace.parse_advices.start" [3mrss_mb[0m[2m=[0m188 [3mhwm_mb[0m[2m=[0m266
[2m2026-09-15T06:59:29.665032Z[0m [32m INFO[0m [2mmidnight_bench[0m[2m:[0m [3mstage[0m[2m=[0m"trace.parse_advices.end" [3mrss_mb[0m[2m=[0m190 [3mhwm_mb[0m[2m=[0m266
[2m2026-09-15T06:59:29.665052Z[0m [32m INFO[0m [2mmidnight_bench[0m[2m:[0m [3mstage[0m[2m=[0m"trace.lookups_permuted.start" [3mrss_mb[0m[2m=[0m190 [3mhwm_mb[0m[2m=[0m266
[2m2026-09-15T06:59:29.708780Z[0m [32m INFO[0m [2mmidnight_bench[0m[2m:[0m [3mstage[0m[2m=[0m"trace.lookups_permuted.end" [3mrss_mb[0m[2m=[0m195 [3mhwm_mb[0m[2m=[0m266
[2m2026-09-15T06:59:29.708810Z[0m [32m INFO[0m [2mmidnight_bench[0m[2m:[0m [3mstage[0m[2m=[0m"trace.permutations_commit.start" [3mrss_mb[0m[2m=[0m195 [3mhwm_mb[0m[2m=[0m266
[2m2026-09-15T06:59:29.779033Z[0m [32m INFO[0m [2mmidnight_bench[0m[2m:[0m [3mstage[0m[2m=[0m"trace.permutations_commit.end" [3mrss_mb[0m[2m=[0m203 [3mhwm_mb[0m[2m=[0m266
[2m2026-09-15T06:59:29.779066Z[0m [32m INFO[0m [2mmidnight_bench[0m[2m:[0m [3mstage[0m[2m=[0m"trace.lookups_product.start" [3mrss_mb[0m[2m=[0m203 [3mhwm_mb[0m[2m=[0m266
[2m2026-09-15T06:59:29.830202Z[0m [32m INFO[0m [2mmidnight_bench[0m[2m:[0m [3mstage[0m[2m=[0m"trace.lookups_product.end" [3mrss_mb[0m[2m=[0m203 [3mhwm_mb[0m[2m=[0m266
[2m2026-09-15T06:59:29.856301Z[0m [32m INFO[0m [2mmidnight_bench[0m[2m:[0m [3mstage[0m[2m=[0m"create_proof.compute_trace.end" [3mrss_mb[0m[2m=[0m203 [3mhwm_mb[0m[2m=[0m266
[2m2026-09-15T06:59:29.856324Z[0m [32m INFO[0m [2mmidnight_bench[0m[2m:[0m [3mstage[0m[2m=[0m"create_proof.finalise_proof.start" [3mrss_mb[0m[2m=[0m203 [3mhwm_mb[0m[2m=[0m266
[2m2026-09-15T06:59:29.856333Z[0m [32m INFO[0m [2mmidnight_bench[0m[2m:[0m [3mstage[0m[2m=[0m"finalise.compute_h_poly.start" [3mrss_mb[0m[2m=[0m203 [3mhwm_mb[0m[2m=[0m266
[2m2026-09-15T06:59:29.856340Z[0m [32m INFO[0m [2mmidnight_bench[0m[2m:[0m [3mstage[0m[2m=[0m"finalise.compute_h_poly.spill_advice_cosets.start" [3mrss_mb[0m[2m=[0m203 [3mhwm_mb[0m[2m=[0m266
[2m2026-09-15T06:59:29.888203Z[0m [32m INFO[0m [2mmidnight_bench[0m[2m:[0m [3mstage[0m[2m=[0m"finalise.compute_h_poly.spill_advice_cosets.end" [3mrss_mb[0m[2m=[0m213 [3mhwm_mb[0m[2m=[0m266
[2m2026-09-15T06:59:29.888229Z[0m [32m INFO[0m [2mmidnight_bench[0m[2m:[0m [3mstage[0m[2m=[0m"finalise.compute_h_poly.spill_instance_cosets.start" [3mrss_mb[0m[2m=[0m213 [3mhwm_mb[0m[2m=[0m266
[2m2026-09-15T06:59:29.901559Z[0m [32m INFO[0m [2mmidnight_bench[0m[2m:[0m [3mstage[0m[2m=[0m"finalise.compute_h_poly.spill_instance_cosets.end" [3mrss_mb[0m[2m=[0m217 [3mhwm_mb[0m[2m=[0m266
[2m2026-09-15T06:59:29.901583Z[0m [32m INFO[0m [2mmidnight_bench[0m[2m:[0m [3mstage[0m[2m=[0m"finalise.compute_h_poly.spill_fixed_cosets.start" [3mrss_mb[0m[2m=[0m217 [3mhwm_mb[0m[2m=[0m266
[2m2026-09-15T06:59:30.008242Z[0m [32m INFO[0m [2mmidnight_bench[0m[2m:[0m [3mstage[0m[2m=[0m"finalise.compute_h_poly.spill_fixed_cosets.end" [3mrss_mb[0m[2m=[0m251 [3mhwm_mb[0m[2m=[0m266
[2m2026-09-15T06:59:30.008267Z[0m [32m INFO[0m [2mmidnight_bench[0m[2m:[0m [3mstage[0m[2m=[0m"finalise.compute_h_poly.spill_perm_cosets.start" [3mrss_mb[0m[2m=[0m251 [3mhwm_mb[0m[2m=[0m266
[2m2026-09-15T06:59:30.061103Z[0m [32m INFO[0m [2mmidnight_bench[0m[2m:[0m [3mstage[0m[2m=[0m"finalise.compute_h_poly.spill_perm_cosets.end" [3mrss_mb[0m[2m=[0m267 [3mhwm_mb[0m[2m=[0m267
[2m2026-09-15T06:59:30.190815Z[0m [32m INFO[0m [2mmidnight_bench[0m[2m:[0m [3mstage[0m[2m=[0m"finalise.compute_h_poly.drop_cosets.end" [3mrss_mb[0m[2m=[0m268 [3mhwm_mb[0m[2m=[0m268
[2m2026-09-15T06:59:30.194311Z[0m [32m INFO[0m [2mmidnight_bench[0m[2m:[0m [3mstage[0m[2m=[0m"finalise.compute_h_poly.end" [3mrss_mb[0m[2m=[0m204 [3mhwm_mb[0m[2m=[0m266
[2m2026-09-15T06:59:30.194331Z[0m [32m INFO[0m [2mmidnight_bench[0m[2m:[0m [3mstage[0m[2m=[0m"finalise.vanishing_construct.start" [3mrss_mb[0m[2m=[0m204 [3mhwm_mb[0m[2m=[0m266
[2m2026-09-15T06:59:30.281031Z[0m [32m INFO[0m [2mmidnight_bench[0m[2m:[0m [3mstage[0m[2m=[0m"finalise.vanishing_construct.end" [3mrss_mb[0m[2m=[0m204 [3mhwm_mb[0m[2m=[0m266
[2m2026-09-15T06:59:30.308333Z[0m [32m INFO[0m [2mmidnight_bench[0m[2m:[0m [3mstage[0m[2m=[0m"finalise.compute_queries.start" [3mrss_mb[0m[2m=[0m204 [3mhwm_mb[0m[2m=[0m266
[2m2026-09-15T06:59:30.308418Z[0m [32m INFO[0m [2mmidnight_bench[0m[2m:[0m [3mstage[0m[2m=[0m"finalise.multi_open.start" [3mrss_mb[0m[2m=[0m204 [3mhwm_mb[0m[2m=[0m266
[2m2026-09-15T06:59:30.398439Z[0m [32m INFO[0m [2mmidnight_bench[0m[2m:[0m [3mstage[0m[2m=[0m"finalise.multi_open.end" [3mrss_mb[0m[2m=[0m204 [3mhwm_mb[0m[2m=[0m266
[2m2026-09-15T06:59:30.399202Z[0m [32m INFO[0m [2mmidnight_bench[0m[2m:[0m [3mstage[0m[2m=[0m"create_proof.finalise_proof.end" [3mrss_mb[0m[2m=[0m188 [3mhwm_mb[0m[2m=[0m266
[2m2026-09-15T06:59:30.415887Z[0m [32m INFO[0m [2mactix_web::middleware::logger[0m[2m:[0m 192.168.65.1 POST /prove HTTP/1.1; took 0.841931s
[2m2026-09-15T06:59:30.417526Z[0m [32m INFO[0m [2mmidnight_proof_server::endpoints[0m[2m:[0m Starting to process request for /prove...
[2m2026-09-15T06:59:30.489676Z[0m [32m INFO[0m [2mmidnight_bench[0m[2m:[0m [3mstage[0m[2m=[0m"create_proof.compute_trace.start" [3mrss_mb[0m[2m=[0m178 [3mhwm_mb[0m[2m=[0m266
[2m2026-09-15T06:59:30.489704Z[0m [32m INFO[0m [2mmidnight_bench[0m[2m:[0m [3mstage[0m[2m=[0m"trace.compute_instances.start" [3mrss_mb[0m[2m=[0m178 [3mhwm_mb[0m[2m=[0m266
[2m2026-09-15T06:59:30.495379Z[0m [32m INFO[0m [2mmidnight_bench[0m[2m:[0m [3mstage[0m[2m=[0m"trace.compute_instances.end" [3mrss_mb[0m[2m=[0m178 [3mhwm_mb[0m[2m=[0m266
[2m2026-09-15T06:59:30.495399Z[0m [32m INFO[0m [2mmidnight_bench[0m[2m:[0m [3mstage[0m[2m=[0m"trace.parse_advices.start" [3mrss_mb[0m[2m=[0m178 [3mhwm_mb[0m[2m=[0m266
[2m2026-09-15T06:59:30.500717Z[0m [32m INFO[0m [2mmidnight_bench[0m[2m:[0m [3mstage[0m[2m=[0m"trace.parse_advices.end" [3mrss_mb[0m[2m=[0m179 [3mhwm_mb[0m[2m=[0m266
[2m2026-09-15T06:59:30.500737Z[0m [32m INFO[0m [2mmidnight_bench[0m[2m:[0m [3mstage[0m[2m=[0m"trace.lookups_permuted.start" [3mrss_mb[0m[2m=[0m179 [3mhwm_mb[0m[2m=[0m266
[2m2026-09-15T06:59:30.544882Z[0m [32m INFO[0m [2mmidnight_bench[0m[2m:[0m [3mstage[0m[2m=[0m"trace.lookups_permuted.end" [3mrss_mb[0m[2m=[0m184 [3mhwm_mb[0m[2m=[0m266
[2m2026-09-15T06:59:30.544910Z[0m [32m INFO[0m [2mmidnight_bench[0m[2m:[0m [3mstage[0m[2m=[0m"trace.permutations_commit.start" [3mrss_mb[0m[2m=[0m184 [3mhwm_mb[0m[2m=[0m266
[2m2026-09-15T06:59:30.615046Z[0m [32m INFO[0m [2mmidnight_bench[0m[2m:[0m [3mstage[0m[2m=[0m"trace.permutations_commit.end" [3mrss_mb[0m[2m=[0m192 [3mhwm_mb[0m[2m=[0m266
[2m2026-09-15T06:59:30.615078Z[0m [32m INFO[0m [2mmidnight_bench[0m[2m:[0m [3mstage[0m[2m=[0m"trace.lookups_product.start" [3mrss_mb[0m[2m=[0m192 [3mhwm_mb[0m[2m=[0m266
[2m2026-09-15T06:59:30.666722Z[0m [32m INFO[0m [2mmidnight_bench[0m[2m:[0m [3mstage[0m[2m=[0m"trace.lookups_product.end" [3mrss_mb[0m[2m=[0m192 [3mhwm_mb[0m[2m=[0m266
[2m2026-09-15T06:59:30.692976Z[0m [32m INFO[0m [2mmidnight_bench[0m[2m:[0m [3mstage[0m[2m=[0m"create_proof.compute_trace.end" [3mrss_mb[0m[2m=[0m192 [3mhwm_mb[0m[2m=[0m266
[2m2026-09-15T06:59:30.693000Z[0m [32m INFO[0m [2mmidnight_bench[0m[2m:[0m [3mstage[0m[2m=[0m"create_proof.finalise_proof.start" [3mrss_mb[0m[2m=[0m192 [3mhwm_mb[0m[2m=[0m266
[2m2026-09-15T06:59:30.693007Z[0m [32m INFO[0m [2mmidnight_bench[0m[2m:[0m [3mstage[0m[2m=[0m"finalise.compute_h_poly.start" [3mrss_mb[0m[2m=[0m192 [3mhwm_mb[0m[2m=[0m266
[2m2026-09-15T06:59:30.693014Z[0m [32m INFO[0m [2mmidnight_bench[0m[2m:[0m [3mstage[0m[2m=[0m"finalise.compute_h_poly.spill_advice_cosets.start" [3mrss_mb[0m[2m=[0m192 [3mhwm_mb[0m[2m=[0m266
[2m2026-09-15T06:59:30.722959Z[0m [32m INFO[0m [2mmidnight_bench[0m[2m:[0m [3mstage[0m[2m=[0m"finalise.compute_h_poly.spill_advice_cosets.end" [3mrss_mb[0m[2m=[0m202 [3mhwm_mb[0m[2m=[0m266
[2m2026-09-15T06:59:30.722985Z[0m [32m INFO[0m [2mmidnight_bench[0m[2m:[0m [3mstage[0m[2m=[0m"finalise.compute_h_poly.spill_instance_cosets.start" [3mrss_mb[0m[2m=[0m202 [3mhwm_mb[0m[2m=[0m266
[2m2026-09-15T06:59:30.736544Z[0m [32m INFO[0m [2mmidnight_bench[0m[2m:[0m [3mstage[0m[2m=[0m"finalise.compute_h_poly.spill_instance_cosets.end" [3mrss_mb[0m[2m=[0m206 [3mhwm_mb[0m[2m=[0m266
[2m2026-09-15T06:59:30.736572Z[0m [32m INFO[0m [2mmidnight_bench[0m[2m:[0m [3mstage[0m[2m=[0m"finalise.compute_h_poly.spill_fixed_cosets.start" [3mrss_mb[0m[2m=[0m206 [3mhwm_mb[0m[2m=[0m266
[2m2026-09-15T06:59:30.838863Z[0m [32m INFO[0m [2mmidnight_bench[0m[2m:[0m [3mstage[0m[2m=[0m"finalise.compute_h_poly.spill_fixed_cosets.end" [3mrss_mb[0m[2m=[0m240 [3mhwm_mb[0m[2m=[0m266
[2m2026-09-15T06:59:30.838892Z[0m [32m INFO[0m [2mmidnight_bench[0m[2m:[0m [3mstage[0m[2m=[0m"finalise.compute_h_poly.spill_perm_cosets.start" [3mrss_mb[0m[2m=[0m240 [3mhwm_mb[0m[2m=[0m266
[2m2026-09-15T06:59:30.886612Z[0m [32m INFO[0m [2mmidnight_bench[0m[2m:[0m [3mstage[0m[2m=[0m"finalise.compute_h_poly.spill_perm_cosets.end" [3mrss_mb[0m[2m=[0m256 [3mhwm_mb[0m[2m=[0m266
[2m2026-09-15T06:59:31.021332Z[0m [32m INFO[0m [2mmidnight_bench[0m[2m:[0m [3mstage[0m[2m=[0m"finalise.compute_h_poly.drop_cosets.end" [3mrss_mb[0m[2m=[0m257 [3mhwm_mb[0m[2m=[0m266
[2m2026-09-15T06:59:31.024874Z[0m [32m INFO[0m [2mmidnight_bench[0m[2m:[0m [3mstage[0m[2m=[0m"finalise.compute_h_poly.end" [3mrss_mb[0m[2m=[0m193 [3mhwm_mb[0m[2m=[0m266
[2m2026-09-15T06:59:31.024902Z[0m [32m INFO[0m [2mmidnight_bench[0m[2m:[0m [3mstage[0m[2m=[0m"finalise.vanishing_construct.start" [3mrss_mb[0m[2m=[0m193 [3mhwm_mb[0m[2m=[0m266
[2m2026-09-15T06:59:31.114789Z[0m [32m INFO[0m [2mmidnight_bench[0m[2m:[0m [3mstage[0m[2m=[0m"finalise.vanishing_construct.end" [3mrss_mb[0m[2m=[0m193 [3mhwm_mb[0m[2m=[0m266
[2m2026-09-15T06:59:31.142844Z[0m [32m INFO[0m [2mmidnight_bench[0m[2m:[0m [3mstage[0m[2m=[0m"finalise.compute_queries.start" [3mrss_mb[0m[2m=[0m193 [3mhwm_mb[0m[2m=[0m266
[2m2026-09-15T06:59:31.142932Z[0m [32m INFO[0m [2mmidnight_bench[0m[2m:[0m [3mstage[0m[2m=[0m"finalise.multi_open.start" [3mrss_mb[0m[2m=[0m193 [3mhwm_mb[0m[2m=[0m266
[2m2026-09-15T06:59:31.230515Z[0m [32m INFO[0m [2mmidnight_bench[0m[2m:[0m [3mstage[0m[2m=[0m"finalise.multi_open.end" [3mrss_mb[0m[2m=[0m193 [3mhwm_mb[0m[2m=[0m266
[2m2026-09-15T06:59:31.231286Z[0m [32m INFO[0m [2mmidnight_bench[0m[2m:[0m [3mstage[0m[2m=[0m"create_proof.finalise_proof.end" [3mrss_mb[0m[2m=[0m178 [3mhwm_mb[0m[2m=[0m266
[2m2026-09-15T06:59:31.247079Z[0m [32m INFO[0m [2mactix_web::middleware::logger[0m[2m:[0m 192.168.65.1 POST /prove HTTP/1.1; took 0.829570s
[2m2026-09-15T06:59:31.249317Z[0m [32m INFO[0m [2mmidnight_proof_server::endpoints[0m[2m:[0m Starting to process request for /prove...
[2m2026-09-15T06:59:31.330019Z[0m [32m INFO[0m [2mmidnight_bench[0m[2m:[0m [3mstage[0m[2m=[0m"create_proof.compute_trace.start" [3mrss_mb[0m[2m=[0m172 [3mhwm_mb[0m[2m=[0m266
[2m2026-09-15T06:59:31.330048Z[0m [32m INFO[0m [2mmidnight_bench[0m[2m:[0m [3mstage[0m[2m=[0m"trace.compute_instances.start" [3mrss_mb[0m[2m=[0m172 [3mhwm_mb[0m[2m=[0m266
[2m2026-09-15T06:59:31.338117Z[0m [32m INFO[0m [2mmidnight_bench[0m[2m:[0m [3mstage[0m[2m=[0m"trace.compute_instances.end" [3mrss_mb[0m[2m=[0m172 [3mhwm_mb[0m[2m=[0m266
[2m2026-09-15T06:59:31.338141Z[0m [32m INFO[0m [2mmidnight_bench[0m[2m:[0m [3mstage[0m[2m=[0m"trace.parse_advices.start" [3mrss_mb[0m[2m=[0m172 [3mhwm_mb[0m[2m=[0m266
[2m2026-09-15T06:59:31.344037Z[0m [32m INFO[0m [2mmidnight_bench[0m[2m:[0m [3mstage[0m[2m=[0m"trace.parse_advices.end" [3mrss_mb[0m[2m=[0m174 [3mhwm_mb[0m[2m=[0m266
[2m2026-09-15T06:59:31.344096Z[0m [32m INFO[0m [2mmidnight_bench[0m[2m:[0m [3mstage[0m[2m=[0m"trace.lookups_permuted.start" [3mrss_mb[0m[2m=[0m174 [3mhwm_mb[0m[2m=[0m266
[2m2026-09-15T06:59:31.392265Z[0m [32m INFO[0m [2mmidnight_bench[0m[2m:[0m [3mstage[0m[2m=[0m"trace.lookups_permuted.end" [3mrss_mb[0m[2m=[0m179 [3mhwm_mb[0m[2m=[0m266
[2m2026-09-15T06:59:31.392305Z[0m [32m INFO[0m [2mmidnight_bench[0m[2m:[0m [3mstage[0m[2m=[0m"trace.permutations_commit.start" [3mrss_mb[0m[2m=[0m179 [3mhwm_mb[0m[2m=[0m266
[2m2026-09-15T06:59:31.462235Z[0m [32m INFO[0m [2mmidnight_bench[0m[2m:[0m [3mstage[0m[2m=[0m"trace.permutations_commit.end" [3mrss_mb[0m[2m=[0m187 [3mhwm_mb[0m[2m=[0m266
[2m2026-09-15T06:59:31.462261Z[0m [32m INFO[0m [2mmidnight_bench[0m[2m:[0m [3mstage[0m[2m=[0m"trace.lookups_product.start" [3mrss_mb[0m[2m=[0m187 [3mhwm_mb[0m[2m=[0m266
[2m2026-09-15T06:59:31.514496Z[0m [32m INFO[0m [2mmidnight_bench[0m[2m:[0m [3mstage[0m[2m=[0m"trace.lookups_product.end" [3mrss_mb[0m[2m=[0m187 [3mhwm_mb[0m[2m=[0m266
[2m2026-09-15T06:59:31.540297Z[0m [32m INFO[0m [2mmidnight_bench[0m[2m:[0m [3mstage[0m[2m=[0m"create_proof.compute_trace.end" [3mrss_mb[0m[2m=[0m187 [3mhwm_mb[0m[2m=[0m266
[2m2026-09-15T06:59:31.540321Z[0m [32m INFO[0m [2mmidnight_bench[0m[2m:[0m [3mstage[0m[2m=[0m"create_proof.finalise_proof.start" [3mrss_mb[0m[2m=[0m187 [3mhwm_mb[0m[2m=[0m266
[2m2026-09-15T06:59:31.540328Z[0m [32m INFO[0m [2mmidnight_bench[0m[2m:[0m [3mstage[0m[2m=[0m"finalise.compute_h_poly.start" [3mrss_mb[0m[2m=[0m187 [3mhwm_mb[0m[2m=[0m266
[2m2026-09-15T06:59:31.540335Z[0m [32m INFO[0m [2mmidnight_bench[0m[2m:[0m [3mstage[0m[2m=[0m"finalise.compute_h_poly.spill_advice_cosets.start" [3mrss_mb[0m[2m=[0m187 [3mhwm_mb[0m[2m=[0m266
[2m2026-09-15T06:59:31.578399Z[0m [32m INFO[0m [2mmidnight_bench[0m[2m:[0m [3mstage[0m[2m=[0m"finalise.compute_h_poly.spill_advice_cosets.end" [3mrss_mb[0m[2m=[0m197 [3mhwm_mb[0m[2m=[0m266
[2m2026-09-15T06:59:31.578425Z[0m [32m INFO[0m [2mmidnight_bench[0m[2m:[0m [3mstage[0m[2m=[0m"finalise.compute_h_poly.spill_instance_cosets.start" [3mrss_mb[0m[2m=[0m197 [3mhwm_mb[0m[2m=[0m266
[2m2026-09-15T06:59:31.600955Z[0m [32m INFO[0m [2mmidnight_bench[0m[2m:[0m [3mstage[0m[2m=[0m"finalise.compute_h_poly.spill_instance_cosets.end" [3mrss_mb[0m[2m=[0m201 [3mhwm_mb[0m[2m=[0m266
[2m2026-09-15T06:59:31.600983Z[0m [32m INFO[0m [2mmidnight_bench[0m[2m:[0m [3mstage[0m[2m=[0m"finalise.compute_h_poly.spill_fixed_cosets.start" [3mrss_mb[0m[2m=[0m201 [3mhwm_mb[0m[2m=[0m266
[2m2026-09-15T06:59:31.713149Z[0m [32m INFO[0m [2mmidnight_bench[0m[2m:[0m [3mstage[0m[2m=[0m"finalise.compute_h_poly.spill_fixed_cosets.end" [3mrss_mb[0m[2m=[0m235 [3mhwm_mb[0m[2m=[0m266
[2m2026-09-15T06:59:31.713177Z[0m [32m INFO[0m [2mmidnight_bench[0m[2m:[0m [3mstage[0m[2m=[0m"finalise.compute_h_poly.spill_perm_cosets.start" [3mrss_mb[0m[2m=[0m235 [3mhwm_mb[0m[2m=[0m266
[2m2026-09-15T06:59:31.761299Z[0m [32m INFO[0m [2mmidnight_bench[0m[2m:[0m [3mstage[0m[2m=[0m"finalise.compute_h_poly.spill_perm_cosets.end" [3mrss_mb[0m[2m=[0m251 [3mhwm_mb[0m[2m=[0m266
[2m2026-09-15T06:59:31.899538Z[0m [32m INFO[0m [2mmidnight_bench[0m[2m:[0m [3mstage[0m[2m=[0m"finalise.compute_h_poly.drop_cosets.end" [3mrss_mb[0m[2m=[0m252 [3mhwm_mb[0m[2m=[0m266
[2m2026-09-15T06:59:31.903217Z[0m [32m INFO[0m [2mmidnight_bench[0m[2m:[0m [3mstage[0m[2m=[0m"finalise.compute_h_poly.end" [3mrss_mb[0m[2m=[0m188 [3mhwm_mb[0m[2m=[0m266
[2m2026-09-15T06:59:31.903235Z[0m [32m INFO[0m [2mmidnight_bench[0m[2m:[0m [3mstage[0m[2m=[0m"finalise.vanishing_construct.start" [3mrss_mb[0m[2m=[0m188 [3mhwm_mb[0m[2m=[0m266
[2m2026-09-15T06:59:31.996382Z[0m [32m INFO[0m [2mmidnight_bench[0m[2m:[0m [3mstage[0m[2m=[0m"finalise.vanishing_construct.end" [3mrss_mb[0m[2m=[0m188 [3mhwm_mb[0m[2m=[0m266
[2m2026-09-15T06:59:32.024149Z[0m [32m INFO[0m [2mmidnight_bench[0m[2m:[0m [3mstage[0m[2m=[0m"finalise.compute_queries.start" [3mrss_mb[0m[2m=[0m188 [3mhwm_mb[0m[2m=[0m266
[2m2026-09-15T06:59:32.024245Z[0m [32m INFO[0m [2mmidnight_bench[0m[2m:[0m [3mstage[0m[2m=[0m"finalise.multi_open.start" [3mrss_mb[0m[2m=[0m188 [3mhwm_mb[0m[2m=[0m266
[2m2026-09-15T06:59:32.116705Z[0m [32m INFO[0m [2mmidnight_bench[0m[2m:[0m [3mstage[0m[2m=[0m"finalise.multi_open.end" [3mrss_mb[0m[2m=[0m188 [3mhwm_mb[0m[2m=[0m266
[2m2026-09-15T06:59:32.117417Z[0m [32m INFO[0m [2mmidnight_bench[0m[2m:[0m [3mstage[0m[2m=[0m"create_proof.finalise_proof.end" [3mrss_mb[0m[2m=[0m172 [3mhwm_mb[0m[2m=[0m266
[2m2026-09-15T06:59:32.132663Z[0m [32m INFO[0m [2mactix_web::middleware::logger[0m[2m:[0m 192.168.65.1 POST /prove HTTP/1.1; took 0.883361s
[2m2026-09-15T06:59:32.134619Z[0m [32m INFO[0m [2mmidnight_proof_server::endpoints[0m[2m:[0m Starting to process request for /prove...
[2m2026-09-15T06:59:32.205297Z[0m [32m INFO[0m [2mmidnight_bench[0m[2m:[0m [3mstage[0m[2m=[0m"create_proof.compute_trace.start" [3mrss_mb[0m[2m=[0m187 [3mhwm_mb[0m[2m=[0m266
[2m2026-09-15T06:59:32.205327Z[0m [32m INFO[0m [2mmidnight_bench[0m[2m:[0m [3mstage[0m[2m=[0m"trace.compute_instances.start" [3mrss_mb[0m[2m=[0m187 [3mhwm_mb[0m[2m=[0m266
[2m2026-09-15T06:59:32.209889Z[0m [32m INFO[0m [2mmidnight_bench[0m[2m:[0m [3mstage[0m[2m=[0m"trace.compute_instances.end" [3mrss_mb[0m[2m=[0m187 [3mhwm_mb[0m[2m=[0m266
[2m2026-09-15T06:59:32.209915Z[0m [32m INFO[0m [2mmidnight_bench[0m[2m:[0m [3mstage[0m[2m=[0m"trace.parse_advices.start" [3mrss_mb[0m[2m=[0m187 [3mhwm_mb[0m[2m=[0m266
[2m2026-09-15T06:59:32.215188Z[0m [32m INFO[0m [2mmidnight_bench[0m[2m:[0m [3mstage[0m[2m=[0m"trace.parse_advices.end" [3mrss_mb[0m[2m=[0m188 [3mhwm_mb[0m[2m=[0m266
[2m2026-09-15T06:59:32.215206Z[0m [32m INFO[0m [2mmidnight_bench[0m[2m:[0m [3mstage[0m[2m=[0m"trace.lookups_permuted.start" [3mrss_mb[0m[2m=[0m188 [3mhwm_mb[0m[2m=[0m266
[2m2026-09-15T06:59:32.271251Z[0m [32m INFO[0m [2mmidnight_bench[0m[2m:[0m [3mstage[0m[2m=[0m"trace.lookups_permuted.end" [3mrss_mb[0m[2m=[0m194 [3mhwm_mb[0m[2m=[0m266
[2m2026-09-15T06:59:32.271279Z[0m [32m INFO[0m [2mmidnight_bench[0m[2m:[0m [3mstage[0m[2m=[0m"trace.permutations_commit.start" [3mrss_mb[0m[2m=[0m194 [3mhwm_mb[0m[2m=[0m266
[2m2026-09-15T06:59:32.345099Z[0m [32m INFO[0m [2mmidnight_bench[0m[2m:[0m [3mstage[0m[2m=[0m"trace.permutations_commit.end" [3mrss_mb[0m[2m=[0m201 [3mhwm_mb[0m[2m=[0m266
[2m2026-09-15T06:59:32.345123Z[0m [32m INFO[0m [2mmidnight_bench[0m[2m:[0m [3mstage[0m[2m=[0m"trace.lookups_product.start" [3mrss_mb[0m[2m=[0m201 [3mhwm_mb[0m[2m=[0m266
[2m2026-09-15T06:59:32.397623Z[0m [32m INFO[0m [2mmidnight_bench[0m[2m:[0m [3mstage[0m[2m=[0m"trace.lookups_product.end" [3mrss_mb[0m[2m=[0m201 [3mhwm_mb[0m[2m=[0m266
[2m2026-09-15T06:59:32.423719Z[0m [32m INFO[0m [2mmidnight_bench[0m[2m:[0m [3mstage[0m[2m=[0m"create_proof.compute_trace.end" [3mrss_mb[0m[2m=[0m202 [3mhwm_mb[0m[2m=[0m266
[2m2026-09-15T06:59:32.423743Z[0m [32m INFO[0m [2mmidnight_bench[0m[2m:[0m [3mstage[0m[2m=[0m"create_proof.finalise_proof.start" [3mrss_mb[0m[2m=[0m202 [3mhwm_mb[0m[2m=[0m266
[2m2026-09-15T06:59:32.423751Z[0m [32m INFO[0m [2mmidnight_bench[0m[2m:[0m [3mstage[0m[2m=[0m"finalise.compute_h_poly.start" [3mrss_mb[0m[2m=[0m202 [3mhwm_mb[0m[2m=[0m266
[2m2026-09-15T06:59:32.423759Z[0m [32m INFO[0m [2mmidnight_bench[0m[2m:[0m [3mstage[0m[2m=[0m"finalise.compute_h_poly.spill_advice_cosets.start" [3mrss_mb[0m[2m=[0m202 [3mhwm_mb[0m[2m=[0m266
[2m2026-09-15T06:59:32.465539Z[0m [32m INFO[0m [2mmidnight_bench[0m[2m:[0m [3mstage[0m[2m=[0m"finalise.compute_h_poly.spill_advice_cosets.end" [3mrss_mb[0m[2m=[0m212 [3mhwm_mb[0m[2m=[0m266
[2m2026-09-15T06:59:32.465564Z[0m [32m INFO[0m [2mmidnight_bench[0m[2m:[0m [3mstage[0m[2m=[0m"finalise.compute_h_poly.spill_instance_cosets.start" [3mrss_mb[0m[2m=[0m212 [3mhwm_mb[0m[2m=[0m266
[2m2026-09-15T06:59:32.479745Z[0m [32m INFO[0m [2mmidnight_bench[0m[2m:[0m [3mstage[0m[2m=[0m"finalise.compute_h_poly.spill_instance_cosets.end" [3mrss_mb[0m[2m=[0m216 [3mhwm_mb[0m[2m=[0m266
[2m2026-09-15T06:59:32.479769Z[0m [32m INFO[0m [2mmidnight_bench[0m[2m:[0m [3mstage[0m[2m=[0m"finalise.compute_h_poly.spill_fixed_cosets.start" [3mrss_mb[0m[2m=[0m216 [3mhwm_mb[0m[2m=[0m266
[2m2026-09-15T06:59:32.597113Z[0m [32m INFO[0m [2mmidnight_bench[0m[2m:[0m [3mstage[0m[2m=[0m"finalise.compute_h_poly.spill_fixed_cosets.end" [3mrss_mb[0m[2m=[0m250 [3mhwm_mb[0m[2m=[0m266
[2m2026-09-15T06:59:32.597137Z[0m [32m INFO[0m [2mmidnight_bench[0m[2m:[0m [3mstage[0m[2m=[0m"finalise.compute_h_poly.spill_perm_cosets.start" [3mrss_mb[0m[2m=[0m250 [3mhwm_mb[0m[2m=[0m266
[2m2026-09-15T06:59:32.649956Z[0m [32m INFO[0m [2mmidnight_bench[0m[2m:[0m [3mstage[0m[2m=[0m"finalise.compute_h_poly.spill_perm_cosets.end" [3mrss_mb[0m[2m=[0m266 [3mhwm_mb[0m[2m=[0m266
[2m2026-09-15T06:59:32.780692Z[0m [32m INFO[0m [2mmidnight_bench[0m[2m:[0m [3mstage[0m[2m=[0m"finalise.compute_h_poly.drop_cosets.end" [3mrss_mb[0m[2m=[0m266 [3mhwm_mb[0m[2m=[0m266
[2m2026-09-15T06:59:32.784204Z[0m [32m INFO[0m [2mmidnight_bench[0m[2m:[0m [3mstage[0m[2m=[0m"finalise.compute_h_poly.end" [3mrss_mb[0m[2m=[0m202 [3mhwm_mb[0m[2m=[0m266
[2m2026-09-15T06:59:32.784226Z[0m [32m INFO[0m [2mmidnight_bench[0m[2m:[0m [3mstage[0m[2m=[0m"finalise.vanishing_construct.start" [3mrss_mb[0m[2m=[0m202 [3mhwm_mb[0m[2m=[0m266
[2m2026-09-15T06:59:32.873580Z[0m [32m INFO[0m [2mmidnight_bench[0m[2m:[0m [3mstage[0m[2m=[0m"finalise.vanishing_construct.end" [3mrss_mb[0m[2m=[0m202 [3mhwm_mb[0m[2m=[0m266
[2m2026-09-15T06:59:32.901696Z[0m [32m INFO[0m [2mmidnight_bench[0m[2m:[0m [3mstage[0m[2m=[0m"finalise.compute_queries.start" [3mrss_mb[0m[2m=[0m202 [3mhwm_mb[0m[2m=[0m266
[2m2026-09-15T06:59:32.901786Z[0m [32m INFO[0m [2mmidnight_bench[0m[2m:[0m [3mstage[0m[2m=[0m"finalise.multi_open.start" [3mrss_mb[0m[2m=[0m202 [3mhwm_mb[0m[2m=[0m266
[2m2026-09-15T06:59:32.992544Z[0m [32m INFO[0m [2mmidnight_bench[0m[2m:[0m [3mstage[0m[2m=[0m"finalise.multi_open.end" [3mrss_mb[0m[2m=[0m202 [3mhwm_mb[0m[2m=[0m266
[2m2026-09-15T06:59:32.993215Z[0m [32m INFO[0m [2mmidnight_bench[0m[2m:[0m [3mstage[0m[2m=[0m"create_proof.finalise_proof.end" [3mrss_mb[0m[2m=[0m187 [3mhwm_mb[0m[2m=[0m266
[2m2026-09-15T06:59:33.009544Z[0m [32m INFO[0m [2mactix_web::middleware::logger[0m[2m:[0m 192.168.65.1 POST /prove HTTP/1.1; took 0.874940s
[2m2026-09-15T06:59:33.011150Z[0m [32m INFO[0m [2mmidnight_proof_server::endpoints[0m[2m:[0m Starting to process request for /prove...
[2m2026-09-15T06:59:33.080435Z[0m [32m INFO[0m [2mmidnight_bench[0m[2m:[0m [3mstage[0m[2m=[0m"create_proof.compute_trace.start" [3mrss_mb[0m[2m=[0m182 [3mhwm_mb[0m[2m=[0m266
[2m2026-09-15T06:59:33.080465Z[0m [32m INFO[0m [2mmidnight_bench[0m[2m:[0m [3mstage[0m[2m=[0m"trace.compute_instances.start" [3mrss_mb[0m[2m=[0m182 [3mhwm_mb[0m[2m=[0m266
[2m2026-09-15T06:59:33.086283Z[0m [32m INFO[0m [2mmidnight_bench[0m[2m:[0m [3mstage[0m[2m=[0m"trace.compute_instances.end" [3mrss_mb[0m[2m=[0m182 [3mhwm_mb[0m[2m=[0m266
[2m2026-09-15T06:59:33.086303Z[0m [32m INFO[0m [2mmidnight_bench[0m[2m:[0m [3mstage[0m[2m=[0m"trace.parse_advices.start" [3mrss_mb[0m[2m=[0m182 [3mhwm_mb[0m[2m=[0m266
[2m2026-09-15T06:59:33.091805Z[0m [32m INFO[0m [2mmidnight_bench[0m[2m:[0m [3mstage[0m[2m=[0m"trace.parse_advices.end" [3mrss_mb[0m[2m=[0m183 [3mhwm_mb[0m[2m=[0m266
[2m2026-09-15T06:59:33.091831Z[0m [32m INFO[0m [2mmidnight_bench[0m[2m:[0m [3mstage[0m[2m=[0m"trace.lookups_permuted.start" [3mrss_mb[0m[2m=[0m183 [3mhwm_mb[0m[2m=[0m266
[2m2026-09-15T06:59:33.137543Z[0m [32m INFO[0m [2mmidnight_bench[0m[2m:[0m [3mstage[0m[2m=[0m"trace.lookups_permuted.end" [3mrss_mb[0m[2m=[0m189 [3mhwm_mb[0m[2m=[0m266
[2m2026-09-15T06:59:33.137568Z[0m [32m INFO[0m [2mmidnight_bench[0m[2m:[0m [3mstage[0m[2m=[0m"trace.permutations_commit.start" [3mrss_mb[0m[2m=[0m189 [3mhwm_mb[0m[2m=[0m266
[2m2026-09-15T06:59:33.207633Z[0m [32m INFO[0m [2mmidnight_bench[0m[2m:[0m [3mstage[0m[2m=[0m"trace.permutations_commit.end" [3mrss_mb[0m[2m=[0m196 [3mhwm_mb[0m[2m=[0m266
[2m2026-09-15T06:59:33.207678Z[0m [32m INFO[0m [2mmidnight_bench[0m[2m:[0m [3mstage[0m[2m=[0m"trace.lookups_product.start" [3mrss_mb[0m[2m=[0m196 [3mhwm_mb[0m[2m=[0m266
[2m2026-09-15T06:59:33.258549Z[0m [32m INFO[0m [2mmidnight_bench[0m[2m:[0m [3mstage[0m[2m=[0m"trace.lookups_product.end" [3mrss_mb[0m[2m=[0m196 [3mhwm_mb[0m[2m=[0m266
[2m2026-09-15T06:59:33.286032Z[0m [32m INFO[0m [2mmidnight_bench[0m[2m:[0m [3mstage[0m[2m=[0m"create_proof.compute_trace.end" [3mrss_mb[0m[2m=[0m197 [3mhwm_mb[0m[2m=[0m266
[2m2026-09-15T06:59:33.286117Z[0m [32m INFO[0m [2mmidnight_bench[0m[2m:[0m [3mstage[0m[2m=[0m"create_proof.finalise_proof.start" [3mrss_mb[0m[2m=[0m197 [3mhwm_mb[0m[2m=[0m266
[2m2026-09-15T06:59:33.286133Z[0m [32m INFO[0m [2mmidnight_bench[0m[2m:[0m [3mstage[0m[2m=[0m"finalise.compute_h_poly.start" [3mrss_mb[0m[2m=[0m197 [3mhwm_mb[0m[2m=[0m266
[2m2026-09-15T06:59:33.286142Z[0m [32m INFO[0m [2mmidnight_bench[0m[2m:[0m [3mstage[0m[2m=[0m"finalise.compute_h_poly.spill_advice_cosets.start" [3mrss_mb[0m[2m=[0m197 [3mhwm_mb[0m[2m=[0m266
[2m2026-09-15T06:59:33.317932Z[0m [32m INFO[0m [2mmidnight_bench[0m[2m:[0m [3mstage[0m[2m=[0m"finalise.compute_h_poly.spill_advice_cosets.end" [3mrss_mb[0m[2m=[0m207 [3mhwm_mb[0m[2m=[0m266
[2m2026-09-15T06:59:33.317964Z[0m [32m INFO[0m [2mmidnight_bench[0m[2m:[0m [3mstage[0m[2m=[0m"finalise.compute_h_poly.spill_instance_cosets.start" [3mrss_mb[0m[2m=[0m207 [3mhwm_mb[0m[2m=[0m266
[2m2026-09-15T06:59:33.329768Z[0m [32m INFO[0m [2mmidnight_bench[0m[2m:[0m [3mstage[0m[2m=[0m"finalise.compute_h_poly.spill_instance_cosets.end" [3mrss_mb[0m[2m=[0m211 [3mhwm_mb[0m[2m=[0m266
[2m2026-09-15T06:59:33.329795Z[0m [32m INFO[0m [2mmidnight_bench[0m[2m:[0m [3mstage[0m[2m=[0m"finalise.compute_h_poly.spill_fixed_cosets.start" [3mrss_mb[0m[2m=[0m211 [3mhwm_mb[0m[2m=[0m266
[2m2026-09-15T06:59:33.431353Z[0m [32m INFO[0m [2mmidnight_bench[0m[2m:[0m [3mstage[0m[2m=[0m"finalise.compute_h_poly.spill_fixed_cosets.end" [3mrss_mb[0m[2m=[0m245 [3mhwm_mb[0m[2m=[0m266
[2m2026-09-15T06:59:33.431381Z[0m [32m INFO[0m [2mmidnight_bench[0m[2m:[0m [3mstage[0m[2m=[0m"finalise.compute_h_poly.spill_perm_cosets.start" [3mrss_mb[0m[2m=[0m245 [3mhwm_mb[0m[2m=[0m266
[2m2026-09-15T06:59:33.480180Z[0m [32m INFO[0m [2mmidnight_bench[0m[2m:[0m [3mstage[0m[2m=[0m"finalise.compute_h_poly.spill_perm_cosets.end" [3mrss_mb[0m[2m=[0m261 [3mhwm_mb[0m[2m=[0m266
[2m2026-09-15T06:59:33.614333Z[0m [32m INFO[0m [2mmidnight_bench[0m[2m:[0m [3mstage[0m[2m=[0m"finalise.compute_h_poly.drop_cosets.end" [3mrss_mb[0m[2m=[0m261 [3mhwm_mb[0m[2m=[0m266
[2m2026-09-15T06:59:33.617687Z[0m [32m INFO[0m [2mmidnight_bench[0m[2m:[0m [3mstage[0m[2m=[0m"finalise.compute_h_poly.end" [3mrss_mb[0m[2m=[0m197 [3mhwm_mb[0m[2m=[0m266
[2m2026-09-15T06:59:33.617703Z[0m [32m INFO[0m [2mmidnight_bench[0m[2m:[0m [3mstage[0m[2m=[0m"finalise.vanishing_construct.start" [3mrss_mb[0m[2m=[0m197 [3mhwm_mb[0m[2m=[0m266
[2m2026-09-15T06:59:33.718784Z[0m [32m INFO[0m [2mmidnight_bench[0m[2m:[0m [3mstage[0m[2m=[0m"finalise.vanishing_construct.end" [3mrss_mb[0m[2m=[0m197 [3mhwm_mb[0m[2m=[0m266
[2m2026-09-15T06:59:33.747171Z[0m [32m INFO[0m [2mmidnight_bench[0m[2m:[0m [3mstage[0m[2m=[0m"finalise.compute_queries.start" [3mrss_mb[0m[2m=[0m197 [3mhwm_mb[0m[2m=[0m266
[2m2026-09-15T06:59:33.747266Z[0m [32m INFO[0m [2mmidnight_bench[0m[2m:[0m [3mstage[0m[2m=[0m"finalise.multi_open.start" [3mrss_mb[0m[2m=[0m197 [3mhwm_mb[0m[2m=[0m266
[2m2026-09-15T06:59:33.838928Z[0m [32m INFO[0m [2mmidnight_bench[0m[2m:[0m [3mstage[0m[2m=[0m"finalise.multi_open.end" [3mrss_mb[0m[2m=[0m197 [3mhwm_mb[0m[2m=[0m266
[2m2026-09-15T06:59:33.839897Z[0m [32m INFO[0m [2mmidnight_bench[0m[2m:[0m [3mstage[0m[2m=[0m"create_proof.finalise_proof.end" [3mrss_mb[0m[2m=[0m175 [3mhwm_mb[0m[2m=[0m266
[2m2026-09-15T06:59:33.855823Z[0m [32m INFO[0m [2mactix_web::middleware::logger[0m[2m:[0m 192.168.65.1 POST /prove HTTP/1.1; took 0.844694s
[2m2026-09-15T06:59:33.857602Z[0m [32m INFO[0m [2mmidnight_proof_server::endpoints[0m[2m:[0m Starting to process request for /prove...
[2m2026-09-15T06:59:33.931985Z[0m [32m INFO[0m [2mmidnight_bench[0m[2m:[0m [3mstage[0m[2m=[0m"create_proof.compute_trace.start" [3mrss_mb[0m[2m=[0m187 [3mhwm_mb[0m[2m=[0m266
[2m2026-09-15T06:59:33.932010Z[0m [32m INFO[0m [2mmidnight_bench[0m[2m:[0m [3mstage[0m[2m=[0m"trace.compute_instances.start" [3mrss_mb[0m[2m=[0m187 [3mhwm_mb[0m[2m=[0m266
[2m2026-09-15T06:59:33.937037Z[0m [32m INFO[0m [2mmidnight_bench[0m[2m:[0m [3mstage[0m[2m=[0m"trace.compute_instances.end" [3mrss_mb[0m[2m=[0m187 [3mhwm_mb[0m[2m=[0m266
[2m2026-09-15T06:59:33.937055Z[0m [32m INFO[0m [2mmidnight_bench[0m[2m:[0m [3mstage[0m[2m=[0m"trace.parse_advices.start" [3mrss_mb[0m[2m=[0m187 [3mhwm_mb[0m[2m=[0m266
[2m2026-09-15T06:59:33.942723Z[0m [32m INFO[0m [2mmidnight_bench[0m[2m:[0m [3mstage[0m[2m=[0m"trace.parse_advices.end" [3mrss_mb[0m[2m=[0m191 [3mhwm_mb[0m[2m=[0m266
[2m2026-09-15T06:59:33.942754Z[0m [32m INFO[0m [2mmidnight_bench[0m[2m:[0m [3mstage[0m[2m=[0m"trace.lookups_permuted.start" [3mrss_mb[0m[2m=[0m191 [3mhwm_mb[0m[2m=[0m266
[2m2026-09-15T06:59:33.987618Z[0m [32m INFO[0m [2mmidnight_bench[0m[2m:[0m [3mstage[0m[2m=[0m"trace.lookups_permuted.end" [3mrss_mb[0m[2m=[0m197 [3mhwm_mb[0m[2m=[0m266
[2m2026-09-15T06:59:33.987655Z[0m [32m INFO[0m [2mmidnight_bench[0m[2m:[0m [3mstage[0m[2m=[0m"trace.permutations_commit.start" [3mrss_mb[0m[2m=[0m197 [3mhwm_mb[0m[2m=[0m266
[2m2026-09-15T06:59:34.057787Z[0m [32m INFO[0m [2mmidnight_bench[0m[2m:[0m [3mstage[0m[2m=[0m"trace.permutations_commit.end" [3mrss_mb[0m[2m=[0m204 [3mhwm_mb[0m[2m=[0m266
[2m2026-09-15T06:59:34.057814Z[0m [32m INFO[0m [2mmidnight_bench[0m[2m:[0m [3mstage[0m[2m=[0m"trace.lookups_product.start" [3mrss_mb[0m[2m=[0m204 [3mhwm_mb[0m[2m=[0m266
[2m2026-09-15T06:59:34.107442Z[0m [32m INFO[0m [2mmidnight_bench[0m[2m:[0m [3mstage[0m[2m=[0m"trace.lookups_product.end" [3mrss_mb[0m[2m=[0m204 [3mhwm_mb[0m[2m=[0m266
[2m2026-09-15T06:59:34.132445Z[0m [32m INFO[0m [2mmidnight_bench[0m[2m:[0m [3mstage[0m[2m=[0m"create_proof.compute_trace.end" [3mrss_mb[0m[2m=[0m205 [3mhwm_mb[0m[2m=[0m266
[2m2026-09-15T06:59:34.132468Z[0m [32m INFO[0m [2mmidnight_bench[0m[2m:[0m [3mstage[0m[2m=[0m"create_proof.finalise_proof.start" [3mrss_mb[0m[2m=[0m205 [3mhwm_mb[0m[2m=[0m266
[2m2026-09-15T06:59:34.132477Z[0m [32m INFO[0m [2mmidnight_bench[0m[2m:[0m [3mstage[0m[2m=[0m"finalise.compute_h_poly.start" [3mrss_mb[0m[2m=[0m205 [3mhwm_mb[0m[2m=[0m266
[2m2026-09-15T06:59:34.132486Z[0m [32m INFO[0m [2mmidnight_bench[0m[2m:[0m [3mstage[0m[2m=[0m"finalise.compute_h_poly.spill_advice_cosets.start" [3mrss_mb[0m[2m=[0m205 [3mhwm_mb[0m[2m=[0m266
[2m2026-09-15T06:59:34.166808Z[0m [32m INFO[0m [2mmidnight_bench[0m[2m:[0m [3mstage[0m[2m=[0m"finalise.compute_h_poly.spill_advice_cosets.end" [3mrss_mb[0m[2m=[0m215 [3mhwm_mb[0m[2m=[0m266
[2m2026-09-15T06:59:34.166838Z[0m [32m INFO[0m [2mmidnight_bench[0m[2m:[0m [3mstage[0m[2m=[0m"finalise.compute_h_poly.spill_instance_cosets.start" [3mrss_mb[0m[2m=[0m215 [3mhwm_mb[0m[2m=[0m266
[2m2026-09-15T06:59:34.180135Z[0m [32m INFO[0m [2mmidnight_bench[0m[2m:[0m [3mstage[0m[2m=[0m"finalise.compute_h_poly.spill_instance_cosets.end" [3mrss_mb[0m[2m=[0m219 [3mhwm_mb[0m[2m=[0m266
[2m2026-09-15T06:59:34.180158Z[0m [32m INFO[0m [2mmidnight_bench[0m[2m:[0m [3mstage[0m[2m=[0m"finalise.compute_h_poly.spill_fixed_cosets.start" [3mrss_mb[0m[2m=[0m219 [3mhwm_mb[0m[2m=[0m266
[2m2026-09-15T06:59:34.285874Z[0m [32m INFO[0m [2mmidnight_bench[0m[2m:[0m [3mstage[0m[2m=[0m"finalise.compute_h_poly.spill_fixed_cosets.end" [3mrss_mb[0m[2m=[0m253 [3mhwm_mb[0m[2m=[0m266
[2m2026-09-15T06:59:34.285907Z[0m [32m INFO[0m [2mmidnight_bench[0m[2m:[0m [3mstage[0m[2m=[0m"finalise.compute_h_poly.spill_perm_cosets.start" [3mrss_mb[0m[2m=[0m253 [3mhwm_mb[0m[2m=[0m266
[2m2026-09-15T06:59:34.348712Z[0m [32m INFO[0m [2mmidnight_bench[0m[2m:[0m [3mstage[0m[2m=[0m"finalise.compute_h_poly.spill_perm_cosets.end" [3mrss_mb[0m[2m=[0m269 [3mhwm_mb[0m[2m=[0m269
[2m2026-09-15T06:59:34.498314Z[0m [32m INFO[0m [2mmidnight_bench[0m[2m:[0m [3mstage[0m[2m=[0m"finalise.compute_h_poly.drop_cosets.end" [3mrss_mb[0m[2m=[0m269 [3mhwm_mb[0m[2m=[0m269
[2m2026-09-15T06:59:34.503441Z[0m [32m INFO[0m [2mmidnight_bench[0m[2m:[0m [3mstage[0m[2m=[0m"finalise.compute_h_poly.end" [3mrss_mb[0m[2m=[0m205 [3mhwm_mb[0m[2m=[0m268
[2m2026-09-15T06:59:34.503464Z[0m [32m INFO[0m [2mmidnight_bench[0m[2m:[0m [3mstage[0m[2m=[0m"finalise.vanishing_construct.start" [3mrss_mb[0m[2m=[0m205 [3mhwm_mb[0m[2m=[0m268
[2m2026-09-15T06:59:34.625330Z[0m [32m INFO[0m [2mmidnight_bench[0m[2m:[0m [3mstage[0m[2m=[0m"finalise.vanishing_construct.end" [3mrss_mb[0m[2m=[0m205 [3mhwm_mb[0m[2m=[0m268
[2m2026-09-15T06:59:34.676339Z[0m [32m INFO[0m [2mmidnight_bench[0m[2m:[0m [3mstage[0m[2m=[0m"finalise.compute_queries.start" [3mrss_mb[0m[2m=[0m205 [3mhwm_mb[0m[2m=[0m268
[2m2026-09-15T06:59:34.676466Z[0m [32m INFO[0m [2mmidnight_bench[0m[2m:[0m [3mstage[0m[2m=[0m"finalise.multi_open.start" [3mrss_mb[0m[2m=[0m205 [3mhwm_mb[0m[2m=[0m268
[2m2026-09-15T06:59:34.792041Z[0m [32m INFO[0m [2mmidnight_bench[0m[2m:[0m [3mstage[0m[2m=[0m"finalise.multi_open.end" [3mrss_mb[0m[2m=[0m205 [3mhwm_mb[0m[2m=[0m268
[2m2026-09-15T06:59:34.793460Z[0m [32m INFO[0m [2mmidnight_bench[0m[2m:[0m [3mstage[0m[2m=[0m"create_proof.finalise_proof.end" [3mrss_mb[0m[2m=[0m183 [3mhwm_mb[0m[2m=[0m268
[2m2026-09-15T06:59:34.813548Z[0m [32m INFO[0m [2mactix_web::middleware::logger[0m[2m:[0m 192.168.65.1 POST /prove HTTP/1.1; took 0.955965s
[2m2026-09-15T06:59:34.843451Z[0m [32m INFO[0m [2mmidnight_proof_server::endpoints[0m[2m:[0m Starting to process request for /prove...
[2m2026-09-15T06:59:34.922931Z[0m [32m INFO[0m [2mmidnight_bench[0m[2m:[0m [3mstage[0m[2m=[0m"create_proof.compute_trace.start" [3mrss_mb[0m[2m=[0m187 [3mhwm_mb[0m[2m=[0m268
[2m2026-09-15T06:59:34.922965Z[0m [32m INFO[0m [2mmidnight_bench[0m[2m:[0m [3mstage[0m[2m=[0m"trace.compute_instances.start" [3mrss_mb[0m[2m=[0m187 [3mhwm_mb[0m[2m=[0m268
[2m2026-09-15T06:59:34.928397Z[0m [32m INFO[0m [2mmidnight_bench[0m[2m:[0m [3mstage[0m[2m=[0m"trace.compute_instances.end" [3mrss_mb[0m[2m=[0m187 [3mhwm_mb[0m[2m=[0m268
[2m2026-09-15T06:59:34.928419Z[0m [32m INFO[0m [2mmidnight_bench[0m[2m:[0m [3mstage[0m[2m=[0m"trace.parse_advices.start" [3mrss_mb[0m[2m=[0m187 [3mhwm_mb[0m[2m=[0m268
[2m2026-09-15T06:59:34.934208Z[0m [32m INFO[0m [2mmidnight_bench[0m[2m:[0m [3mstage[0m[2m=[0m"trace.parse_advices.end" [3mrss_mb[0m[2m=[0m192 [3mhwm_mb[0m[2m=[0m268
[2m2026-09-15T06:59:34.934242Z[0m [32m INFO[0m [2mmidnight_bench[0m[2m:[0m [3mstage[0m[2m=[0m"trace.lookups_permuted.start" [3mrss_mb[0m[2m=[0m192 [3mhwm_mb[0m[2m=[0m268
[2m2026-09-15T06:59:34.981404Z[0m [32m INFO[0m [2mmidnight_bench[0m[2m:[0m [3mstage[0m[2m=[0m"trace.lookups_permuted.end" [3mrss_mb[0m[2m=[0m197 [3mhwm_mb[0m[2m=[0m268
[2m2026-09-15T06:59:34.981432Z[0m [32m INFO[0m [2mmidnight_bench[0m[2m:[0m [3mstage[0m[2m=[0m"trace.permutations_commit.start" [3mrss_mb[0m[2m=[0m197 [3mhwm_mb[0m[2m=[0m268
[2m2026-09-15T06:59:35.054480Z[0m [32m INFO[0m [2mmidnight_bench[0m[2m:[0m [3mstage[0m[2m=[0m"trace.permutations_commit.end" [3mrss_mb[0m[2m=[0m205 [3mhwm_mb[0m[2m=[0m268
[2m2026-09-15T06:59:35.054554Z[0m [32m INFO[0m [2mmidnight_bench[0m[2m:[0m [3mstage[0m[2m=[0m"trace.lookups_product.start" [3mrss_mb[0m[2m=[0m205 [3mhwm_mb[0m[2m=[0m268
[2m2026-09-15T06:59:35.107084Z[0m [32m INFO[0m [2mmidnight_bench[0m[2m:[0m [3mstage[0m[2m=[0m"trace.lookups_product.end" [3mrss_mb[0m[2m=[0m205 [3mhwm_mb[0m[2m=[0m268
[2m2026-09-15T06:59:35.131738Z[0m [32m INFO[0m [2mmidnight_bench[0m[2m:[0m [3mstage[0m[2m=[0m"create_proof.compute_trace.end" [3mrss_mb[0m[2m=[0m205 [3mhwm_mb[0m[2m=[0m268
[2m2026-09-15T06:59:35.131761Z[0m [32m INFO[0m [2mmidnight_bench[0m[2m:[0m [3mstage[0m[2m=[0m"create_proof.finalise_proof.start" [3mrss_mb[0m[2m=[0m205 [3mhwm_mb[0m[2m=[0m268
[2m2026-09-15T06:59:35.131769Z[0m [32m INFO[0m [2mmidnight_bench[0m[2m:[0m [3mstage[0m[2m=[0m"finalise.compute_h_poly.start" [3mrss_mb[0m[2m=[0m205 [3mhwm_mb[0m[2m=[0m268
[2m2026-09-15T06:59:35.131776Z[0m [32m INFO[0m [2mmidnight_bench[0m[2m:[0m [3mstage[0m[2m=[0m"finalise.compute_h_poly.spill_advice_cosets.start" [3mrss_mb[0m[2m=[0m205 [3mhwm_mb[0m[2m=[0m268
[2m2026-09-15T06:59:35.167890Z[0m [32m INFO[0m [2mmidnight_bench[0m[2m:[0m [3mstage[0m[2m=[0m"finalise.compute_h_poly.spill_advice_cosets.end" [3mrss_mb[0m[2m=[0m215 [3mhwm_mb[0m[2m=[0m268
[2m2026-09-15T06:59:35.167918Z[0m [32m INFO[0m [2mmidnight_bench[0m[2m:[0m [3mstage[0m[2m=[0m"finalise.compute_h_poly.spill_instance_cosets.start" [3mrss_mb[0m[2m=[0m215 [3mhwm_mb[0m[2m=[0m268
[2m2026-09-15T06:59:35.181104Z[0m [32m INFO[0m [2mmidnight_bench[0m[2m:[0m [3mstage[0m[2m=[0m"finalise.compute_h_poly.spill_instance_cosets.end" [3mrss_mb[0m[2m=[0m219 [3mhwm_mb[0m[2m=[0m268
[2m2026-09-15T06:59:35.181127Z[0m [32m INFO[0m [2mmidnight_bench[0m[2m:[0m [3mstage[0m[2m=[0m"finalise.compute_h_poly.spill_fixed_cosets.start" [3mrss_mb[0m[2m=[0m219 [3mhwm_mb[0m[2m=[0m268
[2m2026-09-15T06:59:35.290535Z[0m [32m INFO[0m [2mmidnight_bench[0m[2m:[0m [3mstage[0m[2m=[0m"finalise.compute_h_poly.spill_fixed_cosets.end" [3mrss_mb[0m[2m=[0m253 [3mhwm_mb[0m[2m=[0m268
[2m2026-09-15T06:59:35.290568Z[0m [32m INFO[0m [2mmidnight_bench[0m[2m:[0m [3mstage[0m[2m=[0m"finalise.compute_h_poly.spill_perm_cosets.start" [3mrss_mb[0m[2m=[0m253 [3mhwm_mb[0m[2m=[0m268
[2m2026-09-15T06:59:35.343084Z[0m [32m INFO[0m [2mmidnight_bench[0m[2m:[0m [3mstage[0m[2m=[0m"finalise.compute_h_poly.spill_perm_cosets.end" [3mrss_mb[0m[2m=[0m269 [3mhwm_mb[0m[2m=[0m269
[2m2026-09-15T06:59:35.475135Z[0m [32m INFO[0m [2mmidnight_bench[0m[2m:[0m [3mstage[0m[2m=[0m"finalise.compute_h_poly.drop_cosets.end" [3mrss_mb[0m[2m=[0m270 [3mhwm_mb[0m[2m=[0m270
[2m2026-09-15T06:59:35.478967Z[0m [32m INFO[0m [2mmidnight_bench[0m[2m:[0m [3mstage[0m[2m=[0m"finalise.compute_h_poly.end" [3mrss_mb[0m[2m=[0m206 [3mhwm_mb[0m[2m=[0m269
[2m2026-09-15T06:59:35.478983Z[0m [32m INFO[0m [2mmidnight_bench[0m[2m:[0m [3mstage[0m[2m=[0m"finalise.vanishing_construct.start" [3mrss_mb[0m[2m=[0m206 [3mhwm_mb[0m[2m=[0m269
[2m2026-09-15T06:59:35.573274Z[0m [32m INFO[0m [2mmidnight_bench[0m[2m:[0m [3mstage[0m[2m=[0m"finalise.vanishing_construct.end" [3mrss_mb[0m[2m=[0m206 [3mhwm_mb[0m[2m=[0m269
[2m2026-09-15T06:59:35.601092Z[0m [32m INFO[0m [2mmidnight_bench[0m[2m:[0m [3mstage[0m[2m=[0m"finalise.compute_queries.start" [3mrss_mb[0m[2m=[0m206 [3mhwm_mb[0m[2m=[0m269
[2m2026-09-15T06:59:35.601178Z[0m [32m INFO[0m [2mmidnight_bench[0m[2m:[0m [3mstage[0m[2m=[0m"finalise.multi_open.start" [3mrss_mb[0m[2m=[0m206 [3mhwm_mb[0m[2m=[0m269
[2m2026-09-15T06:59:35.693758Z[0m [32m INFO[0m [2mmidnight_bench[0m[2m:[0m [3mstage[0m[2m=[0m"finalise.multi_open.end" [3mrss_mb[0m[2m=[0m206 [3mhwm_mb[0m[2m=[0m269
[2m2026-09-15T06:59:35.694866Z[0m [32m INFO[0m [2mmidnight_bench[0m[2m:[0m [3mstage[0m[2m=[0m"create_proof.finalise_proof.end" [3mrss_mb[0m[2m=[0m183 [3mhwm_mb[0m[2m=[0m269
[2m2026-09-15T06:59:35.710919Z[0m [32m INFO[0m [2mactix_web::middleware::logger[0m[2m:[0m 192.168.65.1 POST /prove HTTP/1.1; took 0.867510s
[2m2026-09-15T06:59:35.715082Z[0m [32m INFO[0m [2mmidnight_proof_server::endpoints[0m[2m:[0m Starting to process request for /prove...
[2m2026-09-15T06:59:35.792041Z[0m [32m INFO[0m [2mmidnight_bench[0m[2m:[0m [3mstage[0m[2m=[0m"create_proof.compute_trace.start" [3mrss_mb[0m[2m=[0m188 [3mhwm_mb[0m[2m=[0m269
[2m2026-09-15T06:59:35.792072Z[0m [32m INFO[0m [2mmidnight_bench[0m[2m:[0m [3mstage[0m[2m=[0m"trace.compute_instances.start" [3mrss_mb[0m[2m=[0m188 [3mhwm_mb[0m[2m=[0m269
[2m2026-09-15T06:59:35.796927Z[0m [32m INFO[0m [2mmidnight_bench[0m[2m:[0m [3mstage[0m[2m=[0m"trace.compute_instances.end" [3mrss_mb[0m[2m=[0m188 [3mhwm_mb[0m[2m=[0m269
[2m2026-09-15T06:59:35.796946Z[0m [32m INFO[0m [2mmidnight_bench[0m[2m:[0m [3mstage[0m[2m=[0m"trace.parse_advices.start" [3mrss_mb[0m[2m=[0m188 [3mhwm_mb[0m[2m=[0m269
[2m2026-09-15T06:59:35.803248Z[0m [32m INFO[0m [2mmidnight_bench[0m[2m:[0m [3mstage[0m[2m=[0m"trace.parse_advices.end" [3mrss_mb[0m[2m=[0m192 [3mhwm_mb[0m[2m=[0m269
[2m2026-09-15T06:59:35.803275Z[0m [32m INFO[0m [2mmidnight_bench[0m[2m:[0m [3mstage[0m[2m=[0m"trace.lookups_permuted.start" [3mrss_mb[0m[2m=[0m192 [3mhwm_mb[0m[2m=[0m269
[2m2026-09-15T06:59:35.847569Z[0m [32m INFO[0m [2mmidnight_bench[0m[2m:[0m [3mstage[0m[2m=[0m"trace.lookups_permuted.end" [3mrss_mb[0m[2m=[0m198 [3mhwm_mb[0m[2m=[0m269
[2m2026-09-15T06:59:35.847595Z[0m [32m INFO[0m [2mmidnight_bench[0m[2m:[0m [3mstage[0m[2m=[0m"trace.permutations_commit.start" [3mrss_mb[0m[2m=[0m198 [3mhwm_mb[0m[2m=[0m269
[2m2026-09-15T06:59:35.916336Z[0m [32m INFO[0m [2mmidnight_bench[0m[2m:[0m [3mstage[0m[2m=[0m"trace.permutations_commit.end" [3mrss_mb[0m[2m=[0m205 [3mhwm_mb[0m[2m=[0m269
[2m2026-09-15T06:59:35.916361Z[0m [32m INFO[0m [2mmidnight_bench[0m[2m:[0m [3mstage[0m[2m=[0m"trace.lookups_product.start" [3mrss_mb[0m[2m=[0m205 [3mhwm_mb[0m[2m=[0m269
[2m2026-09-15T06:59:35.968774Z[0m [32m INFO[0m [2mmidnight_bench[0m[2m:[0m [3mstage[0m[2m=[0m"trace.lookups_product.end" [3mrss_mb[0m[2m=[0m205 [3mhwm_mb[0m[2m=[0m269
[2m2026-09-15T06:59:35.996940Z[0m [32m INFO[0m [2mmidnight_bench[0m[2m:[0m [3mstage[0m[2m=[0m"create_proof.compute_trace.end" [3mrss_mb[0m[2m=[0m206 [3mhwm_mb[0m[2m=[0m269
[2m2026-09-15T06:59:35.996975Z[0m [32m INFO[0m [2mmidnight_bench[0m[2m:[0m [3mstage[0m[2m=[0m"create_proof.finalise_proof.start" [3mrss_mb[0m[2m=[0m206 [3mhwm_mb[0m[2m=[0m269
[2m2026-09-15T06:59:35.996984Z[0m [32m INFO[0m [2mmidnight_bench[0m[2m:[0m [3mstage[0m[2m=[0m"finalise.compute_h_poly.start" [3mrss_mb[0m[2m=[0m206 [3mhwm_mb[0m[2m=[0m269
[2m2026-09-15T06:59:35.996991Z[0m [32m INFO[0m [2mmidnight_bench[0m[2m:[0m [3mstage[0m[2m=[0m"finalise.compute_h_poly.spill_advice_cosets.start" [3mrss_mb[0m[2m=[0m206 [3mhwm_mb[0m[2m=[0m269
[2m2026-09-15T06:59:36.028018Z[0m [32m INFO[0m [2mmidnight_bench[0m[2m:[0m [3mstage[0m[2m=[0m"finalise.compute_h_poly.spill_advice_cosets.end" [3mrss_mb[0m[2m=[0m216 [3mhwm_mb[0m[2m=[0m269
[2m2026-09-15T06:59:36.028044Z[0m [32m INFO[0m [2mmidnight_bench[0m[2m:[0m [3mstage[0m[2m=[0m"finalise.compute_h_poly.spill_instance_cosets.start" [3mrss_mb[0m[2m=[0m216 [3mhwm_mb[0m[2m=[0m269
[2m2026-09-15T06:59:36.041493Z[0m [32m INFO[0m [2mmidnight_bench[0m[2m:[0m [3mstage[0m[2m=[0m"finalise.compute_h_poly.spill_instance_cosets.end" [3mrss_mb[0m[2m=[0m220 [3mhwm_mb[0m[2m=[0m269
[2m2026-09-15T06:59:36.041519Z[0m [32m INFO[0m [2mmidnight_bench[0m[2m:[0m [3mstage[0m[2m=[0m"finalise.compute_h_poly.spill_fixed_cosets.start" [3mrss_mb[0m[2m=[0m220 [3mhwm_mb[0m[2m=[0m269
[2m2026-09-15T06:59:36.146577Z[0m [32m INFO[0m [2mmidnight_bench[0m[2m:[0m [3mstage[0m[2m=[0m"finalise.compute_h_poly.spill_fixed_cosets.end" [3mrss_mb[0m[2m=[0m254 [3mhwm_mb[0m[2m=[0m269
[2m2026-09-15T06:59:36.146605Z[0m [32m INFO[0m [2mmidnight_bench[0m[2m:[0m [3mstage[0m[2m=[0m"finalise.compute_h_poly.spill_perm_cosets.start" [3mrss_mb[0m[2m=[0m254 [3mhwm_mb[0m[2m=[0m269
[2m2026-09-15T06:59:36.196190Z[0m [32m INFO[0m [2mmidnight_bench[0m[2m:[0m [3mstage[0m[2m=[0m"finalise.compute_h_poly.spill_perm_cosets.end" [3mrss_mb[0m[2m=[0m270 [3mhwm_mb[0m[2m=[0m270
[2m2026-09-15T06:59:36.327794Z[0m [32m INFO[0m [2mmidnight_bench[0m[2m:[0m [3mstage[0m[2m=[0m"finalise.compute_h_poly.drop_cosets.end" [3mrss_mb[0m[2m=[0m270 [3mhwm_mb[0m[2m=[0m270
[2m2026-09-15T06:59:36.331403Z[0m [32m INFO[0m [2mmidnight_bench[0m[2m:[0m [3mstage[0m[2m=[0m"finalise.compute_h_poly.end" [3mrss_mb[0m[2m=[0m206 [3mhwm_mb[0m[2m=[0m269
[2m2026-09-15T06:59:36.331421Z[0m [32m INFO[0m [2mmidnight_bench[0m[2m:[0m [3mstage[0m[2m=[0m"finalise.vanishing_construct.start" [3mrss_mb[0m[2m=[0m206 [3mhwm_mb[0m[2m=[0m269
[2m2026-09-15T06:59:36.419103Z[0m [32m INFO[0m [2mmidnight_bench[0m[2m:[0m [3mstage[0m[2m=[0m"finalise.vanishing_construct.end" [3mrss_mb[0m[2m=[0m206 [3mhwm_mb[0m[2m=[0m269
[2m2026-09-15T06:59:36.447875Z[0m [32m INFO[0m [2mmidnight_bench[0m[2m:[0m [3mstage[0m[2m=[0m"finalise.compute_queries.start" [3mrss_mb[0m[2m=[0m206 [3mhwm_mb[0m[2m=[0m269
[2m2026-09-15T06:59:36.447969Z[0m [32m INFO[0m [2mmidnight_bench[0m[2m:[0m [3mstage[0m[2m=[0m"finalise.multi_open.start" [3mrss_mb[0m[2m=[0m206 [3mhwm_mb[0m[2m=[0m269
[2m2026-09-15T06:59:36.537353Z[0m [32m INFO[0m [2mmidnight_bench[0m[2m:[0m [3mstage[0m[2m=[0m"finalise.multi_open.end" [3mrss_mb[0m[2m=[0m206 [3mhwm_mb[0m[2m=[0m269
[2m2026-09-15T06:59:36.538344Z[0m [32m INFO[0m [2mmidnight_bench[0m[2m:[0m [3mstage[0m[2m=[0m"create_proof.finalise_proof.end" [3mrss_mb[0m[2m=[0m184 [3mhwm_mb[0m[2m=[0m269
[2m2026-09-15T06:59:36.560787Z[0m [32m INFO[0m [2mactix_web::middleware::logger[0m[2m:[0m 192.168.65.1 POST /prove HTTP/1.1; took 0.845726s
[2m2026-09-15T06:59:36.562328Z[0m [32m INFO[0m [2mmidnight_proof_server::endpoints[0m[2m:[0m Starting to process request for /prove...
[2m2026-09-15T06:59:36.634118Z[0m [32m INFO[0m [2mmidnight_bench[0m[2m:[0m [3mstage[0m[2m=[0m"create_proof.compute_trace.start" [3mrss_mb[0m[2m=[0m191 [3mhwm_mb[0m[2m=[0m269
[2m2026-09-15T06:59:36.634153Z[0m [32m INFO[0m [2mmidnight_bench[0m[2m:[0m [3mstage[0m[2m=[0m"trace.compute_instances.start" [3mrss_mb[0m[2m=[0m191 [3mhwm_mb[0m[2m=[0m269
[2m2026-09-15T06:59:36.639122Z[0m [32m INFO[0m [2mmidnight_bench[0m[2m:[0m [3mstage[0m[2m=[0m"trace.compute_instances.end" [3mrss_mb[0m[2m=[0m191 [3mhwm_mb[0m[2m=[0m269
[2m2026-09-15T06:59:36.639143Z[0m [32m INFO[0m [2mmidnight_bench[0m[2m:[0m [3mstage[0m[2m=[0m"trace.parse_advices.start" [3mrss_mb[0m[2m=[0m191 [3mhwm_mb[0m[2m=[0m269
[2m2026-09-15T06:59:36.645214Z[0m [32m INFO[0m [2mmidnight_bench[0m[2m:[0m [3mstage[0m[2m=[0m"trace.parse_advices.end" [3mrss_mb[0m[2m=[0m196 [3mhwm_mb[0m[2m=[0m269
[2m2026-09-15T06:59:36.645242Z[0m [32m INFO[0m [2mmidnight_bench[0m[2m:[0m [3mstage[0m[2m=[0m"trace.lookups_permuted.start" [3mrss_mb[0m[2m=[0m196 [3mhwm_mb[0m[2m=[0m269
[2m2026-09-15T06:59:36.689720Z[0m [32m INFO[0m [2mmidnight_bench[0m[2m:[0m [3mstage[0m[2m=[0m"trace.lookups_permuted.end" [3mrss_mb[0m[2m=[0m202 [3mhwm_mb[0m[2m=[0m269
[2m2026-09-15T06:59:36.689750Z[0m [32m INFO[0m [2mmidnight_bench[0m[2m:[0m [3mstage[0m[2m=[0m"trace.permutations_commit.start" [3mrss_mb[0m[2m=[0m202 [3mhwm_mb[0m[2m=[0m269
[2m2026-09-15T06:59:36.760926Z[0m [32m INFO[0m [2mmidnight_bench[0m[2m:[0m [3mstage[0m[2m=[0m"trace.permutations_commit.end" [3mrss_mb[0m[2m=[0m209 [3mhwm_mb[0m[2m=[0m269
[2m2026-09-15T06:59:36.760950Z[0m [32m INFO[0m [2mmidnight_bench[0m[2m:[0m [3mstage[0m[2m=[0m"trace.lookups_product.start" [3mrss_mb[0m[2m=[0m209 [3mhwm_mb[0m[2m=[0m269
[2m2026-09-15T06:59:36.812273Z[0m [32m INFO[0m [2mmidnight_bench[0m[2m:[0m [3mstage[0m[2m=[0m"trace.lookups_product.end" [3mrss_mb[0m[2m=[0m209 [3mhwm_mb[0m[2m=[0m269
[2m2026-09-15T06:59:36.839124Z[0m [32m INFO[0m [2mmidnight_bench[0m[2m:[0m [3mstage[0m[2m=[0m"create_proof.compute_trace.end" [3mrss_mb[0m[2m=[0m209 [3mhwm_mb[0m[2m=[0m269
[2m2026-09-15T06:59:36.839150Z[0m [32m INFO[0m [2mmidnight_bench[0m[2m:[0m [3mstage[0m[2m=[0m"create_proof.finalise_proof.start" [3mrss_mb[0m[2m=[0m209 [3mhwm_mb[0m[2m=[0m269
[2m2026-09-15T06:59:36.839163Z[0m [32m INFO[0m [2mmidnight_bench[0m[2m:[0m [3mstage[0m[2m=[0m"finalise.compute_h_poly.start" [3mrss_mb[0m[2m=[0m209 [3mhwm_mb[0m[2m=[0m269
[2m2026-09-15T06:59:36.839171Z[0m [32m INFO[0m [2mmidnight_bench[0m[2m:[0m [3mstage[0m[2m=[0m"finalise.compute_h_poly.spill_advice_cosets.start" [3mrss_mb[0m[2m=[0m209 [3mhwm_mb[0m[2m=[0m269
[2m2026-09-15T06:59:36.871609Z[0m [32m INFO[0m [2mmidnight_bench[0m[2m:[0m [3mstage[0m[2m=[0m"finalise.compute_h_poly.spill_advice_cosets.end" [3mrss_mb[0m[2m=[0m219 [3mhwm_mb[0m[2m=[0m269
[2m2026-09-15T06:59:36.871635Z[0m [32m INFO[0m [2mmidnight_bench[0m[2m:[0m [3mstage[0m[2m=[0m"finalise.compute_h_poly.spill_instance_cosets.start" [3mrss_mb[0m[2m=[0m219 [3mhwm_mb[0m[2m=[0m269
[2m2026-09-15T06:59:36.885586Z[0m [32m INFO[0m [2mmidnight_bench[0m[2m:[0m [3mstage[0m[2m=[0m"finalise.compute_h_poly.spill_instance_cosets.end" [3mrss_mb[0m[2m=[0m223 [3mhwm_mb[0m[2m=[0m269
[2m2026-09-15T06:59:36.885610Z[0m [32m INFO[0m [2mmidnight_bench[0m[2m:[0m [3mstage[0m[2m=[0m"finalise.compute_h_poly.spill_fixed_cosets.start" [3mrss_mb[0m[2m=[0m223 [3mhwm_mb[0m[2m=[0m269
[2m2026-09-15T06:59:36.994932Z[0m [32m INFO[0m [2mmidnight_bench[0m[2m:[0m [3mstage[0m[2m=[0m"finalise.compute_h_poly.spill_fixed_cosets.end" [3mrss_mb[0m[2m=[0m257 [3mhwm_mb[0m[2m=[0m269
[2m2026-09-15T06:59:36.994958Z[0m [32m INFO[0m [2mmidnight_bench[0m[2m:[0m [3mstage[0m[2m=[0m"finalise.compute_h_poly.spill_perm_cosets.start" [3mrss_mb[0m[2m=[0m257 [3mhwm_mb[0m[2m=[0m269
[2m2026-09-15T06:59:37.049856Z[0m [32m INFO[0m [2mmidnight_bench[0m[2m:[0m [3mstage[0m[2m=[0m"finalise.compute_h_poly.spill_perm_cosets.end" [3mrss_mb[0m[2m=[0m273 [3mhwm_mb[0m[2m=[0m273
[2m2026-09-15T06:59:37.186145Z[0m [32m INFO[0m [2mmidnight_bench[0m[2m:[0m [3mstage[0m[2m=[0m"finalise.compute_h_poly.drop_cosets.end" [3mrss_mb[0m[2m=[0m274 [3mhwm_mb[0m[2m=[0m274
[2m2026-09-15T06:59:37.189963Z[0m [32m INFO[0m [2mmidnight_bench[0m[2m:[0m [3mstage[0m[2m=[0m"finalise.compute_h_poly.end" [3mrss_mb[0m[2m=[0m210 [3mhwm_mb[0m[2m=[0m273
[2m2026-09-15T06:59:37.189985Z[0m [32m INFO[0m [2mmidnight_bench[0m[2m:[0m [3mstage[0m[2m=[0m"finalise.vanishing_construct.start" [3mrss_mb[0m[2m=[0m210 [3mhwm_mb[0m[2m=[0m273
[2m2026-09-15T06:59:37.282197Z[0m [32m INFO[0m [2mmidnight_bench[0m[2m:[0m [3mstage[0m[2m=[0m"finalise.vanishing_construct.end" [3mrss_mb[0m[2m=[0m210 [3mhwm_mb[0m[2m=[0m273
[2m2026-09-15T06:59:37.310454Z[0m [32m INFO[0m [2mmidnight_bench[0m[2m:[0m [3mstage[0m[2m=[0m"finalise.compute_queries.start" [3mrss_mb[0m[2m=[0m210 [3mhwm_mb[0m[2m=[0m273
[2m2026-09-15T06:59:37.310558Z[0m [32m INFO[0m [2mmidnight_bench[0m[2m:[0m [3mstage[0m[2m=[0m"finalise.multi_open.start" [3mrss_mb[0m[2m=[0m210 [3mhwm_mb[0m[2m=[0m273
[2m2026-09-15T06:59:37.403659Z[0m [32m INFO[0m [2mmidnight_bench[0m[2m:[0m [3mstage[0m[2m=[0m"finalise.multi_open.end" [3mrss_mb[0m[2m=[0m210 [3mhwm_mb[0m[2m=[0m273
[2m2026-09-15T06:59:37.404605Z[0m [32m INFO[0m [2mmidnight_bench[0m[2m:[0m [3mstage[0m[2m=[0m"create_proof.finalise_proof.end" [3mrss_mb[0m[2m=[0m187 [3mhwm_mb[0m[2m=[0m273
[2m2026-09-15T06:59:37.420413Z[0m [32m INFO[0m [2mactix_web::middleware::logger[0m[2m:[0m 192.168.65.1 POST /prove HTTP/1.1; took 0.858103s
[2m2026-09-15T06:59:37.422259Z[0m [32m INFO[0m [2mmidnight_proof_server::endpoints[0m[2m:[0m Starting to process request for /prove...
[2m2026-09-15T06:59:37.497605Z[0m [32m INFO[0m [2mmidnight_bench[0m[2m:[0m [3mstage[0m[2m=[0m"create_proof.compute_trace.start" [3mrss_mb[0m[2m=[0m190 [3mhwm_mb[0m[2m=[0m273
[2m2026-09-15T06:59:37.497636Z[0m [32m INFO[0m [2mmidnight_bench[0m[2m:[0m [3mstage[0m[2m=[0m"trace.compute_instances.start" [3mrss_mb[0m[2m=[0m190 [3mhwm_mb[0m[2m=[0m273
[2m2026-09-15T06:59:37.503293Z[0m [32m INFO[0m [2mmidnight_bench[0m[2m:[0m [3mstage[0m[2m=[0m"trace.compute_instances.end" [3mrss_mb[0m[2m=[0m190 [3mhwm_mb[0m[2m=[0m273
[2m2026-09-15T06:59:37.503315Z[0m [32m INFO[0m [2mmidnight_bench[0m[2m:[0m [3mstage[0m[2m=[0m"trace.parse_advices.start" [3mrss_mb[0m[2m=[0m190 [3mhwm_mb[0m[2m=[0m273
[2m2026-09-15T06:59:37.509602Z[0m [32m INFO[0m [2mmidnight_bench[0m[2m:[0m [3mstage[0m[2m=[0m"trace.parse_advices.end" [3mrss_mb[0m[2m=[0m195 [3mhwm_mb[0m[2m=[0m273
[2m2026-09-15T06:59:37.509624Z[0m [32m INFO[0m [2mmidnight_bench[0m[2m:[0m [3mstage[0m[2m=[0m"trace.lookups_permuted.start" [3mrss_mb[0m[2m=[0m195 [3mhwm_mb[0m[2m=[0m273
[2m2026-09-15T06:59:37.558446Z[0m [32m INFO[0m [2mmidnight_bench[0m[2m:[0m [3mstage[0m[2m=[0m"trace.lookups_permuted.end" [3mrss_mb[0m[2m=[0m200 [3mhwm_mb[0m[2m=[0m273
[2m2026-09-15T06:59:37.558473Z[0m [32m INFO[0m [2mmidnight_bench[0m[2m:[0m [3mstage[0m[2m=[0m"trace.permutations_commit.start" [3mrss_mb[0m[2m=[0m200 [3mhwm_mb[0m[2m=[0m273
[2m2026-09-15T06:59:37.629869Z[0m [32m INFO[0m [2mmidnight_bench[0m[2m:[0m [3mstage[0m[2m=[0m"trace.permutations_commit.end" [3mrss_mb[0m[2m=[0m208 [3mhwm_mb[0m[2m=[0m273
[2m2026-09-15T06:59:37.629893Z[0m [32m INFO[0m [2mmidnight_bench[0m[2m:[0m [3mstage[0m[2m=[0m"trace.lookups_product.start" [3mrss_mb[0m[2m=[0m208 [3mhwm_mb[0m[2m=[0m273
[2m2026-09-15T06:59:37.682051Z[0m [32m INFO[0m [2mmidnight_bench[0m[2m:[0m [3mstage[0m[2m=[0m"trace.lookups_product.end" [3mrss_mb[0m[2m=[0m208 [3mhwm_mb[0m[2m=[0m273
[2m2026-09-15T06:59:37.707277Z[0m [32m INFO[0m [2mmidnight_bench[0m[2m:[0m [3mstage[0m[2m=[0m"create_proof.compute_trace.end" [3mrss_mb[0m[2m=[0m209 [3mhwm_mb[0m[2m=[0m273
[2m2026-09-15T06:59:37.707302Z[0m [32m INFO[0m [2mmidnight_bench[0m[2m:[0m [3mstage[0m[2m=[0m"create_proof.finalise_proof.start" [3mrss_mb[0m[2m=[0m209 [3mhwm_mb[0m[2m=[0m273
[2m2026-09-15T06:59:37.707310Z[0m [32m INFO[0m [2mmidnight_bench[0m[2m:[0m [3mstage[0m[2m=[0m"finalise.compute_h_poly.start" [3mrss_mb[0m[2m=[0m209 [3mhwm_mb[0m[2m=[0m273
[2m2026-09-15T06:59:37.707318Z[0m [32m INFO[0m [2mmidnight_bench[0m[2m:[0m [3mstage[0m[2m=[0m"finalise.compute_h_poly.spill_advice_cosets.start" [3mrss_mb[0m[2m=[0m209 [3mhwm_mb[0m[2m=[0m273
[2m2026-09-15T06:59:37.742238Z[0m [32m INFO[0m [2mmidnight_bench[0m[2m:[0m [3mstage[0m[2m=[0m"finalise.compute_h_poly.spill_advice_cosets.end" [3mrss_mb[0m[2m=[0m219 [3mhwm_mb[0m[2m=[0m273
[2m2026-09-15T06:59:37.742266Z[0m [32m INFO[0m [2mmidnight_bench[0m[2m:[0m [3mstage[0m[2m=[0m"finalise.compute_h_poly.spill_instance_cosets.start" [3mrss_mb[0m[2m=[0m219 [3mhwm_mb[0m[2m=[0m273
[2m2026-09-15T06:59:37.755002Z[0m [32m INFO[0m [2mmidnight_bench[0m[2m:[0m [3mstage[0m[2m=[0m"finalise.compute_h_poly.spill_instance_cosets.end" [3mrss_mb[0m[2m=[0m223 [3mhwm_mb[0m[2m=[0m273
[2m2026-09-15T06:59:37.755025Z[0m [32m INFO[0m [2mmidnight_bench[0m[2m:[0m [3mstage[0m[2m=[0m"finalise.compute_h_poly.spill_fixed_cosets.start" [3mrss_mb[0m[2m=[0m223 [3mhwm_mb[0m[2m=[0m273
[2m2026-09-15T06:59:37.863255Z[0m [32m INFO[0m [2mmidnight_bench[0m[2m:[0m [3mstage[0m[2m=[0m"finalise.compute_h_poly.spill_fixed_cosets.end" [3mrss_mb[0m[2m=[0m257 [3mhwm_mb[0m[2m=[0m273
[2m2026-09-15T06:59:37.863282Z[0m [32m INFO[0m [2mmidnight_bench[0m[2m:[0m [3mstage[0m[2m=[0m"finalise.compute_h_poly.spill_perm_cosets.start" [3mrss_mb[0m[2m=[0m257 [3mhwm_mb[0m[2m=[0m273
[2m2026-09-15T06:59:37.912564Z[0m [32m INFO[0m [2mmidnight_bench[0m[2m:[0m [3mstage[0m[2m=[0m"finalise.compute_h_poly.spill_perm_cosets.end" [3mrss_mb[0m[2m=[0m273 [3mhwm_mb[0m[2m=[0m273
[2m2026-09-15T06:59:38.048942Z[0m [32m INFO[0m [2mmidnight_bench[0m[2m:[0m [3mstage[0m[2m=[0m"finalise.compute_h_poly.drop_cosets.end" [3mrss_mb[0m[2m=[0m273 [3mhwm_mb[0m[2m=[0m273
[2m2026-09-15T06:59:38.052953Z[0m [32m INFO[0m [2mmidnight_bench[0m[2m:[0m [3mstage[0m[2m=[0m"finalise.compute_h_poly.end" [3mrss_mb[0m[2m=[0m209 [3mhwm_mb[0m[2m=[0m273
[2m2026-09-15T06:59:38.052975Z[0m [32m INFO[0m [2mmidnight_bench[0m[2m:[0m [3mstage[0m[2m=[0m"finalise.vanishing_construct.start" [3mrss_mb[0m[2m=[0m209 [3mhwm_mb[0m[2m=[0m273
[2m2026-09-15T06:59:38.151188Z[0m [32m INFO[0m [2mmidnight_bench[0m[2m:[0m [3mstage[0m[2m=[0m"finalise.vanishing_construct.end" [3mrss_mb[0m[2m=[0m209 [3mhwm_mb[0m[2m=[0m273
[2m2026-09-15T06:59:38.181391Z[0m [32m INFO[0m [2mmidnight_bench[0m[2m:[0m [3mstage[0m[2m=[0m"finalise.compute_queries.start" [3mrss_mb[0m[2m=[0m209 [3mhwm_mb[0m[2m=[0m273
[2m2026-09-15T06:59:38.181488Z[0m [32m INFO[0m [2mmidnight_bench[0m[2m:[0m [3mstage[0m[2m=[0m"finalise.multi_open.start" [3mrss_mb[0m[2m=[0m209 [3mhwm_mb[0m[2m=[0m273
[2m2026-09-15T06:59:38.274808Z[0m [32m INFO[0m [2mmidnight_bench[0m[2m:[0m [3mstage[0m[2m=[0m"finalise.multi_open.end" [3mrss_mb[0m[2m=[0m209 [3mhwm_mb[0m[2m=[0m273
[2m2026-09-15T06:59:38.275717Z[0m [32m INFO[0m [2mmidnight_bench[0m[2m:[0m [3mstage[0m[2m=[0m"create_proof.finalise_proof.end" [3mrss_mb[0m[2m=[0m187 [3mhwm_mb[0m[2m=[0m273
[2m2026-09-15T06:59:38.291509Z[0m [32m INFO[0m [2mactix_web::middleware::logger[0m[2m:[0m 192.168.65.1 POST /prove HTTP/1.1; took 0.869269s
[2m2026-09-15T06:59:38.292942Z[0m [32m INFO[0m [2mmidnight_proof_server::endpoints[0m[2m:[0m Starting to process request for /prove...
[2m2026-09-15T06:59:38.366259Z[0m [32m INFO[0m [2mmidnight_bench[0m[2m:[0m [3mstage[0m[2m=[0m"create_proof.compute_trace.start" [3mrss_mb[0m[2m=[0m191 [3mhwm_mb[0m[2m=[0m273
[2m2026-09-15T06:59:38.366287Z[0m [32m INFO[0m [2mmidnight_bench[0m[2m:[0m [3mstage[0m[2m=[0m"trace.compute_instances.start" [3mrss_mb[0m[2m=[0m191 [3mhwm_mb[0m[2m=[0m273
[2m2026-09-15T06:59:38.372487Z[0m [32m INFO[0m [2mmidnight_bench[0m[2m:[0m [3mstage[0m[2m=[0m"trace.compute_instances.end" [3mrss_mb[0m[2m=[0m191 [3mhwm_mb[0m[2m=[0m273
[2m2026-09-15T06:59:38.372508Z[0m [32m INFO[0m [2mmidnight_bench[0m[2m:[0m [3mstage[0m[2m=[0m"trace.parse_advices.start" [3mrss_mb[0m[2m=[0m191 [3mhwm_mb[0m[2m=[0m273
[2m2026-09-15T06:59:38.378693Z[0m [32m INFO[0m [2mmidnight_bench[0m[2m:[0m [3mstage[0m[2m=[0m"trace.parse_advices.end" [3mrss_mb[0m[2m=[0m196 [3mhwm_mb[0m[2m=[0m273
[2m2026-09-15T06:59:38.378718Z[0m [32m INFO[0m [2mmidnight_bench[0m[2m:[0m [3mstage[0m[2m=[0m"trace.lookups_permuted.start" [3mrss_mb[0m[2m=[0m196 [3mhwm_mb[0m[2m=[0m273
[2m2026-09-15T06:59:38.426025Z[0m [32m INFO[0m [2mmidnight_bench[0m[2m:[0m [3mstage[0m[2m=[0m"trace.lookups_permuted.end" [3mrss_mb[0m[2m=[0m202 [3mhwm_mb[0m[2m=[0m273
[2m2026-09-15T06:59:38.426057Z[0m [32m INFO[0m [2mmidnight_bench[0m[2m:[0m [3mstage[0m[2m=[0m"trace.permutations_commit.start" [3mrss_mb[0m[2m=[0m202 [3mhwm_mb[0m[2m=[0m273
[2m2026-09-15T06:59:38.497625Z[0m [32m INFO[0m [2mmidnight_bench[0m[2m:[0m [3mstage[0m[2m=[0m"trace.permutations_commit.end" [3mrss_mb[0m[2m=[0m209 [3mhwm_mb[0m[2m=[0m273
[2m2026-09-15T06:59:38.497659Z[0m [32m INFO[0m [2mmidnight_bench[0m[2m:[0m [3mstage[0m[2m=[0m"trace.lookups_product.start" [3mrss_mb[0m[2m=[0m209 [3mhwm_mb[0m[2m=[0m273
[2m2026-09-15T06:59:38.549224Z[0m [32m INFO[0m [2mmidnight_bench[0m[2m:[0m [3mstage[0m[2m=[0m"trace.lookups_product.end" [3mrss_mb[0m[2m=[0m209 [3mhwm_mb[0m[2m=[0m273
[2m2026-09-15T06:59:38.575432Z[0m [32m INFO[0m [2mmidnight_bench[0m[2m:[0m [3mstage[0m[2m=[0m"create_proof.compute_trace.end" [3mrss_mb[0m[2m=[0m209 [3mhwm_mb[0m[2m=[0m273
[2m2026-09-15T06:59:38.575455Z[0m [32m INFO[0m [2mmidnight_bench[0m[2m:[0m [3mstage[0m[2m=[0m"create_proof.finalise_proof.start" [3mrss_mb[0m[2m=[0m209 [3mhwm_mb[0m[2m=[0m273
[2m2026-09-15T06:59:38.575463Z[0m [32m INFO[0m [2mmidnight_bench[0m[2m:[0m [3mstage[0m[2m=[0m"finalise.compute_h_poly.start" [3mrss_mb[0m[2m=[0m209 [3mhwm_mb[0m[2m=[0m273
[2m2026-09-15T06:59:38.575471Z[0m [32m INFO[0m [2mmidnight_bench[0m[2m:[0m [3mstage[0m[2m=[0m"finalise.compute_h_poly.spill_advice_cosets.start" [3mrss_mb[0m[2m=[0m209 [3mhwm_mb[0m[2m=[0m273
[2m2026-09-15T06:59:38.612830Z[0m [32m INFO[0m [2mmidnight_bench[0m[2m:[0m [3mstage[0m[2m=[0m"finalise.compute_h_poly.spill_advice_cosets.end" [3mrss_mb[0m[2m=[0m219 [3mhwm_mb[0m[2m=[0m273
[2m2026-09-15T06:59:38.612861Z[0m [32m INFO[0m [2mmidnight_bench[0m[2m:[0m [3mstage[0m[2m=[0m"finalise.compute_h_poly.spill_instance_cosets.start" [3mrss_mb[0m[2m=[0m219 [3mhwm_mb[0m[2m=[0m273
[2m2026-09-15T06:59:38.624758Z[0m [32m INFO[0m [2mmidnight_bench[0m[2m:[0m [3mstage[0m[2m=[0m"finalise.compute_h_poly.spill_instance_cosets.end" [3mrss_mb[0m[2m=[0m223 [3mhwm_mb[0m[2m=[0m273
[2m2026-09-15T06:59:38.624782Z[0m [32m INFO[0m [2mmidnight_bench[0m[2m:[0m [3mstage[0m[2m=[0m"finalise.compute_h_poly.spill_fixed_cosets.start" [3mrss_mb[0m[2m=[0m223 [3mhwm_mb[0m[2m=[0m273
[2m2026-09-15T06:59:38.731428Z[0m [32m INFO[0m [2mmidnight_bench[0m[2m:[0m [3mstage[0m[2m=[0m"finalise.compute_h_poly.spill_fixed_cosets.end" [3mrss_mb[0m[2m=[0m257 [3mhwm_mb[0m[2m=[0m273
[2m2026-09-15T06:59:38.731456Z[0m [32m INFO[0m [2mmidnight_bench[0m[2m:[0m [3mstage[0m[2m=[0m"finalise.compute_h_poly.spill_perm_cosets.start" [3mrss_mb[0m[2m=[0m257 [3mhwm_mb[0m[2m=[0m273
[2m2026-09-15T06:59:38.780595Z[0m [32m INFO[0m [2mmidnight_bench[0m[2m:[0m [3mstage[0m[2m=[0m"finalise.compute_h_poly.spill_perm_cosets.end" [3mrss_mb[0m[2m=[0m273 [3mhwm_mb[0m[2m=[0m273
[2m2026-09-15T06:59:38.922033Z[0m [32m INFO[0m [2mmidnight_bench[0m[2m:[0m [3mstage[0m[2m=[0m"finalise.compute_h_poly.drop_cosets.end" [3mrss_mb[0m[2m=[0m274 [3mhwm_mb[0m[2m=[0m274
[2m2026-09-15T06:59:38.926081Z[0m [32m INFO[0m [2mmidnight_bench[0m[2m:[0m [3mstage[0m[2m=[0m"finalise.compute_h_poly.end" [3mrss_mb[0m[2m=[0m210 [3mhwm_mb[0m[2m=[0m273
[2m2026-09-15T06:59:38.926102Z[0m [32m INFO[0m [2mmidnight_bench[0m[2m:[0m [3mstage[0m[2m=[0m"finalise.vanishing_construct.start" [3mrss_mb[0m[2m=[0m210 [3mhwm_mb[0m[2m=[0m273
[2m2026-09-15T06:59:39.021690Z[0m [32m INFO[0m [2mmidnight_bench[0m[2m:[0m [3mstage[0m[2m=[0m"finalise.vanishing_construct.end" [3mrss_mb[0m[2m=[0m210 [3mhwm_mb[0m[2m=[0m273
[2m2026-09-15T06:59:39.052138Z[0m [32m INFO[0m [2mmidnight_bench[0m[2m:[0m [3mstage[0m[2m=[0m"finalise.compute_queries.start" [3mrss_mb[0m[2m=[0m210 [3mhwm_mb[0m[2m=[0m273
[2m2026-09-15T06:59:39.052224Z[0m [32m INFO[0m [2mmidnight_bench[0m[2m:[0m [3mstage[0m[2m=[0m"finalise.multi_open.start" [3mrss_mb[0m[2m=[0m210 [3mhwm_mb[0m[2m=[0m273
[2m2026-09-15T06:59:39.142776Z[0m [32m INFO[0m [2mmidnight_bench[0m[2m:[0m [3mstage[0m[2m=[0m"finalise.multi_open.end" [3mrss_mb[0m[2m=[0m210 [3mhwm_mb[0m[2m=[0m273
[2m2026-09-15T06:59:39.143633Z[0m [32m INFO[0m [2mmidnight_bench[0m[2m:[0m [3mstage[0m[2m=[0m"create_proof.finalise_proof.end" [3mrss_mb[0m[2m=[0m187 [3mhwm_mb[0m[2m=[0m273
[2m2026-09-15T06:59:39.159369Z[0m [32m INFO[0m [2mactix_web::middleware::logger[0m[2m:[0m 192.168.65.1 POST /prove HTTP/1.1; took 0.866445s
[2m2026-09-15T06:59:39.160984Z[0m [32m INFO[0m [2mmidnight_proof_server::endpoints[0m[2m:[0m Starting to process request for /prove...
[2m2026-09-15T06:59:39.239722Z[0m [32m INFO[0m [2mmidnight_bench[0m[2m:[0m [3mstage[0m[2m=[0m"create_proof.compute_trace.start" [3mrss_mb[0m[2m=[0m204 [3mhwm_mb[0m[2m=[0m273
[2m2026-09-15T06:59:39.239753Z[0m [32m INFO[0m [2mmidnight_bench[0m[2m:[0m [3mstage[0m[2m=[0m"trace.compute_instances.start" [3mrss_mb[0m[2m=[0m204 [3mhwm_mb[0m[2m=[0m273
[2m2026-09-15T06:59:39.245077Z[0m [32m INFO[0m [2mmidnight_bench[0m[2m:[0m [3mstage[0m[2m=[0m"trace.compute_instances.end" [3mrss_mb[0m[2m=[0m204 [3mhwm_mb[0m[2m=[0m273
[2m2026-09-15T06:59:39.245094Z[0m [32m INFO[0m [2mmidnight_bench[0m[2m:[0m [3mstage[0m[2m=[0m"trace.parse_advices.start" [3mrss_mb[0m[2m=[0m204 [3mhwm_mb[0m[2m=[0m273
[2m2026-09-15T06:59:39.251264Z[0m [32m INFO[0m [2mmidnight_bench[0m[2m:[0m [3mstage[0m[2m=[0m"trace.parse_advices.end" [3mrss_mb[0m[2m=[0m208 [3mhwm_mb[0m[2m=[0m273
[2m2026-09-15T06:59:39.251282Z[0m [32m INFO[0m [2mmidnight_bench[0m[2m:[0m [3mstage[0m[2m=[0m"trace.lookups_permuted.start" [3mrss_mb[0m[2m=[0m208 [3mhwm_mb[0m[2m=[0m273
[2m2026-09-15T06:59:39.299003Z[0m [32m INFO[0m [2mmidnight_bench[0m[2m:[0m [3mstage[0m[2m=[0m"trace.lookups_permuted.end" [3mrss_mb[0m[2m=[0m214 [3mhwm_mb[0m[2m=[0m273
[2m2026-09-15T06:59:39.299056Z[0m [32m INFO[0m [2mmidnight_bench[0m[2m:[0m [3mstage[0m[2m=[0m"trace.permutations_commit.start" [3mrss_mb[0m[2m=[0m214 [3mhwm_mb[0m[2m=[0m273
[2m2026-09-15T06:59:39.372038Z[0m [32m INFO[0m [2mmidnight_bench[0m[2m:[0m [3mstage[0m[2m=[0m"trace.permutations_commit.end" [3mrss_mb[0m[2m=[0m221 [3mhwm_mb[0m[2m=[0m273
[2m2026-09-15T06:59:39.372061Z[0m [32m INFO[0m [2mmidnight_bench[0m[2m:[0m [3mstage[0m[2m=[0m"trace.lookups_product.start" [3mrss_mb[0m[2m=[0m221 [3mhwm_mb[0m[2m=[0m273
[2m2026-09-15T06:59:39.425274Z[0m [32m INFO[0m [2mmidnight_bench[0m[2m:[0m [3mstage[0m[2m=[0m"trace.lookups_product.end" [3mrss_mb[0m[2m=[0m222 [3mhwm_mb[0m[2m=[0m273
[2m2026-09-15T06:59:39.452561Z[0m [32m INFO[0m [2mmidnight_bench[0m[2m:[0m [3mstage[0m[2m=[0m"create_proof.compute_trace.end" [3mrss_mb[0m[2m=[0m223 [3mhwm_mb[0m[2m=[0m273
[2m2026-09-15T06:59:39.452586Z[0m [32m INFO[0m [2mmidnight_bench[0m[2m:[0m [3mstage[0m[2m=[0m"create_proof.finalise_proof.start" [3mrss_mb[0m[2m=[0m223 [3mhwm_mb[0m[2m=[0m273
[2m2026-09-15T06:59:39.452594Z[0m [32m INFO[0m [2mmidnight_bench[0m[2m:[0m [3mstage[0m[2m=[0m"finalise.compute_h_poly.start" [3mrss_mb[0m[2m=[0m223 [3mhwm_mb[0m[2m=[0m273
[2m2026-09-15T06:59:39.452602Z[0m [32m INFO[0m [2mmidnight_bench[0m[2m:[0m [3mstage[0m[2m=[0m"finalise.compute_h_poly.spill_advice_cosets.start" [3mrss_mb[0m[2m=[0m223 [3mhwm_mb[0m[2m=[0m273
[2m2026-09-15T06:59:39.486907Z[0m [32m INFO[0m [2mmidnight_bench[0m[2m:[0m [3mstage[0m[2m=[0m"finalise.compute_h_poly.spill_advice_cosets.end" [3mrss_mb[0m[2m=[0m233 [3mhwm_mb[0m[2m=[0m273
[2m2026-09-15T06:59:39.486934Z[0m [32m INFO[0m [2mmidnight_bench[0m[2m:[0m [3mstage[0m[2m=[0m"finalise.compute_h_poly.spill_instance_cosets.start" [3mrss_mb[0m[2m=[0m233 [3mhwm_mb[0m[2m=[0m273
[2m2026-09-15T06:59:39.500873Z[0m [32m INFO[0m [2mmidnight_bench[0m[2m:[0m [3mstage[0m[2m=[0m"finalise.compute_h_poly.spill_instance_cosets.end" [3mrss_mb[0m[2m=[0m237 [3mhwm_mb[0m[2m=[0m273
[2m2026-09-15T06:59:39.500902Z[0m [32m INFO[0m [2mmidnight_bench[0m[2m:[0m [3mstage[0m[2m=[0m"finalise.compute_h_poly.spill_fixed_cosets.start" [3mrss_mb[0m[2m=[0m237 [3mhwm_mb[0m[2m=[0m273
[2m2026-09-15T06:59:39.604213Z[0m [32m INFO[0m [2mmidnight_bench[0m[2m:[0m [3mstage[0m[2m=[0m"finalise.compute_h_poly.spill_fixed_cosets.end" [3mrss_mb[0m[2m=[0m271 [3mhwm_mb[0m[2m=[0m273
[2m2026-09-15T06:59:39.604239Z[0m [32m INFO[0m [2mmidnight_bench[0m[2m:[0m [3mstage[0m[2m=[0m"finalise.compute_h_poly.spill_perm_cosets.start" [3mrss_mb[0m[2m=[0m271 [3mhwm_mb[0m[2m=[0m273
[2m2026-09-15T06:59:39.658053Z[0m [32m INFO[0m [2mmidnight_bench[0m[2m:[0m [3mstage[0m[2m=[0m"finalise.compute_h_poly.spill_perm_cosets.end" [3mrss_mb[0m[2m=[0m287 [3mhwm_mb[0m[2m=[0m287
[2m2026-09-15T06:59:39.793581Z[0m [32m INFO[0m [2mmidnight_bench[0m[2m:[0m [3mstage[0m[2m=[0m"finalise.compute_h_poly.drop_cosets.end" [3mrss_mb[0m[2m=[0m287 [3mhwm_mb[0m[2m=[0m287
[2m2026-09-15T06:59:39.797314Z[0m [32m INFO[0m [2mmidnight_bench[0m[2m:[0m [3mstage[0m[2m=[0m"finalise.compute_h_poly.end" [3mrss_mb[0m[2m=[0m223 [3mhwm_mb[0m[2m=[0m286
[2m2026-09-15T06:59:39.797336Z[0m [32m INFO[0m [2mmidnight_bench[0m[2m:[0m [3mstage[0m[2m=[0m"finalise.vanishing_construct.start" [3mrss_mb[0m[2m=[0m223 [3mhwm_mb[0m[2m=[0m286
[2m2026-09-15T06:59:39.892640Z[0m [32m INFO[0m [2mmidnight_bench[0m[2m:[0m [3mstage[0m[2m=[0m"finalise.vanishing_construct.end" [3mrss_mb[0m[2m=[0m223 [3mhwm_mb[0m[2m=[0m286
[2m2026-09-15T06:59:39.920493Z[0m [32m INFO[0m [2mmidnight_bench[0m[2m:[0m [3mstage[0m[2m=[0m"finalise.compute_queries.start" [3mrss_mb[0m[2m=[0m223 [3mhwm_mb[0m[2m=[0m286
[2m2026-09-15T06:59:39.920601Z[0m [32m INFO[0m [2mmidnight_bench[0m[2m:[0m [3mstage[0m[2m=[0m"finalise.multi_open.start" [3mrss_mb[0m[2m=[0m223 [3mhwm_mb[0m[2m=[0m286
[2m2026-09-15T06:59:40.010637Z[0m [32m INFO[0m [2mmidnight_bench[0m[2m:[0m [3mstage[0m[2m=[0m"finalise.multi_open.end" [3mrss_mb[0m[2m=[0m223 [3mhwm_mb[0m[2m=[0m286
[2m2026-09-15T06:59:40.011502Z[0m [32m INFO[0m [2mmidnight_bench[0m[2m:[0m [3mstage[0m[2m=[0m"create_proof.finalise_proof.end" [3mrss_mb[0m[2m=[0m201 [3mhwm_mb[0m[2m=[0m286
[2m2026-09-15T06:59:40.027499Z[0m [32m INFO[0m [2mactix_web::middleware::logger[0m[2m:[0m 192.168.65.1 POST /prove HTTP/1.1; took 0.866533s
[2m2026-09-15T06:59:40.029101Z[0m [32m INFO[0m [2mmidnight_proof_server::endpoints[0m[2m:[0m Starting to process request for /prove...
[2m2026-09-15T06:59:40.104717Z[0m [32m INFO[0m [2mmidnight_bench[0m[2m:[0m [3mstage[0m[2m=[0m"create_proof.compute_trace.start" [3mrss_mb[0m[2m=[0m218 [3mhwm_mb[0m[2m=[0m286
[2m2026-09-15T06:59:40.104746Z[0m [32m INFO[0m [2mmidnight_bench[0m[2m:[0m [3mstage[0m[2m=[0m"trace.compute_instances.start" [3mrss_mb[0m[2m=[0m218 [3mhwm_mb[0m[2m=[0m286
[2m2026-09-15T06:59:40.110676Z[0m [32m INFO[0m [2mmidnight_bench[0m[2m:[0m [3mstage[0m[2m=[0m"trace.compute_instances.end" [3mrss_mb[0m[2m=[0m218 [3mhwm_mb[0m[2m=[0m286
[2m2026-09-15T06:59:40.110697Z[0m [32m INFO[0m [2mmidnight_bench[0m[2m:[0m [3mstage[0m[2m=[0m"trace.parse_advices.start" [3mrss_mb[0m[2m=[0m218 [3mhwm_mb[0m[2m=[0m286
[2m2026-09-15T06:59:40.116530Z[0m [32m INFO[0m [2mmidnight_bench[0m[2m:[0m [3mstage[0m[2m=[0m"trace.parse_advices.end" [3mrss_mb[0m[2m=[0m223 [3mhwm_mb[0m[2m=[0m286
[2m2026-09-15T06:59:40.116558Z[0m [32m INFO[0m [2mmidnight_bench[0m[2m:[0m [3mstage[0m[2m=[0m"trace.lookups_permuted.start" [3mrss_mb[0m[2m=[0m223 [3mhwm_mb[0m[2m=[0m286
[2m2026-09-15T06:59:40.162859Z[0m [32m INFO[0m [2mmidnight_bench[0m[2m:[0m [3mstage[0m[2m=[0m"trace.lookups_permuted.end" [3mrss_mb[0m[2m=[0m228 [3mhwm_mb[0m[2m=[0m286
[2m2026-09-15T06:59:40.162885Z[0m [32m INFO[0m [2mmidnight_bench[0m[2m:[0m [3mstage[0m[2m=[0m"trace.permutations_commit.start" [3mrss_mb[0m[2m=[0m228 [3mhwm_mb[0m[2m=[0m286
[2m2026-09-15T06:59:40.238105Z[0m [32m INFO[0m [2mmidnight_bench[0m[2m:[0m [3mstage[0m[2m=[0m"trace.permutations_commit.end" [3mrss_mb[0m[2m=[0m236 [3mhwm_mb[0m[2m=[0m286
[2m2026-09-15T06:59:40.238131Z[0m [32m INFO[0m [2mmidnight_bench[0m[2m:[0m [3mstage[0m[2m=[0m"trace.lookups_product.start" [3mrss_mb[0m[2m=[0m236 [3mhwm_mb[0m[2m=[0m286
[2m2026-09-15T06:59:40.289640Z[0m [32m INFO[0m [2mmidnight_bench[0m[2m:[0m [3mstage[0m[2m=[0m"trace.lookups_product.end" [3mrss_mb[0m[2m=[0m236 [3mhwm_mb[0m[2m=[0m286
[2m2026-09-15T06:59:40.314500Z[0m [32m INFO[0m [2mmidnight_bench[0m[2m:[0m [3mstage[0m[2m=[0m"create_proof.compute_trace.end" [3mrss_mb[0m[2m=[0m236 [3mhwm_mb[0m[2m=[0m286
[2m2026-09-15T06:59:40.314523Z[0m [32m INFO[0m [2mmidnight_bench[0m[2m:[0m [3mstage[0m[2m=[0m"create_proof.finalise_proof.start" [3mrss_mb[0m[2m=[0m236 [3mhwm_mb[0m[2m=[0m286
[2m2026-09-15T06:59:40.314533Z[0m [32m INFO[0m [2mmidnight_bench[0m[2m:[0m [3mstage[0m[2m=[0m"finalise.compute_h_poly.start" [3mrss_mb[0m[2m=[0m236 [3mhwm_mb[0m[2m=[0m286
[2m2026-09-15T06:59:40.314541Z[0m [32m INFO[0m [2mmidnight_bench[0m[2m:[0m [3mstage[0m[2m=[0m"finalise.compute_h_poly.spill_advice_cosets.start" [3mrss_mb[0m[2m=[0m236 [3mhwm_mb[0m[2m=[0m286
[2m2026-09-15T06:59:40.346615Z[0m [32m INFO[0m [2mmidnight_bench[0m[2m:[0m [3mstage[0m[2m=[0m"finalise.compute_h_poly.spill_advice_cosets.end" [3mrss_mb[0m[2m=[0m246 [3mhwm_mb[0m[2m=[0m286
[2m2026-09-15T06:59:40.346653Z[0m [32m INFO[0m [2mmidnight_bench[0m[2m:[0m [3mstage[0m[2m=[0m"finalise.compute_h_poly.spill_instance_cosets.start" [3mrss_mb[0m[2m=[0m246 [3mhwm_mb[0m[2m=[0m286
[2m2026-09-15T06:59:40.359569Z[0m [32m INFO[0m [2mmidnight_bench[0m[2m:[0m [3mstage[0m[2m=[0m"finalise.compute_h_poly.spill_instance_cosets.end" [3mrss_mb[0m[2m=[0m250 [3mhwm_mb[0m[2m=[0m286
[2m2026-09-15T06:59:40.359593Z[0m [32m INFO[0m [2mmidnight_bench[0m[2m:[0m [3mstage[0m[2m=[0m"finalise.compute_h_poly.spill_fixed_cosets.start" [3mrss_mb[0m[2m=[0m250 [3mhwm_mb[0m[2m=[0m286
[2m2026-09-15T06:59:40.468060Z[0m [32m INFO[0m [2mmidnight_bench[0m[2m:[0m [3mstage[0m[2m=[0m"finalise.compute_h_poly.spill_fixed_cosets.end" [3mrss_mb[0m[2m=[0m284 [3mhwm_mb[0m[2m=[0m286
[2m2026-09-15T06:59:40.468084Z[0m [32m INFO[0m [2mmidnight_bench[0m[2m:[0m [3mstage[0m[2m=[0m"finalise.compute_h_poly.spill_perm_cosets.start" [3mrss_mb[0m[2m=[0m284 [3mhwm_mb[0m[2m=[0m286
[2m2026-09-15T06:59:40.521896Z[0m [32m INFO[0m [2mmidnight_bench[0m[2m:[0m [3mstage[0m[2m=[0m"finalise.compute_h_poly.spill_perm_cosets.end" [3mrss_mb[0m[2m=[0m300 [3mhwm_mb[0m[2m=[0m300
[2m2026-09-15T06:59:40.659805Z[0m [32m INFO[0m [2mmidnight_bench[0m[2m:[0m [3mstage[0m[2m=[0m"finalise.compute_h_poly.drop_cosets.end" [3mrss_mb[0m[2m=[0m301 [3mhwm_mb[0m[2m=[0m301
[2m2026-09-15T06:59:40.663268Z[0m [32m INFO[0m [2mmidnight_bench[0m[2m:[0m [3mstage[0m[2m=[0m"finalise.compute_h_poly.end" [3mrss_mb[0m[2m=[0m237 [3mhwm_mb[0m[2m=[0m299
[2m2026-09-15T06:59:40.663283Z[0m [32m INFO[0m [2mmidnight_bench[0m[2m:[0m [3mstage[0m[2m=[0m"finalise.vanishing_construct.start" [3mrss_mb[0m[2m=[0m237 [3mhwm_mb[0m[2m=[0m299
[2m2026-09-15T06:59:40.755117Z[0m [32m INFO[0m [2mmidnight_bench[0m[2m:[0m [3mstage[0m[2m=[0m"finalise.vanishing_construct.end" [3mrss_mb[0m[2m=[0m237 [3mhwm_mb[0m[2m=[0m299
[2m2026-09-15T06:59:40.782986Z[0m [32m INFO[0m [2mmidnight_bench[0m[2m:[0m [3mstage[0m[2m=[0m"finalise.compute_queries.start" [3mrss_mb[0m[2m=[0m237 [3mhwm_mb[0m[2m=[0m299
[2m2026-09-15T06:59:40.783070Z[0m [32m INFO[0m [2mmidnight_bench[0m[2m:[0m [3mstage[0m[2m=[0m"finalise.multi_open.start" [3mrss_mb[0m[2m=[0m237 [3mhwm_mb[0m[2m=[0m299
[2m2026-09-15T06:59:40.871787Z[0m [32m INFO[0m [2mmidnight_bench[0m[2m:[0m [3mstage[0m[2m=[0m"finalise.multi_open.end" [3mrss_mb[0m[2m=[0m237 [3mhwm_mb[0m[2m=[0m299
[2m2026-09-15T06:59:40.872726Z[0m [32m INFO[0m [2mmidnight_bench[0m[2m:[0m [3mstage[0m[2m=[0m"create_proof.finalise_proof.end" [3mrss_mb[0m[2m=[0m214 [3mhwm_mb[0m[2m=[0m299
[2m2026-09-15T06:59:40.888967Z[0m [32m INFO[0m [2mactix_web::middleware::logger[0m[2m:[0m 192.168.65.1 POST /prove HTTP/1.1; took 0.859885s
[2m2026-09-15T06:59:40.890381Z[0m [32m INFO[0m [2mmidnight_proof_server::endpoints[0m[2m:[0m Starting to process request for /prove...
[2m2026-09-15T06:59:40.968118Z[0m [32m INFO[0m [2mmidnight_bench[0m[2m:[0m [3mstage[0m[2m=[0m"create_proof.compute_trace.start" [3mrss_mb[0m[2m=[0m230 [3mhwm_mb[0m[2m=[0m299
[2m2026-09-15T06:59:40.968152Z[0m [32m INFO[0m [2mmidnight_bench[0m[2m:[0m [3mstage[0m[2m=[0m"trace.compute_instances.start" [3mrss_mb[0m[2m=[0m230 [3mhwm_mb[0m[2m=[0m299
[2m2026-09-15T06:59:40.975581Z[0m [32m INFO[0m [2mmidnight_bench[0m[2m:[0m [3mstage[0m[2m=[0m"trace.compute_instances.end" [3mrss_mb[0m[2m=[0m230 [3mhwm_mb[0m[2m=[0m299
[2m2026-09-15T06:59:40.975607Z[0m [32m INFO[0m [2mmidnight_bench[0m[2m:[0m [3mstage[0m[2m=[0m"trace.parse_advices.start" [3mrss_mb[0m[2m=[0m230 [3mhwm_mb[0m[2m=[0m299
[2m2026-09-15T06:59:40.981736Z[0m [32m INFO[0m [2mmidnight_bench[0m[2m:[0m [3mstage[0m[2m=[0m"trace.parse_advices.end" [3mrss_mb[0m[2m=[0m235 [3mhwm_mb[0m[2m=[0m299
[2m2026-09-15T06:59:40.981758Z[0m [32m INFO[0m [2mmidnight_bench[0m[2m:[0m [3mstage[0m[2m=[0m"trace.lookups_permuted.start" [3mrss_mb[0m[2m=[0m235 [3mhwm_mb[0m[2m=[0m299
[2m2026-09-15T06:59:41.028213Z[0m [32m INFO[0m [2mmidnight_bench[0m[2m:[0m [3mstage[0m[2m=[0m"trace.lookups_permuted.end" [3mrss_mb[0m[2m=[0m241 [3mhwm_mb[0m[2m=[0m299
[2m2026-09-15T06:59:41.028241Z[0m [32m INFO[0m [2mmidnight_bench[0m[2m:[0m [3mstage[0m[2m=[0m"trace.permutations_commit.start" [3mrss_mb[0m[2m=[0m241 [3mhwm_mb[0m[2m=[0m299
[2m2026-09-15T06:59:41.097909Z[0m [32m INFO[0m [2mmidnight_bench[0m[2m:[0m [3mstage[0m[2m=[0m"trace.permutations_commit.end" [3mrss_mb[0m[2m=[0m248 [3mhwm_mb[0m[2m=[0m299
[2m2026-09-15T06:59:41.097936Z[0m [32m INFO[0m [2mmidnight_bench[0m[2m:[0m [3mstage[0m[2m=[0m"trace.lookups_product.start" [3mrss_mb[0m[2m=[0m248 [3mhwm_mb[0m[2m=[0m299
[2m2026-09-15T06:59:41.151030Z[0m [32m INFO[0m [2mmidnight_bench[0m[2m:[0m [3mstage[0m[2m=[0m"trace.lookups_product.end" [3mrss_mb[0m[2m=[0m248 [3mhwm_mb[0m[2m=[0m299
[2m2026-09-15T06:59:41.177953Z[0m [32m INFO[0m [2mmidnight_bench[0m[2m:[0m [3mstage[0m[2m=[0m"create_proof.compute_trace.end" [3mrss_mb[0m[2m=[0m248 [3mhwm_mb[0m[2m=[0m299
[2m2026-09-15T06:59:41.177984Z[0m [32m INFO[0m [2mmidnight_bench[0m[2m:[0m [3mstage[0m[2m=[0m"create_proof.finalise_proof.start" [3mrss_mb[0m[2m=[0m248 [3mhwm_mb[0m[2m=[0m299
[2m2026-09-15T06:59:41.177991Z[0m [32m INFO[0m [2mmidnight_bench[0m[2m:[0m [3mstage[0m[2m=[0m"finalise.compute_h_poly.start" [3mrss_mb[0m[2m=[0m248 [3mhwm_mb[0m[2m=[0m299
[2m2026-09-15T06:59:41.177999Z[0m [32m INFO[0m [2mmidnight_bench[0m[2m:[0m [3mstage[0m[2m=[0m"finalise.compute_h_poly.spill_advice_cosets.start" [3mrss_mb[0m[2m=[0m248 [3mhwm_mb[0m[2m=[0m299
[2m2026-09-15T06:59:41.212197Z[0m [32m INFO[0m [2mmidnight_bench[0m[2m:[0m [3mstage[0m[2m=[0m"finalise.compute_h_poly.spill_advice_cosets.end" [3mrss_mb[0m[2m=[0m258 [3mhwm_mb[0m[2m=[0m299
[2m2026-09-15T06:59:41.212228Z[0m [32m INFO[0m [2mmidnight_bench[0m[2m:[0m [3mstage[0m[2m=[0m"finalise.compute_h_poly.spill_instance_cosets.start" [3mrss_mb[0m[2m=[0m258 [3mhwm_mb[0m[2m=[0m299
[2m2026-09-15T06:59:41.225798Z[0m [32m INFO[0m [2mmidnight_bench[0m[2m:[0m [3mstage[0m[2m=[0m"finalise.compute_h_poly.spill_instance_cosets.end" [3mrss_mb[0m[2m=[0m262 [3mhwm_mb[0m[2m=[0m299
[2m2026-09-15T06:59:41.225824Z[0m [32m INFO[0m [2mmidnight_bench[0m[2m:[0m [3mstage[0m[2m=[0m"finalise.compute_h_poly.spill_fixed_cosets.start" [3mrss_mb[0m[2m=[0m262 [3mhwm_mb[0m[2m=[0m299
[2m2026-09-15T06:59:41.337252Z[0m [32m INFO[0m [2mmidnight_bench[0m[2m:[0m [3mstage[0m[2m=[0m"finalise.compute_h_poly.spill_fixed_cosets.end" [3mrss_mb[0m[2m=[0m296 [3mhwm_mb[0m[2m=[0m299
[2m2026-09-15T06:59:41.337299Z[0m [32m INFO[0m [2mmidnight_bench[0m[2m:[0m [3mstage[0m[2m=[0m"finalise.compute_h_poly.spill_perm_cosets.start" [3mrss_mb[0m[2m=[0m296 [3mhwm_mb[0m[2m=[0m299
[2m2026-09-15T06:59:41.397295Z[0m [32m INFO[0m [2mmidnight_bench[0m[2m:[0m [3mstage[0m[2m=[0m"finalise.compute_h_poly.spill_perm_cosets.end" [3mrss_mb[0m[2m=[0m312 [3mhwm_mb[0m[2m=[0m312
[2m2026-09-15T06:59:41.532988Z[0m [32m INFO[0m [2mmidnight_bench[0m[2m:[0m [3mstage[0m[2m=[0m"finalise.compute_h_poly.drop_cosets.end" [3mrss_mb[0m[2m=[0m313 [3mhwm_mb[0m[2m=[0m313
[2m2026-09-15T06:59:41.536717Z[0m [32m INFO[0m [2mmidnight_bench[0m[2m:[0m [3mstage[0m[2m=[0m"finalise.compute_h_poly.end" [3mrss_mb[0m[2m=[0m249 [3mhwm_mb[0m[2m=[0m312
[2m2026-09-15T06:59:41.536739Z[0m [32m INFO[0m [2mmidnight_bench[0m[2m:[0m [3mstage[0m[2m=[0m"finalise.vanishing_construct.start" [3mrss_mb[0m[2m=[0m249 [3mhwm_mb[0m[2m=[0m312
[2m2026-09-15T06:59:41.640802Z[0m [32m INFO[0m [2mmidnight_bench[0m[2m:[0m [3mstage[0m[2m=[0m"finalise.vanishing_construct.end" [3mrss_mb[0m[2m=[0m249 [3mhwm_mb[0m[2m=[0m312
[2m2026-09-15T06:59:41.669827Z[0m [32m INFO[0m [2mmidnight_bench[0m[2m:[0m [3mstage[0m[2m=[0m"finalise.compute_queries.start" [3mrss_mb[0m[2m=[0m249 [3mhwm_mb[0m[2m=[0m312
[2m2026-09-15T06:59:41.669921Z[0m [32m INFO[0m [2mmidnight_bench[0m[2m:[0m [3mstage[0m[2m=[0m"finalise.multi_open.start" [3mrss_mb[0m[2m=[0m249 [3mhwm_mb[0m[2m=[0m312
[2m2026-09-15T06:59:41.760388Z[0m [32m INFO[0m [2mmidnight_bench[0m[2m:[0m [3mstage[0m[2m=[0m"finalise.multi_open.end" [3mrss_mb[0m[2m=[0m249 [3mhwm_mb[0m[2m=[0m312
[2m2026-09-15T06:59:41.761303Z[0m [32m INFO[0m [2mmidnight_bench[0m[2m:[0m [3mstage[0m[2m=[0m"create_proof.finalise_proof.end" [3mrss_mb[0m[2m=[0m226 [3mhwm_mb[0m[2m=[0m312
[2m2026-09-15T06:59:41.777367Z[0m [32m INFO[0m [2mactix_web::middleware::logger[0m[2m:[0m 192.168.65.1 POST /prove HTTP/1.1; took 0.887003s
[2m2026-09-15T06:59:41.778952Z[0m [32m INFO[0m [2mmidnight_proof_server::endpoints[0m[2m:[0m Starting to process request for /prove...
[2m2026-09-15T06:59:41.850957Z[0m [32m INFO[0m [2mmidnight_bench[0m[2m:[0m [3mstage[0m[2m=[0m"create_proof.compute_trace.start" [3mrss_mb[0m[2m=[0m234 [3mhwm_mb[0m[2m=[0m312
[2m2026-09-15T06:59:41.850990Z[0m [32m INFO[0m [2mmidnight_bench[0m[2m:[0m [3mstage[0m[2m=[0m"trace.compute_instances.start" [3mrss_mb[0m[2m=[0m234 [3mhwm_mb[0m[2m=[0m312
[2m2026-09-15T06:59:41.856863Z[0m [32m INFO[0m [2mmidnight_bench[0m[2m:[0m [3mstage[0m[2m=[0m"trace.compute_instances.end" [3mrss_mb[0m[2m=[0m234 [3mhwm_mb[0m[2m=[0m312
[2m2026-09-15T06:59:41.856880Z[0m [32m INFO[0m [2mmidnight_bench[0m[2m:[0m [3mstage[0m[2m=[0m"trace.parse_advices.start" [3mrss_mb[0m[2m=[0m234 [3mhwm_mb[0m[2m=[0m312
[2m2026-09-15T06:59:41.862858Z[0m [32m INFO[0m [2mmidnight_bench[0m[2m:[0m [3mstage[0m[2m=[0m"trace.parse_advices.end" [3mrss_mb[0m[2m=[0m239 [3mhwm_mb[0m[2m=[0m312
[2m2026-09-15T06:59:41.862881Z[0m [32m INFO[0m [2mmidnight_bench[0m[2m:[0m [3mstage[0m[2m=[0m"trace.lookups_permuted.start" [3mrss_mb[0m[2m=[0m239 [3mhwm_mb[0m[2m=[0m312
[2m2026-09-15T06:59:41.908835Z[0m [32m INFO[0m [2mmidnight_bench[0m[2m:[0m [3mstage[0m[2m=[0m"trace.lookups_permuted.end" [3mrss_mb[0m[2m=[0m245 [3mhwm_mb[0m[2m=[0m312
[2m2026-09-15T06:59:41.908861Z[0m [32m INFO[0m [2mmidnight_bench[0m[2m:[0m [3mstage[0m[2m=[0m"trace.permutations_commit.start" [3mrss_mb[0m[2m=[0m245 [3mhwm_mb[0m[2m=[0m312
[2m2026-09-15T06:59:41.982553Z[0m [32m INFO[0m [2mmidnight_bench[0m[2m:[0m [3mstage[0m[2m=[0m"trace.permutations_commit.end" [3mrss_mb[0m[2m=[0m252 [3mhwm_mb[0m[2m=[0m312
[2m2026-09-15T06:59:41.982580Z[0m [32m INFO[0m [2mmidnight_bench[0m[2m:[0m [3mstage[0m[2m=[0m"trace.lookups_product.start" [3mrss_mb[0m[2m=[0m252 [3mhwm_mb[0m[2m=[0m312
[2m2026-09-15T06:59:42.033852Z[0m [32m INFO[0m [2mmidnight_bench[0m[2m:[0m [3mstage[0m[2m=[0m"trace.lookups_product.end" [3mrss_mb[0m[2m=[0m252 [3mhwm_mb[0m[2m=[0m312
[2m2026-09-15T06:59:42.061993Z[0m [32m INFO[0m [2mmidnight_bench[0m[2m:[0m [3mstage[0m[2m=[0m"create_proof.compute_trace.end" [3mrss_mb[0m[2m=[0m252 [3mhwm_mb[0m[2m=[0m312
[2m2026-09-15T06:59:42.062020Z[0m [32m INFO[0m [2mmidnight_bench[0m[2m:[0m [3mstage[0m[2m=[0m"create_proof.finalise_proof.start" [3mrss_mb[0m[2m=[0m252 [3mhwm_mb[0m[2m=[0m312
[2m2026-09-15T06:59:42.062028Z[0m [32m INFO[0m [2mmidnight_bench[0m[2m:[0m [3mstage[0m[2m=[0m"finalise.compute_h_poly.start" [3mrss_mb[0m[2m=[0m252 [3mhwm_mb[0m[2m=[0m312
[2m2026-09-15T06:59:42.062035Z[0m [32m INFO[0m [2mmidnight_bench[0m[2m:[0m [3mstage[0m[2m=[0m"finalise.compute_h_poly.spill_advice_cosets.start" [3mrss_mb[0m[2m=[0m252 [3mhwm_mb[0m[2m=[0m312
[2m2026-09-15T06:59:42.094573Z[0m [32m INFO[0m [2mmidnight_bench[0m[2m:[0m [3mstage[0m[2m=[0m"finalise.compute_h_poly.spill_advice_cosets.end" [3mrss_mb[0m[2m=[0m262 [3mhwm_mb[0m[2m=[0m312
[2m2026-09-15T06:59:42.094599Z[0m [32m INFO[0m [2mmidnight_bench[0m[2m:[0m [3mstage[0m[2m=[0m"finalise.compute_h_poly.spill_instance_cosets.start" [3mrss_mb[0m[2m=[0m262 [3mhwm_mb[0m[2m=[0m312
[2m2026-09-15T06:59:42.109561Z[0m [32m INFO[0m [2mmidnight_bench[0m[2m:[0m [3mstage[0m[2m=[0m"finalise.compute_h_poly.spill_instance_cosets.end" [3mrss_mb[0m[2m=[0m266 [3mhwm_mb[0m[2m=[0m312
[2m2026-09-15T06:59:42.109588Z[0m [32m INFO[0m [2mmidnight_bench[0m[2m:[0m [3mstage[0m[2m=[0m"finalise.compute_h_poly.spill_fixed_cosets.start" [3mrss_mb[0m[2m=[0m266 [3mhwm_mb[0m[2m=[0m312
[2m2026-09-15T06:59:42.217034Z[0m [32m INFO[0m [2mmidnight_bench[0m[2m:[0m [3mstage[0m[2m=[0m"finalise.compute_h_poly.spill_fixed_cosets.end" [3mrss_mb[0m[2m=[0m300 [3mhwm_mb[0m[2m=[0m312
[2m2026-09-15T06:59:42.217063Z[0m [32m INFO[0m [2mmidnight_bench[0m[2m:[0m [3mstage[0m[2m=[0m"finalise.compute_h_poly.spill_perm_cosets.start" [3mrss_mb[0m[2m=[0m300 [3mhwm_mb[0m[2m=[0m312
[2m2026-09-15T06:59:42.271531Z[0m [32m INFO[0m [2mmidnight_bench[0m[2m:[0m [3mstage[0m[2m=[0m"finalise.compute_h_poly.spill_perm_cosets.end" [3mrss_mb[0m[2m=[0m316 [3mhwm_mb[0m[2m=[0m316
[2m2026-09-15T06:59:42.403140Z[0m [32m INFO[0m [2mmidnight_bench[0m[2m:[0m [3mstage[0m[2m=[0m"finalise.compute_h_poly.drop_cosets.end" [3mrss_mb[0m[2m=[0m317 [3mhwm_mb[0m[2m=[0m317
[2m2026-09-15T06:59:42.407097Z[0m [32m INFO[0m [2mmidnight_bench[0m[2m:[0m [3mstage[0m[2m=[0m"finalise.compute_h_poly.end" [3mrss_mb[0m[2m=[0m253 [3mhwm_mb[0m[2m=[0m316
[2m2026-09-15T06:59:42.407117Z[0m [32m INFO[0m [2mmidnight_bench[0m[2m:[0m [3mstage[0m[2m=[0m"finalise.vanishing_construct.start" [3mrss_mb[0m[2m=[0m253 [3mhwm_mb[0m[2m=[0m316
[2m2026-09-15T06:59:42.520830Z[0m [32m INFO[0m [2mmidnight_bench[0m[2m:[0m [3mstage[0m[2m=[0m"finalise.vanishing_construct.end" [3mrss_mb[0m[2m=[0m253 [3mhwm_mb[0m[2m=[0m316
[2m2026-09-15T06:59:42.559267Z[0m [32m INFO[0m [2mmidnight_bench[0m[2m:[0m [3mstage[0m[2m=[0m"finalise.compute_queries.start" [3mrss_mb[0m[2m=[0m253 [3mhwm_mb[0m[2m=[0m316
[2m2026-09-15T06:59:42.559361Z[0m [32m INFO[0m [2mmidnight_bench[0m[2m:[0m [3mstage[0m[2m=[0m"finalise.multi_open.start" [3mrss_mb[0m[2m=[0m253 [3mhwm_mb[0m[2m=[0m316
[2m2026-09-15T06:59:42.673286Z[0m [32m INFO[0m [2mmidnight_bench[0m[2m:[0m [3mstage[0m[2m=[0m"finalise.multi_open.end" [3mrss_mb[0m[2m=[0m253 [3mhwm_mb[0m[2m=[0m316
[2m2026-09-15T06:59:42.674178Z[0m [32m INFO[0m [2mmidnight_bench[0m[2m:[0m [3mstage[0m[2m=[0m"create_proof.finalise_proof.end" [3mrss_mb[0m[2m=[0m231 [3mhwm_mb[0m[2m=[0m316
[2m2026-09-15T06:59:42.710524Z[0m [32m INFO[0m [2mactix_web::middleware::logger[0m[2m:[0m 192.168.65.1 POST /prove HTTP/1.1; took 0.931593s
[2m2026-09-15T06:59:42.713855Z[0m [32m INFO[0m [2mmidnight_proof_server::endpoints[0m[2m:[0m Starting to process request for /prove...
[2m2026-09-15T06:59:42.802447Z[0m [32m INFO[0m [2mmidnight_bench[0m[2m:[0m [3mstage[0m[2m=[0m"create_proof.compute_trace.start" [3mrss_mb[0m[2m=[0m226 [3mhwm_mb[0m[2m=[0m316
[2m2026-09-15T06:59:42.802477Z[0m [32m INFO[0m [2mmidnight_bench[0m[2m:[0m [3mstage[0m[2m=[0m"trace.compute_instances.start" [3mrss_mb[0m[2m=[0m226 [3mhwm_mb[0m[2m=[0m316
[2m2026-09-15T06:59:42.808815Z[0m [32m INFO[0m [2mmidnight_bench[0m[2m:[0m [3mstage[0m[2m=[0m"trace.compute_instances.end" [3mrss_mb[0m[2m=[0m226 [3mhwm_mb[0m[2m=[0m316
[2m2026-09-15T06:59:42.808838Z[0m [32m INFO[0m [2mmidnight_bench[0m[2m:[0m [3mstage[0m[2m=[0m"trace.parse_advices.start" [3mrss_mb[0m[2m=[0m226 [3mhwm_mb[0m[2m=[0m316
[2m2026-09-15T06:59:42.815281Z[0m [32m INFO[0m [2mmidnight_bench[0m[2m:[0m [3mstage[0m[2m=[0m"trace.parse_advices.end" [3mrss_mb[0m[2m=[0m230 [3mhwm_mb[0m[2m=[0m316
[2m2026-09-15T06:59:42.815304Z[0m [32m INFO[0m [2mmidnight_bench[0m[2m:[0m [3mstage[0m[2m=[0m"trace.lookups_permuted.start" [3mrss_mb[0m[2m=[0m230 [3mhwm_mb[0m[2m=[0m316
[2m2026-09-15T06:59:42.884227Z[0m [32m INFO[0m [2mmidnight_bench[0m[2m:[0m [3mstage[0m[2m=[0m"trace.lookups_permuted.end" [3mrss_mb[0m[2m=[0m236 [3mhwm_mb[0m[2m=[0m316
[2m2026-09-15T06:59:42.884256Z[0m [32m INFO[0m [2mmidnight_bench[0m[2m:[0m [3mstage[0m[2m=[0m"trace.permutations_commit.start" [3mrss_mb[0m[2m=[0m236 [3mhwm_mb[0m[2m=[0m316
[2m2026-09-15T06:59:42.957990Z[0m [32m INFO[0m [2mmidnight_bench[0m[2m:[0m [3mstage[0m[2m=[0m"trace.permutations_commit.end" [3mrss_mb[0m[2m=[0m243 [3mhwm_mb[0m[2m=[0m316
[2m2026-09-15T06:59:42.958014Z[0m [32m INFO[0m [2mmidnight_bench[0m[2m:[0m [3mstage[0m[2m=[0m"trace.lookups_product.start" [3mrss_mb[0m[2m=[0m243 [3mhwm_mb[0m[2m=[0m316
[2m2026-09-15T06:59:43.010733Z[0m [32m INFO[0m [2mmidnight_bench[0m[2m:[0m [3mstage[0m[2m=[0m"trace.lookups_product.end" [3mrss_mb[0m[2m=[0m243 [3mhwm_mb[0m[2m=[0m316
[2m2026-09-15T06:59:43.039170Z[0m [32m INFO[0m [2mmidnight_bench[0m[2m:[0m [3mstage[0m[2m=[0m"create_proof.compute_trace.end" [3mrss_mb[0m[2m=[0m244 [3mhwm_mb[0m[2m=[0m316
[2m2026-09-15T06:59:43.039196Z[0m [32m INFO[0m [2mmidnight_bench[0m[2m:[0m [3mstage[0m[2m=[0m"create_proof.finalise_proof.start" [3mrss_mb[0m[2m=[0m244 [3mhwm_mb[0m[2m=[0m316
[2m2026-09-15T06:59:43.039205Z[0m [32m INFO[0m [2mmidnight_bench[0m[2m:[0m [3mstage[0m[2m=[0m"finalise.compute_h_poly.start" [3mrss_mb[0m[2m=[0m244 [3mhwm_mb[0m[2m=[0m316
[2m2026-09-15T06:59:43.039212Z[0m [32m INFO[0m [2mmidnight_bench[0m[2m:[0m [3mstage[0m[2m=[0m"finalise.compute_h_poly.spill_advice_cosets.start" [3mrss_mb[0m[2m=[0m244 [3mhwm_mb[0m[2m=[0m316
[2m2026-09-15T06:59:43.073014Z[0m [32m INFO[0m [2mmidnight_bench[0m[2m:[0m [3mstage[0m[2m=[0m"finalise.compute_h_poly.spill_advice_cosets.end" [3mrss_mb[0m[2m=[0m254 [3mhwm_mb[0m[2m=[0m316
[2m2026-09-15T06:59:43.073061Z[0m [32m INFO[0m [2mmidnight_bench[0m[2m:[0m [3mstage[0m[2m=[0m"finalise.compute_h_poly.spill_instance_cosets.start" [3mrss_mb[0m[2m=[0m254 [3mhwm_mb[0m[2m=[0m316
[2m2026-09-15T06:59:43.086110Z[0m [32m INFO[0m [2mmidnight_bench[0m[2m:[0m [3mstage[0m[2m=[0m"finalise.compute_h_poly.spill_instance_cosets.end" [3mrss_mb[0m[2m=[0m258 [3mhwm_mb[0m[2m=[0m316
[2m2026-09-15T06:59:43.086135Z[0m [32m INFO[0m [2mmidnight_bench[0m[2m:[0m [3mstage[0m[2m=[0m"finalise.compute_h_poly.spill_fixed_cosets.start" [3mrss_mb[0m[2m=[0m258 [3mhwm_mb[0m[2m=[0m316
[2m2026-09-15T06:59:43.202021Z[0m [32m INFO[0m [2mmidnight_bench[0m[2m:[0m [3mstage[0m[2m=[0m"finalise.compute_h_poly.spill_fixed_cosets.end" [3mrss_mb[0m[2m=[0m292 [3mhwm_mb[0m[2m=[0m316
[2m2026-09-15T06:59:43.202050Z[0m [32m INFO[0m [2mmidnight_bench[0m[2m:[0m [3mstage[0m[2m=[0m"finalise.compute_h_poly.spill_perm_cosets.start" [3mrss_mb[0m[2m=[0m292 [3mhwm_mb[0m[2m=[0m316
[2m2026-09-15T06:59:43.255948Z[0m [32m INFO[0m [2mmidnight_bench[0m[2m:[0m [3mstage[0m[2m=[0m"finalise.compute_h_poly.spill_perm_cosets.end" [3mrss_mb[0m[2m=[0m308 [3mhwm_mb[0m[2m=[0m316
[2m2026-09-15T06:59:43.389271Z[0m [32m INFO[0m [2mmidnight_bench[0m[2m:[0m [3mstage[0m[2m=[0m"finalise.compute_h_poly.drop_cosets.end" [3mrss_mb[0m[2m=[0m308 [3mhwm_mb[0m[2m=[0m316
[2m2026-09-15T06:59:43.392818Z[0m [32m INFO[0m [2mmidnight_bench[0m[2m:[0m [3mstage[0m[2m=[0m"finalise.compute_h_poly.end" [3mrss_mb[0m[2m=[0m244 [3mhwm_mb[0m[2m=[0m316
[2m2026-09-15T06:59:43.392835Z[0m [32m INFO[0m [2mmidnight_bench[0m[2m:[0m [3mstage[0m[2m=[0m"finalise.vanishing_construct.start" [3mrss_mb[0m[2m=[0m244 [3mhwm_mb[0m[2m=[0m316
[2m2026-09-15T06:59:43.488400Z[0m [32m INFO[0m [2mmidnight_bench[0m[2m:[0m [3mstage[0m[2m=[0m"finalise.vanishing_construct.end" [3mrss_mb[0m[2m=[0m244 [3mhwm_mb[0m[2m=[0m316
[2m2026-09-15T06:59:43.518528Z[0m [32m INFO[0m [2mmidnight_bench[0m[2m:[0m [3mstage[0m[2m=[0m"finalise.compute_queries.start" [3mrss_mb[0m[2m=[0m244 [3mhwm_mb[0m[2m=[0m316
[2m2026-09-15T06:59:43.518619Z[0m [32m INFO[0m [2mmidnight_bench[0m[2m:[0m [3mstage[0m[2m=[0m"finalise.multi_open.start" [3mrss_mb[0m[2m=[0m244 [3mhwm_mb[0m[2m=[0m316
[2m2026-09-15T06:59:43.615952Z[0m [32m INFO[0m [2mmidnight_bench[0m[2m:[0m [3mstage[0m[2m=[0m"finalise.multi_open.end" [3mrss_mb[0m[2m=[0m244 [3mhwm_mb[0m[2m=[0m316
[2m2026-09-15T06:59:43.617140Z[0m [32m INFO[0m [2mmidnight_bench[0m[2m:[0m [3mstage[0m[2m=[0m"create_proof.finalise_proof.end" [3mrss_mb[0m[2m=[0m222 [3mhwm_mb[0m[2m=[0m316
[2m2026-09-15T06:59:43.632564Z[0m [32m INFO[0m [2mactix_web::middleware::logger[0m[2m:[0m 192.168.65.1 POST /prove HTTP/1.1; took 0.918727s
[2m2026-09-15T06:59:43.634238Z[0m [32m INFO[0m [2mmidnight_proof_server::endpoints[0m[2m:[0m Starting to process request for /prove...
[2m2026-09-15T06:59:43.708224Z[0m [32m INFO[0m [2mmidnight_bench[0m[2m:[0m [3mstage[0m[2m=[0m"create_proof.compute_trace.start" [3mrss_mb[0m[2m=[0m212 [3mhwm_mb[0m[2m=[0m316
[2m2026-09-15T06:59:43.708303Z[0m [32m INFO[0m [2mmidnight_bench[0m[2m:[0m [3mstage[0m[2m=[0m"trace.compute_instances.start" [3mrss_mb[0m[2m=[0m212 [3mhwm_mb[0m[2m=[0m316
[2m2026-09-15T06:59:43.714080Z[0m [32m INFO[0m [2mmidnight_bench[0m[2m:[0m [3mstage[0m[2m=[0m"trace.compute_instances.end" [3mrss_mb[0m[2m=[0m212 [3mhwm_mb[0m[2m=[0m316
[2m2026-09-15T06:59:43.714103Z[0m [32m INFO[0m [2mmidnight_bench[0m[2m:[0m [3mstage[0m[2m=[0m"trace.parse_advices.start" [3mrss_mb[0m[2m=[0m212 [3mhwm_mb[0m[2m=[0m316
[2m2026-09-15T06:59:43.720258Z[0m [32m INFO[0m [2mmidnight_bench[0m[2m:[0m [3mstage[0m[2m=[0m"trace.parse_advices.end" [3mrss_mb[0m[2m=[0m217 [3mhwm_mb[0m[2m=[0m316
[2m2026-09-15T06:59:43.720285Z[0m [32m INFO[0m [2mmidnight_bench[0m[2m:[0m [3mstage[0m[2m=[0m"trace.lookups_permuted.start" [3mrss_mb[0m[2m=[0m217 [3mhwm_mb[0m[2m=[0m316
[2m2026-09-15T06:59:43.765136Z[0m [32m INFO[0m [2mmidnight_bench[0m[2m:[0m [3mstage[0m[2m=[0m"trace.lookups_permuted.end" [3mrss_mb[0m[2m=[0m222 [3mhwm_mb[0m[2m=[0m316
[2m2026-09-15T06:59:43.765163Z[0m [32m INFO[0m [2mmidnight_bench[0m[2m:[0m [3mstage[0m[2m=[0m"trace.permutations_commit.start" [3mrss_mb[0m[2m=[0m222 [3mhwm_mb[0m[2m=[0m316
[2m2026-09-15T06:59:43.833672Z[0m [32m INFO[0m [2mmidnight_bench[0m[2m:[0m [3mstage[0m[2m=[0m"trace.permutations_commit.end" [3mrss_mb[0m[2m=[0m230 [3mhwm_mb[0m[2m=[0m316
[2m2026-09-15T06:59:43.833697Z[0m [32m INFO[0m [2mmidnight_bench[0m[2m:[0m [3mstage[0m[2m=[0m"trace.lookups_product.start" [3mrss_mb[0m[2m=[0m230 [3mhwm_mb[0m[2m=[0m316
[2m2026-09-15T06:59:43.883601Z[0m [32m INFO[0m [2mmidnight_bench[0m[2m:[0m [3mstage[0m[2m=[0m"trace.lookups_product.end" [3mrss_mb[0m[2m=[0m230 [3mhwm_mb[0m[2m=[0m316
[2m2026-09-15T06:59:43.908841Z[0m [32m INFO[0m [2mmidnight_bench[0m[2m:[0m [3mstage[0m[2m=[0m"create_proof.compute_trace.end" [3mrss_mb[0m[2m=[0m230 [3mhwm_mb[0m[2m=[0m316
[2m2026-09-15T06:59:43.908867Z[0m [32m INFO[0m [2mmidnight_bench[0m[2m:[0m [3mstage[0m[2m=[0m"create_proof.finalise_proof.start" [3mrss_mb[0m[2m=[0m230 [3mhwm_mb[0m[2m=[0m316
[2m2026-09-15T06:59:43.908876Z[0m [32m INFO[0m [2mmidnight_bench[0m[2m:[0m [3mstage[0m[2m=[0m"finalise.compute_h_poly.start" [3mrss_mb[0m[2m=[0m230 [3mhwm_mb[0m[2m=[0m316
[2m2026-09-15T06:59:43.908883Z[0m [32m INFO[0m [2mmidnight_bench[0m[2m:[0m [3mstage[0m[2m=[0m"finalise.compute_h_poly.spill_advice_cosets.start" [3mrss_mb[0m[2m=[0m230 [3mhwm_mb[0m[2m=[0m316
[2m2026-09-15T06:59:43.939631Z[0m [32m INFO[0m [2mmidnight_bench[0m[2m:[0m [3mstage[0m[2m=[0m"finalise.compute_h_poly.spill_advice_cosets.end" [3mrss_mb[0m[2m=[0m240 [3mhwm_mb[0m[2m=[0m316
[2m2026-09-15T06:59:43.939666Z[0m [32m INFO[0m [2mmidnight_bench[0m[2m:[0m [3mstage[0m[2m=[0m"finalise.compute_h_poly.spill_instance_cosets.start" [3mrss_mb[0m[2m=[0m240 [3mhwm_mb[0m[2m=[0m316
[2m2026-09-15T06:59:43.952629Z[0m [32m INFO[0m [2mmidnight_bench[0m[2m:[0m [3mstage[0m[2m=[0m"finalise.compute_h_poly.spill_instance_cosets.end" [3mrss_mb[0m[2m=[0m244 [3mhwm_mb[0m[2m=[0m316
[2m2026-09-15T06:59:43.952668Z[0m [32m INFO[0m [2mmidnight_bench[0m[2m:[0m [3mstage[0m[2m=[0m"finalise.compute_h_poly.spill_fixed_cosets.start" [3mrss_mb[0m[2m=[0m244 [3mhwm_mb[0m[2m=[0m316
[2m2026-09-15T06:59:44.060630Z[0m [32m INFO[0m [2mmidnight_bench[0m[2m:[0m [3mstage[0m[2m=[0m"finalise.compute_h_poly.spill_fixed_cosets.end" [3mrss_mb[0m[2m=[0m278 [3mhwm_mb[0m[2m=[0m316
[2m2026-09-15T06:59:44.060668Z[0m [32m INFO[0m [2mmidnight_bench[0m[2m:[0m [3mstage[0m[2m=[0m"finalise.compute_h_poly.spill_perm_cosets.start" [3mrss_mb[0m[2m=[0m278 [3mhwm_mb[0m[2m=[0m316
[2m2026-09-15T06:59:44.114210Z[0m [32m INFO[0m [2mmidnight_bench[0m[2m:[0m [3mstage[0m[2m=[0m"finalise.compute_h_poly.spill_perm_cosets.end" [3mrss_mb[0m[2m=[0m294 [3mhwm_mb[0m[2m=[0m316
[2m2026-09-15T06:59:44.234555Z[0m [32m INFO[0m [2mmidnight_bench[0m[2m:[0m [3mstage[0m[2m=[0m"finalise.compute_h_poly.drop_cosets.end" [3mrss_mb[0m[2m=[0m295 [3mhwm_mb[0m[2m=[0m316
[2m2026-09-15T06:59:44.238004Z[0m [32m INFO[0m [2mmidnight_bench[0m[2m:[0m [3mstage[0m[2m=[0m"finalise.compute_h_poly.end" [3mrss_mb[0m[2m=[0m231 [3mhwm_mb[0m[2m=[0m316
[2m2026-09-15T06:59:44.238020Z[0m [32m INFO[0m [2mmidnight_bench[0m[2m:[0m [3mstage[0m[2m=[0m"finalise.vanishing_construct.start" [3mrss_mb[0m[2m=[0m231 [3mhwm_mb[0m[2m=[0m316
[2m2026-09-15T06:59:44.321432Z[0m [32m INFO[0m [2mmidnight_bench[0m[2m:[0m [3mstage[0m[2m=[0m"finalise.vanishing_construct.end" [3mrss_mb[0m[2m=[0m231 [3mhwm_mb[0m[2m=[0m316
[2m2026-09-15T06:59:44.346178Z[0m [32m INFO[0m [2mmidnight_bench[0m[2m:[0m [3mstage[0m[2m=[0m"finalise.compute_queries.start" [3mrss_mb[0m[2m=[0m231 [3mhwm_mb[0m[2m=[0m316
[2m2026-09-15T06:59:44.346298Z[0m [32m INFO[0m [2mmidnight_bench[0m[2m:[0m [3mstage[0m[2m=[0m"finalise.multi_open.start" [3mrss_mb[0m[2m=[0m231 [3mhwm_mb[0m[2m=[0m316
[2m2026-09-15T06:59:44.431226Z[0m [32m INFO[0m [2mmidnight_bench[0m[2m:[0m [3mstage[0m[2m=[0m"finalise.multi_open.end" [3mrss_mb[0m[2m=[0m231 [3mhwm_mb[0m[2m=[0m316
[2m2026-09-15T06:59:44.432085Z[0m [32m INFO[0m [2mmidnight_bench[0m[2m:[0m [3mstage[0m[2m=[0m"create_proof.finalise_proof.end" [3mrss_mb[0m[2m=[0m208 [3mhwm_mb[0m[2m=[0m316
[2m2026-09-15T06:59:44.447549Z[0m [32m INFO[0m [2mactix_web::middleware::logger[0m[2m:[0m 192.168.65.1 POST /prove HTTP/1.1; took 0.813328s
[2m2026-09-15T06:59:44.450510Z[0m [32m INFO[0m [2mmidnight_proof_server::endpoints[0m[2m:[0m Starting to process request for /prove...
[2m2026-09-15T06:59:44.524411Z[0m [32m INFO[0m [2mmidnight_bench[0m[2m:[0m [3mstage[0m[2m=[0m"create_proof.compute_trace.start" [3mrss_mb[0m[2m=[0m212 [3mhwm_mb[0m[2m=[0m316
[2m2026-09-15T06:59:44.524441Z[0m [32m INFO[0m [2mmidnight_bench[0m[2m:[0m [3mstage[0m[2m=[0m"trace.compute_instances.start" [3mrss_mb[0m[2m=[0m212 [3mhwm_mb[0m[2m=[0m316
[2m2026-09-15T06:59:44.528876Z[0m [32m INFO[0m [2mmidnight_bench[0m[2m:[0m [3mstage[0m[2m=[0m"trace.compute_instances.end" [3mrss_mb[0m[2m=[0m212 [3mhwm_mb[0m[2m=[0m316
[2m2026-09-15T06:59:44.528895Z[0m [32m INFO[0m [2mmidnight_bench[0m[2m:[0m [3mstage[0m[2m=[0m"trace.parse_advices.start" [3mrss_mb[0m[2m=[0m212 [3mhwm_mb[0m[2m=[0m316
[2m2026-09-15T06:59:44.535128Z[0m [32m INFO[0m [2mmidnight_bench[0m[2m:[0m [3mstage[0m[2m=[0m"trace.parse_advices.end" [3mrss_mb[0m[2m=[0m217 [3mhwm_mb[0m[2m=[0m316
[2m2026-09-15T06:59:44.535149Z[0m [32m INFO[0m [2mmidnight_bench[0m[2m:[0m [3mstage[0m[2m=[0m"trace.lookups_permuted.start" [3mrss_mb[0m[2m=[0m217 [3mhwm_mb[0m[2m=[0m316
[2m2026-09-15T06:59:44.579373Z[0m [32m INFO[0m [2mmidnight_bench[0m[2m:[0m [3mstage[0m[2m=[0m"trace.lookups_permuted.end" [3mrss_mb[0m[2m=[0m222 [3mhwm_mb[0m[2m=[0m316
[2m2026-09-15T06:59:44.579406Z[0m [32m INFO[0m [2mmidnight_bench[0m[2m:[0m [3mstage[0m[2m=[0m"trace.permutations_commit.start" [3mrss_mb[0m[2m=[0m222 [3mhwm_mb[0m[2m=[0m316
[2m2026-09-15T06:59:44.647892Z[0m [32m INFO[0m [2mmidnight_bench[0m[2m:[0m [3mstage[0m[2m=[0m"trace.permutations_commit.end" [3mrss_mb[0m[2m=[0m230 [3mhwm_mb[0m[2m=[0m316
[2m2026-09-15T06:59:44.647915Z[0m [32m INFO[0m [2mmidnight_bench[0m[2m:[0m [3mstage[0m[2m=[0m"trace.lookups_product.start" [3mrss_mb[0m[2m=[0m230 [3mhwm_mb[0m[2m=[0m316
[2m2026-09-15T06:59:44.701890Z[0m [32m INFO[0m [2mmidnight_bench[0m[2m:[0m [3mstage[0m[2m=[0m"trace.lookups_product.end" [3mrss_mb[0m[2m=[0m230 [3mhwm_mb[0m[2m=[0m316
[2m2026-09-15T06:59:44.729232Z[0m [32m INFO[0m [2mmidnight_bench[0m[2m:[0m [3mstage[0m[2m=[0m"create_proof.compute_trace.end" [3mrss_mb[0m[2m=[0m230 [3mhwm_mb[0m[2m=[0m316
[2m2026-09-15T06:59:44.729268Z[0m [32m INFO[0m [2mmidnight_bench[0m[2m:[0m [3mstage[0m[2m=[0m"create_proof.finalise_proof.start" [3mrss_mb[0m[2m=[0m230 [3mhwm_mb[0m[2m=[0m316
[2m2026-09-15T06:59:44.729285Z[0m [32m INFO[0m [2mmidnight_bench[0m[2m:[0m [3mstage[0m[2m=[0m"finalise.compute_h_poly.start" [3mrss_mb[0m[2m=[0m230 [3mhwm_mb[0m[2m=[0m316
[2m2026-09-15T06:59:44.729302Z[0m [32m INFO[0m [2mmidnight_bench[0m[2m:[0m [3mstage[0m[2m=[0m"finalise.compute_h_poly.spill_advice_cosets.start" [3mrss_mb[0m[2m=[0m230 [3mhwm_mb[0m[2m=[0m316
[2m2026-09-15T06:59:44.766584Z[0m [32m INFO[0m [2mmidnight_bench[0m[2m:[0m [3mstage[0m[2m=[0m"finalise.compute_h_poly.spill_advice_cosets.end" [3mrss_mb[0m[2m=[0m240 [3mhwm_mb[0m[2m=[0m316
[2m2026-09-15T06:59:44.766615Z[0m [32m INFO[0m [2mmidnight_bench[0m[2m:[0m [3mstage[0m[2m=[0m"finalise.compute_h_poly.spill_instance_cosets.start" [3mrss_mb[0m[2m=[0m240 [3mhwm_mb[0m[2m=[0m316
[2m2026-09-15T06:59:44.779842Z[0m [32m INFO[0m [2mmidnight_bench[0m[2m:[0m [3mstage[0m[2m=[0m"finalise.compute_h_poly.spill_instance_cosets.end" [3mrss_mb[0m[2m=[0m244 [3mhwm_mb[0m[2m=[0m316
[2m2026-09-15T06:59:44.779867Z[0m [32m INFO[0m [2mmidnight_bench[0m[2m:[0m [3mstage[0m[2m=[0m"finalise.compute_h_poly.spill_fixed_cosets.start" [3mrss_mb[0m[2m=[0m244 [3mhwm_mb[0m[2m=[0m316
[2m2026-09-15T06:59:44.892480Z[0m [32m INFO[0m [2mmidnight_bench[0m[2m:[0m [3mstage[0m[2m=[0m"finalise.compute_h_poly.spill_fixed_cosets.end" [3mrss_mb[0m[2m=[0m278 [3mhwm_mb[0m[2m=[0m316
[2m2026-09-15T06:59:44.892508Z[0m [32m INFO[0m [2mmidnight_bench[0m[2m:[0m [3mstage[0m[2m=[0m"finalise.compute_h_poly.spill_perm_cosets.start" [3mrss_mb[0m[2m=[0m278 [3mhwm_mb[0m[2m=[0m316
[2m2026-09-15T06:59:44.948803Z[0m [32m INFO[0m [2mmidnight_bench[0m[2m:[0m [3mstage[0m[2m=[0m"finalise.compute_h_poly.spill_perm_cosets.end" [3mrss_mb[0m[2m=[0m294 [3mhwm_mb[0m[2m=[0m316
[2m2026-09-15T06:59:45.081638Z[0m [32m INFO[0m [2mmidnight_bench[0m[2m:[0m [3mstage[0m[2m=[0m"finalise.compute_h_poly.drop_cosets.end" [3mrss_mb[0m[2m=[0m295 [3mhwm_mb[0m[2m=[0m316
[2m2026-09-15T06:59:45.085154Z[0m [32m INFO[0m [2mmidnight_bench[0m[2m:[0m [3mstage[0m[2m=[0m"finalise.compute_h_poly.end" [3mrss_mb[0m[2m=[0m231 [3mhwm_mb[0m[2m=[0m316
[2m2026-09-15T06:59:45.085173Z[0m [32m INFO[0m [2mmidnight_bench[0m[2m:[0m [3mstage[0m[2m=[0m"finalise.vanishing_construct.start" [3mrss_mb[0m[2m=[0m231 [3mhwm_mb[0m[2m=[0m316
[2m2026-09-15T06:59:45.174768Z[0m [32m INFO[0m [2mmidnight_bench[0m[2m:[0m [3mstage[0m[2m=[0m"finalise.vanishing_construct.end" [3mrss_mb[0m[2m=[0m231 [3mhwm_mb[0m[2m=[0m316
[2m2026-09-15T06:59:45.202897Z[0m [32m INFO[0m [2mmidnight_bench[0m[2m:[0m [3mstage[0m[2m=[0m"finalise.compute_queries.start" [3mrss_mb[0m[2m=[0m231 [3mhwm_mb[0m[2m=[0m316
[2m2026-09-15T06:59:45.202993Z[0m [32m INFO[0m [2mmidnight_bench[0m[2m:[0m [3mstage[0m[2m=[0m"finalise.multi_open.start" [3mrss_mb[0m[2m=[0m231 [3mhwm_mb[0m[2m=[0m316
[2m2026-09-15T06:59:45.296730Z[0m [32m INFO[0m [2mmidnight_bench[0m[2m:[0m [3mstage[0m[2m=[0m"finalise.multi_open.end" [3mrss_mb[0m[2m=[0m231 [3mhwm_mb[0m[2m=[0m316
[2m2026-09-15T06:59:45.297573Z[0m [32m INFO[0m [2mmidnight_bench[0m[2m:[0m [3mstage[0m[2m=[0m"create_proof.finalise_proof.end" [3mrss_mb[0m[2m=[0m208 [3mhwm_mb[0m[2m=[0m316
[2m2026-09-15T06:59:45.313291Z[0m [32m INFO[0m [2mactix_web::middleware::logger[0m[2m:[0m 192.168.65.1 POST /prove HTTP/1.1; took 0.862798s
[2m2026-09-15T06:59:45.314902Z[0m [32m INFO[0m [2mmidnight_proof_server::endpoints[0m[2m:[0m Starting to process request for /prove...
[2m2026-09-15T06:59:45.388885Z[0m [32m INFO[0m [2mmidnight_bench[0m[2m:[0m [3mstage[0m[2m=[0m"create_proof.compute_trace.start" [3mrss_mb[0m[2m=[0m213 [3mhwm_mb[0m[2m=[0m316
[2m2026-09-15T06:59:45.388914Z[0m [32m INFO[0m [2mmidnight_bench[0m[2m:[0m [3mstage[0m[2m=[0m"trace.compute_instances.start" [3mrss_mb[0m[2m=[0m213 [3mhwm_mb[0m[2m=[0m316
[2m2026-09-15T06:59:45.394694Z[0m [32m INFO[0m [2mmidnight_bench[0m[2m:[0m [3mstage[0m[2m=[0m"trace.compute_instances.end" [3mrss_mb[0m[2m=[0m213 [3mhwm_mb[0m[2m=[0m316
[2m2026-09-15T06:59:45.394717Z[0m [32m INFO[0m [2mmidnight_bench[0m[2m:[0m [3mstage[0m[2m=[0m"trace.parse_advices.start" [3mrss_mb[0m[2m=[0m213 [3mhwm_mb[0m[2m=[0m316
[2m2026-09-15T06:59:45.400656Z[0m [32m INFO[0m [2mmidnight_bench[0m[2m:[0m [3mstage[0m[2m=[0m"trace.parse_advices.end" [3mrss_mb[0m[2m=[0m217 [3mhwm_mb[0m[2m=[0m316
[2m2026-09-15T06:59:45.400680Z[0m [32m INFO[0m [2mmidnight_bench[0m[2m:[0m [3mstage[0m[2m=[0m"trace.lookups_permuted.start" [3mrss_mb[0m[2m=[0m217 [3mhwm_mb[0m[2m=[0m316
[2m2026-09-15T06:59:45.449812Z[0m [32m INFO[0m [2mmidnight_bench[0m[2m:[0m [3mstage[0m[2m=[0m"trace.lookups_permuted.end" [3mrss_mb[0m[2m=[0m223 [3mhwm_mb[0m[2m=[0m316
[2m2026-09-15T06:59:45.449843Z[0m [32m INFO[0m [2mmidnight_bench[0m[2m:[0m [3mstage[0m[2m=[0m"trace.permutations_commit.start" [3mrss_mb[0m[2m=[0m223 [3mhwm_mb[0m[2m=[0m316
[2m2026-09-15T06:59:45.521109Z[0m [32m INFO[0m [2mmidnight_bench[0m[2m:[0m [3mstage[0m[2m=[0m"trace.permutations_commit.end" [3mrss_mb[0m[2m=[0m230 [3mhwm_mb[0m[2m=[0m316
[2m2026-09-15T06:59:45.521143Z[0m [32m INFO[0m [2mmidnight_bench[0m[2m:[0m [3mstage[0m[2m=[0m"trace.lookups_product.start" [3mrss_mb[0m[2m=[0m230 [3mhwm_mb[0m[2m=[0m316
[2m2026-09-15T06:59:45.573192Z[0m [32m INFO[0m [2mmidnight_bench[0m[2m:[0m [3mstage[0m[2m=[0m"trace.lookups_product.end" [3mrss_mb[0m[2m=[0m230 [3mhwm_mb[0m[2m=[0m316
[2m2026-09-15T06:59:45.598016Z[0m [32m INFO[0m [2mmidnight_bench[0m[2m:[0m [3mstage[0m[2m=[0m"create_proof.compute_trace.end" [3mrss_mb[0m[2m=[0m231 [3mhwm_mb[0m[2m=[0m316
[2m2026-09-15T06:59:45.598041Z[0m [32m INFO[0m [2mmidnight_bench[0m[2m:[0m [3mstage[0m[2m=[0m"create_proof.finalise_proof.start" [3mrss_mb[0m[2m=[0m231 [3mhwm_mb[0m[2m=[0m316
[2m2026-09-15T06:59:45.598051Z[0m [32m INFO[0m [2mmidnight_bench[0m[2m:[0m [3mstage[0m[2m=[0m"finalise.compute_h_poly.start" [3mrss_mb[0m[2m=[0m231 [3mhwm_mb[0m[2m=[0m316
[2m2026-09-15T06:59:45.598059Z[0m [32m INFO[0m [2mmidnight_bench[0m[2m:[0m [3mstage[0m[2m=[0m"finalise.compute_h_poly.spill_advice_cosets.start" [3mrss_mb[0m[2m=[0m231 [3mhwm_mb[0m[2m=[0m316
[2m2026-09-15T06:59:45.629536Z[0m [32m INFO[0m [2mmidnight_bench[0m[2m:[0m [3mstage[0m[2m=[0m"finalise.compute_h_poly.spill_advice_cosets.end" [3mrss_mb[0m[2m=[0m241 [3mhwm_mb[0m[2m=[0m316
[2m2026-09-15T06:59:45.629586Z[0m [32m INFO[0m [2mmidnight_bench[0m[2m:[0m [3mstage[0m[2m=[0m"finalise.compute_h_poly.spill_instance_cosets.start" [3mrss_mb[0m[2m=[0m241 [3mhwm_mb[0m[2m=[0m316
[2m2026-09-15T06:59:45.643586Z[0m [32m INFO[0m [2mmidnight_bench[0m[2m:[0m [3mstage[0m[2m=[0m"finalise.compute_h_poly.spill_instance_cosets.end" [3mrss_mb[0m[2m=[0m245 [3mhwm_mb[0m[2m=[0m316
[2m2026-09-15T06:59:45.643612Z[0m [32m INFO[0m [2mmidnight_bench[0m[2m:[0m [3mstage[0m[2m=[0m"finalise.compute_h_poly.spill_fixed_cosets.start" [3mrss_mb[0m[2m=[0m245 [3mhwm_mb[0m[2m=[0m316
[2m2026-09-15T06:59:45.747771Z[0m [32m INFO[0m [2mmidnight_bench[0m[2m:[0m [3mstage[0m[2m=[0m"finalise.compute_h_poly.spill_fixed_cosets.end" [3mrss_mb[0m[2m=[0m279 [3mhwm_mb[0m[2m=[0m316
[2m2026-09-15T06:59:45.747796Z[0m [32m INFO[0m [2mmidnight_bench[0m[2m:[0m [3mstage[0m[2m=[0m"finalise.compute_h_poly.spill_perm_cosets.start" [3mrss_mb[0m[2m=[0m279 [3mhwm_mb[0m[2m=[0m316
[2m2026-09-15T06:59:45.794667Z[0m [32m INFO[0m [2mmidnight_bench[0m[2m:[0m [3mstage[0m[2m=[0m"finalise.compute_h_poly.spill_perm_cosets.end" [3mrss_mb[0m[2m=[0m295 [3mhwm_mb[0m[2m=[0m316
[2m2026-09-15T06:59:45.925802Z[0m [32m INFO[0m [2mmidnight_bench[0m[2m:[0m [3mstage[0m[2m=[0m"finalise.compute_h_poly.drop_cosets.end" [3mrss_mb[0m[2m=[0m295 [3mhwm_mb[0m[2m=[0m316
[2m2026-09-15T06:59:45.929145Z[0m [32m INFO[0m [2mmidnight_bench[0m[2m:[0m [3mstage[0m[2m=[0m"finalise.compute_h_poly.end" [3mrss_mb[0m[2m=[0m231 [3mhwm_mb[0m[2m=[0m316
[2m2026-09-15T06:59:45.929159Z[0m [32m INFO[0m [2mmidnight_bench[0m[2m:[0m [3mstage[0m[2m=[0m"finalise.vanishing_construct.start" [3mrss_mb[0m[2m=[0m231 [3mhwm_mb[0m[2m=[0m316
[2m2026-09-15T06:59:46.020078Z[0m [32m INFO[0m [2mmidnight_bench[0m[2m:[0m [3mstage[0m[2m=[0m"finalise.vanishing_construct.end" [3mrss_mb[0m[2m=[0m231 [3mhwm_mb[0m[2m=[0m316
[2m2026-09-15T06:59:46.049572Z[0m [32m INFO[0m [2mmidnight_bench[0m[2m:[0m [3mstage[0m[2m=[0m"finalise.compute_queries.start" [3mrss_mb[0m[2m=[0m231 [3mhwm_mb[0m[2m=[0m316
[2m2026-09-15T06:59:46.049678Z[0m [32m INFO[0m [2mmidnight_bench[0m[2m:[0m [3mstage[0m[2m=[0m"finalise.multi_open.start" [3mrss_mb[0m[2m=[0m231 [3mhwm_mb[0m[2m=[0m316
[2m2026-09-15T06:59:46.141487Z[0m [32m INFO[0m [2mmidnight_bench[0m[2m:[0m [3mstage[0m[2m=[0m"finalise.multi_open.end" [3mrss_mb[0m[2m=[0m231 [3mhwm_mb[0m[2m=[0m316
[2m2026-09-15T06:59:46.142426Z[0m [32m INFO[0m [2mmidnight_bench[0m[2m:[0m [3mstage[0m[2m=[0m"create_proof.finalise_proof.end" [3mrss_mb[0m[2m=[0m209 [3mhwm_mb[0m[2m=[0m316
[2m2026-09-15T06:59:46.157865Z[0m [32m INFO[0m [2mactix_web::middleware::logger[0m[2m:[0m 192.168.65.1 POST /prove HTTP/1.1; took 0.842980s
[2m2026-09-15T06:59:46.159216Z[0m [32m INFO[0m [2mmidnight_proof_server::endpoints[0m[2m:[0m Starting to process request for /prove...
[2m2026-09-15T06:59:46.233101Z[0m [32m INFO[0m [2mmidnight_bench[0m[2m:[0m [3mstage[0m[2m=[0m"create_proof.compute_trace.start" [3mrss_mb[0m[2m=[0m216 [3mhwm_mb[0m[2m=[0m316
[2m2026-09-15T06:59:46.233137Z[0m [32m INFO[0m [2mmidnight_bench[0m[2m:[0m [3mstage[0m[2m=[0m"trace.compute_instances.start" [3mrss_mb[0m[2m=[0m216 [3mhwm_mb[0m[2m=[0m316
[2m2026-09-15T06:59:46.237132Z[0m [32m INFO[0m [2mmidnight_bench[0m[2m:[0m [3mstage[0m[2m=[0m"trace.compute_instances.end" [3mrss_mb[0m[2m=[0m216 [3mhwm_mb[0m[2m=[0m316
[2m2026-09-15T06:59:46.237155Z[0m [32m INFO[0m [2mmidnight_bench[0m[2m:[0m [3mstage[0m[2m=[0m"trace.parse_advices.start" [3mrss_mb[0m[2m=[0m216 [3mhwm_mb[0m[2m=[0m316
[2m2026-09-15T06:59:46.243106Z[0m [32m INFO[0m [2mmidnight_bench[0m[2m:[0m [3mstage[0m[2m=[0m"trace.parse_advices.end" [3mrss_mb[0m[2m=[0m221 [3mhwm_mb[0m[2m=[0m316
[2m2026-09-15T06:59:46.243133Z[0m [32m INFO[0m [2mmidnight_bench[0m[2m:[0m [3mstage[0m[2m=[0m"trace.lookups_permuted.start" [3mrss_mb[0m[2m=[0m221 [3mhwm_mb[0m[2m=[0m316
[2m2026-09-15T06:59:46.288260Z[0m [32m INFO[0m [2mmidnight_bench[0m[2m:[0m [3mstage[0m[2m=[0m"trace.lookups_permuted.end" [3mrss_mb[0m[2m=[0m226 [3mhwm_mb[0m[2m=[0m316
[2m2026-09-15T06:59:46.288291Z[0m [32m INFO[0m [2mmidnight_bench[0m[2m:[0m [3mstage[0m[2m=[0m"trace.permutations_commit.start" [3mrss_mb[0m[2m=[0m226 [3mhwm_mb[0m[2m=[0m316
[2m2026-09-15T06:59:46.356327Z[0m [32m INFO[0m [2mmidnight_bench[0m[2m:[0m [3mstage[0m[2m=[0m"trace.permutations_commit.end" [3mrss_mb[0m[2m=[0m233 [3mhwm_mb[0m[2m=[0m316
[2m2026-09-15T06:59:46.356352Z[0m [32m INFO[0m [2mmidnight_bench[0m[2m:[0m [3mstage[0m[2m=[0m"trace.lookups_product.start" [3mrss_mb[0m[2m=[0m233 [3mhwm_mb[0m[2m=[0m316
[2m2026-09-15T06:59:46.409408Z[0m [32m INFO[0m [2mmidnight_bench[0m[2m:[0m [3mstage[0m[2m=[0m"trace.lookups_product.end" [3mrss_mb[0m[2m=[0m233 [3mhwm_mb[0m[2m=[0m316
[2m2026-09-15T06:59:46.433853Z[0m [32m INFO[0m [2mmidnight_bench[0m[2m:[0m [3mstage[0m[2m=[0m"create_proof.compute_trace.end" [3mrss_mb[0m[2m=[0m234 [3mhwm_mb[0m[2m=[0m316
[2m2026-09-15T06:59:46.433879Z[0m [32m INFO[0m [2mmidnight_bench[0m[2m:[0m [3mstage[0m[2m=[0m"create_proof.finalise_proof.start" [3mrss_mb[0m[2m=[0m234 [3mhwm_mb[0m[2m=[0m316
[2m2026-09-15T06:59:46.433889Z[0m [32m INFO[0m [2mmidnight_bench[0m[2m:[0m [3mstage[0m[2m=[0m"finalise.compute_h_poly.start" [3mrss_mb[0m[2m=[0m234 [3mhwm_mb[0m[2m=[0m316
[2m2026-09-15T06:59:46.433896Z[0m [32m INFO[0m [2mmidnight_bench[0m[2m:[0m [3mstage[0m[2m=[0m"finalise.compute_h_poly.spill_advice_cosets.start" [3mrss_mb[0m[2m=[0m234 [3mhwm_mb[0m[2m=[0m316
[2m2026-09-15T06:59:46.468197Z[0m [32m INFO[0m [2mmidnight_bench[0m[2m:[0m [3mstage[0m[2m=[0m"finalise.compute_h_poly.spill_advice_cosets.end" [3mrss_mb[0m[2m=[0m244 [3mhwm_mb[0m[2m=[0m316
[2m2026-09-15T06:59:46.468226Z[0m [32m INFO[0m [2mmidnight_bench[0m[2m:[0m [3mstage[0m[2m=[0m"finalise.compute_h_poly.spill_instance_cosets.start" [3mrss_mb[0m[2m=[0m244 [3mhwm_mb[0m[2m=[0m316
[2m2026-09-15T06:59:46.481509Z[0m [32m INFO[0m [2mmidnight_bench[0m[2m:[0m [3mstage[0m[2m=[0m"finalise.compute_h_poly.spill_instance_cosets.end" [3mrss_mb[0m[2m=[0m248 [3mhwm_mb[0m[2m=[0m316
[2m2026-09-15T06:59:46.481530Z[0m [32m INFO[0m [2mmidnight_bench[0m[2m:[0m [3mstage[0m[2m=[0m"finalise.compute_h_poly.spill_fixed_cosets.start" [3mrss_mb[0m[2m=[0m248 [3mhwm_mb[0m[2m=[0m316
[2m2026-09-15T06:59:46.589035Z[0m [32m INFO[0m [2mmidnight_bench[0m[2m:[0m [3mstage[0m[2m=[0m"finalise.compute_h_poly.spill_fixed_cosets.end" [3mrss_mb[0m[2m=[0m282 [3mhwm_mb[0m[2m=[0m316
[2m2026-09-15T06:59:46.589059Z[0m [32m INFO[0m [2mmidnight_bench[0m[2m:[0m [3mstage[0m[2m=[0m"finalise.compute_h_poly.spill_perm_cosets.start" [3mrss_mb[0m[2m=[0m282 [3mhwm_mb[0m[2m=[0m316
[2m2026-09-15T06:59:46.636744Z[0m [32m INFO[0m [2mmidnight_bench[0m[2m:[0m [3mstage[0m[2m=[0m"finalise.compute_h_poly.spill_perm_cosets.end" [3mrss_mb[0m[2m=[0m298 [3mhwm_mb[0m[2m=[0m316
[2m2026-09-15T06:59:46.772070Z[0m [32m INFO[0m [2mmidnight_bench[0m[2m:[0m [3mstage[0m[2m=[0m"finalise.compute_h_poly.drop_cosets.end" [3mrss_mb[0m[2m=[0m298 [3mhwm_mb[0m[2m=[0m316
[2m2026-09-15T06:59:46.775544Z[0m [32m INFO[0m [2mmidnight_bench[0m[2m:[0m [3mstage[0m[2m=[0m"finalise.compute_h_poly.end" [3mrss_mb[0m[2m=[0m234 [3mhwm_mb[0m[2m=[0m316
[2m2026-09-15T06:59:46.775566Z[0m [32m INFO[0m [2mmidnight_bench[0m[2m:[0m [3mstage[0m[2m=[0m"finalise.vanishing_construct.start" [3mrss_mb[0m[2m=[0m234 [3mhwm_mb[0m[2m=[0m316
[2m2026-09-15T06:59:46.867994Z[0m [32m INFO[0m [2mmidnight_bench[0m[2m:[0m [3mstage[0m[2m=[0m"finalise.vanishing_construct.end" [3mrss_mb[0m[2m=[0m234 [3mhwm_mb[0m[2m=[0m316
[2m2026-09-15T06:59:46.895142Z[0m [32m INFO[0m [2mmidnight_bench[0m[2m:[0m [3mstage[0m[2m=[0m"finalise.compute_queries.start" [3mrss_mb[0m[2m=[0m234 [3mhwm_mb[0m[2m=[0m316
[2m2026-09-15T06:59:46.895238Z[0m [32m INFO[0m [2mmidnight_bench[0m[2m:[0m [3mstage[0m[2m=[0m"finalise.multi_open.start" [3mrss_mb[0m[2m=[0m234 [3mhwm_mb[0m[2m=[0m316
[2m2026-09-15T06:59:46.984055Z[0m [32m INFO[0m [2mmidnight_bench[0m[2m:[0m [3mstage[0m[2m=[0m"finalise.multi_open.end" [3mrss_mb[0m[2m=[0m234 [3mhwm_mb[0m[2m=[0m316
[2m2026-09-15T06:59:46.985188Z[0m [32m INFO[0m [2mmidnight_bench[0m[2m:[0m [3mstage[0m[2m=[0m"create_proof.finalise_proof.end" [3mrss_mb[0m[2m=[0m212 [3mhwm_mb[0m[2m=[0m316
[2m2026-09-15T06:59:47.000815Z[0m [32m INFO[0m [2mactix_web::middleware::logger[0m[2m:[0m 192.168.65.1 POST /prove HTTP/1.1; took 0.841617s
