[2m2026-09-15T06:58:54.414642Z[0m [32m INFO[0m [2mactix_server::builder[0m[2m:[0m starting 12 workers
[2m2026-09-15T06:58:54.414661Z[0m [32m INFO[0m [2mactix_server::server[0m[2m:[0m Actix runtime found; starting in Actix runtime
[2m2026-09-15T06:58:54.414664Z[0m [32m INFO[0m [2mactix_server::server[0m[2m:[0m starting service: "actix-web-service-0.0.0.0:6311", workers: 12, listening on: 0.0.0.0:6311
[2m2026-09-15T06:58:54.428083Z[0m [32m INFO[0m [2mactix_web::middleware::logger[0m[2m:[0m 192.168.65.1 GET /health HTTP/1.1; took 0.000044s
[2m2026-09-15T06:58:54.429206Z[0m [32m INFO[0m [2mactix_web::middleware::logger[0m[2m:[0m 192.168.65.1 GET /ready HTTP/1.1; took 0.000021s
[2m2026-09-15T06:58:54.431272Z[0m [32m INFO[0m [2mmidnight_proof_server::endpoints[0m[2m:[0m Starting to process request for /prove...
[2m2026-09-15T06:58:54.648808Z[0m [32m INFO[0m [2mmidnight_bench[0m[2m:[0m [3mstage[0m[2m=[0m"create_proof.compute_trace.start" [3mrss_mb[0m[2m=[0m90 [3mhwm_mb[0m[2m=[0m96
[2m2026-09-15T06:58:54.648835Z[0m [32m INFO[0m [2mmidnight_bench[0m[2m:[0m [3mstage[0m[2m=[0m"trace.compute_instances.start" [3mrss_mb[0m[2m=[0m90 [3mhwm_mb[0m[2m=[0m96
[2m2026-09-15T06:58:54.653676Z[0m [32m INFO[0m [2mmidnight_bench[0m[2m:[0m [3mstage[0m[2m=[0m"trace.compute_instances.end" [3mrss_mb[0m[2m=[0m90 [3mhwm_mb[0m[2m=[0m96
[2m2026-09-15T06:58:54.653697Z[0m [32m INFO[0m [2mmidnight_bench[0m[2m:[0m [3mstage[0m[2m=[0m"trace.parse_advices.start" [3mrss_mb[0m[2m=[0m90 [3mhwm_mb[0m[2m=[0m96
[2m2026-09-15T06:58:54.659910Z[0m [32m INFO[0m [2mmidnight_bench[0m[2m:[0m [3mstage[0m[2m=[0m"trace.parse_advices.end" [3mrss_mb[0m[2m=[0m91 [3mhwm_mb[0m[2m=[0m96
[2m2026-09-15T06:58:54.659938Z[0m [32m INFO[0m [2mmidnight_bench[0m[2m:[0m [3mstage[0m[2m=[0m"trace.lookups_permuted.start" [3mrss_mb[0m[2m=[0m91 [3mhwm_mb[0m[2m=[0m96
[2m2026-09-15T06:58:54.708500Z[0m [32m INFO[0m [2mmidnight_bench[0m[2m:[0m [3mstage[0m[2m=[0m"trace.lookups_permuted.end" [3mrss_mb[0m[2m=[0m95 [3mhwm_mb[0m[2m=[0m96
[2m2026-09-15T06:58:54.708534Z[0m [32m INFO[0m [2mmidnight_bench[0m[2m:[0m [3mstage[0m[2m=[0m"trace.permutations_commit.start" [3mrss_mb[0m[2m=[0m95 [3mhwm_mb[0m[2m=[0m96
[2m2026-09-15T06:58:54.779762Z[0m [32m INFO[0m [2mmidnight_bench[0m[2m:[0m [3mstage[0m[2m=[0m"trace.permutations_commit.end" [3mrss_mb[0m[2m=[0m105 [3mhwm_mb[0m[2m=[0m105
[2m2026-09-15T06:58:54.779787Z[0m [32m INFO[0m [2mmidnight_bench[0m[2m:[0m [3mstage[0m[2m=[0m"trace.lookups_product.start" [3mrss_mb[0m[2m=[0m105 [3mhwm_mb[0m[2m=[0m105
[2m2026-09-15T06:58:54.830608Z[0m [32m INFO[0m [2mmidnight_bench[0m[2m:[0m [3mstage[0m[2m=[0m"trace.lookups_product.end" [3mrss_mb[0m[2m=[0m105 [3mhwm_mb[0m[2m=[0m105
[2m2026-09-15T06:58:54.856446Z[0m [32m INFO[0m [2mmidnight_bench[0m[2m:[0m [3mstage[0m[2m=[0m"create_proof.compute_trace.end" [3mrss_mb[0m[2m=[0m105 [3mhwm_mb[0m[2m=[0m105
[2m2026-09-15T06:58:54.856468Z[0m [32m INFO[0m [2mmidnight_bench[0m[2m:[0m [3mstage[0m[2m=[0m"create_proof.finalise_proof.start" [3mrss_mb[0m[2m=[0m105 [3mhwm_mb[0m[2m=[0m105
[2m2026-09-15T06:58:54.856477Z[0m [32m INFO[0m [2mmidnight_bench[0m[2m:[0m [3mstage[0m[2m=[0m"finalise.compute_h_poly.start" [3mrss_mb[0m[2m=[0m105 [3mhwm_mb[0m[2m=[0m105
[2m2026-09-15T06:58:54.873343Z[0m [32m INFO[0m [2mmidnight_bench[0m[2m:[0m [3mstage[0m[2m=[0m"finalise.compute_h_poly.materialise_fixed_cosets.start" [3mrss_mb[0m[2m=[0m122 [3mhwm_mb[0m[2m=[0m122
[2m2026-09-15T06:58:54.902406Z[0m [32m INFO[0m [2mmidnight_bench[0m[2m:[0m [3mstage[0m[2m=[0m"finalise.compute_h_poly.materialise_fixed_cosets.end" [3mrss_mb[0m[2m=[0m165 [3mhwm_mb[0m[2m=[0m165
[2m2026-09-15T06:58:54.902435Z[0m [32m INFO[0m [2mmidnight_bench[0m[2m:[0m [3mstage[0m[2m=[0m"finalise.compute_h_poly.materialise_perm_cosets.start" [3mrss_mb[0m[2m=[0m165 [3mhwm_mb[0m[2m=[0m165
[2m2026-09-15T06:58:54.920037Z[0m [32m INFO[0m [2mmidnight_bench[0m[2m:[0m [3mstage[0m[2m=[0m"finalise.compute_h_poly.materialise_perm_cosets.end" [3mrss_mb[0m[2m=[0m181 [3mhwm_mb[0m[2m=[0m181
[2m2026-09-15T06:58:55.051545Z[0m [32m INFO[0m [2mmidnight_bench[0m[2m:[0m [3mstage[0m[2m=[0m"finalise.compute_h_poly.drop_cosets.end" [3mrss_mb[0m[2m=[0m182 [3mhwm_mb[0m[2m=[0m182
[2m2026-09-15T06:58:55.052215Z[0m [32m INFO[0m [2mmidnight_bench[0m[2m:[0m [3mstage[0m[2m=[0m"finalise.compute_h_poly.end" [3mrss_mb[0m[2m=[0m163 [3mhwm_mb[0m[2m=[0m181
[2m2026-09-15T06:58:55.052246Z[0m [32m INFO[0m [2mmidnight_bench[0m[2m:[0m [3mstage[0m[2m=[0m"finalise.vanishing_construct.start" [3mrss_mb[0m[2m=[0m163 [3mhwm_mb[0m[2m=[0m181
[2m2026-09-15T06:58:55.152755Z[0m [32m INFO[0m [2mmidnight_bench[0m[2m:[0m [3mstage[0m[2m=[0m"finalise.vanishing_construct.end" [3mrss_mb[0m[2m=[0m164 [3mhwm_mb[0m[2m=[0m181
[2m2026-09-15T06:58:55.179780Z[0m [32m INFO[0m [2mmidnight_bench[0m[2m:[0m [3mstage[0m[2m=[0m"finalise.compute_queries.start" [3mrss_mb[0m[2m=[0m164 [3mhwm_mb[0m[2m=[0m181
[2m2026-09-15T06:58:55.179888Z[0m [32m INFO[0m [2mmidnight_bench[0m[2m:[0m [3mstage[0m[2m=[0m"finalise.multi_open.start" [3mrss_mb[0m[2m=[0m164 [3mhwm_mb[0m[2m=[0m181
[2m2026-09-15T06:58:55.269043Z[0m [32m INFO[0m [2mmidnight_bench[0m[2m:[0m [3mstage[0m[2m=[0m"finalise.multi_open.end" [3mrss_mb[0m[2m=[0m164 [3mhwm_mb[0m[2m=[0m181
[2m2026-09-15T06:58:55.269917Z[0m [32m INFO[0m [2mmidnight_bench[0m[2m:[0m [3mstage[0m[2m=[0m"create_proof.finalise_proof.end" [3mrss_mb[0m[2m=[0m151 [3mhwm_mb[0m[2m=[0m181
[2m2026-09-15T06:58:55.286321Z[0m [32m INFO[0m [2mactix_web::middleware::logger[0m[2m:[0m 192.168.65.1 POST /prove HTTP/1.1; took 0.855068s
[2m2026-09-15T06:58:55.313360Z[0m [32m INFO[0m [2mmidnight_proof_server::endpoints[0m[2m:[0m Starting to process request for /prove...
[2m2026-09-15T06:58:55.391686Z[0m [32m INFO[0m [2mmidnight_bench[0m[2m:[0m [3mstage[0m[2m=[0m"create_proof.compute_trace.start" [3mrss_mb[0m[2m=[0m145 [3mhwm_mb[0m[2m=[0m181
[2m2026-09-15T06:58:55.391716Z[0m [32m INFO[0m [2mmidnight_bench[0m[2m:[0m [3mstage[0m[2m=[0m"trace.compute_instances.start" [3mrss_mb[0m[2m=[0m145 [3mhwm_mb[0m[2m=[0m181
[2m2026-09-15T06:58:55.396634Z[0m [32m INFO[0m [2mmidnight_bench[0m[2m:[0m [3mstage[0m[2m=[0m"trace.compute_instances.end" [3mrss_mb[0m[2m=[0m145 [3mhwm_mb[0m[2m=[0m181
[2m2026-09-15T06:58:55.396656Z[0m [32m INFO[0m [2mmidnight_bench[0m[2m:[0m [3mstage[0m[2m=[0m"trace.parse_advices.start" [3mrss_mb[0m[2m=[0m145 [3mhwm_mb[0m[2m=[0m181
[2m2026-09-15T06:58:55.402741Z[0m [32m INFO[0m [2mmidnight_bench[0m[2m:[0m [3mstage[0m[2m=[0m"trace.parse_advices.end" [3mrss_mb[0m[2m=[0m151 [3mhwm_mb[0m[2m=[0m181
[2m2026-09-15T06:58:55.402765Z[0m [32m INFO[0m [2mmidnight_bench[0m[2m:[0m [3mstage[0m[2m=[0m"trace.lookups_permuted.start" [3mrss_mb[0m[2m=[0m151 [3mhwm_mb[0m[2m=[0m181
[2m2026-09-15T06:58:55.453210Z[0m [32m INFO[0m [2mmidnight_bench[0m[2m:[0m [3mstage[0m[2m=[0m"trace.lookups_permuted.end" [3mrss_mb[0m[2m=[0m156 [3mhwm_mb[0m[2m=[0m181
[2m2026-09-15T06:58:55.453236Z[0m [32m INFO[0m [2mmidnight_bench[0m[2m:[0m [3mstage[0m[2m=[0m"trace.permutations_commit.start" [3mrss_mb[0m[2m=[0m156 [3mhwm_mb[0m[2m=[0m181
[2m2026-09-15T06:58:55.526088Z[0m [32m INFO[0m [2mmidnight_bench[0m[2m:[0m [3mstage[0m[2m=[0m"trace.permutations_commit.end" [3mrss_mb[0m[2m=[0m163 [3mhwm_mb[0m[2m=[0m181
[2m2026-09-15T06:58:55.526113Z[0m [32m INFO[0m [2mmidnight_bench[0m[2m:[0m [3mstage[0m[2m=[0m"trace.lookups_product.start" [3mrss_mb[0m[2m=[0m163 [3mhwm_mb[0m[2m=[0m181
[2m2026-09-15T06:58:55.579715Z[0m [32m INFO[0m [2mmidnight_bench[0m[2m:[0m [3mstage[0m[2m=[0m"trace.lookups_product.end" [3mrss_mb[0m[2m=[0m164 [3mhwm_mb[0m[2m=[0m181
[2m2026-09-15T06:58:55.604839Z[0m [32m INFO[0m [2mmidnight_bench[0m[2m:[0m [3mstage[0m[2m=[0m"create_proof.compute_trace.end" [3mrss_mb[0m[2m=[0m164 [3mhwm_mb[0m[2m=[0m181
[2m2026-09-15T06:58:55.604859Z[0m [32m INFO[0m [2mmidnight_bench[0m[2m:[0m [3mstage[0m[2m=[0m"create_proof.finalise_proof.start" [3mrss_mb[0m[2m=[0m164 [3mhwm_mb[0m[2m=[0m181
[2m2026-09-15T06:58:55.604866Z[0m [32m INFO[0m [2mmidnight_bench[0m[2m:[0m [3mstage[0m[2m=[0m"finalise.compute_h_poly.start" [3mrss_mb[0m[2m=[0m164 [3mhwm_mb[0m[2m=[0m181
[2m2026-09-15T06:58:55.620411Z[0m [32m INFO[0m [2mmidnight_bench[0m[2m:[0m [3mstage[0m[2m=[0m"finalise.compute_h_poly.materialise_fixed_cosets.start" [3mrss_mb[0m[2m=[0m166 [3mhwm_mb[0m[2m=[0m181
[2m2026-09-15T06:58:55.647469Z[0m [32m INFO[0m [2mmidnight_bench[0m[2m:[0m [3mstage[0m[2m=[0m"finalise.compute_h_poly.materialise_fixed_cosets.end" [3mrss_mb[0m[2m=[0m177 [3mhwm_mb[0m[2m=[0m181
[2m2026-09-15T06:58:55.647493Z[0m [32m INFO[0m [2mmidnight_bench[0m[2m:[0m [3mstage[0m[2m=[0m"finalise.compute_h_poly.materialise_perm_cosets.start" [3mrss_mb[0m[2m=[0m177 [3mhwm_mb[0m[2m=[0m181
[2m2026-09-15T06:58:55.660153Z[0m [32m INFO[0m [2mmidnight_bench[0m[2m:[0m [3mstage[0m[2m=[0m"finalise.compute_h_poly.materialise_perm_cosets.end" [3mrss_mb[0m[2m=[0m186 [3mhwm_mb[0m[2m=[0m186
[2m2026-09-15T06:58:55.805464Z[0m [32m INFO[0m [2mmidnight_bench[0m[2m:[0m [3mstage[0m[2m=[0m"finalise.compute_h_poly.drop_cosets.end" [3mrss_mb[0m[2m=[0m187 [3mhwm_mb[0m[2m=[0m187
[2m2026-09-15T06:58:55.805495Z[0m [32m INFO[0m [2mmidnight_bench[0m[2m:[0m [3mstage[0m[2m=[0m"finalise.compute_h_poly.end" [3mrss_mb[0m[2m=[0m187 [3mhwm_mb[0m[2m=[0m187
[2m2026-09-15T06:58:55.805503Z[0m [32m INFO[0m [2mmidnight_bench[0m[2m:[0m [3mstage[0m[2m=[0m"finalise.vanishing_construct.start" [3mrss_mb[0m[2m=[0m187 [3mhwm_mb[0m[2m=[0m187
[2m2026-09-15T06:58:55.896801Z[0m [32m INFO[0m [2mmidnight_bench[0m[2m:[0m [3mstage[0m[2m=[0m"finalise.vanishing_construct.end" [3mrss_mb[0m[2m=[0m188 [3mhwm_mb[0m[2m=[0m188
[2m2026-09-15T06:58:55.928767Z[0m [32m INFO[0m [2mmidnight_bench[0m[2m:[0m [3mstage[0m[2m=[0m"finalise.compute_queries.start" [3mrss_mb[0m[2m=[0m188 [3mhwm_mb[0m[2m=[0m188
[2m2026-09-15T06:58:55.928850Z[0m [32m INFO[0m [2mmidnight_bench[0m[2m:[0m [3mstage[0m[2m=[0m"finalise.multi_open.start" [3mrss_mb[0m[2m=[0m188 [3mhwm_mb[0m[2m=[0m188
[2m2026-09-15T06:58:56.022434Z[0m [32m INFO[0m [2mmidnight_bench[0m[2m:[0m [3mstage[0m[2m=[0m"finalise.multi_open.end" [3mrss_mb[0m[2m=[0m188 [3mhwm_mb[0m[2m=[0m188
[2m2026-09-15T06:58:56.022930Z[0m [32m INFO[0m [2mmidnight_bench[0m[2m:[0m [3mstage[0m[2m=[0m"create_proof.finalise_proof.end" [3mrss_mb[0m[2m=[0m175 [3mhwm_mb[0m[2m=[0m187
[2m2026-09-15T06:58:56.038902Z[0m [32m INFO[0m [2mactix_web::middleware::logger[0m[2m:[0m 192.168.65.1 POST /prove HTTP/1.1; took 0.725562s
[2m2026-09-15T06:58:56.041042Z[0m [32m INFO[0m [2mmidnight_proof_server::endpoints[0m[2m:[0m Starting to process request for /prove...
[2m2026-09-15T06:58:56.112631Z[0m [32m INFO[0m [2mmidnight_bench[0m[2m:[0m [3mstage[0m[2m=[0m"create_proof.compute_trace.start" [3mrss_mb[0m[2m=[0m180 [3mhwm_mb[0m[2m=[0m187
[2m2026-09-15T06:58:56.112667Z[0m [32m INFO[0m [2mmidnight_bench[0m[2m:[0m [3mstage[0m[2m=[0m"trace.compute_instances.start" [3mrss_mb[0m[2m=[0m180 [3mhwm_mb[0m[2m=[0m187
[2m2026-09-15T06:58:56.119277Z[0m [32m INFO[0m [2mmidnight_bench[0m[2m:[0m [3mstage[0m[2m=[0m"trace.compute_instances.end" [3mrss_mb[0m[2m=[0m180 [3mhwm_mb[0m[2m=[0m187
[2m2026-09-15T06:58:56.119298Z[0m [32m INFO[0m [2mmidnight_bench[0m[2m:[0m [3mstage[0m[2m=[0m"trace.parse_advices.start" [3mrss_mb[0m[2m=[0m180 [3mhwm_mb[0m[2m=[0m187
[2m2026-09-15T06:58:56.124589Z[0m [32m INFO[0m [2mmidnight_bench[0m[2m:[0m [3mstage[0m[2m=[0m"trace.parse_advices.end" [3mrss_mb[0m[2m=[0m180 [3mhwm_mb[0m[2m=[0m187
[2m2026-09-15T06:58:56.124612Z[0m [32m INFO[0m [2mmidnight_bench[0m[2m:[0m [3mstage[0m[2m=[0m"trace.lookups_permuted.start" [3mrss_mb[0m[2m=[0m180 [3mhwm_mb[0m[2m=[0m187
[2m2026-09-15T06:58:56.170453Z[0m [32m INFO[0m [2mmidnight_bench[0m[2m:[0m [3mstage[0m[2m=[0m"trace.lookups_permuted.end" [3mrss_mb[0m[2m=[0m183 [3mhwm_mb[0m[2m=[0m187
[2m2026-09-15T06:58:56.170478Z[0m [32m INFO[0m [2mmidnight_bench[0m[2m:[0m [3mstage[0m[2m=[0m"trace.permutations_commit.start" [3mrss_mb[0m[2m=[0m183 [3mhwm_mb[0m[2m=[0m187
[2m2026-09-15T06:58:56.245089Z[0m [32m INFO[0m [2mmidnight_bench[0m[2m:[0m [3mstage[0m[2m=[0m"trace.permutations_commit.end" [3mrss_mb[0m[2m=[0m191 [3mhwm_mb[0m[2m=[0m191
[2m2026-09-15T06:58:56.245117Z[0m [32m INFO[0m [2mmidnight_bench[0m[2m:[0m [3mstage[0m[2m=[0m"trace.lookups_product.start" [3mrss_mb[0m[2m=[0m191 [3mhwm_mb[0m[2m=[0m191
[2m2026-09-15T06:58:56.298207Z[0m [32m INFO[0m [2mmidnight_bench[0m[2m:[0m [3mstage[0m[2m=[0m"trace.lookups_product.end" [3mrss_mb[0m[2m=[0m191 [3mhwm_mb[0m[2m=[0m191
[2m2026-09-15T06:58:56.328742Z[0m [32m INFO[0m [2mmidnight_bench[0m[2m:[0m [3mstage[0m[2m=[0m"create_proof.compute_trace.end" [3mrss_mb[0m[2m=[0m191 [3mhwm_mb[0m[2m=[0m191
[2m2026-09-15T06:58:56.328771Z[0m [32m INFO[0m [2mmidnight_bench[0m[2m:[0m [3mstage[0m[2m=[0m"create_proof.finalise_proof.start" [3mrss_mb[0m[2m=[0m191 [3mhwm_mb[0m[2m=[0m191
[2m2026-09-15T06:58:56.328780Z[0m [32m INFO[0m [2mmidnight_bench[0m[2m:[0m [3mstage[0m[2m=[0m"finalise.compute_h_poly.start" [3mrss_mb[0m[2m=[0m191 [3mhwm_mb[0m[2m=[0m191
[2m2026-09-15T06:58:56.348227Z[0m [32m INFO[0m [2mmidnight_bench[0m[2m:[0m [3mstage[0m[2m=[0m"finalise.compute_h_poly.materialise_fixed_cosets.start" [3mrss_mb[0m[2m=[0m191 [3mhwm_mb[0m[2m=[0m191
[2m2026-09-15T06:58:56.375223Z[0m [32m INFO[0m [2mmidnight_bench[0m[2m:[0m [3mstage[0m[2m=[0m"finalise.compute_h_poly.materialise_fixed_cosets.end" [3mrss_mb[0m[2m=[0m194 [3mhwm_mb[0m[2m=[0m194
[2m2026-09-15T06:58:56.375253Z[0m [32m INFO[0m [2mmidnight_bench[0m[2m:[0m [3mstage[0m[2m=[0m"finalise.compute_h_poly.materialise_perm_cosets.start" [3mrss_mb[0m[2m=[0m194 [3mhwm_mb[0m[2m=[0m194
[2m2026-09-15T06:58:56.389079Z[0m [32m INFO[0m [2mmidnight_bench[0m[2m:[0m [3mstage[0m[2m=[0m"finalise.compute_h_poly.materialise_perm_cosets.end" [3mrss_mb[0m[2m=[0m199 [3mhwm_mb[0m[2m=[0m199
[2m2026-09-15T06:58:56.522322Z[0m [32m INFO[0m [2mmidnight_bench[0m[2m:[0m [3mstage[0m[2m=[0m"finalise.compute_h_poly.drop_cosets.end" [3mrss_mb[0m[2m=[0m200 [3mhwm_mb[0m[2m=[0m200
[2m2026-09-15T06:58:56.522357Z[0m [32m INFO[0m [2mmidnight_bench[0m[2m:[0m [3mstage[0m[2m=[0m"finalise.compute_h_poly.end" [3mrss_mb[0m[2m=[0m200 [3mhwm_mb[0m[2m=[0m200
[2m2026-09-15T06:58:56.522365Z[0m [32m INFO[0m [2mmidnight_bench[0m[2m:[0m [3mstage[0m[2m=[0m"finalise.vanishing_construct.start" [3mrss_mb[0m[2m=[0m200 [3mhwm_mb[0m[2m=[0m200
[2m2026-09-15T06:58:56.619063Z[0m [32m INFO[0m [2mmidnight_bench[0m[2m:[0m [3mstage[0m[2m=[0m"finalise.vanishing_construct.end" [3mrss_mb[0m[2m=[0m201 [3mhwm_mb[0m[2m=[0m201
[2m2026-09-15T06:58:56.648665Z[0m [32m INFO[0m [2mmidnight_bench[0m[2m:[0m [3mstage[0m[2m=[0m"finalise.compute_queries.start" [3mrss_mb[0m[2m=[0m201 [3mhwm_mb[0m[2m=[0m201
[2m2026-09-15T06:58:56.648769Z[0m [32m INFO[0m [2mmidnight_bench[0m[2m:[0m [3mstage[0m[2m=[0m"finalise.multi_open.start" [3mrss_mb[0m[2m=[0m201 [3mhwm_mb[0m[2m=[0m201
[2m2026-09-15T06:58:56.738180Z[0m [32m INFO[0m [2mmidnight_bench[0m[2m:[0m [3mstage[0m[2m=[0m"finalise.multi_open.end" [3mrss_mb[0m[2m=[0m201 [3mhwm_mb[0m[2m=[0m201
[2m2026-09-15T06:58:56.738666Z[0m [32m INFO[0m [2mmidnight_bench[0m[2m:[0m [3mstage[0m[2m=[0m"create_proof.finalise_proof.end" [3mrss_mb[0m[2m=[0m188 [3mhwm_mb[0m[2m=[0m200
[2m2026-09-15T06:58:56.754931Z[0m [32m INFO[0m [2mactix_web::middleware::logger[0m[2m:[0m 192.168.65.1 POST /prove HTTP/1.1; took 0.713906s
[2m2026-09-15T06:58:56.758181Z[0m [32m INFO[0m [2mmidnight_proof_server::endpoints[0m[2m:[0m Starting to process request for /prove...
[2m2026-09-15T06:58:56.826707Z[0m [32m INFO[0m [2mmidnight_bench[0m[2m:[0m [3mstage[0m[2m=[0m"create_proof.compute_trace.start" [3mrss_mb[0m[2m=[0m195 [3mhwm_mb[0m[2m=[0m200
[2m2026-09-15T06:58:56.826737Z[0m [32m INFO[0m [2mmidnight_bench[0m[2m:[0m [3mstage[0m[2m=[0m"trace.compute_instances.start" [3mrss_mb[0m[2m=[0m195 [3mhwm_mb[0m[2m=[0m200
[2m2026-09-15T06:58:56.832289Z[0m [32m INFO[0m [2mmidnight_bench[0m[2m:[0m [3mstage[0m[2m=[0m"trace.compute_instances.end" [3mrss_mb[0m[2m=[0m195 [3mhwm_mb[0m[2m=[0m200
[2m2026-09-15T06:58:56.832311Z[0m [32m INFO[0m [2mmidnight_bench[0m[2m:[0m [3mstage[0m[2m=[0m"trace.parse_advices.start" [3mrss_mb[0m[2m=[0m195 [3mhwm_mb[0m[2m=[0m200
[2m2026-09-15T06:58:56.837588Z[0m [32m INFO[0m [2mmidnight_bench[0m[2m:[0m [3mstage[0m[2m=[0m"trace.parse_advices.end" [3mrss_mb[0m[2m=[0m195 [3mhwm_mb[0m[2m=[0m200
[2m2026-09-15T06:58:56.837613Z[0m [32m INFO[0m [2mmidnight_bench[0m[2m:[0m [3mstage[0m[2m=[0m"trace.lookups_permuted.start" [3mrss_mb[0m[2m=[0m195 [3mhwm_mb[0m[2m=[0m200
[2m2026-09-15T06:58:56.885302Z[0m [32m INFO[0m [2mmidnight_bench[0m[2m:[0m [3mstage[0m[2m=[0m"trace.lookups_permuted.end" [3mrss_mb[0m[2m=[0m198 [3mhwm_mb[0m[2m=[0m200
[2m2026-09-15T06:58:56.885331Z[0m [32m INFO[0m [2mmidnight_bench[0m[2m:[0m [3mstage[0m[2m=[0m"trace.permutations_commit.start" [3mrss_mb[0m[2m=[0m198 [3mhwm_mb[0m[2m=[0m200
[2m2026-09-15T06:58:56.958391Z[0m [32m INFO[0m [2mmidnight_bench[0m[2m:[0m [3mstage[0m[2m=[0m"trace.permutations_commit.end" [3mrss_mb[0m[2m=[0m206 [3mhwm_mb[0m[2m=[0m206
[2m2026-09-15T06:58:56.958415Z[0m [32m INFO[0m [2mmidnight_bench[0m[2m:[0m [3mstage[0m[2m=[0m"trace.lookups_product.start" [3mrss_mb[0m[2m=[0m206 [3mhwm_mb[0m[2m=[0m206
[2m2026-09-15T06:58:57.010919Z[0m [32m INFO[0m [2mmidnight_bench[0m[2m:[0m [3mstage[0m[2m=[0m"trace.lookups_product.end" [3mrss_mb[0m[2m=[0m206 [3mhwm_mb[0m[2m=[0m206
[2m2026-09-15T06:58:57.036534Z[0m [32m INFO[0m [2mmidnight_bench[0m[2m:[0m [3mstage[0m[2m=[0m"create_proof.compute_trace.end" [3mrss_mb[0m[2m=[0m206 [3mhwm_mb[0m[2m=[0m206
[2m2026-09-15T06:58:57.036558Z[0m [32m INFO[0m [2mmidnight_bench[0m[2m:[0m [3mstage[0m[2m=[0m"create_proof.finalise_proof.start" [3mrss_mb[0m[2m=[0m206 [3mhwm_mb[0m[2m=[0m206
[2m2026-09-15T06:58:57.036566Z[0m [32m INFO[0m [2mmidnight_bench[0m[2m:[0m [3mstage[0m[2m=[0m"finalise.compute_h_poly.start" [3mrss_mb[0m[2m=[0m206 [3mhwm_mb[0m[2m=[0m206
[2m2026-09-15T06:58:57.052526Z[0m [32m INFO[0m [2mmidnight_bench[0m[2m:[0m [3mstage[0m[2m=[0m"finalise.compute_h_poly.materialise_fixed_cosets.start" [3mrss_mb[0m[2m=[0m206 [3mhwm_mb[0m[2m=[0m206
[2m2026-09-15T06:58:57.077939Z[0m [32m INFO[0m [2mmidnight_bench[0m[2m:[0m [3mstage[0m[2m=[0m"finalise.compute_h_poly.materialise_fixed_cosets.end" [3mrss_mb[0m[2m=[0m206 [3mhwm_mb[0m[2m=[0m206
[2m2026-09-15T06:58:57.077968Z[0m [32m INFO[0m [2mmidnight_bench[0m[2m:[0m [3mstage[0m[2m=[0m"finalise.compute_h_poly.materialise_perm_cosets.start" [3mrss_mb[0m[2m=[0m206 [3mhwm_mb[0m[2m=[0m206
[2m2026-09-15T06:58:57.091453Z[0m [32m INFO[0m [2mmidnight_bench[0m[2m:[0m [3mstage[0m[2m=[0m"finalise.compute_h_poly.materialise_perm_cosets.end" [3mrss_mb[0m[2m=[0m208 [3mhwm_mb[0m[2m=[0m208
[2m2026-09-15T06:58:57.221433Z[0m [32m INFO[0m [2mmidnight_bench[0m[2m:[0m [3mstage[0m[2m=[0m"finalise.compute_h_poly.drop_cosets.end" [3mrss_mb[0m[2m=[0m209 [3mhwm_mb[0m[2m=[0m209
[2m2026-09-15T06:58:57.221470Z[0m [32m INFO[0m [2mmidnight_bench[0m[2m:[0m [3mstage[0m[2m=[0m"finalise.compute_h_poly.end" [3mrss_mb[0m[2m=[0m209 [3mhwm_mb[0m[2m=[0m209
[2m2026-09-15T06:58:57.221478Z[0m [32m INFO[0m [2mmidnight_bench[0m[2m:[0m [3mstage[0m[2m=[0m"finalise.vanishing_construct.start" [3mrss_mb[0m[2m=[0m209 [3mhwm_mb[0m[2m=[0m209
[2m2026-09-15T06:58:57.314923Z[0m [32m INFO[0m [2mmidnight_bench[0m[2m:[0m [3mstage[0m[2m=[0m"finalise.vanishing_construct.end" [3mrss_mb[0m[2m=[0m210 [3mhwm_mb[0m[2m=[0m210
[2m2026-09-15T06:58:57.347400Z[0m [32m INFO[0m [2mmidnight_bench[0m[2m:[0m [3mstage[0m[2m=[0m"finalise.compute_queries.start" [3mrss_mb[0m[2m=[0m210 [3mhwm_mb[0m[2m=[0m210
[2m2026-09-15T06:58:57.347497Z[0m [32m INFO[0m [2mmidnight_bench[0m[2m:[0m [3mstage[0m[2m=[0m"finalise.multi_open.start" [3mrss_mb[0m[2m=[0m210 [3mhwm_mb[0m[2m=[0m210
[2m2026-09-15T06:58:57.437659Z[0m [32m INFO[0m [2mmidnight_bench[0m[2m:[0m [3mstage[0m[2m=[0m"finalise.multi_open.end" [3mrss_mb[0m[2m=[0m210 [3mhwm_mb[0m[2m=[0m210
[2m2026-09-15T06:58:57.438171Z[0m [32m INFO[0m [2mmidnight_bench[0m[2m:[0m [3mstage[0m[2m=[0m"create_proof.finalise_proof.end" [3mrss_mb[0m[2m=[0m196 [3mhwm_mb[0m[2m=[0m209
[2m2026-09-15T06:58:57.453756Z[0m [32m INFO[0m [2mactix_web::middleware::logger[0m[2m:[0m 192.168.65.1 POST /prove HTTP/1.1; took 0.695599s
[2m2026-09-15T06:58:57.455271Z[0m [32m INFO[0m [2mmidnight_proof_server::endpoints[0m[2m:[0m Starting to process request for /prove...
[2m2026-09-15T06:58:57.529340Z[0m [32m INFO[0m [2mmidnight_bench[0m[2m:[0m [3mstage[0m[2m=[0m"create_proof.compute_trace.start" [3mrss_mb[0m[2m=[0m205 [3mhwm_mb[0m[2m=[0m209
[2m2026-09-15T06:58:57.529378Z[0m [32m INFO[0m [2mmidnight_bench[0m[2m:[0m [3mstage[0m[2m=[0m"trace.compute_instances.start" [3mrss_mb[0m[2m=[0m205 [3mhwm_mb[0m[2m=[0m209
[2m2026-09-15T06:58:57.536014Z[0m [32m INFO[0m [2mmidnight_bench[0m[2m:[0m [3mstage[0m[2m=[0m"trace.compute_instances.end" [3mrss_mb[0m[2m=[0m205 [3mhwm_mb[0m[2m=[0m209
[2m2026-09-15T06:58:57.536043Z[0m [32m INFO[0m [2mmidnight_bench[0m[2m:[0m [3mstage[0m[2m=[0m"trace.parse_advices.start" [3mrss_mb[0m[2m=[0m205 [3mhwm_mb[0m[2m=[0m209
[2m2026-09-15T06:58:57.541539Z[0m [32m INFO[0m [2mmidnight_bench[0m[2m:[0m [3mstage[0m[2m=[0m"trace.parse_advices.end" [3mrss_mb[0m[2m=[0m205 [3mhwm_mb[0m[2m=[0m209
[2m2026-09-15T06:58:57.541561Z[0m [32m INFO[0m [2mmidnight_bench[0m[2m:[0m [3mstage[0m[2m=[0m"trace.lookups_permuted.start" [3mrss_mb[0m[2m=[0m205 [3mhwm_mb[0m[2m=[0m209
[2m2026-09-15T06:58:57.587531Z[0m [32m INFO[0m [2mmidnight_bench[0m[2m:[0m [3mstage[0m[2m=[0m"trace.lookups_permuted.end" [3mrss_mb[0m[2m=[0m211 [3mhwm_mb[0m[2m=[0m211
[2m2026-09-15T06:58:57.587564Z[0m [32m INFO[0m [2mmidnight_bench[0m[2m:[0m [3mstage[0m[2m=[0m"trace.permutations_commit.start" [3mrss_mb[0m[2m=[0m211 [3mhwm_mb[0m[2m=[0m211
[2m2026-09-15T06:58:57.658921Z[0m [32m INFO[0m [2mmidnight_bench[0m[2m:[0m [3mstage[0m[2m=[0m"trace.permutations_commit.end" [3mrss_mb[0m[2m=[0m218 [3mhwm_mb[0m[2m=[0m218
[2m2026-09-15T06:58:57.658945Z[0m [32m INFO[0m [2mmidnight_bench[0m[2m:[0m [3mstage[0m[2m=[0m"trace.lookups_product.start" [3mrss_mb[0m[2m=[0m218 [3mhwm_mb[0m[2m=[0m218
[2m2026-09-15T06:58:57.711489Z[0m [32m INFO[0m [2mmidnight_bench[0m[2m:[0m [3mstage[0m[2m=[0m"trace.lookups_product.end" [3mrss_mb[0m[2m=[0m219 [3mhwm_mb[0m[2m=[0m219
[2m2026-09-15T06:58:57.736857Z[0m [32m INFO[0m [2mmidnight_bench[0m[2m:[0m [3mstage[0m[2m=[0m"create_proof.compute_trace.end" [3mrss_mb[0m[2m=[0m219 [3mhwm_mb[0m[2m=[0m219
[2m2026-09-15T06:58:57.736884Z[0m [32m INFO[0m [2mmidnight_bench[0m[2m:[0m [3mstage[0m[2m=[0m"create_proof.finalise_proof.start" [3mrss_mb[0m[2m=[0m219 [3mhwm_mb[0m[2m=[0m219
[2m2026-09-15T06:58:57.736892Z[0m [32m INFO[0m [2mmidnight_bench[0m[2m:[0m [3mstage[0m[2m=[0m"finalise.compute_h_poly.start" [3mrss_mb[0m[2m=[0m219 [3mhwm_mb[0m[2m=[0m219
[2m2026-09-15T06:58:57.753172Z[0m [32m INFO[0m [2mmidnight_bench[0m[2m:[0m [3mstage[0m[2m=[0m"finalise.compute_h_poly.materialise_fixed_cosets.start" [3mrss_mb[0m[2m=[0m219 [3mhwm_mb[0m[2m=[0m219
[2m2026-09-15T06:58:57.783075Z[0m [32m INFO[0m [2mmidnight_bench[0m[2m:[0m [3mstage[0m[2m=[0m"finalise.compute_h_poly.materialise_fixed_cosets.end" [3mrss_mb[0m[2m=[0m219 [3mhwm_mb[0m[2m=[0m219
[2m2026-09-15T06:58:57.783105Z[0m [32m INFO[0m [2mmidnight_bench[0m[2m:[0m [3mstage[0m[2m=[0m"finalise.compute_h_poly.materialise_perm_cosets.start" [3mrss_mb[0m[2m=[0m219 [3mhwm_mb[0m[2m=[0m219
[2m2026-09-15T06:58:57.799276Z[0m [32m INFO[0m [2mmidnight_bench[0m[2m:[0m [3mstage[0m[2m=[0m"finalise.compute_h_poly.materialise_perm_cosets.end" [3mrss_mb[0m[2m=[0m221 [3mhwm_mb[0m[2m=[0m221
[2m2026-09-15T06:58:57.929233Z[0m [32m INFO[0m [2mmidnight_bench[0m[2m:[0m [3mstage[0m[2m=[0m"finalise.compute_h_poly.drop_cosets.end" [3mrss_mb[0m[2m=[0m222 [3mhwm_mb[0m[2m=[0m222
[2m2026-09-15T06:58:57.929260Z[0m [32m INFO[0m [2mmidnight_bench[0m[2m:[0m [3mstage[0m[2m=[0m"finalise.compute_h_poly.end" [3mrss_mb[0m[2m=[0m222 [3mhwm_mb[0m[2m=[0m222
[2m2026-09-15T06:58:57.929268Z[0m [32m INFO[0m [2mmidnight_bench[0m[2m:[0m [3mstage[0m[2m=[0m"finalise.vanishing_construct.start" [3mrss_mb[0m[2m=[0m222 [3mhwm_mb[0m[2m=[0m222
[2m2026-09-15T06:58:58.018499Z[0m [32m INFO[0m [2mmidnight_bench[0m[2m:[0m [3mstage[0m[2m=[0m"finalise.vanishing_construct.end" [3mrss_mb[0m[2m=[0m222 [3mhwm_mb[0m[2m=[0m222
[2m2026-09-15T06:58:58.046711Z[0m [32m INFO[0m [2mmidnight_bench[0m[2m:[0m [3mstage[0m[2m=[0m"finalise.compute_queries.start" [3mrss_mb[0m[2m=[0m222 [3mhwm_mb[0m[2m=[0m222
[2m2026-09-15T06:58:58.046813Z[0m [32m INFO[0m [2mmidnight_bench[0m[2m:[0m [3mstage[0m[2m=[0m"finalise.multi_open.start" [3mrss_mb[0m[2m=[0m222 [3mhwm_mb[0m[2m=[0m222
[2m2026-09-15T06:58:58.135761Z[0m [32m INFO[0m [2mmidnight_bench[0m[2m:[0m [3mstage[0m[2m=[0m"finalise.multi_open.end" [3mrss_mb[0m[2m=[0m222 [3mhwm_mb[0m[2m=[0m222
[2m2026-09-15T06:58:58.136534Z[0m [32m INFO[0m [2mmidnight_bench[0m[2m:[0m [3mstage[0m[2m=[0m"create_proof.finalise_proof.end" [3mrss_mb[0m[2m=[0m199 [3mhwm_mb[0m[2m=[0m220
[2m2026-09-15T06:58:58.152397Z[0m [32m INFO[0m [2mactix_web::middleware::logger[0m[2m:[0m 192.168.65.1 POST /prove HTTP/1.1; took 0.697144s
[2m2026-09-15T06:58:58.154037Z[0m [32m INFO[0m [2mmidnight_proof_server::endpoints[0m[2m:[0m Starting to process request for /prove...
[2m2026-09-15T06:58:58.225552Z[0m [32m INFO[0m [2mmidnight_bench[0m[2m:[0m [3mstage[0m[2m=[0m"create_proof.compute_trace.start" [3mrss_mb[0m[2m=[0m215 [3mhwm_mb[0m[2m=[0m220
[2m2026-09-15T06:58:58.225581Z[0m [32m INFO[0m [2mmidnight_bench[0m[2m:[0m [3mstage[0m[2m=[0m"trace.compute_instances.start" [3mrss_mb[0m[2m=[0m215 [3mhwm_mb[0m[2m=[0m220
[2m2026-09-15T06:58:58.231379Z[0m [32m INFO[0m [2mmidnight_bench[0m[2m:[0m [3mstage[0m[2m=[0m"trace.compute_instances.end" [3mrss_mb[0m[2m=[0m215 [3mhwm_mb[0m[2m=[0m220
[2m2026-09-15T06:58:58.231419Z[0m [32m INFO[0m [2mmidnight_bench[0m[2m:[0m [3mstage[0m[2m=[0m"trace.parse_advices.start" [3mrss_mb[0m[2m=[0m215 [3mhwm_mb[0m[2m=[0m220
[2m2026-09-15T06:58:58.237514Z[0m [32m INFO[0m [2mmidnight_bench[0m[2m:[0m [3mstage[0m[2m=[0m"trace.parse_advices.end" [3mrss_mb[0m[2m=[0m220 [3mhwm_mb[0m[2m=[0m220
[2m2026-09-15T06:58:58.237538Z[0m [32m INFO[0m [2mmidnight_bench[0m[2m:[0m [3mstage[0m[2m=[0m"trace.lookups_permuted.start" [3mrss_mb[0m[2m=[0m220 [3mhwm_mb[0m[2m=[0m220
[2m2026-09-15T06:58:58.283561Z[0m [32m INFO[0m [2mmidnight_bench[0m[2m:[0m [3mstage[0m[2m=[0m"trace.lookups_permuted.end" [3mrss_mb[0m[2m=[0m226 [3mhwm_mb[0m[2m=[0m226
[2m2026-09-15T06:58:58.283590Z[0m [32m INFO[0m [2mmidnight_bench[0m[2m:[0m [3mstage[0m[2m=[0m"trace.permutations_commit.start" [3mrss_mb[0m[2m=[0m226 [3mhwm_mb[0m[2m=[0m226
[2m2026-09-15T06:58:58.352406Z[0m [32m INFO[0m [2mmidnight_bench[0m[2m:[0m [3mstage[0m[2m=[0m"trace.permutations_commit.end" [3mrss_mb[0m[2m=[0m233 [3mhwm_mb[0m[2m=[0m233
[2m2026-09-15T06:58:58.352433Z[0m [32m INFO[0m [2mmidnight_bench[0m[2m:[0m [3mstage[0m[2m=[0m"trace.lookups_product.start" [3mrss_mb[0m[2m=[0m233 [3mhwm_mb[0m[2m=[0m233
[2m2026-09-15T06:58:58.404162Z[0m [32m INFO[0m [2mmidnight_bench[0m[2m:[0m [3mstage[0m[2m=[0m"trace.lookups_product.end" [3mrss_mb[0m[2m=[0m233 [3mhwm_mb[0m[2m=[0m233
[2m2026-09-15T06:58:58.429002Z[0m [32m INFO[0m [2mmidnight_bench[0m[2m:[0m [3mstage[0m[2m=[0m"create_proof.compute_trace.end" [3mrss_mb[0m[2m=[0m233 [3mhwm_mb[0m[2m=[0m233
[2m2026-09-15T06:58:58.429023Z[0m [32m INFO[0m [2mmidnight_bench[0m[2m:[0m [3mstage[0m[2m=[0m"create_proof.finalise_proof.start" [3mrss_mb[0m[2m=[0m233 [3mhwm_mb[0m[2m=[0m233
[2m2026-09-15T06:58:58.429031Z[0m [32m INFO[0m [2mmidnight_bench[0m[2m:[0m [3mstage[0m[2m=[0m"finalise.compute_h_poly.start" [3mrss_mb[0m[2m=[0m233 [3mhwm_mb[0m[2m=[0m233
[2m2026-09-15T06:58:58.447989Z[0m [32m INFO[0m [2mmidnight_bench[0m[2m:[0m [3mstage[0m[2m=[0m"finalise.compute_h_poly.materialise_fixed_cosets.start" [3mrss_mb[0m[2m=[0m233 [3mhwm_mb[0m[2m=[0m233
[2m2026-09-15T06:58:58.480581Z[0m [32m INFO[0m [2mmidnight_bench[0m[2m:[0m [3mstage[0m[2m=[0m"finalise.compute_h_poly.materialise_fixed_cosets.end" [3mrss_mb[0m[2m=[0m236 [3mhwm_mb[0m[2m=[0m236
[2m2026-09-15T06:58:58.480606Z[0m [32m INFO[0m [2mmidnight_bench[0m[2m:[0m [3mstage[0m[2m=[0m"finalise.compute_h_poly.materialise_perm_cosets.start" [3mrss_mb[0m[2m=[0m236 [3mhwm_mb[0m[2m=[0m236
[2m2026-09-15T06:58:58.495335Z[0m [32m INFO[0m [2mmidnight_bench[0m[2m:[0m [3mstage[0m[2m=[0m"finalise.compute_h_poly.materialise_perm_cosets.end" [3mrss_mb[0m[2m=[0m239 [3mhwm_mb[0m[2m=[0m239
[2m2026-09-15T06:58:58.620029Z[0m [32m INFO[0m [2mmidnight_bench[0m[2m:[0m [3mstage[0m[2m=[0m"finalise.compute_h_poly.drop_cosets.end" [3mrss_mb[0m[2m=[0m240 [3mhwm_mb[0m[2m=[0m240
[2m2026-09-15T06:58:58.620064Z[0m [32m INFO[0m [2mmidnight_bench[0m[2m:[0m [3mstage[0m[2m=[0m"finalise.compute_h_poly.end" [3mrss_mb[0m[2m=[0m240 [3mhwm_mb[0m[2m=[0m240
[2m2026-09-15T06:58:58.620072Z[0m [32m INFO[0m [2mmidnight_bench[0m[2m:[0m [3mstage[0m[2m=[0m"finalise.vanishing_construct.start" [3mrss_mb[0m[2m=[0m240 [3mhwm_mb[0m[2m=[0m240
[2m2026-09-15T06:58:58.711330Z[0m [32m INFO[0m [2mmidnight_bench[0m[2m:[0m [3mstage[0m[2m=[0m"finalise.vanishing_construct.end" [3mrss_mb[0m[2m=[0m240 [3mhwm_mb[0m[2m=[0m240
[2m2026-09-15T06:58:58.738803Z[0m [32m INFO[0m [2mmidnight_bench[0m[2m:[0m [3mstage[0m[2m=[0m"finalise.compute_queries.start" [3mrss_mb[0m[2m=[0m240 [3mhwm_mb[0m[2m=[0m240
[2m2026-09-15T06:58:58.738949Z[0m [32m INFO[0m [2mmidnight_bench[0m[2m:[0m [3mstage[0m[2m=[0m"finalise.multi_open.start" [3mrss_mb[0m[2m=[0m240 [3mhwm_mb[0m[2m=[0m240
[2m2026-09-15T06:58:58.830192Z[0m [32m INFO[0m [2mmidnight_bench[0m[2m:[0m [3mstage[0m[2m=[0m"finalise.multi_open.end" [3mrss_mb[0m[2m=[0m240 [3mhwm_mb[0m[2m=[0m240
[2m2026-09-15T06:58:58.830961Z[0m [32m INFO[0m [2mmidnight_bench[0m[2m:[0m [3mstage[0m[2m=[0m"create_proof.finalise_proof.end" [3mrss_mb[0m[2m=[0m217 [3mhwm_mb[0m[2m=[0m239
[2m2026-09-15T06:58:58.846648Z[0m [32m INFO[0m [2mactix_web::middleware::logger[0m[2m:[0m 192.168.65.1 POST /prove HTTP/1.1; took 0.692627s
[2m2026-09-15T06:58:58.849161Z[0m [32m INFO[0m [2mmidnight_proof_server::endpoints[0m[2m:[0m Starting to process request for /prove...
[2m2026-09-15T06:58:58.926089Z[0m [32m INFO[0m [2mmidnight_bench[0m[2m:[0m [3mstage[0m[2m=[0m"create_proof.compute_trace.start" [3mrss_mb[0m[2m=[0m234 [3mhwm_mb[0m[2m=[0m239
[2m2026-09-15T06:58:58.926115Z[0m [32m INFO[0m [2mmidnight_bench[0m[2m:[0m [3mstage[0m[2m=[0m"trace.compute_instances.start" [3mrss_mb[0m[2m=[0m234 [3mhwm_mb[0m[2m=[0m239
[2m2026-09-15T06:58:58.930498Z[0m [32m INFO[0m [2mmidnight_bench[0m[2m:[0m [3mstage[0m[2m=[0m"trace.compute_instances.end" [3mrss_mb[0m[2m=[0m234 [3mhwm_mb[0m[2m=[0m239
[2m2026-09-15T06:58:58.930521Z[0m [32m INFO[0m [2mmidnight_bench[0m[2m:[0m [3mstage[0m[2m=[0m"trace.parse_advices.start" [3mrss_mb[0m[2m=[0m234 [3mhwm_mb[0m[2m=[0m239
[2m2026-09-15T06:58:58.936232Z[0m [32m INFO[0m [2mmidnight_bench[0m[2m:[0m [3mstage[0m[2m=[0m"trace.parse_advices.end" [3mrss_mb[0m[2m=[0m239 [3mhwm_mb[0m[2m=[0m239
[2m2026-09-15T06:58:58.936255Z[0m [32m INFO[0m [2mmidnight_bench[0m[2m:[0m [3mstage[0m[2m=[0m"trace.lookups_permuted.start" [3mrss_mb[0m[2m=[0m239 [3mhwm_mb[0m[2m=[0m239
[2m2026-09-15T06:58:58.983009Z[0m [32m INFO[0m [2mmidnight_bench[0m[2m:[0m [3mstage[0m[2m=[0m"trace.lookups_permuted.end" [3mrss_mb[0m[2m=[0m244 [3mhwm_mb[0m[2m=[0m244
[2m2026-09-15T06:58:58.983047Z[0m [32m INFO[0m [2mmidnight_bench[0m[2m:[0m [3mstage[0m[2m=[0m"trace.permutations_commit.start" [3mrss_mb[0m[2m=[0m244 [3mhwm_mb[0m[2m=[0m244
[2m2026-09-15T06:58:59.054391Z[0m [32m INFO[0m [2mmidnight_bench[0m[2m:[0m [3mstage[0m[2m=[0m"trace.permutations_commit.end" [3mrss_mb[0m[2m=[0m252 [3mhwm_mb[0m[2m=[0m252
[2m2026-09-15T06:58:59.054416Z[0m [32m INFO[0m [2mmidnight_bench[0m[2m:[0m [3mstage[0m[2m=[0m"trace.lookups_product.start" [3mrss_mb[0m[2m=[0m252 [3mhwm_mb[0m[2m=[0m252
[2m2026-09-15T06:58:59.106953Z[0m [32m INFO[0m [2mmidnight_bench[0m[2m:[0m [3mstage[0m[2m=[0m"trace.lookups_product.end" [3mrss_mb[0m[2m=[0m252 [3mhwm_mb[0m[2m=[0m252
[2m2026-09-15T06:58:59.131593Z[0m [32m INFO[0m [2mmidnight_bench[0m[2m:[0m [3mstage[0m[2m=[0m"create_proof.compute_trace.end" [3mrss_mb[0m[2m=[0m252 [3mhwm_mb[0m[2m=[0m252
[2m2026-09-15T06:58:59.131617Z[0m [32m INFO[0m [2mmidnight_bench[0m[2m:[0m [3mstage[0m[2m=[0m"create_proof.finalise_proof.start" [3mrss_mb[0m[2m=[0m252 [3mhwm_mb[0m[2m=[0m252
[2m2026-09-15T06:58:59.131626Z[0m [32m INFO[0m [2mmidnight_bench[0m[2m:[0m [3mstage[0m[2m=[0m"finalise.compute_h_poly.start" [3mrss_mb[0m[2m=[0m252 [3mhwm_mb[0m[2m=[0m252
[2m2026-09-15T06:58:59.148489Z[0m [32m INFO[0m [2mmidnight_bench[0m[2m:[0m [3mstage[0m[2m=[0m"finalise.compute_h_poly.materialise_fixed_cosets.start" [3mrss_mb[0m[2m=[0m252 [3mhwm_mb[0m[2m=[0m252
[2m2026-09-15T06:58:59.176753Z[0m [32m INFO[0m [2mmidnight_bench[0m[2m:[0m [3mstage[0m[2m=[0m"finalise.compute_h_poly.materialise_fixed_cosets.end" [3mrss_mb[0m[2m=[0m252 [3mhwm_mb[0m[2m=[0m252
[2m2026-09-15T06:58:59.176786Z[0m [32m INFO[0m [2mmidnight_bench[0m[2m:[0m [3mstage[0m[2m=[0m"finalise.compute_h_poly.materialise_perm_cosets.start" [3mrss_mb[0m[2m=[0m252 [3mhwm_mb[0m[2m=[0m252
[2m2026-09-15T06:58:59.189419Z[0m [32m INFO[0m [2mmidnight_bench[0m[2m:[0m [3mstage[0m[2m=[0m"finalise.compute_h_poly.materialise_perm_cosets.end" [3mrss_mb[0m[2m=[0m254 [3mhwm_mb[0m[2m=[0m254
[2m2026-09-15T06:58:59.311493Z[0m [32m INFO[0m [2mmidnight_bench[0m[2m:[0m [3mstage[0m[2m=[0m"finalise.compute_h_poly.drop_cosets.end" [3mrss_mb[0m[2m=[0m255 [3mhwm_mb[0m[2m=[0m255
[2m2026-09-15T06:58:59.311524Z[0m [32m INFO[0m [2mmidnight_bench[0m[2m:[0m [3mstage[0m[2m=[0m"finalise.compute_h_poly.end" [3mrss_mb[0m[2m=[0m255 [3mhwm_mb[0m[2m=[0m255
[2m2026-09-15T06:58:59.311531Z[0m [32m INFO[0m [2mmidnight_bench[0m[2m:[0m [3mstage[0m[2m=[0m"finalise.vanishing_construct.start" [3mrss_mb[0m[2m=[0m255 [3mhwm_mb[0m[2m=[0m255
[2m2026-09-15T06:58:59.398940Z[0m [32m INFO[0m [2mmidnight_bench[0m[2m:[0m [3mstage[0m[2m=[0m"finalise.vanishing_construct.end" [3mrss_mb[0m[2m=[0m255 [3mhwm_mb[0m[2m=[0m255
[2m2026-09-15T06:58:59.426179Z[0m [32m INFO[0m [2mmidnight_bench[0m[2m:[0m [3mstage[0m[2m=[0m"finalise.compute_queries.start" [3mrss_mb[0m[2m=[0m255 [3mhwm_mb[0m[2m=[0m255
[2m2026-09-15T06:58:59.426263Z[0m [32m INFO[0m [2mmidnight_bench[0m[2m:[0m [3mstage[0m[2m=[0m"finalise.multi_open.start" [3mrss_mb[0m[2m=[0m255 [3mhwm_mb[0m[2m=[0m255
[2m2026-09-15T06:58:59.514317Z[0m [32m INFO[0m [2mmidnight_bench[0m[2m:[0m [3mstage[0m[2m=[0m"finalise.multi_open.end" [3mrss_mb[0m[2m=[0m255 [3mhwm_mb[0m[2m=[0m255
[2m2026-09-15T06:58:59.515040Z[0m [32m INFO[0m [2mmidnight_bench[0m[2m:[0m [3mstage[0m[2m=[0m"create_proof.finalise_proof.end" [3mrss_mb[0m[2m=[0m232 [3mhwm_mb[0m[2m=[0m253
[2m2026-09-15T06:58:59.530960Z[0m [32m INFO[0m [2mactix_web::middleware::logger[0m[2m:[0m 192.168.65.1 POST /prove HTTP/1.1; took 0.681816s
[2m2026-09-15T06:58:59.532971Z[0m [32m INFO[0m [2mmidnight_proof_server::endpoints[0m[2m:[0m Starting to process request for /prove...
[2m2026-09-15T06:58:59.610137Z[0m [32m INFO[0m [2mmidnight_bench[0m[2m:[0m [3mstage[0m[2m=[0m"create_proof.compute_trace.start" [3mrss_mb[0m[2m=[0m250 [3mhwm_mb[0m[2m=[0m253
[2m2026-09-15T06:58:59.610219Z[0m [32m INFO[0m [2mmidnight_bench[0m[2m:[0m [3mstage[0m[2m=[0m"trace.compute_instances.start" [3mrss_mb[0m[2m=[0m250 [3mhwm_mb[0m[2m=[0m253
[2m2026-09-15T06:58:59.616190Z[0m [32m INFO[0m [2mmidnight_bench[0m[2m:[0m [3mstage[0m[2m=[0m"trace.compute_instances.end" [3mrss_mb[0m[2m=[0m250 [3mhwm_mb[0m[2m=[0m253
[2m2026-09-15T06:58:59.616215Z[0m [32m INFO[0m [2mmidnight_bench[0m[2m:[0m [3mstage[0m[2m=[0m"trace.parse_advices.start" [3mrss_mb[0m[2m=[0m250 [3mhwm_mb[0m[2m=[0m253
[2m2026-09-15T06:58:59.622173Z[0m [32m INFO[0m [2mmidnight_bench[0m[2m:[0m [3mstage[0m[2m=[0m"trace.parse_advices.end" [3mrss_mb[0m[2m=[0m254 [3mhwm_mb[0m[2m=[0m254
[2m2026-09-15T06:58:59.622193Z[0m [32m INFO[0m [2mmidnight_bench[0m[2m:[0m [3mstage[0m[2m=[0m"trace.lookups_permuted.start" [3mrss_mb[0m[2m=[0m254 [3mhwm_mb[0m[2m=[0m254
[2m2026-09-15T06:58:59.667034Z[0m [32m INFO[0m [2mmidnight_bench[0m[2m:[0m [3mstage[0m[2m=[0m"trace.lookups_permuted.end" [3mrss_mb[0m[2m=[0m260 [3mhwm_mb[0m[2m=[0m260
[2m2026-09-15T06:58:59.667063Z[0m [32m INFO[0m [2mmidnight_bench[0m[2m:[0m [3mstage[0m[2m=[0m"trace.permutations_commit.start" [3mrss_mb[0m[2m=[0m260 [3mhwm_mb[0m[2m=[0m260
[2m2026-09-15T06:58:59.734423Z[0m [32m INFO[0m [2mmidnight_bench[0m[2m:[0m [3mstage[0m[2m=[0m"trace.permutations_commit.end" [3mrss_mb[0m[2m=[0m267 [3mhwm_mb[0m[2m=[0m267
[2m2026-09-15T06:58:59.734450Z[0m [32m INFO[0m [2mmidnight_bench[0m[2m:[0m [3mstage[0m[2m=[0m"trace.lookups_product.start" [3mrss_mb[0m[2m=[0m267 [3mhwm_mb[0m[2m=[0m267
[2m2026-09-15T06:58:59.786650Z[0m [32m INFO[0m [2mmidnight_bench[0m[2m:[0m [3mstage[0m[2m=[0m"trace.lookups_product.end" [3mrss_mb[0m[2m=[0m267 [3mhwm_mb[0m[2m=[0m267
[2m2026-09-15T06:58:59.811330Z[0m [32m INFO[0m [2mmidnight_bench[0m[2m:[0m [3mstage[0m[2m=[0m"create_proof.compute_trace.end" [3mrss_mb[0m[2m=[0m268 [3mhwm_mb[0m[2m=[0m268
[2m2026-09-15T06:58:59.811352Z[0m [32m INFO[0m [2mmidnight_bench[0m[2m:[0m [3mstage[0m[2m=[0m"create_proof.finalise_proof.start" [3mrss_mb[0m[2m=[0m268 [3mhwm_mb[0m[2m=[0m268
[2m2026-09-15T06:58:59.811360Z[0m [32m INFO[0m [2mmidnight_bench[0m[2m:[0m [3mstage[0m[2m=[0m"finalise.compute_h_poly.start" [3mrss_mb[0m[2m=[0m268 [3mhwm_mb[0m[2m=[0m268
[2m2026-09-15T06:58:59.826545Z[0m [32m INFO[0m [2mmidnight_bench[0m[2m:[0m [3mstage[0m[2m=[0m"finalise.compute_h_poly.materialise_fixed_cosets.start" [3mrss_mb[0m[2m=[0m268 [3mhwm_mb[0m[2m=[0m268
[2m2026-09-15T06:58:59.856576Z[0m [32m INFO[0m [2mmidnight_bench[0m[2m:[0m [3mstage[0m[2m=[0m"finalise.compute_h_poly.materialise_fixed_cosets.end" [3mrss_mb[0m[2m=[0m268 [3mhwm_mb[0m[2m=[0m268
[2m2026-09-15T06:58:59.856602Z[0m [32m INFO[0m [2mmidnight_bench[0m[2m:[0m [3mstage[0m[2m=[0m"finalise.compute_h_poly.materialise_perm_cosets.start" [3mrss_mb[0m[2m=[0m268 [3mhwm_mb[0m[2m=[0m268
[2m2026-09-15T06:58:59.873737Z[0m [32m INFO[0m [2mmidnight_bench[0m[2m:[0m [3mstage[0m[2m=[0m"finalise.compute_h_poly.materialise_perm_cosets.end" [3mrss_mb[0m[2m=[0m271 [3mhwm_mb[0m[2m=[0m271
[2m2026-09-15T06:59:00.017332Z[0m [32m INFO[0m [2mmidnight_bench[0m[2m:[0m [3mstage[0m[2m=[0m"finalise.compute_h_poly.drop_cosets.end" [3mrss_mb[0m[2m=[0m271 [3mhwm_mb[0m[2m=[0m271
[2m2026-09-15T06:59:00.017365Z[0m [32m INFO[0m [2mmidnight_bench[0m[2m:[0m [3mstage[0m[2m=[0m"finalise.compute_h_poly.end" [3mrss_mb[0m[2m=[0m271 [3mhwm_mb[0m[2m=[0m271
[2m2026-09-15T06:59:00.017373Z[0m [32m INFO[0m [2mmidnight_bench[0m[2m:[0m [3mstage[0m[2m=[0m"finalise.vanishing_construct.start" [3mrss_mb[0m[2m=[0m271 [3mhwm_mb[0m[2m=[0m271
[2m2026-09-15T06:59:00.109112Z[0m [32m INFO[0m [2mmidnight_bench[0m[2m:[0m [3mstage[0m[2m=[0m"finalise.vanishing_construct.end" [3mrss_mb[0m[2m=[0m271 [3mhwm_mb[0m[2m=[0m271
[2m2026-09-15T06:59:00.138154Z[0m [32m INFO[0m [2mmidnight_bench[0m[2m:[0m [3mstage[0m[2m=[0m"finalise.compute_queries.start" [3mrss_mb[0m[2m=[0m271 [3mhwm_mb[0m[2m=[0m271
[2m2026-09-15T06:59:00.138249Z[0m [32m INFO[0m [2mmidnight_bench[0m[2m:[0m [3mstage[0m[2m=[0m"finalise.multi_open.start" [3mrss_mb[0m[2m=[0m271 [3mhwm_mb[0m[2m=[0m271
[2m2026-09-15T06:59:00.229277Z[0m [32m INFO[0m [2mmidnight_bench[0m[2m:[0m [3mstage[0m[2m=[0m"finalise.multi_open.end" [3mrss_mb[0m[2m=[0m271 [3mhwm_mb[0m[2m=[0m271
[2m2026-09-15T06:59:00.230076Z[0m [32m INFO[0m [2mmidnight_bench[0m[2m:[0m [3mstage[0m[2m=[0m"create_proof.finalise_proof.end" [3mrss_mb[0m[2m=[0m249 [3mhwm_mb[0m[2m=[0m270
[2m2026-09-15T06:59:00.245902Z[0m [32m INFO[0m [2mactix_web::middleware::logger[0m[2m:[0m 192.168.65.1 POST /prove HTTP/1.1; took 0.712947s
[2m2026-09-15T06:59:00.247418Z[0m [32m INFO[0m [2mmidnight_proof_server::endpoints[0m[2m:[0m Starting to process request for /prove...
[2m2026-09-15T06:59:00.323256Z[0m [32m INFO[0m [2mmidnight_bench[0m[2m:[0m [3mstage[0m[2m=[0m"create_proof.compute_trace.start" [3mrss_mb[0m[2m=[0m267 [3mhwm_mb[0m[2m=[0m270
[2m2026-09-15T06:59:00.323290Z[0m [32m INFO[0m [2mmidnight_bench[0m[2m:[0m [3mstage[0m[2m=[0m"trace.compute_instances.start" [3mrss_mb[0m[2m=[0m267 [3mhwm_mb[0m[2m=[0m270
[2m2026-09-15T06:59:00.327632Z[0m [32m INFO[0m [2mmidnight_bench[0m[2m:[0m [3mstage[0m[2m=[0m"trace.compute_instances.end" [3mrss_mb[0m[2m=[0m267 [3mhwm_mb[0m[2m=[0m270
[2m2026-09-15T06:59:00.327653Z[0m [32m INFO[0m [2mmidnight_bench[0m[2m:[0m [3mstage[0m[2m=[0m"trace.parse_advices.start" [3mrss_mb[0m[2m=[0m267 [3mhwm_mb[0m[2m=[0m270
[2m2026-09-15T06:59:00.333290Z[0m [32m INFO[0m [2mmidnight_bench[0m[2m:[0m [3mstage[0m[2m=[0m"trace.parse_advices.end" [3mrss_mb[0m[2m=[0m272 [3mhwm_mb[0m[2m=[0m272
[2m2026-09-15T06:59:00.333312Z[0m [32m INFO[0m [2mmidnight_bench[0m[2m:[0m [3mstage[0m[2m=[0m"trace.lookups_permuted.start" [3mrss_mb[0m[2m=[0m272 [3mhwm_mb[0m[2m=[0m272
[2m2026-09-15T06:59:00.378027Z[0m [32m INFO[0m [2mmidnight_bench[0m[2m:[0m [3mstage[0m[2m=[0m"trace.lookups_permuted.end" [3mrss_mb[0m[2m=[0m278 [3mhwm_mb[0m[2m=[0m278
[2m2026-09-15T06:59:00.378055Z[0m [32m INFO[0m [2mmidnight_bench[0m[2m:[0m [3mstage[0m[2m=[0m"trace.permutations_commit.start" [3mrss_mb[0m[2m=[0m278 [3mhwm_mb[0m[2m=[0m278
[2m2026-09-15T06:59:00.446860Z[0m [32m INFO[0m [2mmidnight_bench[0m[2m:[0m [3mstage[0m[2m=[0m"trace.permutations_commit.end" [3mrss_mb[0m[2m=[0m285 [3mhwm_mb[0m[2m=[0m285
[2m2026-09-15T06:59:00.446884Z[0m [32m INFO[0m [2mmidnight_bench[0m[2m:[0m [3mstage[0m[2m=[0m"trace.lookups_product.start" [3mrss_mb[0m[2m=[0m285 [3mhwm_mb[0m[2m=[0m285
[2m2026-09-15T06:59:00.498756Z[0m [32m INFO[0m [2mmidnight_bench[0m[2m:[0m [3mstage[0m[2m=[0m"trace.lookups_product.end" [3mrss_mb[0m[2m=[0m285 [3mhwm_mb[0m[2m=[0m285
[2m2026-09-15T06:59:00.524256Z[0m [32m INFO[0m [2mmidnight_bench[0m[2m:[0m [3mstage[0m[2m=[0m"create_proof.compute_trace.end" [3mrss_mb[0m[2m=[0m285 [3mhwm_mb[0m[2m=[0m285
[2m2026-09-15T06:59:00.524281Z[0m [32m INFO[0m [2mmidnight_bench[0m[2m:[0m [3mstage[0m[2m=[0m"create_proof.finalise_proof.start" [3mrss_mb[0m[2m=[0m285 [3mhwm_mb[0m[2m=[0m285
[2m2026-09-15T06:59:00.524290Z[0m [32m INFO[0m [2mmidnight_bench[0m[2m:[0m [3mstage[0m[2m=[0m"finalise.compute_h_poly.start" [3mrss_mb[0m[2m=[0m285 [3mhwm_mb[0m[2m=[0m285
[2m2026-09-15T06:59:00.541258Z[0m [32m INFO[0m [2mmidnight_bench[0m[2m:[0m [3mstage[0m[2m=[0m"finalise.compute_h_poly.materialise_fixed_cosets.start" [3mrss_mb[0m[2m=[0m285 [3mhwm_mb[0m[2m=[0m285
[2m2026-09-15T06:59:00.569376Z[0m [32m INFO[0m [2mmidnight_bench[0m[2m:[0m [3mstage[0m[2m=[0m"finalise.compute_h_poly.materialise_fixed_cosets.end" [3mrss_mb[0m[2m=[0m285 [3mhwm_mb[0m[2m=[0m285
[2m2026-09-15T06:59:00.569412Z[0m [32m INFO[0m [2mmidnight_bench[0m[2m:[0m [3mstage[0m[2m=[0m"finalise.compute_h_poly.materialise_perm_cosets.start" [3mrss_mb[0m[2m=[0m285 [3mhwm_mb[0m[2m=[0m285
[2m2026-09-15T06:59:00.585704Z[0m [32m INFO[0m [2mmidnight_bench[0m[2m:[0m [3mstage[0m[2m=[0m"finalise.compute_h_poly.materialise_perm_cosets.end" [3mrss_mb[0m[2m=[0m289 [3mhwm_mb[0m[2m=[0m289
[2m2026-09-15T06:59:00.714016Z[0m [32m INFO[0m [2mmidnight_bench[0m[2m:[0m [3mstage[0m[2m=[0m"finalise.compute_h_poly.drop_cosets.end" [3mrss_mb[0m[2m=[0m290 [3mhwm_mb[0m[2m=[0m290
[2m2026-09-15T06:59:00.714089Z[0m [32m INFO[0m [2mmidnight_bench[0m[2m:[0m [3mstage[0m[2m=[0m"finalise.compute_h_poly.end" [3mrss_mb[0m[2m=[0m290 [3mhwm_mb[0m[2m=[0m290
[2m2026-09-15T06:59:00.714111Z[0m [32m INFO[0m [2mmidnight_bench[0m[2m:[0m [3mstage[0m[2m=[0m"finalise.vanishing_construct.start" [3mrss_mb[0m[2m=[0m290 [3mhwm_mb[0m[2m=[0m290
[2m2026-09-15T06:59:00.798697Z[0m [32m INFO[0m [2mmidnight_bench[0m[2m:[0m [3mstage[0m[2m=[0m"finalise.vanishing_construct.end" [3mrss_mb[0m[2m=[0m290 [3mhwm_mb[0m[2m=[0m290
[2m2026-09-15T06:59:00.825505Z[0m [32m INFO[0m [2mmidnight_bench[0m[2m:[0m [3mstage[0m[2m=[0m"finalise.compute_queries.start" [3mrss_mb[0m[2m=[0m290 [3mhwm_mb[0m[2m=[0m290
[2m2026-09-15T06:59:00.825601Z[0m [32m INFO[0m [2mmidnight_bench[0m[2m:[0m [3mstage[0m[2m=[0m"finalise.multi_open.start" [3mrss_mb[0m[2m=[0m290 [3mhwm_mb[0m[2m=[0m290
[2m2026-09-15T06:59:00.914810Z[0m [32m INFO[0m [2mmidnight_bench[0m[2m:[0m [3mstage[0m[2m=[0m"finalise.multi_open.end" [3mrss_mb[0m[2m=[0m290 [3mhwm_mb[0m[2m=[0m290
[2m2026-09-15T06:59:00.915557Z[0m [32m INFO[0m [2mmidnight_bench[0m[2m:[0m [3mstage[0m[2m=[0m"create_proof.finalise_proof.end" [3mrss_mb[0m[2m=[0m268 [3mhwm_mb[0m[2m=[0m289
[2m2026-09-15T06:59:00.931876Z[0m [32m INFO[0m [2mactix_web::middleware::logger[0m[2m:[0m 192.168.65.1 POST /prove HTTP/1.1; took 0.684474s
[2m2026-09-15T06:59:00.933830Z[0m [32m INFO[0m [2mmidnight_proof_server::endpoints[0m[2m:[0m Starting to process request for /prove...
[2m2026-09-15T06:59:01.008816Z[0m [32m INFO[0m [2mmidnight_bench[0m[2m:[0m [3mstage[0m[2m=[0m"create_proof.compute_trace.start" [3mrss_mb[0m[2m=[0m273 [3mhwm_mb[0m[2m=[0m289
[2m2026-09-15T06:59:01.008844Z[0m [32m INFO[0m [2mmidnight_bench[0m[2m:[0m [3mstage[0m[2m=[0m"trace.compute_instances.start" [3mrss_mb[0m[2m=[0m273 [3mhwm_mb[0m[2m=[0m289
[2m2026-09-15T06:59:01.015059Z[0m [32m INFO[0m [2mmidnight_bench[0m[2m:[0m [3mstage[0m[2m=[0m"trace.compute_instances.end" [3mrss_mb[0m[2m=[0m273 [3mhwm_mb[0m[2m=[0m289
[2m2026-09-15T06:59:01.015078Z[0m [32m INFO[0m [2mmidnight_bench[0m[2m:[0m [3mstage[0m[2m=[0m"trace.parse_advices.start" [3mrss_mb[0m[2m=[0m273 [3mhwm_mb[0m[2m=[0m289
[2m2026-09-15T06:59:01.021204Z[0m [32m INFO[0m [2mmidnight_bench[0m[2m:[0m [3mstage[0m[2m=[0m"trace.parse_advices.end" [3mrss_mb[0m[2m=[0m278 [3mhwm_mb[0m[2m=[0m289
[2m2026-09-15T06:59:01.021224Z[0m [32m INFO[0m [2mmidnight_bench[0m[2m:[0m [3mstage[0m[2m=[0m"trace.lookups_permuted.start" [3mrss_mb[0m[2m=[0m278 [3mhwm_mb[0m[2m=[0m289
[2m2026-09-15T06:59:01.067560Z[0m [32m INFO[0m [2mmidnight_bench[0m[2m:[0m [3mstage[0m[2m=[0m"trace.lookups_permuted.end" [3mrss_mb[0m[2m=[0m283 [3mhwm_mb[0m[2m=[0m289
[2m2026-09-15T06:59:01.067592Z[0m [32m INFO[0m [2mmidnight_bench[0m[2m:[0m [3mstage[0m[2m=[0m"trace.permutations_commit.start" [3mrss_mb[0m[2m=[0m283 [3mhwm_mb[0m[2m=[0m289
[2m2026-09-15T06:59:01.136284Z[0m [32m INFO[0m [2mmidnight_bench[0m[2m:[0m [3mstage[0m[2m=[0m"trace.permutations_commit.end" [3mrss_mb[0m[2m=[0m291 [3mhwm_mb[0m[2m=[0m291
[2m2026-09-15T06:59:01.136309Z[0m [32m INFO[0m [2mmidnight_bench[0m[2m:[0m [3mstage[0m[2m=[0m"trace.lookups_product.start" [3mrss_mb[0m[2m=[0m291 [3mhwm_mb[0m[2m=[0m291
[2m2026-09-15T06:59:01.187243Z[0m [32m INFO[0m [2mmidnight_bench[0m[2m:[0m [3mstage[0m[2m=[0m"trace.lookups_product.end" [3mrss_mb[0m[2m=[0m291 [3mhwm_mb[0m[2m=[0m291
[2m2026-09-15T06:59:01.214025Z[0m [32m INFO[0m [2mmidnight_bench[0m[2m:[0m [3mstage[0m[2m=[0m"create_proof.compute_trace.end" [3mrss_mb[0m[2m=[0m291 [3mhwm_mb[0m[2m=[0m291
[2m2026-09-15T06:59:01.214055Z[0m [32m INFO[0m [2mmidnight_bench[0m[2m:[0m [3mstage[0m[2m=[0m"create_proof.finalise_proof.start" [3mrss_mb[0m[2m=[0m291 [3mhwm_mb[0m[2m=[0m291
[2m2026-09-15T06:59:01.214063Z[0m [32m INFO[0m [2mmidnight_bench[0m[2m:[0m [3mstage[0m[2m=[0m"finalise.compute_h_poly.start" [3mrss_mb[0m[2m=[0m291 [3mhwm_mb[0m[2m=[0m291
[2m2026-09-15T06:59:01.231333Z[0m [32m INFO[0m [2mmidnight_bench[0m[2m:[0m [3mstage[0m[2m=[0m"finalise.compute_h_poly.materialise_fixed_cosets.start" [3mrss_mb[0m[2m=[0m291 [3mhwm_mb[0m[2m=[0m291
[2m2026-09-15T06:59:01.256209Z[0m [32m INFO[0m [2mmidnight_bench[0m[2m:[0m [3mstage[0m[2m=[0m"finalise.compute_h_poly.materialise_fixed_cosets.end" [3mrss_mb[0m[2m=[0m291 [3mhwm_mb[0m[2m=[0m291
[2m2026-09-15T06:59:01.256228Z[0m [32m INFO[0m [2mmidnight_bench[0m[2m:[0m [3mstage[0m[2m=[0m"finalise.compute_h_poly.materialise_perm_cosets.start" [3mrss_mb[0m[2m=[0m291 [3mhwm_mb[0m[2m=[0m291
[2m2026-09-15T06:59:01.268822Z[0m [32m INFO[0m [2mmidnight_bench[0m[2m:[0m [3mstage[0m[2m=[0m"finalise.compute_h_poly.materialise_perm_cosets.end" [3mrss_mb[0m[2m=[0m292 [3mhwm_mb[0m[2m=[0m292
[2m2026-09-15T06:59:01.403763Z[0m [32m INFO[0m [2mmidnight_bench[0m[2m:[0m [3mstage[0m[2m=[0m"finalise.compute_h_poly.drop_cosets.end" [3mrss_mb[0m[2m=[0m292 [3mhwm_mb[0m[2m=[0m292
[2m2026-09-15T06:59:01.403801Z[0m [32m INFO[0m [2mmidnight_bench[0m[2m:[0m [3mstage[0m[2m=[0m"finalise.compute_h_poly.end" [3mrss_mb[0m[2m=[0m292 [3mhwm_mb[0m[2m=[0m292
[2m2026-09-15T06:59:01.403809Z[0m [32m INFO[0m [2mmidnight_bench[0m[2m:[0m [3mstage[0m[2m=[0m"finalise.vanishing_construct.start" [3mrss_mb[0m[2m=[0m292 [3mhwm_mb[0m[2m=[0m292
[2m2026-09-15T06:59:01.491501Z[0m [32m INFO[0m [2mmidnight_bench[0m[2m:[0m [3mstage[0m[2m=[0m"finalise.vanishing_construct.end" [3mrss_mb[0m[2m=[0m292 [3mhwm_mb[0m[2m=[0m292
[2m2026-09-15T06:59:01.519216Z[0m [32m INFO[0m [2mmidnight_bench[0m[2m:[0m [3mstage[0m[2m=[0m"finalise.compute_queries.start" [3mrss_mb[0m[2m=[0m292 [3mhwm_mb[0m[2m=[0m292
[2m2026-09-15T06:59:01.519311Z[0m [32m INFO[0m [2mmidnight_bench[0m[2m:[0m [3mstage[0m[2m=[0m"finalise.multi_open.start" [3mrss_mb[0m[2m=[0m292 [3mhwm_mb[0m[2m=[0m292
[2m2026-09-15T06:59:01.673179Z[0m [32m INFO[0m [2mmidnight_bench[0m[2m:[0m [3mstage[0m[2m=[0m"finalise.multi_open.end" [3mrss_mb[0m[2m=[0m292 [3mhwm_mb[0m[2m=[0m292
[2m2026-09-15T06:59:01.674045Z[0m [32m INFO[0m [2mmidnight_bench[0m[2m:[0m [3mstage[0m[2m=[0m"create_proof.finalise_proof.end" [3mrss_mb[0m[2m=[0m270 [3mhwm_mb[0m[2m=[0m291
[2m2026-09-15T06:59:01.691607Z[0m [32m INFO[0m [2mactix_web::middleware::logger[0m[2m:[0m 192.168.65.1 POST /prove HTTP/1.1; took 0.757793s
[2m2026-09-15T06:59:01.692902Z[0m [32m INFO[0m [2mmidnight_proof_server::endpoints[0m[2m:[0m Starting to process request for /prove...
[2m2026-09-15T06:59:01.769895Z[0m [32m INFO[0m [2mmidnight_bench[0m[2m:[0m [3mstage[0m[2m=[0m"create_proof.compute_trace.start" [3mrss_mb[0m[2m=[0m271 [3mhwm_mb[0m[2m=[0m291
[2m2026-09-15T06:59:01.769930Z[0m [32m INFO[0m [2mmidnight_bench[0m[2m:[0m [3mstage[0m[2m=[0m"trace.compute_instances.start" [3mrss_mb[0m[2m=[0m271 [3mhwm_mb[0m[2m=[0m291
[2m2026-09-15T06:59:01.775125Z[0m [32m INFO[0m [2mmidnight_bench[0m[2m:[0m [3mstage[0m[2m=[0m"trace.compute_instances.end" [3mrss_mb[0m[2m=[0m271 [3mhwm_mb[0m[2m=[0m291
[2m2026-09-15T06:59:01.775145Z[0m [32m INFO[0m [2mmidnight_bench[0m[2m:[0m [3mstage[0m[2m=[0m"trace.parse_advices.start" [3mrss_mb[0m[2m=[0m271 [3mhwm_mb[0m[2m=[0m291
[2m2026-09-15T06:59:01.780834Z[0m [32m INFO[0m [2mmidnight_bench[0m[2m:[0m [3mstage[0m[2m=[0m"trace.parse_advices.end" [3mrss_mb[0m[2m=[0m276 [3mhwm_mb[0m[2m=[0m291
[2m2026-09-15T06:59:01.780857Z[0m [32m INFO[0m [2mmidnight_bench[0m[2m:[0m [3mstage[0m[2m=[0m"trace.lookups_permuted.start" [3mrss_mb[0m[2m=[0m276 [3mhwm_mb[0m[2m=[0m291
[2m2026-09-15T06:59:01.825806Z[0m [32m INFO[0m [2mmidnight_bench[0m[2m:[0m [3mstage[0m[2m=[0m"trace.lookups_permuted.end" [3mrss_mb[0m[2m=[0m282 [3mhwm_mb[0m[2m=[0m291
[2m2026-09-15T06:59:01.825837Z[0m [32m INFO[0m [2mmidnight_bench[0m[2m:[0m [3mstage[0m[2m=[0m"trace.permutations_commit.start" [3mrss_mb[0m[2m=[0m282 [3mhwm_mb[0m[2m=[0m291
[2m2026-09-15T06:59:01.893315Z[0m [32m INFO[0m [2mmidnight_bench[0m[2m:[0m [3mstage[0m[2m=[0m"trace.permutations_commit.end" [3mrss_mb[0m[2m=[0m289 [3mhwm_mb[0m[2m=[0m291
[2m2026-09-15T06:59:01.893340Z[0m [32m INFO[0m [2mmidnight_bench[0m[2m:[0m [3mstage[0m[2m=[0m"trace.lookups_product.start" [3mrss_mb[0m[2m=[0m289 [3mhwm_mb[0m[2m=[0m291
[2m2026-09-15T06:59:01.943592Z[0m [32m INFO[0m [2mmidnight_bench[0m[2m:[0m [3mstage[0m[2m=[0m"trace.lookups_product.end" [3mrss_mb[0m[2m=[0m289 [3mhwm_mb[0m[2m=[0m291
[2m2026-09-15T06:59:01.968327Z[0m [32m INFO[0m [2mmidnight_bench[0m[2m:[0m [3mstage[0m[2m=[0m"create_proof.compute_trace.end" [3mrss_mb[0m[2m=[0m289 [3mhwm_mb[0m[2m=[0m291
[2m2026-09-15T06:59:01.968357Z[0m [32m INFO[0m [2mmidnight_bench[0m[2m:[0m [3mstage[0m[2m=[0m"create_proof.finalise_proof.start" [3mrss_mb[0m[2m=[0m289 [3mhwm_mb[0m[2m=[0m291
[2m2026-09-15T06:59:01.968365Z[0m [32m INFO[0m [2mmidnight_bench[0m[2m:[0m [3mstage[0m[2m=[0m"finalise.compute_h_poly.start" [3mrss_mb[0m[2m=[0m289 [3mhwm_mb[0m[2m=[0m291
[2m2026-09-15T06:59:01.985983Z[0m [32m INFO[0m [2mmidnight_bench[0m[2m:[0m [3mstage[0m[2m=[0m"finalise.compute_h_poly.materialise_fixed_cosets.start" [3mrss_mb[0m[2m=[0m289 [3mhwm_mb[0m[2m=[0m291
[2m2026-09-15T06:59:02.018323Z[0m [32m INFO[0m [2mmidnight_bench[0m[2m:[0m [3mstage[0m[2m=[0m"finalise.compute_h_poly.materialise_fixed_cosets.end" [3mrss_mb[0m[2m=[0m290 [3mhwm_mb[0m[2m=[0m291
[2m2026-09-15T06:59:02.018348Z[0m [32m INFO[0m [2mmidnight_bench[0m[2m:[0m [3mstage[0m[2m=[0m"finalise.compute_h_poly.materialise_perm_cosets.start" [3mrss_mb[0m[2m=[0m290 [3mhwm_mb[0m[2m=[0m291
[2m2026-09-15T06:59:02.031726Z[0m [32m INFO[0m [2mmidnight_bench[0m[2m:[0m [3mstage[0m[2m=[0m"finalise.compute_h_poly.materialise_perm_cosets.end" [3mrss_mb[0m[2m=[0m292 [3mhwm_mb[0m[2m=[0m292
[2m2026-09-15T06:59:02.217757Z[0m [32m INFO[0m [2mmidnight_bench[0m[2m:[0m [3mstage[0m[2m=[0m"finalise.compute_h_poly.drop_cosets.end" [3mrss_mb[0m[2m=[0m292 [3mhwm_mb[0m[2m=[0m292
[2m2026-09-15T06:59:02.217791Z[0m [32m INFO[0m [2mmidnight_bench[0m[2m:[0m [3mstage[0m[2m=[0m"finalise.compute_h_poly.end" [3mrss_mb[0m[2m=[0m292 [3mhwm_mb[0m[2m=[0m292
[2m2026-09-15T06:59:02.217836Z[0m [32m INFO[0m [2mmidnight_bench[0m[2m:[0m [3mstage[0m[2m=[0m"finalise.vanishing_construct.start" [3mrss_mb[0m[2m=[0m292 [3mhwm_mb[0m[2m=[0m292
[2m2026-09-15T06:59:02.360840Z[0m [32m INFO[0m [2mmidnight_bench[0m[2m:[0m [3mstage[0m[2m=[0m"finalise.vanishing_construct.end" [3mrss_mb[0m[2m=[0m292 [3mhwm_mb[0m[2m=[0m292
[2m2026-09-15T06:59:02.393179Z[0m [32m INFO[0m [2mmidnight_bench[0m[2m:[0m [3mstage[0m[2m=[0m"finalise.compute_queries.start" [3mrss_mb[0m[2m=[0m292 [3mhwm_mb[0m[2m=[0m292
[2m2026-09-15T06:59:02.393268Z[0m [32m INFO[0m [2mmidnight_bench[0m[2m:[0m [3mstage[0m[2m=[0m"finalise.multi_open.start" [3mrss_mb[0m[2m=[0m292 [3mhwm_mb[0m[2m=[0m292
[2m2026-09-15T06:59:02.487442Z[0m [32m INFO[0m [2mmidnight_bench[0m[2m:[0m [3mstage[0m[2m=[0m"finalise.multi_open.end" [3mrss_mb[0m[2m=[0m292 [3mhwm_mb[0m[2m=[0m292
[2m2026-09-15T06:59:02.488227Z[0m [32m INFO[0m [2mmidnight_bench[0m[2m:[0m [3mstage[0m[2m=[0m"create_proof.finalise_proof.end" [3mrss_mb[0m[2m=[0m270 [3mhwm_mb[0m[2m=[0m291
[2m2026-09-15T06:59:02.504004Z[0m [32m INFO[0m [2mactix_web::middleware::logger[0m[2m:[0m 192.168.65.1 POST /prove HTTP/1.1; took 0.811123s
[2m2026-09-15T06:59:02.506342Z[0m [32m INFO[0m [2mmidnight_proof_server::endpoints[0m[2m:[0m Starting to process request for /prove...
[2m2026-09-15T06:59:02.577125Z[0m [32m INFO[0m [2mmidnight_bench[0m[2m:[0m [3mstage[0m[2m=[0m"create_proof.compute_trace.start" [3mrss_mb[0m[2m=[0m287 [3mhwm_mb[0m[2m=[0m291
[2m2026-09-15T06:59:02.577159Z[0m [32m INFO[0m [2mmidnight_bench[0m[2m:[0m [3mstage[0m[2m=[0m"trace.compute_instances.start" [3mrss_mb[0m[2m=[0m287 [3mhwm_mb[0m[2m=[0m291
[2m2026-09-15T06:59:02.583890Z[0m [32m INFO[0m [2mmidnight_bench[0m[2m:[0m [3mstage[0m[2m=[0m"trace.compute_instances.end" [3mrss_mb[0m[2m=[0m287 [3mhwm_mb[0m[2m=[0m291
[2m2026-09-15T06:59:02.583911Z[0m [32m INFO[0m [2mmidnight_bench[0m[2m:[0m [3mstage[0m[2m=[0m"trace.parse_advices.start" [3mrss_mb[0m[2m=[0m287 [3mhwm_mb[0m[2m=[0m291
[2m2026-09-15T06:59:02.590128Z[0m [32m INFO[0m [2mmidnight_bench[0m[2m:[0m [3mstage[0m[2m=[0m"trace.parse_advices.end" [3mrss_mb[0m[2m=[0m291 [3mhwm_mb[0m[2m=[0m291
[2m2026-09-15T06:59:02.590152Z[0m [32m INFO[0m [2mmidnight_bench[0m[2m:[0m [3mstage[0m[2m=[0m"trace.lookups_permuted.start" [3mrss_mb[0m[2m=[0m291 [3mhwm_mb[0m[2m=[0m291
[2m2026-09-15T06:59:02.633620Z[0m [32m INFO[0m [2mmidnight_bench[0m[2m:[0m [3mstage[0m[2m=[0m"trace.lookups_permuted.end" [3mrss_mb[0m[2m=[0m297 [3mhwm_mb[0m[2m=[0m297
[2m2026-09-15T06:59:02.633645Z[0m [32m INFO[0m [2mmidnight_bench[0m[2m:[0m [3mstage[0m[2m=[0m"trace.permutations_commit.start" [3mrss_mb[0m[2m=[0m297 [3mhwm_mb[0m[2m=[0m297
[2m2026-09-15T06:59:02.700104Z[0m [32m INFO[0m [2mmidnight_bench[0m[2m:[0m [3mstage[0m[2m=[0m"trace.permutations_commit.end" [3mrss_mb[0m[2m=[0m304 [3mhwm_mb[0m[2m=[0m304
[2m2026-09-15T06:59:02.700131Z[0m [32m INFO[0m [2mmidnight_bench[0m[2m:[0m [3mstage[0m[2m=[0m"trace.lookups_product.start" [3mrss_mb[0m[2m=[0m304 [3mhwm_mb[0m[2m=[0m304
[2m2026-09-15T06:59:02.751166Z[0m [32m INFO[0m [2mmidnight_bench[0m[2m:[0m [3mstage[0m[2m=[0m"trace.lookups_product.end" [3mrss_mb[0m[2m=[0m305 [3mhwm_mb[0m[2m=[0m305
[2m2026-09-15T06:59:02.776161Z[0m [32m INFO[0m [2mmidnight_bench[0m[2m:[0m [3mstage[0m[2m=[0m"create_proof.compute_trace.end" [3mrss_mb[0m[2m=[0m305 [3mhwm_mb[0m[2m=[0m305
[2m2026-09-15T06:59:02.776185Z[0m [32m INFO[0m [2mmidnight_bench[0m[2m:[0m [3mstage[0m[2m=[0m"create_proof.finalise_proof.start" [3mrss_mb[0m[2m=[0m305 [3mhwm_mb[0m[2m=[0m305
[2m2026-09-15T06:59:02.776194Z[0m [32m INFO[0m [2mmidnight_bench[0m[2m:[0m [3mstage[0m[2m=[0m"finalise.compute_h_poly.start" [3mrss_mb[0m[2m=[0m305 [3mhwm_mb[0m[2m=[0m305
[2m2026-09-15T06:59:02.791010Z[0m [32m INFO[0m [2mmidnight_bench[0m[2m:[0m [3mstage[0m[2m=[0m"finalise.compute_h_poly.materialise_fixed_cosets.start" [3mrss_mb[0m[2m=[0m305 [3mhwm_mb[0m[2m=[0m305
[2m2026-09-15T06:59:02.821437Z[0m [32m INFO[0m [2mmidnight_bench[0m[2m:[0m [3mstage[0m[2m=[0m"finalise.compute_h_poly.materialise_fixed_cosets.end" [3mrss_mb[0m[2m=[0m306 [3mhwm_mb[0m[2m=[0m306
[2m2026-09-15T06:59:02.821462Z[0m [32m INFO[0m [2mmidnight_bench[0m[2m:[0m [3mstage[0m[2m=[0m"finalise.compute_h_poly.materialise_perm_cosets.start" [3mrss_mb[0m[2m=[0m306 [3mhwm_mb[0m[2m=[0m306
[2m2026-09-15T06:59:02.838232Z[0m [32m INFO[0m [2mmidnight_bench[0m[2m:[0m [3mstage[0m[2m=[0m"finalise.compute_h_poly.materialise_perm_cosets.end" [3mrss_mb[0m[2m=[0m310 [3mhwm_mb[0m[2m=[0m310
[2m2026-09-15T06:59:02.959653Z[0m [32m INFO[0m [2mmidnight_bench[0m[2m:[0m [3mstage[0m[2m=[0m"finalise.compute_h_poly.drop_cosets.end" [3mrss_mb[0m[2m=[0m310 [3mhwm_mb[0m[2m=[0m310
[2m2026-09-15T06:59:02.959679Z[0m [32m INFO[0m [2mmidnight_bench[0m[2m:[0m [3mstage[0m[2m=[0m"finalise.compute_h_poly.end" [3mrss_mb[0m[2m=[0m310 [3mhwm_mb[0m[2m=[0m310
[2m2026-09-15T06:59:02.959687Z[0m [32m INFO[0m [2mmidnight_bench[0m[2m:[0m [3mstage[0m[2m=[0m"finalise.vanishing_construct.start" [3mrss_mb[0m[2m=[0m310 [3mhwm_mb[0m[2m=[0m310
[2m2026-09-15T06:59:03.056762Z[0m [32m INFO[0m [2mmidnight_bench[0m[2m:[0m [3mstage[0m[2m=[0m"finalise.vanishing_construct.end" [3mrss_mb[0m[2m=[0m310 [3mhwm_mb[0m[2m=[0m310
[2m2026-09-15T06:59:03.082894Z[0m [32m INFO[0m [2mmidnight_bench[0m[2m:[0m [3mstage[0m[2m=[0m"finalise.compute_queries.start" [3mrss_mb[0m[2m=[0m310 [3mhwm_mb[0m[2m=[0m310
[2m2026-09-15T06:59:03.082988Z[0m [32m INFO[0m [2mmidnight_bench[0m[2m:[0m [3mstage[0m[2m=[0m"finalise.multi_open.start" [3mrss_mb[0m[2m=[0m310 [3mhwm_mb[0m[2m=[0m310
[2m2026-09-15T06:59:03.171101Z[0m [32m INFO[0m [2mmidnight_bench[0m[2m:[0m [3mstage[0m[2m=[0m"finalise.multi_open.end" [3mrss_mb[0m[2m=[0m310 [3mhwm_mb[0m[2m=[0m310
[2m2026-09-15T06:59:03.171807Z[0m [32m INFO[0m [2mmidnight_bench[0m[2m:[0m [3mstage[0m[2m=[0m"create_proof.finalise_proof.end" [3mrss_mb[0m[2m=[0m288 [3mhwm_mb[0m[2m=[0m309
[2m2026-09-15T06:59:03.187206Z[0m [32m INFO[0m [2mactix_web::middleware::logger[0m[2m:[0m 192.168.65.1 POST /prove HTTP/1.1; took 0.680880s
[2m2026-09-15T06:59:03.189334Z[0m [32m INFO[0m [2mmidnight_proof_server::endpoints[0m[2m:[0m Starting to process request for /prove...
[2m2026-09-15T06:59:03.263631Z[0m [32m INFO[0m [2mmidnight_bench[0m[2m:[0m [3mstage[0m[2m=[0m"create_proof.compute_trace.start" [3mrss_mb[0m[2m=[0m304 [3mhwm_mb[0m[2m=[0m309
[2m2026-09-15T06:59:03.263661Z[0m [32m INFO[0m [2mmidnight_bench[0m[2m:[0m [3mstage[0m[2m=[0m"trace.compute_instances.start" [3mrss_mb[0m[2m=[0m304 [3mhwm_mb[0m[2m=[0m309
[2m2026-09-15T06:59:03.269796Z[0m [32m INFO[0m [2mmidnight_bench[0m[2m:[0m [3mstage[0m[2m=[0m"trace.compute_instances.end" [3mrss_mb[0m[2m=[0m304 [3mhwm_mb[0m[2m=[0m309
[2m2026-09-15T06:59:03.269817Z[0m [32m INFO[0m [2mmidnight_bench[0m[2m:[0m [3mstage[0m[2m=[0m"trace.parse_advices.start" [3mrss_mb[0m[2m=[0m304 [3mhwm_mb[0m[2m=[0m309
[2m2026-09-15T06:59:03.275570Z[0m [32m INFO[0m [2mmidnight_bench[0m[2m:[0m [3mstage[0m[2m=[0m"trace.parse_advices.end" [3mrss_mb[0m[2m=[0m308 [3mhwm_mb[0m[2m=[0m309
[2m2026-09-15T06:59:03.275593Z[0m [32m INFO[0m [2mmidnight_bench[0m[2m:[0m [3mstage[0m[2m=[0m"trace.lookups_permuted.start" [3mrss_mb[0m[2m=[0m308 [3mhwm_mb[0m[2m=[0m309
[2m2026-09-15T06:59:03.322147Z[0m [32m INFO[0m [2mmidnight_bench[0m[2m:[0m [3mstage[0m[2m=[0m"trace.lookups_permuted.end" [3mrss_mb[0m[2m=[0m314 [3mhwm_mb[0m[2m=[0m314
[2m2026-09-15T06:59:03.322177Z[0m [32m INFO[0m [2mmidnight_bench[0m[2m:[0m [3mstage[0m[2m=[0m"trace.permutations_commit.start" [3mrss_mb[0m[2m=[0m314 [3mhwm_mb[0m[2m=[0m314
[2m2026-09-15T06:59:03.389802Z[0m [32m INFO[0m [2mmidnight_bench[0m[2m:[0m [3mstage[0m[2m=[0m"trace.permutations_commit.end" [3mrss_mb[0m[2m=[0m321 [3mhwm_mb[0m[2m=[0m321
[2m2026-09-15T06:59:03.389827Z[0m [32m INFO[0m [2mmidnight_bench[0m[2m:[0m [3mstage[0m[2m=[0m"trace.lookups_product.start" [3mrss_mb[0m[2m=[0m321 [3mhwm_mb[0m[2m=[0m321
[2m2026-09-15T06:59:03.440761Z[0m [32m INFO[0m [2mmidnight_bench[0m[2m:[0m [3mstage[0m[2m=[0m"trace.lookups_product.end" [3mrss_mb[0m[2m=[0m321 [3mhwm_mb[0m[2m=[0m321
[2m2026-09-15T06:59:03.465066Z[0m [32m INFO[0m [2mmidnight_bench[0m[2m:[0m [3mstage[0m[2m=[0m"create_proof.compute_trace.end" [3mrss_mb[0m[2m=[0m322 [3mhwm_mb[0m[2m=[0m322
[2m2026-09-15T06:59:03.465092Z[0m [32m INFO[0m [2mmidnight_bench[0m[2m:[0m [3mstage[0m[2m=[0m"create_proof.finalise_proof.start" [3mrss_mb[0m[2m=[0m322 [3mhwm_mb[0m[2m=[0m322
[2m2026-09-15T06:59:03.465101Z[0m [32m INFO[0m [2mmidnight_bench[0m[2m:[0m [3mstage[0m[2m=[0m"finalise.compute_h_poly.start" [3mrss_mb[0m[2m=[0m322 [3mhwm_mb[0m[2m=[0m322
[2m2026-09-15T06:59:03.481349Z[0m [32m INFO[0m [2mmidnight_bench[0m[2m:[0m [3mstage[0m[2m=[0m"finalise.compute_h_poly.materialise_fixed_cosets.start" [3mrss_mb[0m[2m=[0m322 [3mhwm_mb[0m[2m=[0m322
[2m2026-09-15T06:59:03.508720Z[0m [32m INFO[0m [2mmidnight_bench[0m[2m:[0m [3mstage[0m[2m=[0m"finalise.compute_h_poly.materialise_fixed_cosets.end" [3mrss_mb[0m[2m=[0m322 [3mhwm_mb[0m[2m=[0m322
[2m2026-09-15T06:59:03.508743Z[0m [32m INFO[0m [2mmidnight_bench[0m[2m:[0m [3mstage[0m[2m=[0m"finalise.compute_h_poly.materialise_perm_cosets.start" [3mrss_mb[0m[2m=[0m322 [3mhwm_mb[0m[2m=[0m322
[2m2026-09-15T06:59:03.522035Z[0m [32m INFO[0m [2mmidnight_bench[0m[2m:[0m [3mstage[0m[2m=[0m"finalise.compute_h_poly.materialise_perm_cosets.end" [3mrss_mb[0m[2m=[0m322 [3mhwm_mb[0m[2m=[0m322
[2m2026-09-15T06:59:03.646218Z[0m [32m INFO[0m [2mmidnight_bench[0m[2m:[0m [3mstage[0m[2m=[0m"finalise.compute_h_poly.drop_cosets.end" [3mrss_mb[0m[2m=[0m322 [3mhwm_mb[0m[2m=[0m322
[2m2026-09-15T06:59:03.646247Z[0m [32m INFO[0m [2mmidnight_bench[0m[2m:[0m [3mstage[0m[2m=[0m"finalise.compute_h_poly.end" [3mrss_mb[0m[2m=[0m322 [3mhwm_mb[0m[2m=[0m322
[2m2026-09-15T06:59:03.646255Z[0m [32m INFO[0m [2mmidnight_bench[0m[2m:[0m [3mstage[0m[2m=[0m"finalise.vanishing_construct.start" [3mrss_mb[0m[2m=[0m322 [3mhwm_mb[0m[2m=[0m322
[2m2026-09-15T06:59:03.733064Z[0m [32m INFO[0m [2mmidnight_bench[0m[2m:[0m [3mstage[0m[2m=[0m"finalise.vanishing_construct.end" [3mrss_mb[0m[2m=[0m322 [3mhwm_mb[0m[2m=[0m322
[2m2026-09-15T06:59:03.760418Z[0m [32m INFO[0m [2mmidnight_bench[0m[2m:[0m [3mstage[0m[2m=[0m"finalise.compute_queries.start" [3mrss_mb[0m[2m=[0m322 [3mhwm_mb[0m[2m=[0m322
[2m2026-09-15T06:59:03.760512Z[0m [32m INFO[0m [2mmidnight_bench[0m[2m:[0m [3mstage[0m[2m=[0m"finalise.multi_open.start" [3mrss_mb[0m[2m=[0m322 [3mhwm_mb[0m[2m=[0m322
[2m2026-09-15T06:59:03.850579Z[0m [32m INFO[0m [2mmidnight_bench[0m[2m:[0m [3mstage[0m[2m=[0m"finalise.multi_open.end" [3mrss_mb[0m[2m=[0m322 [3mhwm_mb[0m[2m=[0m322
[2m2026-09-15T06:59:03.851301Z[0m [32m INFO[0m [2mmidnight_bench[0m[2m:[0m [3mstage[0m[2m=[0m"create_proof.finalise_proof.end" [3mrss_mb[0m[2m=[0m300 [3mhwm_mb[0m[2m=[0m321
[2m2026-09-15T06:59:03.866528Z[0m [32m INFO[0m [2mactix_web::middleware::logger[0m[2m:[0m 192.168.65.1 POST /prove HTTP/1.1; took 0.677210s
[2m2026-09-15T06:59:03.868060Z[0m [32m INFO[0m [2mmidnight_proof_server::endpoints[0m[2m:[0m Starting to process request for /prove...
[2m2026-09-15T06:59:03.938329Z[0m [32m INFO[0m [2mmidnight_bench[0m[2m:[0m [3mstage[0m[2m=[0m"create_proof.compute_trace.start" [3mrss_mb[0m[2m=[0m318 [3mhwm_mb[0m[2m=[0m321
[2m2026-09-15T06:59:03.938357Z[0m [32m INFO[0m [2mmidnight_bench[0m[2m:[0m [3mstage[0m[2m=[0m"trace.compute_instances.start" [3mrss_mb[0m[2m=[0m318 [3mhwm_mb[0m[2m=[0m321
[2m2026-09-15T06:59:03.944056Z[0m [32m INFO[0m [2mmidnight_bench[0m[2m:[0m [3mstage[0m[2m=[0m"trace.compute_instances.end" [3mrss_mb[0m[2m=[0m318 [3mhwm_mb[0m[2m=[0m321
[2m2026-09-15T06:59:03.944075Z[0m [32m INFO[0m [2mmidnight_bench[0m[2m:[0m [3mstage[0m[2m=[0m"trace.parse_advices.start" [3mrss_mb[0m[2m=[0m318 [3mhwm_mb[0m[2m=[0m321
[2m2026-09-15T06:59:03.949872Z[0m [32m INFO[0m [2mmidnight_bench[0m[2m:[0m [3mstage[0m[2m=[0m"trace.parse_advices.end" [3mrss_mb[0m[2m=[0m322 [3mhwm_mb[0m[2m=[0m322
[2m2026-09-15T06:59:03.949897Z[0m [32m INFO[0m [2mmidnight_bench[0m[2m:[0m [3mstage[0m[2m=[0m"trace.lookups_permuted.start" [3mrss_mb[0m[2m=[0m322 [3mhwm_mb[0m[2m=[0m322
[2m2026-09-15T06:59:03.996906Z[0m [32m INFO[0m [2mmidnight_bench[0m[2m:[0m [3mstage[0m[2m=[0m"trace.lookups_permuted.end" [3mrss_mb[0m[2m=[0m328 [3mhwm_mb[0m[2m=[0m328
[2m2026-09-15T06:59:03.996933Z[0m [32m INFO[0m [2mmidnight_bench[0m[2m:[0m [3mstage[0m[2m=[0m"trace.permutations_commit.start" [3mrss_mb[0m[2m=[0m328 [3mhwm_mb[0m[2m=[0m328
[2m2026-09-15T06:59:04.064824Z[0m [32m INFO[0m [2mmidnight_bench[0m[2m:[0m [3mstage[0m[2m=[0m"trace.permutations_commit.end" [3mrss_mb[0m[2m=[0m335 [3mhwm_mb[0m[2m=[0m335
[2m2026-09-15T06:59:04.064848Z[0m [32m INFO[0m [2mmidnight_bench[0m[2m:[0m [3mstage[0m[2m=[0m"trace.lookups_product.start" [3mrss_mb[0m[2m=[0m335 [3mhwm_mb[0m[2m=[0m335
[2m2026-09-15T06:59:04.116554Z[0m [32m INFO[0m [2mmidnight_bench[0m[2m:[0m [3mstage[0m[2m=[0m"trace.lookups_product.end" [3mrss_mb[0m[2m=[0m335 [3mhwm_mb[0m[2m=[0m335
[2m2026-09-15T06:59:04.139309Z[0m [32m INFO[0m [2mmidnight_bench[0m[2m:[0m [3mstage[0m[2m=[0m"create_proof.compute_trace.end" [3mrss_mb[0m[2m=[0m336 [3mhwm_mb[0m[2m=[0m336
[2m2026-09-15T06:59:04.139328Z[0m [32m INFO[0m [2mmidnight_bench[0m[2m:[0m [3mstage[0m[2m=[0m"create_proof.finalise_proof.start" [3mrss_mb[0m[2m=[0m336 [3mhwm_mb[0m[2m=[0m336
[2m2026-09-15T06:59:04.139335Z[0m [32m INFO[0m [2mmidnight_bench[0m[2m:[0m [3mstage[0m[2m=[0m"finalise.compute_h_poly.start" [3mrss_mb[0m[2m=[0m336 [3mhwm_mb[0m[2m=[0m336
[2m2026-09-15T06:59:04.155696Z[0m [32m INFO[0m [2mmidnight_bench[0m[2m:[0m [3mstage[0m[2m=[0m"finalise.compute_h_poly.materialise_fixed_cosets.start" [3mrss_mb[0m[2m=[0m336 [3mhwm_mb[0m[2m=[0m336
[2m2026-09-15T06:59:04.183875Z[0m [32m INFO[0m [2mmidnight_bench[0m[2m:[0m [3mstage[0m[2m=[0m"finalise.compute_h_poly.materialise_fixed_cosets.end" [3mrss_mb[0m[2m=[0m336 [3mhwm_mb[0m[2m=[0m336
[2m2026-09-15T06:59:04.183904Z[0m [32m INFO[0m [2mmidnight_bench[0m[2m:[0m [3mstage[0m[2m=[0m"finalise.compute_h_poly.materialise_perm_cosets.start" [3mrss_mb[0m[2m=[0m336 [3mhwm_mb[0m[2m=[0m336
[2m2026-09-15T06:59:04.196562Z[0m [32m INFO[0m [2mmidnight_bench[0m[2m:[0m [3mstage[0m[2m=[0m"finalise.compute_h_poly.materialise_perm_cosets.end" [3mrss_mb[0m[2m=[0m336 [3mhwm_mb[0m[2m=[0m336
[2m2026-09-15T06:59:04.317472Z[0m [32m INFO[0m [2mmidnight_bench[0m[2m:[0m [3mstage[0m[2m=[0m"finalise.compute_h_poly.drop_cosets.end" [3mrss_mb[0m[2m=[0m336 [3mhwm_mb[0m[2m=[0m336
[2m2026-09-15T06:59:04.317504Z[0m [32m INFO[0m [2mmidnight_bench[0m[2m:[0m [3mstage[0m[2m=[0m"finalise.compute_h_poly.end" [3mrss_mb[0m[2m=[0m336 [3mhwm_mb[0m[2m=[0m336
[2m2026-09-15T06:59:04.317511Z[0m [32m INFO[0m [2mmidnight_bench[0m[2m:[0m [3mstage[0m[2m=[0m"finalise.vanishing_construct.start" [3mrss_mb[0m[2m=[0m336 [3mhwm_mb[0m[2m=[0m336
[2m2026-09-15T06:59:04.408172Z[0m [32m INFO[0m [2mmidnight_bench[0m[2m:[0m [3mstage[0m[2m=[0m"finalise.vanishing_construct.end" [3mrss_mb[0m[2m=[0m336 [3mhwm_mb[0m[2m=[0m336
[2m2026-09-15T06:59:04.437873Z[0m [32m INFO[0m [2mmidnight_bench[0m[2m:[0m [3mstage[0m[2m=[0m"finalise.compute_queries.start" [3mrss_mb[0m[2m=[0m336 [3mhwm_mb[0m[2m=[0m336
[2m2026-09-15T06:59:04.437969Z[0m [32m INFO[0m [2mmidnight_bench[0m[2m:[0m [3mstage[0m[2m=[0m"finalise.multi_open.start" [3mrss_mb[0m[2m=[0m336 [3mhwm_mb[0m[2m=[0m336
[2m2026-09-15T06:59:04.528090Z[0m [32m INFO[0m [2mmidnight_bench[0m[2m:[0m [3mstage[0m[2m=[0m"finalise.multi_open.end" [3mrss_mb[0m[2m=[0m336 [3mhwm_mb[0m[2m=[0m336
[2m2026-09-15T06:59:04.528774Z[0m [32m INFO[0m [2mmidnight_bench[0m[2m:[0m [3mstage[0m[2m=[0m"create_proof.finalise_proof.end" [3mrss_mb[0m[2m=[0m314 [3mhwm_mb[0m[2m=[0m335
[2m2026-09-15T06:59:04.553669Z[0m [32m INFO[0m [2mactix_web::middleware::logger[0m[2m:[0m 192.168.65.1 POST /prove HTTP/1.1; took 0.685626s
[2m2026-09-15T06:59:04.557020Z[0m [32m INFO[0m [2mmidnight_proof_server::endpoints[0m[2m:[0m Starting to process request for /prove...
[2m2026-09-15T06:59:04.631264Z[0m [32m INFO[0m [2mmidnight_bench[0m[2m:[0m [3mstage[0m[2m=[0m"create_proof.compute_trace.start" [3mrss_mb[0m[2m=[0m307 [3mhwm_mb[0m[2m=[0m335
[2m2026-09-15T06:59:04.631297Z[0m [32m INFO[0m [2mmidnight_bench[0m[2m:[0m [3mstage[0m[2m=[0m"trace.compute_instances.start" [3mrss_mb[0m[2m=[0m307 [3mhwm_mb[0m[2m=[0m335
[2m2026-09-15T06:59:04.636663Z[0m [32m INFO[0m [2mmidnight_bench[0m[2m:[0m [3mstage[0m[2m=[0m"trace.compute_instances.end" [3mrss_mb[0m[2m=[0m307 [3mhwm_mb[0m[2m=[0m335
[2m2026-09-15T06:59:04.636683Z[0m [32m INFO[0m [2mmidnight_bench[0m[2m:[0m [3mstage[0m[2m=[0m"trace.parse_advices.start" [3mrss_mb[0m[2m=[0m307 [3mhwm_mb[0m[2m=[0m335
[2m2026-09-15T06:59:04.642211Z[0m [32m INFO[0m [2mmidnight_bench[0m[2m:[0m [3mstage[0m[2m=[0m"trace.parse_advices.end" [3mrss_mb[0m[2m=[0m312 [3mhwm_mb[0m[2m=[0m335
[2m2026-09-15T06:59:04.642239Z[0m [32m INFO[0m [2mmidnight_bench[0m[2m:[0m [3mstage[0m[2m=[0m"trace.lookups_permuted.start" [3mrss_mb[0m[2m=[0m312 [3mhwm_mb[0m[2m=[0m335
[2m2026-09-15T06:59:04.687359Z[0m [32m INFO[0m [2mmidnight_bench[0m[2m:[0m [3mstage[0m[2m=[0m"trace.lookups_permuted.end" [3mrss_mb[0m[2m=[0m317 [3mhwm_mb[0m[2m=[0m335
[2m2026-09-15T06:59:04.687397Z[0m [32m INFO[0m [2mmidnight_bench[0m[2m:[0m [3mstage[0m[2m=[0m"trace.permutations_commit.start" [3mrss_mb[0m[2m=[0m317 [3mhwm_mb[0m[2m=[0m335
[2m2026-09-15T06:59:04.757014Z[0m [32m INFO[0m [2mmidnight_bench[0m[2m:[0m [3mstage[0m[2m=[0m"trace.permutations_commit.end" [3mrss_mb[0m[2m=[0m325 [3mhwm_mb[0m[2m=[0m335
[2m2026-09-15T06:59:04.757039Z[0m [32m INFO[0m [2mmidnight_bench[0m[2m:[0m [3mstage[0m[2m=[0m"trace.lookups_product.start" [3mrss_mb[0m[2m=[0m325 [3mhwm_mb[0m[2m=[0m335
[2m2026-09-15T06:59:04.806977Z[0m [32m INFO[0m [2mmidnight_bench[0m[2m:[0m [3mstage[0m[2m=[0m"trace.lookups_product.end" [3mrss_mb[0m[2m=[0m325 [3mhwm_mb[0m[2m=[0m335
[2m2026-09-15T06:59:04.831717Z[0m [32m INFO[0m [2mmidnight_bench[0m[2m:[0m [3mstage[0m[2m=[0m"create_proof.compute_trace.end" [3mrss_mb[0m[2m=[0m325 [3mhwm_mb[0m[2m=[0m335
[2m2026-09-15T06:59:04.831737Z[0m [32m INFO[0m [2mmidnight_bench[0m[2m:[0m [3mstage[0m[2m=[0m"create_proof.finalise_proof.start" [3mrss_mb[0m[2m=[0m325 [3mhwm_mb[0m[2m=[0m335
[2m2026-09-15T06:59:04.831745Z[0m [32m INFO[0m [2mmidnight_bench[0m[2m:[0m [3mstage[0m[2m=[0m"finalise.compute_h_poly.start" [3mrss_mb[0m[2m=[0m325 [3mhwm_mb[0m[2m=[0m335
[2m2026-09-15T06:59:04.847044Z[0m [32m INFO[0m [2mmidnight_bench[0m[2m:[0m [3mstage[0m[2m=[0m"finalise.compute_h_poly.materialise_fixed_cosets.start" [3mrss_mb[0m[2m=[0m325 [3mhwm_mb[0m[2m=[0m335
[2m2026-09-15T06:59:04.874263Z[0m [32m INFO[0m [2mmidnight_bench[0m[2m:[0m [3mstage[0m[2m=[0m"finalise.compute_h_poly.materialise_fixed_cosets.end" [3mrss_mb[0m[2m=[0m325 [3mhwm_mb[0m[2m=[0m335
[2m2026-09-15T06:59:04.874287Z[0m [32m INFO[0m [2mmidnight_bench[0m[2m:[0m [3mstage[0m[2m=[0m"finalise.compute_h_poly.materialise_perm_cosets.start" [3mrss_mb[0m[2m=[0m325 [3mhwm_mb[0m[2m=[0m335
[2m2026-09-15T06:59:04.886465Z[0m [32m INFO[0m [2mmidnight_bench[0m[2m:[0m [3mstage[0m[2m=[0m"finalise.compute_h_poly.materialise_perm_cosets.end" [3mrss_mb[0m[2m=[0m325 [3mhwm_mb[0m[2m=[0m335
[2m2026-09-15T06:59:05.018071Z[0m [32m INFO[0m [2mmidnight_bench[0m[2m:[0m [3mstage[0m[2m=[0m"finalise.compute_h_poly.drop_cosets.end" [3mrss_mb[0m[2m=[0m326 [3mhwm_mb[0m[2m=[0m335
[2m2026-09-15T06:59:05.018104Z[0m [32m INFO[0m [2mmidnight_bench[0m[2m:[0m [3mstage[0m[2m=[0m"finalise.compute_h_poly.end" [3mrss_mb[0m[2m=[0m326 [3mhwm_mb[0m[2m=[0m335
[2m2026-09-15T06:59:05.018113Z[0m [32m INFO[0m [2mmidnight_bench[0m[2m:[0m [3mstage[0m[2m=[0m"finalise.vanishing_construct.start" [3mrss_mb[0m[2m=[0m326 [3mhwm_mb[0m[2m=[0m335
[2m2026-09-15T06:59:05.118595Z[0m [32m INFO[0m [2mmidnight_bench[0m[2m:[0m [3mstage[0m[2m=[0m"finalise.vanishing_construct.end" [3mrss_mb[0m[2m=[0m326 [3mhwm_mb[0m[2m=[0m335
[2m2026-09-15T06:59:05.145867Z[0m [32m INFO[0m [2mmidnight_bench[0m[2m:[0m [3mstage[0m[2m=[0m"finalise.compute_queries.start" [3mrss_mb[0m[2m=[0m326 [3mhwm_mb[0m[2m=[0m335
[2m2026-09-15T06:59:05.145957Z[0m [32m INFO[0m [2mmidnight_bench[0m[2m:[0m [3mstage[0m[2m=[0m"finalise.multi_open.start" [3mrss_mb[0m[2m=[0m326 [3mhwm_mb[0m[2m=[0m335
[2m2026-09-15T06:59:05.239224Z[0m [32m INFO[0m [2mmidnight_bench[0m[2m:[0m [3mstage[0m[2m=[0m"finalise.multi_open.end" [3mrss_mb[0m[2m=[0m326 [3mhwm_mb[0m[2m=[0m335
[2m2026-09-15T06:59:05.239948Z[0m [32m INFO[0m [2mmidnight_bench[0m[2m:[0m [3mstage[0m[2m=[0m"create_proof.finalise_proof.end" [3mrss_mb[0m[2m=[0m303 [3mhwm_mb[0m[2m=[0m335
[2m2026-09-15T06:59:05.256437Z[0m [32m INFO[0m [2mactix_web::middleware::logger[0m[2m:[0m 192.168.65.1 POST /prove HTTP/1.1; took 0.699436s
[2m2026-09-15T06:59:05.258487Z[0m [32m INFO[0m [2mmidnight_proof_server::endpoints[0m[2m:[0m Starting to process request for /prove...
[2m2026-09-15T06:59:05.330993Z[0m [32m INFO[0m [2mmidnight_bench[0m[2m:[0m [3mstage[0m[2m=[0m"create_proof.compute_trace.start" [3mrss_mb[0m[2m=[0m315 [3mhwm_mb[0m[2m=[0m335
[2m2026-09-15T06:59:05.331025Z[0m [32m INFO[0m [2mmidnight_bench[0m[2m:[0m [3mstage[0m[2m=[0m"trace.compute_instances.start" [3mrss_mb[0m[2m=[0m315 [3mhwm_mb[0m[2m=[0m335
[2m2026-09-15T06:59:05.336201Z[0m [32m INFO[0m [2mmidnight_bench[0m[2m:[0m [3mstage[0m[2m=[0m"trace.compute_instances.end" [3mrss_mb[0m[2m=[0m315 [3mhwm_mb[0m[2m=[0m335
[2m2026-09-15T06:59:05.336221Z[0m [32m INFO[0m [2mmidnight_bench[0m[2m:[0m [3mstage[0m[2m=[0m"trace.parse_advices.start" [3mrss_mb[0m[2m=[0m315 [3mhwm_mb[0m[2m=[0m335
[2m2026-09-15T06:59:05.342161Z[0m [32m INFO[0m [2mmidnight_bench[0m[2m:[0m [3mstage[0m[2m=[0m"trace.parse_advices.end" [3mrss_mb[0m[2m=[0m320 [3mhwm_mb[0m[2m=[0m335
[2m2026-09-15T06:59:05.342179Z[0m [32m INFO[0m [2mmidnight_bench[0m[2m:[0m [3mstage[0m[2m=[0m"trace.lookups_permuted.start" [3mrss_mb[0m[2m=[0m320 [3mhwm_mb[0m[2m=[0m335
[2m2026-09-15T06:59:05.386560Z[0m [32m INFO[0m [2mmidnight_bench[0m[2m:[0m [3mstage[0m[2m=[0m"trace.lookups_permuted.end" [3mrss_mb[0m[2m=[0m325 [3mhwm_mb[0m[2m=[0m335
[2m2026-09-15T06:59:05.386587Z[0m [32m INFO[0m [2mmidnight_bench[0m[2m:[0m [3mstage[0m[2m=[0m"trace.permutations_commit.start" [3mrss_mb[0m[2m=[0m325 [3mhwm_mb[0m[2m=[0m335
[2m2026-09-15T06:59:05.456497Z[0m [32m INFO[0m [2mmidnight_bench[0m[2m:[0m [3mstage[0m[2m=[0m"trace.permutations_commit.end" [3mrss_mb[0m[2m=[0m333 [3mhwm_mb[0m[2m=[0m335
[2m2026-09-15T06:59:05.456522Z[0m [32m INFO[0m [2mmidnight_bench[0m[2m:[0m [3mstage[0m[2m=[0m"trace.lookups_product.start" [3mrss_mb[0m[2m=[0m333 [3mhwm_mb[0m[2m=[0m335
[2m2026-09-15T06:59:05.507024Z[0m [32m INFO[0m [2mmidnight_bench[0m[2m:[0m [3mstage[0m[2m=[0m"trace.lookups_product.end" [3mrss_mb[0m[2m=[0m333 [3mhwm_mb[0m[2m=[0m335
[2m2026-09-15T06:59:05.531698Z[0m [32m INFO[0m [2mmidnight_bench[0m[2m:[0m [3mstage[0m[2m=[0m"create_proof.compute_trace.end" [3mrss_mb[0m[2m=[0m333 [3mhwm_mb[0m[2m=[0m335
[2m2026-09-15T06:59:05.531728Z[0m [32m INFO[0m [2mmidnight_bench[0m[2m:[0m [3mstage[0m[2m=[0m"create_proof.finalise_proof.start" [3mrss_mb[0m[2m=[0m333 [3mhwm_mb[0m[2m=[0m335
[2m2026-09-15T06:59:05.531737Z[0m [32m INFO[0m [2mmidnight_bench[0m[2m:[0m [3mstage[0m[2m=[0m"finalise.compute_h_poly.start" [3mrss_mb[0m[2m=[0m333 [3mhwm_mb[0m[2m=[0m335
[2m2026-09-15T06:59:05.546537Z[0m [32m INFO[0m [2mmidnight_bench[0m[2m:[0m [3mstage[0m[2m=[0m"finalise.compute_h_poly.materialise_fixed_cosets.start" [3mrss_mb[0m[2m=[0m333 [3mhwm_mb[0m[2m=[0m335
[2m2026-09-15T06:59:05.571921Z[0m [32m INFO[0m [2mmidnight_bench[0m[2m:[0m [3mstage[0m[2m=[0m"finalise.compute_h_poly.materialise_fixed_cosets.end" [3mrss_mb[0m[2m=[0m334 [3mhwm_mb[0m[2m=[0m335
[2m2026-09-15T06:59:05.571944Z[0m [32m INFO[0m [2mmidnight_bench[0m[2m:[0m [3mstage[0m[2m=[0m"finalise.compute_h_poly.materialise_perm_cosets.start" [3mrss_mb[0m[2m=[0m334 [3mhwm_mb[0m[2m=[0m335
[2m2026-09-15T06:59:05.584345Z[0m [32m INFO[0m [2mmidnight_bench[0m[2m:[0m [3mstage[0m[2m=[0m"finalise.compute_h_poly.materialise_perm_cosets.end" [3mrss_mb[0m[2m=[0m335 [3mhwm_mb[0m[2m=[0m335
[2m2026-09-15T06:59:05.705669Z[0m [32m INFO[0m [2mmidnight_bench[0m[2m:[0m [3mstage[0m[2m=[0m"finalise.compute_h_poly.drop_cosets.end" [3mrss_mb[0m[2m=[0m336 [3mhwm_mb[0m[2m=[0m336
[2m2026-09-15T06:59:05.705699Z[0m [32m INFO[0m [2mmidnight_bench[0m[2m:[0m [3mstage[0m[2m=[0m"finalise.compute_h_poly.end" [3mrss_mb[0m[2m=[0m336 [3mhwm_mb[0m[2m=[0m336
[2m2026-09-15T06:59:05.705707Z[0m [32m INFO[0m [2mmidnight_bench[0m[2m:[0m [3mstage[0m[2m=[0m"finalise.vanishing_construct.start" [3mrss_mb[0m[2m=[0m336 [3mhwm_mb[0m[2m=[0m336
[2m2026-09-15T06:59:05.795708Z[0m [32m INFO[0m [2mmidnight_bench[0m[2m:[0m [3mstage[0m[2m=[0m"finalise.vanishing_construct.end" [3mrss_mb[0m[2m=[0m336 [3mhwm_mb[0m[2m=[0m336
[2m2026-09-15T06:59:05.824272Z[0m [32m INFO[0m [2mmidnight_bench[0m[2m:[0m [3mstage[0m[2m=[0m"finalise.compute_queries.start" [3mrss_mb[0m[2m=[0m336 [3mhwm_mb[0m[2m=[0m336
[2m2026-09-15T06:59:05.824359Z[0m [32m INFO[0m [2mmidnight_bench[0m[2m:[0m [3mstage[0m[2m=[0m"finalise.multi_open.start" [3mrss_mb[0m[2m=[0m336 [3mhwm_mb[0m[2m=[0m336
[2m2026-09-15T06:59:05.914745Z[0m [32m INFO[0m [2mmidnight_bench[0m[2m:[0m [3mstage[0m[2m=[0m"finalise.multi_open.end" [3mrss_mb[0m[2m=[0m336 [3mhwm_mb[0m[2m=[0m336
[2m2026-09-15T06:59:05.915422Z[0m [32m INFO[0m [2mmidnight_bench[0m[2m:[0m [3mstage[0m[2m=[0m"create_proof.finalise_proof.end" [3mrss_mb[0m[2m=[0m313 [3mhwm_mb[0m[2m=[0m335
[2m2026-09-15T06:59:05.930617Z[0m [32m INFO[0m [2mactix_web::middleware::logger[0m[2m:[0m 192.168.65.1 POST /prove HTTP/1.1; took 0.672164s
[2m2026-09-15T06:59:05.932233Z[0m [32m INFO[0m [2mmidnight_proof_server::endpoints[0m[2m:[0m Starting to process request for /prove...
[2m2026-09-15T06:59:06.010468Z[0m [32m INFO[0m [2mmidnight_bench[0m[2m:[0m [3mstage[0m[2m=[0m"create_proof.compute_trace.start" [3mrss_mb[0m[2m=[0m317 [3mhwm_mb[0m[2m=[0m335
[2m2026-09-15T06:59:06.010496Z[0m [32m INFO[0m [2mmidnight_bench[0m[2m:[0m [3mstage[0m[2m=[0m"trace.compute_instances.start" [3mrss_mb[0m[2m=[0m317 [3mhwm_mb[0m[2m=[0m335
[2m2026-09-15T06:59:06.015869Z[0m [32m INFO[0m [2mmidnight_bench[0m[2m:[0m [3mstage[0m[2m=[0m"trace.compute_instances.end" [3mrss_mb[0m[2m=[0m317 [3mhwm_mb[0m[2m=[0m335
[2m2026-09-15T06:59:06.015891Z[0m [32m INFO[0m [2mmidnight_bench[0m[2m:[0m [3mstage[0m[2m=[0m"trace.parse_advices.start" [3mrss_mb[0m[2m=[0m317 [3mhwm_mb[0m[2m=[0m335
[2m2026-09-15T06:59:06.021766Z[0m [32m INFO[0m [2mmidnight_bench[0m[2m:[0m [3mstage[0m[2m=[0m"trace.parse_advices.end" [3mrss_mb[0m[2m=[0m322 [3mhwm_mb[0m[2m=[0m335
[2m2026-09-15T06:59:06.021788Z[0m [32m INFO[0m [2mmidnight_bench[0m[2m:[0m [3mstage[0m[2m=[0m"trace.lookups_permuted.start" [3mrss_mb[0m[2m=[0m322 [3mhwm_mb[0m[2m=[0m335
[2m2026-09-15T06:59:06.068202Z[0m [32m INFO[0m [2mmidnight_bench[0m[2m:[0m [3mstage[0m[2m=[0m"trace.lookups_permuted.end" [3mrss_mb[0m[2m=[0m327 [3mhwm_mb[0m[2m=[0m335
[2m2026-09-15T06:59:06.068237Z[0m [32m INFO[0m [2mmidnight_bench[0m[2m:[0m [3mstage[0m[2m=[0m"trace.permutations_commit.start" [3mrss_mb[0m[2m=[0m327 [3mhwm_mb[0m[2m=[0m335
[2m2026-09-15T06:59:06.138338Z[0m [32m INFO[0m [2mmidnight_bench[0m[2m:[0m [3mstage[0m[2m=[0m"trace.permutations_commit.end" [3mrss_mb[0m[2m=[0m335 [3mhwm_mb[0m[2m=[0m335
[2m2026-09-15T06:59:06.138364Z[0m [32m INFO[0m [2mmidnight_bench[0m[2m:[0m [3mstage[0m[2m=[0m"trace.lookups_product.start" [3mrss_mb[0m[2m=[0m335 [3mhwm_mb[0m[2m=[0m335
[2m2026-09-15T06:59:06.192666Z[0m [32m INFO[0m [2mmidnight_bench[0m[2m:[0m [3mstage[0m[2m=[0m"trace.lookups_product.end" [3mrss_mb[0m[2m=[0m335 [3mhwm_mb[0m[2m=[0m335
[2m2026-09-15T06:59:06.218595Z[0m [32m INFO[0m [2mmidnight_bench[0m[2m:[0m [3mstage[0m[2m=[0m"create_proof.compute_trace.end" [3mrss_mb[0m[2m=[0m335 [3mhwm_mb[0m[2m=[0m335
[2m2026-09-15T06:59:06.218625Z[0m [32m INFO[0m [2mmidnight_bench[0m[2m:[0m [3mstage[0m[2m=[0m"create_proof.finalise_proof.start" [3mrss_mb[0m[2m=[0m335 [3mhwm_mb[0m[2m=[0m335
[2m2026-09-15T06:59:06.218635Z[0m [32m INFO[0m [2mmidnight_bench[0m[2m:[0m [3mstage[0m[2m=[0m"finalise.compute_h_poly.start" [3mrss_mb[0m[2m=[0m335 [3mhwm_mb[0m[2m=[0m335
[2m2026-09-15T06:59:06.234139Z[0m [32m INFO[0m [2mmidnight_bench[0m[2m:[0m [3mstage[0m[2m=[0m"finalise.compute_h_poly.materialise_fixed_cosets.start" [3mrss_mb[0m[2m=[0m335 [3mhwm_mb[0m[2m=[0m335
[2m2026-09-15T06:59:06.263818Z[0m [32m INFO[0m [2mmidnight_bench[0m[2m:[0m [3mstage[0m[2m=[0m"finalise.compute_h_poly.materialise_fixed_cosets.end" [3mrss_mb[0m[2m=[0m335 [3mhwm_mb[0m[2m=[0m335
[2m2026-09-15T06:59:06.263843Z[0m [32m INFO[0m [2mmidnight_bench[0m[2m:[0m [3mstage[0m[2m=[0m"finalise.compute_h_poly.materialise_perm_cosets.start" [3mrss_mb[0m[2m=[0m335 [3mhwm_mb[0m[2m=[0m335
[2m2026-09-15T06:59:06.276736Z[0m [32m INFO[0m [2mmidnight_bench[0m[2m:[0m [3mstage[0m[2m=[0m"finalise.compute_h_poly.materialise_perm_cosets.end" [3mrss_mb[0m[2m=[0m335 [3mhwm_mb[0m[2m=[0m335
[2m2026-09-15T06:59:06.407108Z[0m [32m INFO[0m [2mmidnight_bench[0m[2m:[0m [3mstage[0m[2m=[0m"finalise.compute_h_poly.drop_cosets.end" [3mrss_mb[0m[2m=[0m336 [3mhwm_mb[0m[2m=[0m336
[2m2026-09-15T06:59:06.407146Z[0m [32m INFO[0m [2mmidnight_bench[0m[2m:[0m [3mstage[0m[2m=[0m"finalise.compute_h_poly.end" [3mrss_mb[0m[2m=[0m336 [3mhwm_mb[0m[2m=[0m336
[2m2026-09-15T06:59:06.407157Z[0m [32m INFO[0m [2mmidnight_bench[0m[2m:[0m [3mstage[0m[2m=[0m"finalise.vanishing_construct.start" [3mrss_mb[0m[2m=[0m336 [3mhwm_mb[0m[2m=[0m336
[2m2026-09-15T06:59:06.501549Z[0m [32m INFO[0m [2mmidnight_bench[0m[2m:[0m [3mstage[0m[2m=[0m"finalise.vanishing_construct.end" [3mrss_mb[0m[2m=[0m336 [3mhwm_mb[0m[2m=[0m336
[2m2026-09-15T06:59:06.531800Z[0m [32m INFO[0m [2mmidnight_bench[0m[2m:[0m [3mstage[0m[2m=[0m"finalise.compute_queries.start" [3mrss_mb[0m[2m=[0m336 [3mhwm_mb[0m[2m=[0m336
[2m2026-09-15T06:59:06.531894Z[0m [32m INFO[0m [2mmidnight_bench[0m[2m:[0m [3mstage[0m[2m=[0m"finalise.multi_open.start" [3mrss_mb[0m[2m=[0m336 [3mhwm_mb[0m[2m=[0m336
[2m2026-09-15T06:59:06.627550Z[0m [32m INFO[0m [2mmidnight_bench[0m[2m:[0m [3mstage[0m[2m=[0m"finalise.multi_open.end" [3mrss_mb[0m[2m=[0m336 [3mhwm_mb[0m[2m=[0m336
[2m2026-09-15T06:59:06.628546Z[0m [32m INFO[0m [2mmidnight_bench[0m[2m:[0m [3mstage[0m[2m=[0m"create_proof.finalise_proof.end" [3mrss_mb[0m[2m=[0m313 [3mhwm_mb[0m[2m=[0m335
[2m2026-09-15T06:59:06.644377Z[0m [32m INFO[0m [2mactix_web::middleware::logger[0m[2m:[0m 192.168.65.1 POST /prove HTTP/1.1; took 0.712173s
[2m2026-09-15T06:59:06.646724Z[0m [32m INFO[0m [2mmidnight_proof_server::endpoints[0m[2m:[0m Starting to process request for /prove...
[2m2026-09-15T06:59:06.718425Z[0m [32m INFO[0m [2mmidnight_bench[0m[2m:[0m [3mstage[0m[2m=[0m"create_proof.compute_trace.start" [3mrss_mb[0m[2m=[0m320 [3mhwm_mb[0m[2m=[0m335
[2m2026-09-15T06:59:06.718464Z[0m [32m INFO[0m [2mmidnight_bench[0m[2m:[0m [3mstage[0m[2m=[0m"trace.compute_instances.start" [3mrss_mb[0m[2m=[0m320 [3mhwm_mb[0m[2m=[0m335
[2m2026-09-15T06:59:06.723747Z[0m [32m INFO[0m [2mmidnight_bench[0m[2m:[0m [3mstage[0m[2m=[0m"trace.compute_instances.end" [3mrss_mb[0m[2m=[0m320 [3mhwm_mb[0m[2m=[0m335
[2m2026-09-15T06:59:06.723767Z[0m [32m INFO[0m [2mmidnight_bench[0m[2m:[0m [3mstage[0m[2m=[0m"trace.parse_advices.start" [3mrss_mb[0m[2m=[0m320 [3mhwm_mb[0m[2m=[0m335
[2m2026-09-15T06:59:06.729827Z[0m [32m INFO[0m [2mmidnight_bench[0m[2m:[0m [3mstage[0m[2m=[0m"trace.parse_advices.end" [3mrss_mb[0m[2m=[0m325 [3mhwm_mb[0m[2m=[0m335
[2m2026-09-15T06:59:06.729850Z[0m [32m INFO[0m [2mmidnight_bench[0m[2m:[0m [3mstage[0m[2m=[0m"trace.lookups_permuted.start" [3mrss_mb[0m[2m=[0m325 [3mhwm_mb[0m[2m=[0m335
[2m2026-09-15T06:59:06.775816Z[0m [32m INFO[0m [2mmidnight_bench[0m[2m:[0m [3mstage[0m[2m=[0m"trace.lookups_permuted.end" [3mrss_mb[0m[2m=[0m330 [3mhwm_mb[0m[2m=[0m335
[2m2026-09-15T06:59:06.775847Z[0m [32m INFO[0m [2mmidnight_bench[0m[2m:[0m [3mstage[0m[2m=[0m"trace.permutations_commit.start" [3mrss_mb[0m[2m=[0m330 [3mhwm_mb[0m[2m=[0m335
[2m2026-09-15T06:59:06.847376Z[0m [32m INFO[0m [2mmidnight_bench[0m[2m:[0m [3mstage[0m[2m=[0m"trace.permutations_commit.end" [3mrss_mb[0m[2m=[0m338 [3mhwm_mb[0m[2m=[0m338
[2m2026-09-15T06:59:06.847417Z[0m [32m INFO[0m [2mmidnight_bench[0m[2m:[0m [3mstage[0m[2m=[0m"trace.lookups_product.start" [3mrss_mb[0m[2m=[0m338 [3mhwm_mb[0m[2m=[0m338
[2m2026-09-15T06:59:06.898896Z[0m [32m INFO[0m [2mmidnight_bench[0m[2m:[0m [3mstage[0m[2m=[0m"trace.lookups_product.end" [3mrss_mb[0m[2m=[0m338 [3mhwm_mb[0m[2m=[0m338
[2m2026-09-15T06:59:06.924696Z[0m [32m INFO[0m [2mmidnight_bench[0m[2m:[0m [3mstage[0m[2m=[0m"create_proof.compute_trace.end" [3mrss_mb[0m[2m=[0m339 [3mhwm_mb[0m[2m=[0m339
[2m2026-09-15T06:59:06.924718Z[0m [32m INFO[0m [2mmidnight_bench[0m[2m:[0m [3mstage[0m[2m=[0m"create_proof.finalise_proof.start" [3mrss_mb[0m[2m=[0m339 [3mhwm_mb[0m[2m=[0m339
[2m2026-09-15T06:59:06.924725Z[0m [32m INFO[0m [2mmidnight_bench[0m[2m:[0m [3mstage[0m[2m=[0m"finalise.compute_h_poly.start" [3mrss_mb[0m[2m=[0m339 [3mhwm_mb[0m[2m=[0m339
[2m2026-09-15T06:59:06.942214Z[0m [32m INFO[0m [2mmidnight_bench[0m[2m:[0m [3mstage[0m[2m=[0m"finalise.compute_h_poly.materialise_fixed_cosets.start" [3mrss_mb[0m[2m=[0m339 [3mhwm_mb[0m[2m=[0m339
[2m2026-09-15T06:59:06.969347Z[0m [32m INFO[0m [2mmidnight_bench[0m[2m:[0m [3mstage[0m[2m=[0m"finalise.compute_h_poly.materialise_fixed_cosets.end" [3mrss_mb[0m[2m=[0m339 [3mhwm_mb[0m[2m=[0m339
[2m2026-09-15T06:59:06.969377Z[0m [32m INFO[0m [2mmidnight_bench[0m[2m:[0m [3mstage[0m[2m=[0m"finalise.compute_h_poly.materialise_perm_cosets.start" [3mrss_mb[0m[2m=[0m339 [3mhwm_mb[0m[2m=[0m339
[2m2026-09-15T06:59:06.981361Z[0m [32m INFO[0m [2mmidnight_bench[0m[2m:[0m [3mstage[0m[2m=[0m"finalise.compute_h_poly.materialise_perm_cosets.end" [3mrss_mb[0m[2m=[0m339 [3mhwm_mb[0m[2m=[0m339
[2m2026-09-15T06:59:07.110060Z[0m [32m INFO[0m [2mmidnight_bench[0m[2m:[0m [3mstage[0m[2m=[0m"finalise.compute_h_poly.drop_cosets.end" [3mrss_mb[0m[2m=[0m340 [3mhwm_mb[0m[2m=[0m340
[2m2026-09-15T06:59:07.110092Z[0m [32m INFO[0m [2mmidnight_bench[0m[2m:[0m [3mstage[0m[2m=[0m"finalise.compute_h_poly.end" [3mrss_mb[0m[2m=[0m340 [3mhwm_mb[0m[2m=[0m340
[2m2026-09-15T06:59:07.110099Z[0m [32m INFO[0m [2mmidnight_bench[0m[2m:[0m [3mstage[0m[2m=[0m"finalise.vanishing_construct.start" [3mrss_mb[0m[2m=[0m340 [3mhwm_mb[0m[2m=[0m340
[2m2026-09-15T06:59:07.201884Z[0m [32m INFO[0m [2mmidnight_bench[0m[2m:[0m [3mstage[0m[2m=[0m"finalise.vanishing_construct.end" [3mrss_mb[0m[2m=[0m340 [3mhwm_mb[0m[2m=[0m340
[2m2026-09-15T06:59:07.229453Z[0m [32m INFO[0m [2mmidnight_bench[0m[2m:[0m [3mstage[0m[2m=[0m"finalise.compute_queries.start" [3mrss_mb[0m[2m=[0m340 [3mhwm_mb[0m[2m=[0m340
[2m2026-09-15T06:59:07.229546Z[0m [32m INFO[0m [2mmidnight_bench[0m[2m:[0m [3mstage[0m[2m=[0m"finalise.multi_open.start" [3mrss_mb[0m[2m=[0m340 [3mhwm_mb[0m[2m=[0m340
[2m2026-09-15T06:59:07.325967Z[0m [32m INFO[0m [2mmidnight_bench[0m[2m:[0m [3mstage[0m[2m=[0m"finalise.multi_open.end" [3mrss_mb[0m[2m=[0m340 [3mhwm_mb[0m[2m=[0m340
[2m2026-09-15T06:59:07.326945Z[0m [32m INFO[0m [2mmidnight_bench[0m[2m:[0m [3mstage[0m[2m=[0m"create_proof.finalise_proof.end" [3mrss_mb[0m[2m=[0m317 [3mhwm_mb[0m[2m=[0m339
[2m2026-09-15T06:59:07.342443Z[0m [32m INFO[0m [2mactix_web::middleware::logger[0m[2m:[0m 192.168.65.1 POST /prove HTTP/1.1; took 0.695736s
[2m2026-09-15T06:59:07.370496Z[0m [32m INFO[0m [2mmidnight_proof_server::endpoints[0m[2m:[0m Starting to process request for /prove...
[2m2026-09-15T06:59:07.439166Z[0m [32m INFO[0m [2mmidnight_bench[0m[2m:[0m [3mstage[0m[2m=[0m"create_proof.compute_trace.start" [3mrss_mb[0m[2m=[0m321 [3mhwm_mb[0m[2m=[0m339
[2m2026-09-15T06:59:07.439198Z[0m [32m INFO[0m [2mmidnight_bench[0m[2m:[0m [3mstage[0m[2m=[0m"trace.compute_instances.start" [3mrss_mb[0m[2m=[0m321 [3mhwm_mb[0m[2m=[0m339
[2m2026-09-15T06:59:07.443748Z[0m [32m INFO[0m [2mmidnight_bench[0m[2m:[0m [3mstage[0m[2m=[0m"trace.compute_instances.end" [3mrss_mb[0m[2m=[0m321 [3mhwm_mb[0m[2m=[0m339
[2m2026-09-15T06:59:07.443770Z[0m [32m INFO[0m [2mmidnight_bench[0m[2m:[0m [3mstage[0m[2m=[0m"trace.parse_advices.start" [3mrss_mb[0m[2m=[0m321 [3mhwm_mb[0m[2m=[0m339
[2m2026-09-15T06:59:07.449746Z[0m [32m INFO[0m [2mmidnight_bench[0m[2m:[0m [3mstage[0m[2m=[0m"trace.parse_advices.end" [3mrss_mb[0m[2m=[0m326 [3mhwm_mb[0m[2m=[0m339
[2m2026-09-15T06:59:07.449775Z[0m [32m INFO[0m [2mmidnight_bench[0m[2m:[0m [3mstage[0m[2m=[0m"trace.lookups_permuted.start" [3mrss_mb[0m[2m=[0m326 [3mhwm_mb[0m[2m=[0m339
[2m2026-09-15T06:59:07.496302Z[0m [32m INFO[0m [2mmidnight_bench[0m[2m:[0m [3mstage[0m[2m=[0m"trace.lookups_permuted.end" [3mrss_mb[0m[2m=[0m331 [3mhwm_mb[0m[2m=[0m339
[2m2026-09-15T06:59:07.496329Z[0m [32m INFO[0m [2mmidnight_bench[0m[2m:[0m [3mstage[0m[2m=[0m"trace.permutations_commit.start" [3mrss_mb[0m[2m=[0m331 [3mhwm_mb[0m[2m=[0m339
[2m2026-09-15T06:59:07.566396Z[0m [32m INFO[0m [2mmidnight_bench[0m[2m:[0m [3mstage[0m[2m=[0m"trace.permutations_commit.end" [3mrss_mb[0m[2m=[0m339 [3mhwm_mb[0m[2m=[0m339
[2m2026-09-15T06:59:07.566418Z[0m [32m INFO[0m [2mmidnight_bench[0m[2m:[0m [3mstage[0m[2m=[0m"trace.lookups_product.start" [3mrss_mb[0m[2m=[0m339 [3mhwm_mb[0m[2m=[0m339
[2m2026-09-15T06:59:07.618883Z[0m [32m INFO[0m [2mmidnight_bench[0m[2m:[0m [3mstage[0m[2m=[0m"trace.lookups_product.end" [3mrss_mb[0m[2m=[0m339 [3mhwm_mb[0m[2m=[0m339
[2m2026-09-15T06:59:07.644855Z[0m [32m INFO[0m [2mmidnight_bench[0m[2m:[0m [3mstage[0m[2m=[0m"create_proof.compute_trace.end" [3mrss_mb[0m[2m=[0m339 [3mhwm_mb[0m[2m=[0m339
[2m2026-09-15T06:59:07.644898Z[0m [32m INFO[0m [2mmidnight_bench[0m[2m:[0m [3mstage[0m[2m=[0m"create_proof.finalise_proof.start" [3mrss_mb[0m[2m=[0m339 [3mhwm_mb[0m[2m=[0m339
[2m2026-09-15T06:59:07.644909Z[0m [32m INFO[0m [2mmidnight_bench[0m[2m:[0m [3mstage[0m[2m=[0m"finalise.compute_h_poly.start" [3mrss_mb[0m[2m=[0m339 [3mhwm_mb[0m[2m=[0m339
[2m2026-09-15T06:59:07.660811Z[0m [32m INFO[0m [2mmidnight_bench[0m[2m:[0m [3mstage[0m[2m=[0m"finalise.compute_h_poly.materialise_fixed_cosets.start" [3mrss_mb[0m[2m=[0m339 [3mhwm_mb[0m[2m=[0m339
[2m2026-09-15T06:59:07.689644Z[0m [32m INFO[0m [2mmidnight_bench[0m[2m:[0m [3mstage[0m[2m=[0m"finalise.compute_h_poly.materialise_fixed_cosets.end" [3mrss_mb[0m[2m=[0m339 [3mhwm_mb[0m[2m=[0m339
[2m2026-09-15T06:59:07.689670Z[0m [32m INFO[0m [2mmidnight_bench[0m[2m:[0m [3mstage[0m[2m=[0m"finalise.compute_h_poly.materialise_perm_cosets.start" [3mrss_mb[0m[2m=[0m339 [3mhwm_mb[0m[2m=[0m339
[2m2026-09-15T06:59:07.705042Z[0m [32m INFO[0m [2mmidnight_bench[0m[2m:[0m [3mstage[0m[2m=[0m"finalise.compute_h_poly.materialise_perm_cosets.end" [3mrss_mb[0m[2m=[0m339 [3mhwm_mb[0m[2m=[0m339
[2m2026-09-15T06:59:07.832430Z[0m [32m INFO[0m [2mmidnight_bench[0m[2m:[0m [3mstage[0m[2m=[0m"finalise.compute_h_poly.drop_cosets.end" [3mrss_mb[0m[2m=[0m340 [3mhwm_mb[0m[2m=[0m340
[2m2026-09-15T06:59:07.832463Z[0m [32m INFO[0m [2mmidnight_bench[0m[2m:[0m [3mstage[0m[2m=[0m"finalise.compute_h_poly.end" [3mrss_mb[0m[2m=[0m340 [3mhwm_mb[0m[2m=[0m340
[2m2026-09-15T06:59:07.832470Z[0m [32m INFO[0m [2mmidnight_bench[0m[2m:[0m [3mstage[0m[2m=[0m"finalise.vanishing_construct.start" [3mrss_mb[0m[2m=[0m340 [3mhwm_mb[0m[2m=[0m340
[2m2026-09-15T06:59:07.919346Z[0m [32m INFO[0m [2mmidnight_bench[0m[2m:[0m [3mstage[0m[2m=[0m"finalise.vanishing_construct.end" [3mrss_mb[0m[2m=[0m340 [3mhwm_mb[0m[2m=[0m340
[2m2026-09-15T06:59:07.948515Z[0m [32m INFO[0m [2mmidnight_bench[0m[2m:[0m [3mstage[0m[2m=[0m"finalise.compute_queries.start" [3mrss_mb[0m[2m=[0m340 [3mhwm_mb[0m[2m=[0m340
[2m2026-09-15T06:59:07.948611Z[0m [32m INFO[0m [2mmidnight_bench[0m[2m:[0m [3mstage[0m[2m=[0m"finalise.multi_open.start" [3mrss_mb[0m[2m=[0m340 [3mhwm_mb[0m[2m=[0m340
[2m2026-09-15T06:59:08.038673Z[0m [32m INFO[0m [2mmidnight_bench[0m[2m:[0m [3mstage[0m[2m=[0m"finalise.multi_open.end" [3mrss_mb[0m[2m=[0m340 [3mhwm_mb[0m[2m=[0m340
[2m2026-09-15T06:59:08.039358Z[0m [32m INFO[0m [2mmidnight_bench[0m[2m:[0m [3mstage[0m[2m=[0m"create_proof.finalise_proof.end" [3mrss_mb[0m[2m=[0m317 [3mhwm_mb[0m[2m=[0m339
[2m2026-09-15T06:59:08.054921Z[0m [32m INFO[0m [2mactix_web::middleware::logger[0m[2m:[0m 192.168.65.1 POST /prove HTTP/1.1; took 0.684452s
[2m2026-09-15T06:59:08.057347Z[0m [32m INFO[0m [2mmidnight_proof_server::endpoints[0m[2m:[0m Starting to process request for /prove...
[2m2026-09-15T06:59:08.131762Z[0m [32m INFO[0m [2mmidnight_bench[0m[2m:[0m [3mstage[0m[2m=[0m"create_proof.compute_trace.start" [3mrss_mb[0m[2m=[0m321 [3mhwm_mb[0m[2m=[0m339
[2m2026-09-15T06:59:08.131792Z[0m [32m INFO[0m [2mmidnight_bench[0m[2m:[0m [3mstage[0m[2m=[0m"trace.compute_instances.start" [3mrss_mb[0m[2m=[0m321 [3mhwm_mb[0m[2m=[0m339
[2m2026-09-15T06:59:08.137343Z[0m [32m INFO[0m [2mmidnight_bench[0m[2m:[0m [3mstage[0m[2m=[0m"trace.compute_instances.end" [3mrss_mb[0m[2m=[0m321 [3mhwm_mb[0m[2m=[0m339
[2m2026-09-15T06:59:08.137363Z[0m [32m INFO[0m [2mmidnight_bench[0m[2m:[0m [3mstage[0m[2m=[0m"trace.parse_advices.start" [3mrss_mb[0m[2m=[0m321 [3mhwm_mb[0m[2m=[0m339
[2m2026-09-15T06:59:08.143103Z[0m [32m INFO[0m [2mmidnight_bench[0m[2m:[0m [3mstage[0m[2m=[0m"trace.parse_advices.end" [3mrss_mb[0m[2m=[0m326 [3mhwm_mb[0m[2m=[0m339
[2m2026-09-15T06:59:08.143141Z[0m [32m INFO[0m [2mmidnight_bench[0m[2m:[0m [3mstage[0m[2m=[0m"trace.lookups_permuted.start" [3mrss_mb[0m[2m=[0m326 [3mhwm_mb[0m[2m=[0m339
[2m2026-09-15T06:59:08.191438Z[0m [32m INFO[0m [2mmidnight_bench[0m[2m:[0m [3mstage[0m[2m=[0m"trace.lookups_permuted.end" [3mrss_mb[0m[2m=[0m332 [3mhwm_mb[0m[2m=[0m339
[2m2026-09-15T06:59:08.191468Z[0m [32m INFO[0m [2mmidnight_bench[0m[2m:[0m [3mstage[0m[2m=[0m"trace.permutations_commit.start" [3mrss_mb[0m[2m=[0m332 [3mhwm_mb[0m[2m=[0m339
[2m2026-09-15T06:59:08.260093Z[0m [32m INFO[0m [2mmidnight_bench[0m[2m:[0m [3mstage[0m[2m=[0m"trace.permutations_commit.end" [3mrss_mb[0m[2m=[0m339 [3mhwm_mb[0m[2m=[0m339
[2m2026-09-15T06:59:08.260120Z[0m [32m INFO[0m [2mmidnight_bench[0m[2m:[0m [3mstage[0m[2m=[0m"trace.lookups_product.start" [3mrss_mb[0m[2m=[0m339 [3mhwm_mb[0m[2m=[0m339
[2m2026-09-15T06:59:08.311755Z[0m [32m INFO[0m [2mmidnight_bench[0m[2m:[0m [3mstage[0m[2m=[0m"trace.lookups_product.end" [3mrss_mb[0m[2m=[0m339 [3mhwm_mb[0m[2m=[0m339
[2m2026-09-15T06:59:08.339529Z[0m [32m INFO[0m [2mmidnight_bench[0m[2m:[0m [3mstage[0m[2m=[0m"create_proof.compute_trace.end" [3mrss_mb[0m[2m=[0m339 [3mhwm_mb[0m[2m=[0m339
[2m2026-09-15T06:59:08.339552Z[0m [32m INFO[0m [2mmidnight_bench[0m[2m:[0m [3mstage[0m[2m=[0m"create_proof.finalise_proof.start" [3mrss_mb[0m[2m=[0m339 [3mhwm_mb[0m[2m=[0m339
[2m2026-09-15T06:59:08.339561Z[0m [32m INFO[0m [2mmidnight_bench[0m[2m:[0m [3mstage[0m[2m=[0m"finalise.compute_h_poly.start" [3mrss_mb[0m[2m=[0m339 [3mhwm_mb[0m[2m=[0m339
[2m2026-09-15T06:59:08.355351Z[0m [32m INFO[0m [2mmidnight_bench[0m[2m:[0m [3mstage[0m[2m=[0m"finalise.compute_h_poly.materialise_fixed_cosets.start" [3mrss_mb[0m[2m=[0m339 [3mhwm_mb[0m[2m=[0m339
[2m2026-09-15T06:59:08.383460Z[0m [32m INFO[0m [2mmidnight_bench[0m[2m:[0m [3mstage[0m[2m=[0m"finalise.compute_h_poly.materialise_fixed_cosets.end" [3mrss_mb[0m[2m=[0m339 [3mhwm_mb[0m[2m=[0m339
[2m2026-09-15T06:59:08.383511Z[0m [32m INFO[0m [2mmidnight_bench[0m[2m:[0m [3mstage[0m[2m=[0m"finalise.compute_h_poly.materialise_perm_cosets.start" [3mrss_mb[0m[2m=[0m339 [3mhwm_mb[0m[2m=[0m339
[2m2026-09-15T06:59:08.397712Z[0m [32m INFO[0m [2mmidnight_bench[0m[2m:[0m [3mstage[0m[2m=[0m"finalise.compute_h_poly.materialise_perm_cosets.end" [3mrss_mb[0m[2m=[0m340 [3mhwm_mb[0m[2m=[0m340
[2m2026-09-15T06:59:08.526911Z[0m [32m INFO[0m [2mmidnight_bench[0m[2m:[0m [3mstage[0m[2m=[0m"finalise.compute_h_poly.drop_cosets.end" [3mrss_mb[0m[2m=[0m341 [3mhwm_mb[0m[2m=[0m341
[2m2026-09-15T06:59:08.526940Z[0m [32m INFO[0m [2mmidnight_bench[0m[2m:[0m [3mstage[0m[2m=[0m"finalise.compute_h_poly.end" [3mrss_mb[0m[2m=[0m341 [3mhwm_mb[0m[2m=[0m341
[2m2026-09-15T06:59:08.526947Z[0m [32m INFO[0m [2mmidnight_bench[0m[2m:[0m [3mstage[0m[2m=[0m"finalise.vanishing_construct.start" [3mrss_mb[0m[2m=[0m341 [3mhwm_mb[0m[2m=[0m341
[2m2026-09-15T06:59:08.619340Z[0m [32m INFO[0m [2mmidnight_bench[0m[2m:[0m [3mstage[0m[2m=[0m"finalise.vanishing_construct.end" [3mrss_mb[0m[2m=[0m341 [3mhwm_mb[0m[2m=[0m341
[2m2026-09-15T06:59:08.649729Z[0m [32m INFO[0m [2mmidnight_bench[0m[2m:[0m [3mstage[0m[2m=[0m"finalise.compute_queries.start" [3mrss_mb[0m[2m=[0m341 [3mhwm_mb[0m[2m=[0m341
[2m2026-09-15T06:59:08.649816Z[0m [32m INFO[0m [2mmidnight_bench[0m[2m:[0m [3mstage[0m[2m=[0m"finalise.multi_open.start" [3mrss_mb[0m[2m=[0m341 [3mhwm_mb[0m[2m=[0m341
[2m2026-09-15T06:59:08.741622Z[0m [32m INFO[0m [2mmidnight_bench[0m[2m:[0m [3mstage[0m[2m=[0m"finalise.multi_open.end" [3mrss_mb[0m[2m=[0m341 [3mhwm_mb[0m[2m=[0m341
[2m2026-09-15T06:59:08.742319Z[0m [32m INFO[0m [2mmidnight_bench[0m[2m:[0m [3mstage[0m[2m=[0m"create_proof.finalise_proof.end" [3mrss_mb[0m[2m=[0m319 [3mhwm_mb[0m[2m=[0m340
[2m2026-09-15T06:59:08.757419Z[0m [32m INFO[0m [2mactix_web::middleware::logger[0m[2m:[0m 192.168.65.1 POST /prove HTTP/1.1; took 0.700089s
[2m2026-09-15T06:59:08.759757Z[0m [32m INFO[0m [2mmidnight_proof_server::endpoints[0m[2m:[0m Starting to process request for /prove...
[2m2026-09-15T06:59:08.838349Z[0m [32m INFO[0m [2mmidnight_bench[0m[2m:[0m [3mstage[0m[2m=[0m"create_proof.compute_trace.start" [3mrss_mb[0m[2m=[0m336 [3mhwm_mb[0m[2m=[0m340
[2m2026-09-15T06:59:08.838398Z[0m [32m INFO[0m [2mmidnight_bench[0m[2m:[0m [3mstage[0m[2m=[0m"trace.compute_instances.start" [3mrss_mb[0m[2m=[0m336 [3mhwm_mb[0m[2m=[0m340
[2m2026-09-15T06:59:08.843121Z[0m [32m INFO[0m [2mmidnight_bench[0m[2m:[0m [3mstage[0m[2m=[0m"trace.compute_instances.end" [3mrss_mb[0m[2m=[0m336 [3mhwm_mb[0m[2m=[0m340
[2m2026-09-15T06:59:08.843140Z[0m [32m INFO[0m [2mmidnight_bench[0m[2m:[0m [3mstage[0m[2m=[0m"trace.parse_advices.start" [3mrss_mb[0m[2m=[0m336 [3mhwm_mb[0m[2m=[0m340
[2m2026-09-15T06:59:08.848993Z[0m [32m INFO[0m [2mmidnight_bench[0m[2m:[0m [3mstage[0m[2m=[0m"trace.parse_advices.end" [3mrss_mb[0m[2m=[0m341 [3mhwm_mb[0m[2m=[0m341
[2m2026-09-15T06:59:08.849016Z[0m [32m INFO[0m [2mmidnight_bench[0m[2m:[0m [3mstage[0m[2m=[0m"trace.lookups_permuted.start" [3mrss_mb[0m[2m=[0m341 [3mhwm_mb[0m[2m=[0m341
[2m2026-09-15T06:59:08.897985Z[0m [32m INFO[0m [2mmidnight_bench[0m[2m:[0m [3mstage[0m[2m=[0m"trace.lookups_permuted.end" [3mrss_mb[0m[2m=[0m346 [3mhwm_mb[0m[2m=[0m346
[2m2026-09-15T06:59:08.898013Z[0m [32m INFO[0m [2mmidnight_bench[0m[2m:[0m [3mstage[0m[2m=[0m"trace.permutations_commit.start" [3mrss_mb[0m[2m=[0m346 [3mhwm_mb[0m[2m=[0m346
[2m2026-09-15T06:59:08.967869Z[0m [32m INFO[0m [2mmidnight_bench[0m[2m:[0m [3mstage[0m[2m=[0m"trace.permutations_commit.end" [3mrss_mb[0m[2m=[0m354 [3mhwm_mb[0m[2m=[0m354
[2m2026-09-15T06:59:08.967899Z[0m [32m INFO[0m [2mmidnight_bench[0m[2m:[0m [3mstage[0m[2m=[0m"trace.lookups_product.start" [3mrss_mb[0m[2m=[0m354 [3mhwm_mb[0m[2m=[0m354
[2m2026-09-15T06:59:09.018236Z[0m [32m INFO[0m [2mmidnight_bench[0m[2m:[0m [3mstage[0m[2m=[0m"trace.lookups_product.end" [3mrss_mb[0m[2m=[0m354 [3mhwm_mb[0m[2m=[0m354
[2m2026-09-15T06:59:09.044750Z[0m [32m INFO[0m [2mmidnight_bench[0m[2m:[0m [3mstage[0m[2m=[0m"create_proof.compute_trace.end" [3mrss_mb[0m[2m=[0m354 [3mhwm_mb[0m[2m=[0m354
[2m2026-09-15T06:59:09.044779Z[0m [32m INFO[0m [2mmidnight_bench[0m[2m:[0m [3mstage[0m[2m=[0m"create_proof.finalise_proof.start" [3mrss_mb[0m[2m=[0m354 [3mhwm_mb[0m[2m=[0m354
[2m2026-09-15T06:59:09.044788Z[0m [32m INFO[0m [2mmidnight_bench[0m[2m:[0m [3mstage[0m[2m=[0m"finalise.compute_h_poly.start" [3mrss_mb[0m[2m=[0m354 [3mhwm_mb[0m[2m=[0m354
[2m2026-09-15T06:59:09.064160Z[0m [32m INFO[0m [2mmidnight_bench[0m[2m:[0m [3mstage[0m[2m=[0m"finalise.compute_h_poly.materialise_fixed_cosets.start" [3mrss_mb[0m[2m=[0m354 [3mhwm_mb[0m[2m=[0m354
[2m2026-09-15T06:59:09.092776Z[0m [32m INFO[0m [2mmidnight_bench[0m[2m:[0m [3mstage[0m[2m=[0m"finalise.compute_h_poly.materialise_fixed_cosets.end" [3mrss_mb[0m[2m=[0m358 [3mhwm_mb[0m[2m=[0m358
[2m2026-09-15T06:59:09.092799Z[0m [32m INFO[0m [2mmidnight_bench[0m[2m:[0m [3mstage[0m[2m=[0m"finalise.compute_h_poly.materialise_perm_cosets.start" [3mrss_mb[0m[2m=[0m358 [3mhwm_mb[0m[2m=[0m358
[2m2026-09-15T06:59:09.105775Z[0m [32m INFO[0m [2mmidnight_bench[0m[2m:[0m [3mstage[0m[2m=[0m"finalise.compute_h_poly.materialise_perm_cosets.end" [3mrss_mb[0m[2m=[0m360 [3mhwm_mb[0m[2m=[0m360
[2m2026-09-15T06:59:09.235649Z[0m [32m INFO[0m [2mmidnight_bench[0m[2m:[0m [3mstage[0m[2m=[0m"finalise.compute_h_poly.drop_cosets.end" [3mrss_mb[0m[2m=[0m360 [3mhwm_mb[0m[2m=[0m360
[2m2026-09-15T06:59:09.235681Z[0m [32m INFO[0m [2mmidnight_bench[0m[2m:[0m [3mstage[0m[2m=[0m"finalise.compute_h_poly.end" [3mrss_mb[0m[2m=[0m360 [3mhwm_mb[0m[2m=[0m360
[2m2026-09-15T06:59:09.235688Z[0m [32m INFO[0m [2mmidnight_bench[0m[2m:[0m [3mstage[0m[2m=[0m"finalise.vanishing_construct.start" [3mrss_mb[0m[2m=[0m360 [3mhwm_mb[0m[2m=[0m360
[2m2026-09-15T06:59:09.332620Z[0m [32m INFO[0m [2mmidnight_bench[0m[2m:[0m [3mstage[0m[2m=[0m"finalise.vanishing_construct.end" [3mrss_mb[0m[2m=[0m360 [3mhwm_mb[0m[2m=[0m360
[2m2026-09-15T06:59:09.371137Z[0m [32m INFO[0m [2mmidnight_bench[0m[2m:[0m [3mstage[0m[2m=[0m"finalise.compute_queries.start" [3mrss_mb[0m[2m=[0m360 [3mhwm_mb[0m[2m=[0m360
[2m2026-09-15T06:59:09.371233Z[0m [32m INFO[0m [2mmidnight_bench[0m[2m:[0m [3mstage[0m[2m=[0m"finalise.multi_open.start" [3mrss_mb[0m[2m=[0m360 [3mhwm_mb[0m[2m=[0m360
[2m2026-09-15T06:59:09.462004Z[0m [32m INFO[0m [2mmidnight_bench[0m[2m:[0m [3mstage[0m[2m=[0m"finalise.multi_open.end" [3mrss_mb[0m[2m=[0m360 [3mhwm_mb[0m[2m=[0m360
[2m2026-09-15T06:59:09.462943Z[0m [32m INFO[0m [2mmidnight_bench[0m[2m:[0m [3mstage[0m[2m=[0m"create_proof.finalise_proof.end" [3mrss_mb[0m[2m=[0m338 [3mhwm_mb[0m[2m=[0m359
[2m2026-09-15T06:59:09.479252Z[0m [32m INFO[0m [2mactix_web::middleware::logger[0m[2m:[0m 192.168.65.1 POST /prove HTTP/1.1; took 0.719512s
[2m2026-09-15T06:59:09.480648Z[0m [32m INFO[0m [2mmidnight_proof_server::endpoints[0m[2m:[0m Starting to process request for /prove...
[2m2026-09-15T06:59:09.556697Z[0m [32m INFO[0m [2mmidnight_bench[0m[2m:[0m [3mstage[0m[2m=[0m"create_proof.compute_trace.start" [3mrss_mb[0m[2m=[0m355 [3mhwm_mb[0m[2m=[0m359
[2m2026-09-15T06:59:09.556724Z[0m [32m INFO[0m [2mmidnight_bench[0m[2m:[0m [3mstage[0m[2m=[0m"trace.compute_instances.start" [3mrss_mb[0m[2m=[0m355 [3mhwm_mb[0m[2m=[0m359
[2m2026-09-15T06:59:09.563025Z[0m [32m INFO[0m [2mmidnight_bench[0m[2m:[0m [3mstage[0m[2m=[0m"trace.compute_instances.end" [3mrss_mb[0m[2m=[0m355 [3mhwm_mb[0m[2m=[0m359
[2m2026-09-15T06:59:09.563049Z[0m [32m INFO[0m [2mmidnight_bench[0m[2m:[0m [3mstage[0m[2m=[0m"trace.parse_advices.start" [3mrss_mb[0m[2m=[0m355 [3mhwm_mb[0m[2m=[0m359
[2m2026-09-15T06:59:09.568626Z[0m [32m INFO[0m [2mmidnight_bench[0m[2m:[0m [3mstage[0m[2m=[0m"trace.parse_advices.end" [3mrss_mb[0m[2m=[0m359 [3mhwm_mb[0m[2m=[0m359
[2m2026-09-15T06:59:09.568651Z[0m [32m INFO[0m [2mmidnight_bench[0m[2m:[0m [3mstage[0m[2m=[0m"trace.lookups_permuted.start" [3mrss_mb[0m[2m=[0m359 [3mhwm_mb[0m[2m=[0m359
[2m2026-09-15T06:59:09.615742Z[0m [32m INFO[0m [2mmidnight_bench[0m[2m:[0m [3mstage[0m[2m=[0m"trace.lookups_permuted.end" [3mrss_mb[0m[2m=[0m365 [3mhwm_mb[0m[2m=[0m365
[2m2026-09-15T06:59:09.615772Z[0m [32m INFO[0m [2mmidnight_bench[0m[2m:[0m [3mstage[0m[2m=[0m"trace.permutations_commit.start" [3mrss_mb[0m[2m=[0m365 [3mhwm_mb[0m[2m=[0m365
[2m2026-09-15T06:59:09.687343Z[0m [32m INFO[0m [2mmidnight_bench[0m[2m:[0m [3mstage[0m[2m=[0m"trace.permutations_commit.end" [3mrss_mb[0m[2m=[0m372 [3mhwm_mb[0m[2m=[0m372
[2m2026-09-15T06:59:09.687369Z[0m [32m INFO[0m [2mmidnight_bench[0m[2m:[0m [3mstage[0m[2m=[0m"trace.lookups_product.start" [3mrss_mb[0m[2m=[0m372 [3mhwm_mb[0m[2m=[0m372
[2m2026-09-15T06:59:09.738601Z[0m [32m INFO[0m [2mmidnight_bench[0m[2m:[0m [3mstage[0m[2m=[0m"trace.lookups_product.end" [3mrss_mb[0m[2m=[0m372 [3mhwm_mb[0m[2m=[0m372
[2m2026-09-15T06:59:09.768214Z[0m [32m INFO[0m [2mmidnight_bench[0m[2m:[0m [3mstage[0m[2m=[0m"create_proof.compute_trace.end" [3mrss_mb[0m[2m=[0m373 [3mhwm_mb[0m[2m=[0m373
[2m2026-09-15T06:59:09.768242Z[0m [32m INFO[0m [2mmidnight_bench[0m[2m:[0m [3mstage[0m[2m=[0m"create_proof.finalise_proof.start" [3mrss_mb[0m[2m=[0m373 [3mhwm_mb[0m[2m=[0m373
[2m2026-09-15T06:59:09.768251Z[0m [32m INFO[0m [2mmidnight_bench[0m[2m:[0m [3mstage[0m[2m=[0m"finalise.compute_h_poly.start" [3mrss_mb[0m[2m=[0m373 [3mhwm_mb[0m[2m=[0m373
[2m2026-09-15T06:59:09.786536Z[0m [32m INFO[0m [2mmidnight_bench[0m[2m:[0m [3mstage[0m[2m=[0m"finalise.compute_h_poly.materialise_fixed_cosets.start" [3mrss_mb[0m[2m=[0m373 [3mhwm_mb[0m[2m=[0m373
[2m2026-09-15T06:59:09.815872Z[0m [32m INFO[0m [2mmidnight_bench[0m[2m:[0m [3mstage[0m[2m=[0m"finalise.compute_h_poly.materialise_fixed_cosets.end" [3mrss_mb[0m[2m=[0m373 [3mhwm_mb[0m[2m=[0m373
[2m2026-09-15T06:59:09.815897Z[0m [32m INFO[0m [2mmidnight_bench[0m[2m:[0m [3mstage[0m[2m=[0m"finalise.compute_h_poly.materialise_perm_cosets.start" [3mrss_mb[0m[2m=[0m373 [3mhwm_mb[0m[2m=[0m373
[2m2026-09-15T06:59:09.829193Z[0m [32m INFO[0m [2mmidnight_bench[0m[2m:[0m [3mstage[0m[2m=[0m"finalise.compute_h_poly.materialise_perm_cosets.end" [3mrss_mb[0m[2m=[0m373 [3mhwm_mb[0m[2m=[0m373
[2m2026-09-15T06:59:09.961566Z[0m [32m INFO[0m [2mmidnight_bench[0m[2m:[0m [3mstage[0m[2m=[0m"finalise.compute_h_poly.drop_cosets.end" [3mrss_mb[0m[2m=[0m373 [3mhwm_mb[0m[2m=[0m373
[2m2026-09-15T06:59:09.961596Z[0m [32m INFO[0m [2mmidnight_bench[0m[2m:[0m [3mstage[0m[2m=[0m"finalise.compute_h_poly.end" [3mrss_mb[0m[2m=[0m373 [3mhwm_mb[0m[2m=[0m373
[2m2026-09-15T06:59:09.961604Z[0m [32m INFO[0m [2mmidnight_bench[0m[2m:[0m [3mstage[0m[2m=[0m"finalise.vanishing_construct.start" [3mrss_mb[0m[2m=[0m373 [3mhwm_mb[0m[2m=[0m373
[2m2026-09-15T06:59:10.056832Z[0m [32m INFO[0m [2mmidnight_bench[0m[2m:[0m [3mstage[0m[2m=[0m"finalise.vanishing_construct.end" [3mrss_mb[0m[2m=[0m373 [3mhwm_mb[0m[2m=[0m373
[2m2026-09-15T06:59:10.095090Z[0m [32m INFO[0m [2mmidnight_bench[0m[2m:[0m [3mstage[0m[2m=[0m"finalise.compute_queries.start" [3mrss_mb[0m[2m=[0m373 [3mhwm_mb[0m[2m=[0m373
[2m2026-09-15T06:59:10.095178Z[0m [32m INFO[0m [2mmidnight_bench[0m[2m:[0m [3mstage[0m[2m=[0m"finalise.multi_open.start" [3mrss_mb[0m[2m=[0m373 [3mhwm_mb[0m[2m=[0m373
[2m2026-09-15T06:59:10.216962Z[0m [32m INFO[0m [2mmidnight_bench[0m[2m:[0m [3mstage[0m[2m=[0m"finalise.multi_open.end" [3mrss_mb[0m[2m=[0m373 [3mhwm_mb[0m[2m=[0m373
[2m2026-09-15T06:59:10.217793Z[0m [32m INFO[0m [2mmidnight_bench[0m[2m:[0m [3mstage[0m[2m=[0m"create_proof.finalise_proof.end" [3mrss_mb[0m[2m=[0m351 [3mhwm_mb[0m[2m=[0m372
[2m2026-09-15T06:59:10.236660Z[0m [32m INFO[0m [2mactix_web::middleware::logger[0m[2m:[0m 192.168.65.1 POST /prove HTTP/1.1; took 0.756030s
[2m2026-09-15T06:59:10.238564Z[0m [32m INFO[0m [2mmidnight_proof_server::endpoints[0m[2m:[0m Starting to process request for /prove...
[2m2026-09-15T06:59:10.332074Z[0m [32m INFO[0m [2mmidnight_bench[0m[2m:[0m [3mstage[0m[2m=[0m"create_proof.compute_trace.start" [3mrss_mb[0m[2m=[0m355 [3mhwm_mb[0m[2m=[0m372
[2m2026-09-15T06:59:10.332101Z[0m [32m INFO[0m [2mmidnight_bench[0m[2m:[0m [3mstage[0m[2m=[0m"trace.compute_instances.start" [3mrss_mb[0m[2m=[0m355 [3mhwm_mb[0m[2m=[0m372
[2m2026-09-15T06:59:10.338634Z[0m [32m INFO[0m [2mmidnight_bench[0m[2m:[0m [3mstage[0m[2m=[0m"trace.compute_instances.end" [3mrss_mb[0m[2m=[0m355 [3mhwm_mb[0m[2m=[0m372
[2m2026-09-15T06:59:10.338657Z[0m [32m INFO[0m [2mmidnight_bench[0m[2m:[0m [3mstage[0m[2m=[0m"trace.parse_advices.start" [3mrss_mb[0m[2m=[0m355 [3mhwm_mb[0m[2m=[0m372
[2m2026-09-15T06:59:10.346742Z[0m [32m INFO[0m [2mmidnight_bench[0m[2m:[0m [3mstage[0m[2m=[0m"trace.parse_advices.end" [3mrss_mb[0m[2m=[0m360 [3mhwm_mb[0m[2m=[0m372
[2m2026-09-15T06:59:10.346881Z[0m [32m INFO[0m [2mmidnight_bench[0m[2m:[0m [3mstage[0m[2m=[0m"trace.lookups_permuted.start" [3mrss_mb[0m[2m=[0m360 [3mhwm_mb[0m[2m=[0m372
[2m2026-09-15T06:59:10.399797Z[0m [32m INFO[0m [2mmidnight_bench[0m[2m:[0m [3mstage[0m[2m=[0m"trace.lookups_permuted.end" [3mrss_mb[0m[2m=[0m365 [3mhwm_mb[0m[2m=[0m372
[2m2026-09-15T06:59:10.399824Z[0m [32m INFO[0m [2mmidnight_bench[0m[2m:[0m [3mstage[0m[2m=[0m"trace.permutations_commit.start" [3mrss_mb[0m[2m=[0m365 [3mhwm_mb[0m[2m=[0m372
[2m2026-09-15T06:59:10.471815Z[0m [32m INFO[0m [2mmidnight_bench[0m[2m:[0m [3mstage[0m[2m=[0m"trace.permutations_commit.end" [3mrss_mb[0m[2m=[0m373 [3mhwm_mb[0m[2m=[0m373
[2m2026-09-15T06:59:10.471841Z[0m [32m INFO[0m [2mmidnight_bench[0m[2m:[0m [3mstage[0m[2m=[0m"trace.lookups_product.start" [3mrss_mb[0m[2m=[0m373 [3mhwm_mb[0m[2m=[0m373
[2m2026-09-15T06:59:10.524576Z[0m [32m INFO[0m [2mmidnight_bench[0m[2m:[0m [3mstage[0m[2m=[0m"trace.lookups_product.end" [3mrss_mb[0m[2m=[0m373 [3mhwm_mb[0m[2m=[0m373
[2m2026-09-15T06:59:10.551683Z[0m [32m INFO[0m [2mmidnight_bench[0m[2m:[0m [3mstage[0m[2m=[0m"create_proof.compute_trace.end" [3mrss_mb[0m[2m=[0m373 [3mhwm_mb[0m[2m=[0m373
[2m2026-09-15T06:59:10.551707Z[0m [32m INFO[0m [2mmidnight_bench[0m[2m:[0m [3mstage[0m[2m=[0m"create_proof.finalise_proof.start" [3mrss_mb[0m[2m=[0m373 [3mhwm_mb[0m[2m=[0m373
[2m2026-09-15T06:59:10.551716Z[0m [32m INFO[0m [2mmidnight_bench[0m[2m:[0m [3mstage[0m[2m=[0m"finalise.compute_h_poly.start" [3mrss_mb[0m[2m=[0m373 [3mhwm_mb[0m[2m=[0m373
[2m2026-09-15T06:59:10.568974Z[0m [32m INFO[0m [2mmidnight_bench[0m[2m:[0m [3mstage[0m[2m=[0m"finalise.compute_h_poly.materialise_fixed_cosets.start" [3mrss_mb[0m[2m=[0m373 [3mhwm_mb[0m[2m=[0m373
[2m2026-09-15T06:59:10.598160Z[0m [32m INFO[0m [2mmidnight_bench[0m[2m:[0m [3mstage[0m[2m=[0m"finalise.compute_h_poly.materialise_fixed_cosets.end" [3mrss_mb[0m[2m=[0m373 [3mhwm_mb[0m[2m=[0m373
[2m2026-09-15T06:59:10.598187Z[0m [32m INFO[0m [2mmidnight_bench[0m[2m:[0m [3mstage[0m[2m=[0m"finalise.compute_h_poly.materialise_perm_cosets.start" [3mrss_mb[0m[2m=[0m373 [3mhwm_mb[0m[2m=[0m373
[2m2026-09-15T06:59:10.614006Z[0m [32m INFO[0m [2mmidnight_bench[0m[2m:[0m [3mstage[0m[2m=[0m"finalise.compute_h_poly.materialise_perm_cosets.end" [3mrss_mb[0m[2m=[0m375 [3mhwm_mb[0m[2m=[0m375
[2m2026-09-15T06:59:10.748191Z[0m [32m INFO[0m [2mmidnight_bench[0m[2m:[0m [3mstage[0m[2m=[0m"finalise.compute_h_poly.drop_cosets.end" [3mrss_mb[0m[2m=[0m376 [3mhwm_mb[0m[2m=[0m376
[2m2026-09-15T06:59:10.748227Z[0m [32m INFO[0m [2mmidnight_bench[0m[2m:[0m [3mstage[0m[2m=[0m"finalise.compute_h_poly.end" [3mrss_mb[0m[2m=[0m376 [3mhwm_mb[0m[2m=[0m376
[2m2026-09-15T06:59:10.748236Z[0m [32m INFO[0m [2mmidnight_bench[0m[2m:[0m [3mstage[0m[2m=[0m"finalise.vanishing_construct.start" [3mrss_mb[0m[2m=[0m376 [3mhwm_mb[0m[2m=[0m376
[2m2026-09-15T06:59:10.843373Z[0m [32m INFO[0m [2mmidnight_bench[0m[2m:[0m [3mstage[0m[2m=[0m"finalise.vanishing_construct.end" [3mrss_mb[0m[2m=[0m376 [3mhwm_mb[0m[2m=[0m376
[2m2026-09-15T06:59:10.873557Z[0m [32m INFO[0m [2mmidnight_bench[0m[2m:[0m [3mstage[0m[2m=[0m"finalise.compute_queries.start" [3mrss_mb[0m[2m=[0m376 [3mhwm_mb[0m[2m=[0m376
[2m2026-09-15T06:59:10.873650Z[0m [32m INFO[0m [2mmidnight_bench[0m[2m:[0m [3mstage[0m[2m=[0m"finalise.multi_open.start" [3mrss_mb[0m[2m=[0m376 [3mhwm_mb[0m[2m=[0m376
[2m2026-09-15T06:59:10.964023Z[0m [32m INFO[0m [2mmidnight_bench[0m[2m:[0m [3mstage[0m[2m=[0m"finalise.multi_open.end" [3mrss_mb[0m[2m=[0m376 [3mhwm_mb[0m[2m=[0m376
[2m2026-09-15T06:59:10.964729Z[0m [32m INFO[0m [2mmidnight_bench[0m[2m:[0m [3mstage[0m[2m=[0m"create_proof.finalise_proof.end" [3mrss_mb[0m[2m=[0m353 [3mhwm_mb[0m[2m=[0m375
[2m2026-09-15T06:59:10.980461Z[0m [32m INFO[0m [2mactix_web::middleware::logger[0m[2m:[0m 192.168.65.1 POST /prove HTTP/1.1; took 0.741916s
[2m2026-09-15T06:59:10.982222Z[0m [32m INFO[0m [2mmidnight_proof_server::endpoints[0m[2m:[0m Starting to process request for /prove...
[2m2026-09-15T06:59:11.056507Z[0m [32m INFO[0m [2mmidnight_bench[0m[2m:[0m [3mstage[0m[2m=[0m"create_proof.compute_trace.start" [3mrss_mb[0m[2m=[0m359 [3mhwm_mb[0m[2m=[0m375
[2m2026-09-15T06:59:11.056537Z[0m [32m INFO[0m [2mmidnight_bench[0m[2m:[0m [3mstage[0m[2m=[0m"trace.compute_instances.start" [3mrss_mb[0m[2m=[0m359 [3mhwm_mb[0m[2m=[0m375
[2m2026-09-15T06:59:11.062948Z[0m [32m INFO[0m [2mmidnight_bench[0m[2m:[0m [3mstage[0m[2m=[0m"trace.compute_instances.end" [3mrss_mb[0m[2m=[0m359 [3mhwm_mb[0m[2m=[0m375
[2m2026-09-15T06:59:11.062972Z[0m [32m INFO[0m [2mmidnight_bench[0m[2m:[0m [3mstage[0m[2m=[0m"trace.parse_advices.start" [3mrss_mb[0m[2m=[0m359 [3mhwm_mb[0m[2m=[0m375
[2m2026-09-15T06:59:11.068769Z[0m [32m INFO[0m [2mmidnight_bench[0m[2m:[0m [3mstage[0m[2m=[0m"trace.parse_advices.end" [3mrss_mb[0m[2m=[0m363 [3mhwm_mb[0m[2m=[0m375
[2m2026-09-15T06:59:11.068789Z[0m [32m INFO[0m [2mmidnight_bench[0m[2m:[0m [3mstage[0m[2m=[0m"trace.lookups_permuted.start" [3mrss_mb[0m[2m=[0m363 [3mhwm_mb[0m[2m=[0m375
[2m2026-09-15T06:59:11.116562Z[0m [32m INFO[0m [2mmidnight_bench[0m[2m:[0m [3mstage[0m[2m=[0m"trace.lookups_permuted.end" [3mrss_mb[0m[2m=[0m369 [3mhwm_mb[0m[2m=[0m375
[2m2026-09-15T06:59:11.116591Z[0m [32m INFO[0m [2mmidnight_bench[0m[2m:[0m [3mstage[0m[2m=[0m"trace.permutations_commit.start" [3mrss_mb[0m[2m=[0m369 [3mhwm_mb[0m[2m=[0m375
[2m2026-09-15T06:59:11.185702Z[0m [32m INFO[0m [2mmidnight_bench[0m[2m:[0m [3mstage[0m[2m=[0m"trace.permutations_commit.end" [3mrss_mb[0m[2m=[0m376 [3mhwm_mb[0m[2m=[0m376
[2m2026-09-15T06:59:11.185726Z[0m [32m INFO[0m [2mmidnight_bench[0m[2m:[0m [3mstage[0m[2m=[0m"trace.lookups_product.start" [3mrss_mb[0m[2m=[0m376 [3mhwm_mb[0m[2m=[0m376
[2m2026-09-15T06:59:11.238579Z[0m [32m INFO[0m [2mmidnight_bench[0m[2m:[0m [3mstage[0m[2m=[0m"trace.lookups_product.end" [3mrss_mb[0m[2m=[0m376 [3mhwm_mb[0m[2m=[0m376
[2m2026-09-15T06:59:11.262612Z[0m [32m INFO[0m [2mmidnight_bench[0m[2m:[0m [3mstage[0m[2m=[0m"create_proof.compute_trace.end" [3mrss_mb[0m[2m=[0m377 [3mhwm_mb[0m[2m=[0m377
[2m2026-09-15T06:59:11.262630Z[0m [32m INFO[0m [2mmidnight_bench[0m[2m:[0m [3mstage[0m[2m=[0m"create_proof.finalise_proof.start" [3mrss_mb[0m[2m=[0m377 [3mhwm_mb[0m[2m=[0m377
[2m2026-09-15T06:59:11.262639Z[0m [32m INFO[0m [2mmidnight_bench[0m[2m:[0m [3mstage[0m[2m=[0m"finalise.compute_h_poly.start" [3mrss_mb[0m[2m=[0m377 [3mhwm_mb[0m[2m=[0m377
[2m2026-09-15T06:59:11.277908Z[0m [32m INFO[0m [2mmidnight_bench[0m[2m:[0m [3mstage[0m[2m=[0m"finalise.compute_h_poly.materialise_fixed_cosets.start" [3mrss_mb[0m[2m=[0m377 [3mhwm_mb[0m[2m=[0m377
[2m2026-09-15T06:59:11.303758Z[0m [32m INFO[0m [2mmidnight_bench[0m[2m:[0m [3mstage[0m[2m=[0m"finalise.compute_h_poly.materialise_fixed_cosets.end" [3mrss_mb[0m[2m=[0m377 [3mhwm_mb[0m[2m=[0m377
[2m2026-09-15T06:59:11.303783Z[0m [32m INFO[0m [2mmidnight_bench[0m[2m:[0m [3mstage[0m[2m=[0m"finalise.compute_h_poly.materialise_perm_cosets.start" [3mrss_mb[0m[2m=[0m377 [3mhwm_mb[0m[2m=[0m377
[2m2026-09-15T06:59:11.318753Z[0m [32m INFO[0m [2mmidnight_bench[0m[2m:[0m [3mstage[0m[2m=[0m"finalise.compute_h_poly.materialise_perm_cosets.end" [3mrss_mb[0m[2m=[0m377 [3mhwm_mb[0m[2m=[0m377
[2m2026-09-15T06:59:11.457309Z[0m [32m INFO[0m [2mmidnight_bench[0m[2m:[0m [3mstage[0m[2m=[0m"finalise.compute_h_poly.drop_cosets.end" [3mrss_mb[0m[2m=[0m377 [3mhwm_mb[0m[2m=[0m377
[2m2026-09-15T06:59:11.457341Z[0m [32m INFO[0m [2mmidnight_bench[0m[2m:[0m [3mstage[0m[2m=[0m"finalise.compute_h_poly.end" [3mrss_mb[0m[2m=[0m377 [3mhwm_mb[0m[2m=[0m377
[2m2026-09-15T06:59:11.457349Z[0m [32m INFO[0m [2mmidnight_bench[0m[2m:[0m [3mstage[0m[2m=[0m"finalise.vanishing_construct.start" [3mrss_mb[0m[2m=[0m377 [3mhwm_mb[0m[2m=[0m377
[2m2026-09-15T06:59:11.553839Z[0m [32m INFO[0m [2mmidnight_bench[0m[2m:[0m [3mstage[0m[2m=[0m"finalise.vanishing_construct.end" [3mrss_mb[0m[2m=[0m377 [3mhwm_mb[0m[2m=[0m377
[2m2026-09-15T06:59:11.598932Z[0m [32m INFO[0m [2mmidnight_bench[0m[2m:[0m [3mstage[0m[2m=[0m"finalise.compute_queries.start" [3mrss_mb[0m[2m=[0m377 [3mhwm_mb[0m[2m=[0m377
[2m2026-09-15T06:59:11.599023Z[0m [32m INFO[0m [2mmidnight_bench[0m[2m:[0m [3mstage[0m[2m=[0m"finalise.multi_open.start" [3mrss_mb[0m[2m=[0m377 [3mhwm_mb[0m[2m=[0m377
[2m2026-09-15T06:59:11.691572Z[0m [32m INFO[0m [2mmidnight_bench[0m[2m:[0m [3mstage[0m[2m=[0m"finalise.multi_open.end" [3mrss_mb[0m[2m=[0m377 [3mhwm_mb[0m[2m=[0m377
[2m2026-09-15T06:59:11.692451Z[0m [32m INFO[0m [2mmidnight_bench[0m[2m:[0m [3mstage[0m[2m=[0m"create_proof.finalise_proof.end" [3mrss_mb[0m[2m=[0m355 [3mhwm_mb[0m[2m=[0m376
[2m2026-09-15T06:59:11.707690Z[0m [32m INFO[0m [2mactix_web::middleware::logger[0m[2m:[0m 192.168.65.1 POST /prove HTTP/1.1; took 0.725485s
[2m2026-09-15T06:59:11.709089Z[0m [32m INFO[0m [2mmidnight_proof_server::endpoints[0m[2m:[0m Starting to process request for /prove...
[2m2026-09-15T06:59:11.785492Z[0m [32m INFO[0m [2mmidnight_bench[0m[2m:[0m [3mstage[0m[2m=[0m"create_proof.compute_trace.start" [3mrss_mb[0m[2m=[0m362 [3mhwm_mb[0m[2m=[0m376
[2m2026-09-15T06:59:11.785523Z[0m [32m INFO[0m [2mmidnight_bench[0m[2m:[0m [3mstage[0m[2m=[0m"trace.compute_instances.start" [3mrss_mb[0m[2m=[0m362 [3mhwm_mb[0m[2m=[0m376
[2m2026-09-15T06:59:11.790835Z[0m [32m INFO[0m [2mmidnight_bench[0m[2m:[0m [3mstage[0m[2m=[0m"trace.compute_instances.end" [3mrss_mb[0m[2m=[0m362 [3mhwm_mb[0m[2m=[0m376
[2m2026-09-15T06:59:11.790857Z[0m [32m INFO[0m [2mmidnight_bench[0m[2m:[0m [3mstage[0m[2m=[0m"trace.parse_advices.start" [3mrss_mb[0m[2m=[0m362 [3mhwm_mb[0m[2m=[0m376
[2m2026-09-15T06:59:11.796642Z[0m [32m INFO[0m [2mmidnight_bench[0m[2m:[0m [3mstage[0m[2m=[0m"trace.parse_advices.end" [3mrss_mb[0m[2m=[0m367 [3mhwm_mb[0m[2m=[0m376
[2m2026-09-15T06:59:11.796666Z[0m [32m INFO[0m [2mmidnight_bench[0m[2m:[0m [3mstage[0m[2m=[0m"trace.lookups_permuted.start" [3mrss_mb[0m[2m=[0m367 [3mhwm_mb[0m[2m=[0m376
[2m2026-09-15T06:59:11.843823Z[0m [32m INFO[0m [2mmidnight_bench[0m[2m:[0m [3mstage[0m[2m=[0m"trace.lookups_permuted.end" [3mrss_mb[0m[2m=[0m372 [3mhwm_mb[0m[2m=[0m376
[2m2026-09-15T06:59:11.843903Z[0m [32m INFO[0m [2mmidnight_bench[0m[2m:[0m [3mstage[0m[2m=[0m"trace.permutations_commit.start" [3mrss_mb[0m[2m=[0m372 [3mhwm_mb[0m[2m=[0m376
[2m2026-09-15T06:59:11.917067Z[0m [32m INFO[0m [2mmidnight_bench[0m[2m:[0m [3mstage[0m[2m=[0m"trace.permutations_commit.end" [3mrss_mb[0m[2m=[0m380 [3mhwm_mb[0m[2m=[0m380
[2m2026-09-15T06:59:11.917094Z[0m [32m INFO[0m [2mmidnight_bench[0m[2m:[0m [3mstage[0m[2m=[0m"trace.lookups_product.start" [3mrss_mb[0m[2m=[0m380 [3mhwm_mb[0m[2m=[0m380
[2m2026-09-15T06:59:11.966429Z[0m [32m INFO[0m [2mmidnight_bench[0m[2m:[0m [3mstage[0m[2m=[0m"trace.lookups_product.end" [3mrss_mb[0m[2m=[0m380 [3mhwm_mb[0m[2m=[0m380
[2m2026-09-15T06:59:11.994157Z[0m [32m INFO[0m [2mmidnight_bench[0m[2m:[0m [3mstage[0m[2m=[0m"create_proof.compute_trace.end" [3mrss_mb[0m[2m=[0m380 [3mhwm_mb[0m[2m=[0m380
[2m2026-09-15T06:59:11.994173Z[0m [32m INFO[0m [2mmidnight_bench[0m[2m:[0m [3mstage[0m[2m=[0m"create_proof.finalise_proof.start" [3mrss_mb[0m[2m=[0m380 [3mhwm_mb[0m[2m=[0m380
[2m2026-09-15T06:59:11.994181Z[0m [32m INFO[0m [2mmidnight_bench[0m[2m:[0m [3mstage[0m[2m=[0m"finalise.compute_h_poly.start" [3mrss_mb[0m[2m=[0m380 [3mhwm_mb[0m[2m=[0m380
[2m2026-09-15T06:59:12.010470Z[0m [32m INFO[0m [2mmidnight_bench[0m[2m:[0m [3mstage[0m[2m=[0m"finalise.compute_h_poly.materialise_fixed_cosets.start" [3mrss_mb[0m[2m=[0m380 [3mhwm_mb[0m[2m=[0m380
[2m2026-09-15T06:59:12.041778Z[0m [32m INFO[0m [2mmidnight_bench[0m[2m:[0m [3mstage[0m[2m=[0m"finalise.compute_h_poly.materialise_fixed_cosets.end" [3mrss_mb[0m[2m=[0m380 [3mhwm_mb[0m[2m=[0m380
[2m2026-09-15T06:59:12.041804Z[0m [32m INFO[0m [2mmidnight_bench[0m[2m:[0m [3mstage[0m[2m=[0m"finalise.compute_h_poly.materialise_perm_cosets.start" [3mrss_mb[0m[2m=[0m380 [3mhwm_mb[0m[2m=[0m380
[2m2026-09-15T06:59:12.055453Z[0m [32m INFO[0m [2mmidnight_bench[0m[2m:[0m [3mstage[0m[2m=[0m"finalise.compute_h_poly.materialise_perm_cosets.end" [3mrss_mb[0m[2m=[0m380 [3mhwm_mb[0m[2m=[0m380
[2m2026-09-15T06:59:12.185966Z[0m [32m INFO[0m [2mmidnight_bench[0m[2m:[0m [3mstage[0m[2m=[0m"finalise.compute_h_poly.drop_cosets.end" [3mrss_mb[0m[2m=[0m381 [3mhwm_mb[0m[2m=[0m381
[2m2026-09-15T06:59:12.186000Z[0m [32m INFO[0m [2mmidnight_bench[0m[2m:[0m [3mstage[0m[2m=[0m"finalise.compute_h_poly.end" [3mrss_mb[0m[2m=[0m381 [3mhwm_mb[0m[2m=[0m381
[2m2026-09-15T06:59:12.186008Z[0m [32m INFO[0m [2mmidnight_bench[0m[2m:[0m [3mstage[0m[2m=[0m"finalise.vanishing_construct.start" [3mrss_mb[0m[2m=[0m381 [3mhwm_mb[0m[2m=[0m381
[2m2026-09-15T06:59:12.285375Z[0m [32m INFO[0m [2mmidnight_bench[0m[2m:[0m [3mstage[0m[2m=[0m"finalise.vanishing_construct.end" [3mrss_mb[0m[2m=[0m381 [3mhwm_mb[0m[2m=[0m381
[2m2026-09-15T06:59:12.316503Z[0m [32m INFO[0m [2mmidnight_bench[0m[2m:[0m [3mstage[0m[2m=[0m"finalise.compute_queries.start" [3mrss_mb[0m[2m=[0m381 [3mhwm_mb[0m[2m=[0m381
[2m2026-09-15T06:59:12.316621Z[0m [32m INFO[0m [2mmidnight_bench[0m[2m:[0m [3mstage[0m[2m=[0m"finalise.multi_open.start" [3mrss_mb[0m[2m=[0m381 [3mhwm_mb[0m[2m=[0m381
[2m2026-09-15T06:59:12.408074Z[0m [32m INFO[0m [2mmidnight_bench[0m[2m:[0m [3mstage[0m[2m=[0m"finalise.multi_open.end" [3mrss_mb[0m[2m=[0m381 [3mhwm_mb[0m[2m=[0m381
[2m2026-09-15T06:59:12.408763Z[0m [32m INFO[0m [2mmidnight_bench[0m[2m:[0m [3mstage[0m[2m=[0m"create_proof.finalise_proof.end" [3mrss_mb[0m[2m=[0m358 [3mhwm_mb[0m[2m=[0m380
[2m2026-09-15T06:59:12.424318Z[0m [32m INFO[0m [2mactix_web::middleware::logger[0m[2m:[0m 192.168.65.1 POST /prove HTTP/1.1; took 0.715246s
[2m2026-09-15T06:59:12.425778Z[0m [32m INFO[0m [2mmidnight_proof_server::endpoints[0m[2m:[0m Starting to process request for /prove...
[2m2026-09-15T06:59:12.499308Z[0m [32m INFO[0m [2mmidnight_bench[0m[2m:[0m [3mstage[0m[2m=[0m"create_proof.compute_trace.start" [3mrss_mb[0m[2m=[0m375 [3mhwm_mb[0m[2m=[0m380
[2m2026-09-15T06:59:12.499343Z[0m [32m INFO[0m [2mmidnight_bench[0m[2m:[0m [3mstage[0m[2m=[0m"trace.compute_instances.start" [3mrss_mb[0m[2m=[0m375 [3mhwm_mb[0m[2m=[0m380
[2m2026-09-15T06:59:12.505303Z[0m [32m INFO[0m [2mmidnight_bench[0m[2m:[0m [3mstage[0m[2m=[0m"trace.compute_instances.end" [3mrss_mb[0m[2m=[0m375 [3mhwm_mb[0m[2m=[0m380
[2m2026-09-15T06:59:12.505326Z[0m [32m INFO[0m [2mmidnight_bench[0m[2m:[0m [3mstage[0m[2m=[0m"trace.parse_advices.start" [3mrss_mb[0m[2m=[0m375 [3mhwm_mb[0m[2m=[0m380
[2m2026-09-15T06:59:12.510928Z[0m [32m INFO[0m [2mmidnight_bench[0m[2m:[0m [3mstage[0m[2m=[0m"trace.parse_advices.end" [3mrss_mb[0m[2m=[0m380 [3mhwm_mb[0m[2m=[0m380
[2m2026-09-15T06:59:12.510950Z[0m [32m INFO[0m [2mmidnight_bench[0m[2m:[0m [3mstage[0m[2m=[0m"trace.lookups_permuted.start" [3mrss_mb[0m[2m=[0m380 [3mhwm_mb[0m[2m=[0m380
[2m2026-09-15T06:59:12.560686Z[0m [32m INFO[0m [2mmidnight_bench[0m[2m:[0m [3mstage[0m[2m=[0m"trace.lookups_permuted.end" [3mrss_mb[0m[2m=[0m385 [3mhwm_mb[0m[2m=[0m385
[2m2026-09-15T06:59:12.560720Z[0m [32m INFO[0m [2mmidnight_bench[0m[2m:[0m [3mstage[0m[2m=[0m"trace.permutations_commit.start" [3mrss_mb[0m[2m=[0m385 [3mhwm_mb[0m[2m=[0m385
[2m2026-09-15T06:59:12.630111Z[0m [32m INFO[0m [2mmidnight_bench[0m[2m:[0m [3mstage[0m[2m=[0m"trace.permutations_commit.end" [3mrss_mb[0m[2m=[0m393 [3mhwm_mb[0m[2m=[0m393
[2m2026-09-15T06:59:12.630135Z[0m [32m INFO[0m [2mmidnight_bench[0m[2m:[0m [3mstage[0m[2m=[0m"trace.lookups_product.start" [3mrss_mb[0m[2m=[0m393 [3mhwm_mb[0m[2m=[0m393
[2m2026-09-15T06:59:12.681721Z[0m [32m INFO[0m [2mmidnight_bench[0m[2m:[0m [3mstage[0m[2m=[0m"trace.lookups_product.end" [3mrss_mb[0m[2m=[0m393 [3mhwm_mb[0m[2m=[0m393
[2m2026-09-15T06:59:12.705591Z[0m [32m INFO[0m [2mmidnight_bench[0m[2m:[0m [3mstage[0m[2m=[0m"create_proof.compute_trace.end" [3mrss_mb[0m[2m=[0m393 [3mhwm_mb[0m[2m=[0m393
[2m2026-09-15T06:59:12.705623Z[0m [32m INFO[0m [2mmidnight_bench[0m[2m:[0m [3mstage[0m[2m=[0m"create_proof.finalise_proof.start" [3mrss_mb[0m[2m=[0m393 [3mhwm_mb[0m[2m=[0m393
[2m2026-09-15T06:59:12.705631Z[0m [32m INFO[0m [2mmidnight_bench[0m[2m:[0m [3mstage[0m[2m=[0m"finalise.compute_h_poly.start" [3mrss_mb[0m[2m=[0m393 [3mhwm_mb[0m[2m=[0m393
[2m2026-09-15T06:59:12.721849Z[0m [32m INFO[0m [2mmidnight_bench[0m[2m:[0m [3mstage[0m[2m=[0m"finalise.compute_h_poly.materialise_fixed_cosets.start" [3mrss_mb[0m[2m=[0m393 [3mhwm_mb[0m[2m=[0m393
[2m2026-09-15T06:59:12.749831Z[0m [32m INFO[0m [2mmidnight_bench[0m[2m:[0m [3mstage[0m[2m=[0m"finalise.compute_h_poly.materialise_fixed_cosets.end" [3mrss_mb[0m[2m=[0m393 [3mhwm_mb[0m[2m=[0m393
[2m2026-09-15T06:59:12.749856Z[0m [32m INFO[0m [2mmidnight_bench[0m[2m:[0m [3mstage[0m[2m=[0m"finalise.compute_h_poly.materialise_perm_cosets.start" [3mrss_mb[0m[2m=[0m393 [3mhwm_mb[0m[2m=[0m393
[2m2026-09-15T06:59:12.766288Z[0m [32m INFO[0m [2mmidnight_bench[0m[2m:[0m [3mstage[0m[2m=[0m"finalise.compute_h_poly.materialise_perm_cosets.end" [3mrss_mb[0m[2m=[0m393 [3mhwm_mb[0m[2m=[0m393
[2m2026-09-15T06:59:12.892514Z[0m [32m INFO[0m [2mmidnight_bench[0m[2m:[0m [3mstage[0m[2m=[0m"finalise.compute_h_poly.drop_cosets.end" [3mrss_mb[0m[2m=[0m394 [3mhwm_mb[0m[2m=[0m394
[2m2026-09-15T06:59:12.892545Z[0m [32m INFO[0m [2mmidnight_bench[0m[2m:[0m [3mstage[0m[2m=[0m"finalise.compute_h_poly.end" [3mrss_mb[0m[2m=[0m394 [3mhwm_mb[0m[2m=[0m394
[2m2026-09-15T06:59:12.892552Z[0m [32m INFO[0m [2mmidnight_bench[0m[2m:[0m [3mstage[0m[2m=[0m"finalise.vanishing_construct.start" [3mrss_mb[0m[2m=[0m394 [3mhwm_mb[0m[2m=[0m394
[2m2026-09-15T06:59:12.983722Z[0m [32m INFO[0m [2mmidnight_bench[0m[2m:[0m [3mstage[0m[2m=[0m"finalise.vanishing_construct.end" [3mrss_mb[0m[2m=[0m394 [3mhwm_mb[0m[2m=[0m394
[2m2026-09-15T06:59:13.016204Z[0m [32m INFO[0m [2mmidnight_bench[0m[2m:[0m [3mstage[0m[2m=[0m"finalise.compute_queries.start" [3mrss_mb[0m[2m=[0m394 [3mhwm_mb[0m[2m=[0m394
[2m2026-09-15T06:59:13.016294Z[0m [32m INFO[0m [2mmidnight_bench[0m[2m:[0m [3mstage[0m[2m=[0m"finalise.multi_open.start" [3mrss_mb[0m[2m=[0m394 [3mhwm_mb[0m[2m=[0m394
[2m2026-09-15T06:59:13.115718Z[0m [32m INFO[0m [2mmidnight_bench[0m[2m:[0m [3mstage[0m[2m=[0m"finalise.multi_open.end" [3mrss_mb[0m[2m=[0m394 [3mhwm_mb[0m[2m=[0m394
[2m2026-09-15T06:59:13.116621Z[0m [32m INFO[0m [2mmidnight_bench[0m[2m:[0m [3mstage[0m[2m=[0m"create_proof.finalise_proof.end" [3mrss_mb[0m[2m=[0m371 [3mhwm_mb[0m[2m=[0m393
[2m2026-09-15T06:59:13.132077Z[0m [32m INFO[0m [2mactix_web::middleware::logger[0m[2m:[0m 192.168.65.1 POST /prove HTTP/1.1; took 0.706315s
[2m2026-09-15T06:59:13.134186Z[0m [32m INFO[0m [2mmidnight_proof_server::endpoints[0m[2m:[0m Starting to process request for /prove...
[2m2026-09-15T06:59:13.205778Z[0m [32m INFO[0m [2mmidnight_bench[0m[2m:[0m [3mstage[0m[2m=[0m"create_proof.compute_trace.start" [3mrss_mb[0m[2m=[0m375 [3mhwm_mb[0m[2m=[0m393
[2m2026-09-15T06:59:13.205813Z[0m [32m INFO[0m [2mmidnight_bench[0m[2m:[0m [3mstage[0m[2m=[0m"trace.compute_instances.start" [3mrss_mb[0m[2m=[0m375 [3mhwm_mb[0m[2m=[0m393
[2m2026-09-15T06:59:13.211794Z[0m [32m INFO[0m [2mmidnight_bench[0m[2m:[0m [3mstage[0m[2m=[0m"trace.compute_instances.end" [3mrss_mb[0m[2m=[0m375 [3mhwm_mb[0m[2m=[0m393
[2m2026-09-15T06:59:13.211815Z[0m [32m INFO[0m [2mmidnight_bench[0m[2m:[0m [3mstage[0m[2m=[0m"trace.parse_advices.start" [3mrss_mb[0m[2m=[0m375 [3mhwm_mb[0m[2m=[0m393
[2m2026-09-15T06:59:13.217893Z[0m [32m INFO[0m [2mmidnight_bench[0m[2m:[0m [3mstage[0m[2m=[0m"trace.parse_advices.end" [3mrss_mb[0m[2m=[0m380 [3mhwm_mb[0m[2m=[0m393
[2m2026-09-15T06:59:13.217917Z[0m [32m INFO[0m [2mmidnight_bench[0m[2m:[0m [3mstage[0m[2m=[0m"trace.lookups_permuted.start" [3mrss_mb[0m[2m=[0m380 [3mhwm_mb[0m[2m=[0m393
[2m2026-09-15T06:59:13.264606Z[0m [32m INFO[0m [2mmidnight_bench[0m[2m:[0m [3mstage[0m[2m=[0m"trace.lookups_permuted.end" [3mrss_mb[0m[2m=[0m385 [3mhwm_mb[0m[2m=[0m393
[2m2026-09-15T06:59:13.264640Z[0m [32m INFO[0m [2mmidnight_bench[0m[2m:[0m [3mstage[0m[2m=[0m"trace.permutations_commit.start" [3mrss_mb[0m[2m=[0m385 [3mhwm_mb[0m[2m=[0m393
[2m2026-09-15T06:59:13.336665Z[0m [32m INFO[0m [2mmidnight_bench[0m[2m:[0m [3mstage[0m[2m=[0m"trace.permutations_commit.end" [3mrss_mb[0m[2m=[0m393 [3mhwm_mb[0m[2m=[0m393
[2m2026-09-15T06:59:13.336691Z[0m [32m INFO[0m [2mmidnight_bench[0m[2m:[0m [3mstage[0m[2m=[0m"trace.lookups_product.start" [3mrss_mb[0m[2m=[0m393 [3mhwm_mb[0m[2m=[0m393
[2m2026-09-15T06:59:13.389647Z[0m [32m INFO[0m [2mmidnight_bench[0m[2m:[0m [3mstage[0m[2m=[0m"trace.lookups_product.end" [3mrss_mb[0m[2m=[0m393 [3mhwm_mb[0m[2m=[0m393
[2m2026-09-15T06:59:13.414076Z[0m [32m INFO[0m [2mmidnight_bench[0m[2m:[0m [3mstage[0m[2m=[0m"create_proof.compute_trace.end" [3mrss_mb[0m[2m=[0m393 [3mhwm_mb[0m[2m=[0m393
[2m2026-09-15T06:59:13.414102Z[0m [32m INFO[0m [2mmidnight_bench[0m[2m:[0m [3mstage[0m[2m=[0m"create_proof.finalise_proof.start" [3mrss_mb[0m[2m=[0m393 [3mhwm_mb[0m[2m=[0m393
[2m2026-09-15T06:59:13.414110Z[0m [32m INFO[0m [2mmidnight_bench[0m[2m:[0m [3mstage[0m[2m=[0m"finalise.compute_h_poly.start" [3mrss_mb[0m[2m=[0m393 [3mhwm_mb[0m[2m=[0m393
[2m2026-09-15T06:59:13.430069Z[0m [32m INFO[0m [2mmidnight_bench[0m[2m:[0m [3mstage[0m[2m=[0m"finalise.compute_h_poly.materialise_fixed_cosets.start" [3mrss_mb[0m[2m=[0m393 [3mhwm_mb[0m[2m=[0m393
[2m2026-09-15T06:59:13.454065Z[0m [32m INFO[0m [2mmidnight_bench[0m[2m:[0m [3mstage[0m[2m=[0m"finalise.compute_h_poly.materialise_fixed_cosets.end" [3mrss_mb[0m[2m=[0m393 [3mhwm_mb[0m[2m=[0m393
[2m2026-09-15T06:59:13.454095Z[0m [32m INFO[0m [2mmidnight_bench[0m[2m:[0m [3mstage[0m[2m=[0m"finalise.compute_h_poly.materialise_perm_cosets.start" [3mrss_mb[0m[2m=[0m393 [3mhwm_mb[0m[2m=[0m393
[2m2026-09-15T06:59:13.470137Z[0m [32m INFO[0m [2mmidnight_bench[0m[2m:[0m [3mstage[0m[2m=[0m"finalise.compute_h_poly.materialise_perm_cosets.end" [3mrss_mb[0m[2m=[0m393 [3mhwm_mb[0m[2m=[0m393
[2m2026-09-15T06:59:13.594639Z[0m [32m INFO[0m [2mmidnight_bench[0m[2m:[0m [3mstage[0m[2m=[0m"finalise.compute_h_poly.drop_cosets.end" [3mrss_mb[0m[2m=[0m394 [3mhwm_mb[0m[2m=[0m394
[2m2026-09-15T06:59:13.594674Z[0m [32m INFO[0m [2mmidnight_bench[0m[2m:[0m [3mstage[0m[2m=[0m"finalise.compute_h_poly.end" [3mrss_mb[0m[2m=[0m394 [3mhwm_mb[0m[2m=[0m394
[2m2026-09-15T06:59:13.594681Z[0m [32m INFO[0m [2mmidnight_bench[0m[2m:[0m [3mstage[0m[2m=[0m"finalise.vanishing_construct.start" [3mrss_mb[0m[2m=[0m394 [3mhwm_mb[0m[2m=[0m394
[2m2026-09-15T06:59:13.684936Z[0m [32m INFO[0m [2mmidnight_bench[0m[2m:[0m [3mstage[0m[2m=[0m"finalise.vanishing_construct.end" [3mrss_mb[0m[2m=[0m394 [3mhwm_mb[0m[2m=[0m394
[2m2026-09-15T06:59:13.712049Z[0m [32m INFO[0m [2mmidnight_bench[0m[2m:[0m [3mstage[0m[2m=[0m"finalise.compute_queries.start" [3mrss_mb[0m[2m=[0m394 [3mhwm_mb[0m[2m=[0m394
[2m2026-09-15T06:59:13.712136Z[0m [32m INFO[0m [2mmidnight_bench[0m[2m:[0m [3mstage[0m[2m=[0m"finalise.multi_open.start" [3mrss_mb[0m[2m=[0m394 [3mhwm_mb[0m[2m=[0m394
[2m2026-09-15T06:59:13.811209Z[0m [32m INFO[0m [2mmidnight_bench[0m[2m:[0m [3mstage[0m[2m=[0m"finalise.multi_open.end" [3mrss_mb[0m[2m=[0m394 [3mhwm_mb[0m[2m=[0m394
[2m2026-09-15T06:59:13.811884Z[0m [32m INFO[0m [2mmidnight_bench[0m[2m:[0m [3mstage[0m[2m=[0m"create_proof.finalise_proof.end" [3mrss_mb[0m[2m=[0m371 [3mhwm_mb[0m[2m=[0m393
[2m2026-09-15T06:59:13.827895Z[0m [32m INFO[0m [2mactix_web::middleware::logger[0m[2m:[0m 192.168.65.1 POST /prove HTTP/1.1; took 0.693728s
[2m2026-09-15T06:59:13.830011Z[0m [32m INFO[0m [2mmidnight_proof_server::endpoints[0m[2m:[0m Starting to process request for /prove...
[2m2026-09-15T06:59:13.899802Z[0m [32m INFO[0m [2mmidnight_bench[0m[2m:[0m [3mstage[0m[2m=[0m"create_proof.compute_trace.start" [3mrss_mb[0m[2m=[0m376 [3mhwm_mb[0m[2m=[0m393
[2m2026-09-15T06:59:13.899839Z[0m [32m INFO[0m [2mmidnight_bench[0m[2m:[0m [3mstage[0m[2m=[0m"trace.compute_instances.start" [3mrss_mb[0m[2m=[0m376 [3mhwm_mb[0m[2m=[0m393
[2m2026-09-15T06:59:13.905650Z[0m [32m INFO[0m [2mmidnight_bench[0m[2m:[0m [3mstage[0m[2m=[0m"trace.compute_instances.end" [3mrss_mb[0m[2m=[0m376 [3mhwm_mb[0m[2m=[0m393
[2m2026-09-15T06:59:13.905670Z[0m [32m INFO[0m [2mmidnight_bench[0m[2m:[0m [3mstage[0m[2m=[0m"trace.parse_advices.start" [3mrss_mb[0m[2m=[0m376 [3mhwm_mb[0m[2m=[0m393
[2m2026-09-15T06:59:13.911467Z[0m [32m INFO[0m [2mmidnight_bench[0m[2m:[0m [3mstage[0m[2m=[0m"trace.parse_advices.end" [3mrss_mb[0m[2m=[0m380 [3mhwm_mb[0m[2m=[0m393
[2m2026-09-15T06:59:13.911490Z[0m [32m INFO[0m [2mmidnight_bench[0m[2m:[0m [3mstage[0m[2m=[0m"trace.lookups_permuted.start" [3mrss_mb[0m[2m=[0m380 [3mhwm_mb[0m[2m=[0m393
[2m2026-09-15T06:59:13.957666Z[0m [32m INFO[0m [2mmidnight_bench[0m[2m:[0m [3mstage[0m[2m=[0m"trace.lookups_permuted.end" [3mrss_mb[0m[2m=[0m386 [3mhwm_mb[0m[2m=[0m393
[2m2026-09-15T06:59:13.957694Z[0m [32m INFO[0m [2mmidnight_bench[0m[2m:[0m [3mstage[0m[2m=[0m"trace.permutations_commit.start" [3mrss_mb[0m[2m=[0m386 [3mhwm_mb[0m[2m=[0m393
[2m2026-09-15T06:59:14.034111Z[0m [32m INFO[0m [2mmidnight_bench[0m[2m:[0m [3mstage[0m[2m=[0m"trace.permutations_commit.end" [3mrss_mb[0m[2m=[0m393 [3mhwm_mb[0m[2m=[0m393
[2m2026-09-15T06:59:14.034138Z[0m [32m INFO[0m [2mmidnight_bench[0m[2m:[0m [3mstage[0m[2m=[0m"trace.lookups_product.start" [3mrss_mb[0m[2m=[0m393 [3mhwm_mb[0m[2m=[0m393
[2m2026-09-15T06:59:14.087024Z[0m [32m INFO[0m [2mmidnight_bench[0m[2m:[0m [3mstage[0m[2m=[0m"trace.lookups_product.end" [3mrss_mb[0m[2m=[0m393 [3mhwm_mb[0m[2m=[0m393
[2m2026-09-15T06:59:14.112012Z[0m [32m INFO[0m [2mmidnight_bench[0m[2m:[0m [3mstage[0m[2m=[0m"create_proof.compute_trace.end" [3mrss_mb[0m[2m=[0m394 [3mhwm_mb[0m[2m=[0m394
[2m2026-09-15T06:59:14.112033Z[0m [32m INFO[0m [2mmidnight_bench[0m[2m:[0m [3mstage[0m[2m=[0m"create_proof.finalise_proof.start" [3mrss_mb[0m[2m=[0m394 [3mhwm_mb[0m[2m=[0m394
[2m2026-09-15T06:59:14.112041Z[0m [32m INFO[0m [2mmidnight_bench[0m[2m:[0m [3mstage[0m[2m=[0m"finalise.compute_h_poly.start" [3mrss_mb[0m[2m=[0m394 [3mhwm_mb[0m[2m=[0m394
[2m2026-09-15T06:59:14.128352Z[0m [32m INFO[0m [2mmidnight_bench[0m[2m:[0m [3mstage[0m[2m=[0m"finalise.compute_h_poly.materialise_fixed_cosets.start" [3mrss_mb[0m[2m=[0m394 [3mhwm_mb[0m[2m=[0m394
[2m2026-09-15T06:59:14.157448Z[0m [32m INFO[0m [2mmidnight_bench[0m[2m:[0m [3mstage[0m[2m=[0m"finalise.compute_h_poly.materialise_fixed_cosets.end" [3mrss_mb[0m[2m=[0m394 [3mhwm_mb[0m[2m=[0m394
[2m2026-09-15T06:59:14.157474Z[0m [32m INFO[0m [2mmidnight_bench[0m[2m:[0m [3mstage[0m[2m=[0m"finalise.compute_h_poly.materialise_perm_cosets.start" [3mrss_mb[0m[2m=[0m394 [3mhwm_mb[0m[2m=[0m394
[2m2026-09-15T06:59:14.171026Z[0m [32m INFO[0m [2mmidnight_bench[0m[2m:[0m [3mstage[0m[2m=[0m"finalise.compute_h_poly.materialise_perm_cosets.end" [3mrss_mb[0m[2m=[0m394 [3mhwm_mb[0m[2m=[0m394
[2m2026-09-15T06:59:14.296880Z[0m [32m INFO[0m [2mmidnight_bench[0m[2m:[0m [3mstage[0m[2m=[0m"finalise.compute_h_poly.drop_cosets.end" [3mrss_mb[0m[2m=[0m395 [3mhwm_mb[0m[2m=[0m395
[2m2026-09-15T06:59:14.296918Z[0m [32m INFO[0m [2mmidnight_bench[0m[2m:[0m [3mstage[0m[2m=[0m"finalise.compute_h_poly.end" [3mrss_mb[0m[2m=[0m395 [3mhwm_mb[0m[2m=[0m395
[2m2026-09-15T06:59:14.296925Z[0m [32m INFO[0m [2mmidnight_bench[0m[2m:[0m [3mstage[0m[2m=[0m"finalise.vanishing_construct.start" [3mrss_mb[0m[2m=[0m395 [3mhwm_mb[0m[2m=[0m395
[2m2026-09-15T06:59:14.392200Z[0m [32m INFO[0m [2mmidnight_bench[0m[2m:[0m [3mstage[0m[2m=[0m"finalise.vanishing_construct.end" [3mrss_mb[0m[2m=[0m395 [3mhwm_mb[0m[2m=[0m395
[2m2026-09-15T06:59:14.422280Z[0m [32m INFO[0m [2mmidnight_bench[0m[2m:[0m [3mstage[0m[2m=[0m"finalise.compute_queries.start" [3mrss_mb[0m[2m=[0m395 [3mhwm_mb[0m[2m=[0m395
[2m2026-09-15T06:59:14.422370Z[0m [32m INFO[0m [2mmidnight_bench[0m[2m:[0m [3mstage[0m[2m=[0m"finalise.multi_open.start" [3mrss_mb[0m[2m=[0m395 [3mhwm_mb[0m[2m=[0m395
[2m2026-09-15T06:59:14.514183Z[0m [32m INFO[0m [2mmidnight_bench[0m[2m:[0m [3mstage[0m[2m=[0m"finalise.multi_open.end" [3mrss_mb[0m[2m=[0m395 [3mhwm_mb[0m[2m=[0m395
[2m2026-09-15T06:59:14.514878Z[0m [32m INFO[0m [2mmidnight_bench[0m[2m:[0m [3mstage[0m[2m=[0m"create_proof.finalise_proof.end" [3mrss_mb[0m[2m=[0m372 [3mhwm_mb[0m[2m=[0m394
[2m2026-09-15T06:59:14.531550Z[0m [32m INFO[0m [2mactix_web::middleware::logger[0m[2m:[0m 192.168.65.1 POST /prove HTTP/1.1; took 0.701558s
[2m2026-09-15T06:59:14.533343Z[0m [32m INFO[0m [2mmidnight_proof_server::endpoints[0m[2m:[0m Starting to process request for /prove...
[2m2026-09-15T06:59:14.614398Z[0m [32m INFO[0m [2mmidnight_bench[0m[2m:[0m [3mstage[0m[2m=[0m"create_proof.compute_trace.start" [3mrss_mb[0m[2m=[0m361 [3mhwm_mb[0m[2m=[0m394
[2m2026-09-15T06:59:14.614447Z[0m [32m INFO[0m [2mmidnight_bench[0m[2m:[0m [3mstage[0m[2m=[0m"trace.compute_instances.start" [3mrss_mb[0m[2m=[0m361 [3mhwm_mb[0m[2m=[0m394
[2m2026-09-15T06:59:14.621721Z[0m [32m INFO[0m [2mmidnight_bench[0m[2m:[0m [3mstage[0m[2m=[0m"trace.compute_instances.end" [3mrss_mb[0m[2m=[0m361 [3mhwm_mb[0m[2m=[0m394
[2m2026-09-15T06:59:14.621744Z[0m [32m INFO[0m [2mmidnight_bench[0m[2m:[0m [3mstage[0m[2m=[0m"trace.parse_advices.start" [3mrss_mb[0m[2m=[0m361 [3mhwm_mb[0m[2m=[0m394
[2m2026-09-15T06:59:14.627893Z[0m [32m INFO[0m [2mmidnight_bench[0m[2m:[0m [3mstage[0m[2m=[0m"trace.parse_advices.end" [3mrss_mb[0m[2m=[0m366 [3mhwm_mb[0m[2m=[0m394
[2m2026-09-15T06:59:14.627919Z[0m [32m INFO[0m [2mmidnight_bench[0m[2m:[0m [3mstage[0m[2m=[0m"trace.lookups_permuted.start" [3mrss_mb[0m[2m=[0m366 [3mhwm_mb[0m[2m=[0m394
[2m2026-09-15T06:59:14.673263Z[0m [32m INFO[0m [2mmidnight_bench[0m[2m:[0m [3mstage[0m[2m=[0m"trace.lookups_permuted.end" [3mrss_mb[0m[2m=[0m372 [3mhwm_mb[0m[2m=[0m394
[2m2026-09-15T06:59:14.673297Z[0m [32m INFO[0m [2mmidnight_bench[0m[2m:[0m [3mstage[0m[2m=[0m"trace.permutations_commit.start" [3mrss_mb[0m[2m=[0m372 [3mhwm_mb[0m[2m=[0m394
[2m2026-09-15T06:59:14.743254Z[0m [32m INFO[0m [2mmidnight_bench[0m[2m:[0m [3mstage[0m[2m=[0m"trace.permutations_commit.end" [3mrss_mb[0m[2m=[0m379 [3mhwm_mb[0m[2m=[0m394
[2m2026-09-15T06:59:14.743284Z[0m [32m INFO[0m [2mmidnight_bench[0m[2m:[0m [3mstage[0m[2m=[0m"trace.lookups_product.start" [3mrss_mb[0m[2m=[0m379 [3mhwm_mb[0m[2m=[0m394
[2m2026-09-15T06:59:14.795258Z[0m [32m INFO[0m [2mmidnight_bench[0m[2m:[0m [3mstage[0m[2m=[0m"trace.lookups_product.end" [3mrss_mb[0m[2m=[0m379 [3mhwm_mb[0m[2m=[0m394
[2m2026-09-15T06:59:14.820431Z[0m [32m INFO[0m [2mmidnight_bench[0m[2m:[0m [3mstage[0m[2m=[0m"create_proof.compute_trace.end" [3mrss_mb[0m[2m=[0m380 [3mhwm_mb[0m[2m=[0m394
[2m2026-09-15T06:59:14.820458Z[0m [32m INFO[0m [2mmidnight_bench[0m[2m:[0m [3mstage[0m[2m=[0m"create_proof.finalise_proof.start" [3mrss_mb[0m[2m=[0m380 [3mhwm_mb[0m[2m=[0m394
[2m2026-09-15T06:59:14.820468Z[0m [32m INFO[0m [2mmidnight_bench[0m[2m:[0m [3mstage[0m[2m=[0m"finalise.compute_h_poly.start" [3mrss_mb[0m[2m=[0m380 [3mhwm_mb[0m[2m=[0m394
[2m2026-09-15T06:59:14.837852Z[0m [32m INFO[0m [2mmidnight_bench[0m[2m:[0m [3mstage[0m[2m=[0m"finalise.compute_h_poly.materialise_fixed_cosets.start" [3mrss_mb[0m[2m=[0m380 [3mhwm_mb[0m[2m=[0m394
[2m2026-09-15T06:59:14.864319Z[0m [32m INFO[0m [2mmidnight_bench[0m[2m:[0m [3mstage[0m[2m=[0m"finalise.compute_h_poly.materialise_fixed_cosets.end" [3mrss_mb[0m[2m=[0m380 [3mhwm_mb[0m[2m=[0m394
[2m2026-09-15T06:59:14.864348Z[0m [32m INFO[0m [2mmidnight_bench[0m[2m:[0m [3mstage[0m[2m=[0m"finalise.compute_h_poly.materialise_perm_cosets.start" [3mrss_mb[0m[2m=[0m380 [3mhwm_mb[0m[2m=[0m394
[2m2026-09-15T06:59:14.878241Z[0m [32m INFO[0m [2mmidnight_bench[0m[2m:[0m [3mstage[0m[2m=[0m"finalise.compute_h_poly.materialise_perm_cosets.end" [3mrss_mb[0m[2m=[0m380 [3mhwm_mb[0m[2m=[0m394
[2m2026-09-15T06:59:15.005033Z[0m [32m INFO[0m [2mmidnight_bench[0m[2m:[0m [3mstage[0m[2m=[0m"finalise.compute_h_poly.drop_cosets.end" [3mrss_mb[0m[2m=[0m380 [3mhwm_mb[0m[2m=[0m394
[2m2026-09-15T06:59:15.005066Z[0m [32m INFO[0m [2mmidnight_bench[0m[2m:[0m [3mstage[0m[2m=[0m"finalise.compute_h_poly.end" [3mrss_mb[0m[2m=[0m380 [3mhwm_mb[0m[2m=[0m394
[2m2026-09-15T06:59:15.005074Z[0m [32m INFO[0m [2mmidnight_bench[0m[2m:[0m [3mstage[0m[2m=[0m"finalise.vanishing_construct.start" [3mrss_mb[0m[2m=[0m380 [3mhwm_mb[0m[2m=[0m394
[2m2026-09-15T06:59:15.093655Z[0m [32m INFO[0m [2mmidnight_bench[0m[2m:[0m [3mstage[0m[2m=[0m"finalise.vanishing_construct.end" [3mrss_mb[0m[2m=[0m380 [3mhwm_mb[0m[2m=[0m394
[2m2026-09-15T06:59:15.122598Z[0m [32m INFO[0m [2mmidnight_bench[0m[2m:[0m [3mstage[0m[2m=[0m"finalise.compute_queries.start" [3mrss_mb[0m[2m=[0m380 [3mhwm_mb[0m[2m=[0m394
[2m2026-09-15T06:59:15.122694Z[0m [32m INFO[0m [2mmidnight_bench[0m[2m:[0m [3mstage[0m[2m=[0m"finalise.multi_open.start" [3mrss_mb[0m[2m=[0m380 [3mhwm_mb[0m[2m=[0m394
[2m2026-09-15T06:59:15.214582Z[0m [32m INFO[0m [2mmidnight_bench[0m[2m:[0m [3mstage[0m[2m=[0m"finalise.multi_open.end" [3mrss_mb[0m[2m=[0m380 [3mhwm_mb[0m[2m=[0m394
[2m2026-09-15T06:59:15.215280Z[0m [32m INFO[0m [2mmidnight_bench[0m[2m:[0m [3mstage[0m[2m=[0m"create_proof.finalise_proof.end" [3mrss_mb[0m[2m=[0m358 [3mhwm_mb[0m[2m=[0m394
[2m2026-09-15T06:59:15.230827Z[0m [32m INFO[0m [2mactix_web::middleware::logger[0m[2m:[0m 192.168.65.1 POST /prove HTTP/1.1; took 0.697590s
[2m2026-09-15T06:59:15.232590Z[0m [32m INFO[0m [2mmidnight_proof_server::endpoints[0m[2m:[0m Starting to process request for /prove...
[2m2026-09-15T06:59:15.303701Z[0m [32m INFO[0m [2mmidnight_bench[0m[2m:[0m [3mstage[0m[2m=[0m"create_proof.compute_trace.start" [3mrss_mb[0m[2m=[0m363 [3mhwm_mb[0m[2m=[0m394
[2m2026-09-15T06:59:15.303739Z[0m [32m INFO[0m [2mmidnight_bench[0m[2m:[0m [3mstage[0m[2m=[0m"trace.compute_instances.start" [3mrss_mb[0m[2m=[0m363 [3mhwm_mb[0m[2m=[0m394
[2m2026-09-15T06:59:15.309444Z[0m [32m INFO[0m [2mmidnight_bench[0m[2m:[0m [3mstage[0m[2m=[0m"trace.compute_instances.end" [3mrss_mb[0m[2m=[0m363 [3mhwm_mb[0m[2m=[0m394
[2m2026-09-15T06:59:15.309462Z[0m [32m INFO[0m [2mmidnight_bench[0m[2m:[0m [3mstage[0m[2m=[0m"trace.parse_advices.start" [3mrss_mb[0m[2m=[0m363 [3mhwm_mb[0m[2m=[0m394
[2m2026-09-15T06:59:15.315473Z[0m [32m INFO[0m [2mmidnight_bench[0m[2m:[0m [3mstage[0m[2m=[0m"trace.parse_advices.end" [3mrss_mb[0m[2m=[0m367 [3mhwm_mb[0m[2m=[0m394
[2m2026-09-15T06:59:15.315494Z[0m [32m INFO[0m [2mmidnight_bench[0m[2m:[0m [3mstage[0m[2m=[0m"trace.lookups_permuted.start" [3mrss_mb[0m[2m=[0m367 [3mhwm_mb[0m[2m=[0m394
[2m2026-09-15T06:59:15.359184Z[0m [32m INFO[0m [2mmidnight_bench[0m[2m:[0m [3mstage[0m[2m=[0m"trace.lookups_permuted.end" [3mrss_mb[0m[2m=[0m373 [3mhwm_mb[0m[2m=[0m394
[2m2026-09-15T06:59:15.359215Z[0m [32m INFO[0m [2mmidnight_bench[0m[2m:[0m [3mstage[0m[2m=[0m"trace.permutations_commit.start" [3mrss_mb[0m[2m=[0m373 [3mhwm_mb[0m[2m=[0m394
[2m2026-09-15T06:59:15.427290Z[0m [32m INFO[0m [2mmidnight_bench[0m[2m:[0m [3mstage[0m[2m=[0m"trace.permutations_commit.end" [3mrss_mb[0m[2m=[0m380 [3mhwm_mb[0m[2m=[0m394
[2m2026-09-15T06:59:15.427314Z[0m [32m INFO[0m [2mmidnight_bench[0m[2m:[0m [3mstage[0m[2m=[0m"trace.lookups_product.start" [3mrss_mb[0m[2m=[0m380 [3mhwm_mb[0m[2m=[0m394
[2m2026-09-15T06:59:15.479401Z[0m [32m INFO[0m [2mmidnight_bench[0m[2m:[0m [3mstage[0m[2m=[0m"trace.lookups_product.end" [3mrss_mb[0m[2m=[0m380 [3mhwm_mb[0m[2m=[0m394
[2m2026-09-15T06:59:15.504706Z[0m [32m INFO[0m [2mmidnight_bench[0m[2m:[0m [3mstage[0m[2m=[0m"create_proof.compute_trace.end" [3mrss_mb[0m[2m=[0m381 [3mhwm_mb[0m[2m=[0m394
[2m2026-09-15T06:59:15.504735Z[0m [32m INFO[0m [2mmidnight_bench[0m[2m:[0m [3mstage[0m[2m=[0m"create_proof.finalise_proof.start" [3mrss_mb[0m[2m=[0m381 [3mhwm_mb[0m[2m=[0m394
[2m2026-09-15T06:59:15.504744Z[0m [32m INFO[0m [2mmidnight_bench[0m[2m:[0m [3mstage[0m[2m=[0m"finalise.compute_h_poly.start" [3mrss_mb[0m[2m=[0m381 [3mhwm_mb[0m[2m=[0m394
[2m2026-09-15T06:59:15.523081Z[0m [32m INFO[0m [2mmidnight_bench[0m[2m:[0m [3mstage[0m[2m=[0m"finalise.compute_h_poly.materialise_fixed_cosets.start" [3mrss_mb[0m[2m=[0m381 [3mhwm_mb[0m[2m=[0m394
[2m2026-09-15T06:59:15.558766Z[0m [32m INFO[0m [2mmidnight_bench[0m[2m:[0m [3mstage[0m[2m=[0m"finalise.compute_h_poly.materialise_fixed_cosets.end" [3mrss_mb[0m[2m=[0m381 [3mhwm_mb[0m[2m=[0m394
[2m2026-09-15T06:59:15.558793Z[0m [32m INFO[0m [2mmidnight_bench[0m[2m:[0m [3mstage[0m[2m=[0m"finalise.compute_h_poly.materialise_perm_cosets.start" [3mrss_mb[0m[2m=[0m381 [3mhwm_mb[0m[2m=[0m394
[2m2026-09-15T06:59:15.574999Z[0m [32m INFO[0m [2mmidnight_bench[0m[2m:[0m [3mstage[0m[2m=[0m"finalise.compute_h_poly.materialise_perm_cosets.end" [3mrss_mb[0m[2m=[0m381 [3mhwm_mb[0m[2m=[0m394
[2m2026-09-15T06:59:15.704279Z[0m [32m INFO[0m [2mmidnight_bench[0m[2m:[0m [3mstage[0m[2m=[0m"finalise.compute_h_poly.drop_cosets.end" [3mrss_mb[0m[2m=[0m381 [3mhwm_mb[0m[2m=[0m394
[2m2026-09-15T06:59:15.704310Z[0m [32m INFO[0m [2mmidnight_bench[0m[2m:[0m [3mstage[0m[2m=[0m"finalise.compute_h_poly.end" [3mrss_mb[0m[2m=[0m381 [3mhwm_mb[0m[2m=[0m394
[2m2026-09-15T06:59:15.704317Z[0m [32m INFO[0m [2mmidnight_bench[0m[2m:[0m [3mstage[0m[2m=[0m"finalise.vanishing_construct.start" [3mrss_mb[0m[2m=[0m381 [3mhwm_mb[0m[2m=[0m394
[2m2026-09-15T06:59:15.795772Z[0m [32m INFO[0m [2mmidnight_bench[0m[2m:[0m [3mstage[0m[2m=[0m"finalise.vanishing_construct.end" [3mrss_mb[0m[2m=[0m381 [3mhwm_mb[0m[2m=[0m394
[2m2026-09-15T06:59:15.823515Z[0m [32m INFO[0m [2mmidnight_bench[0m[2m:[0m [3mstage[0m[2m=[0m"finalise.compute_queries.start" [3mrss_mb[0m[2m=[0m381 [3mhwm_mb[0m[2m=[0m394
[2m2026-09-15T06:59:15.823600Z[0m [32m INFO[0m [2mmidnight_bench[0m[2m:[0m [3mstage[0m[2m=[0m"finalise.multi_open.start" [3mrss_mb[0m[2m=[0m381 [3mhwm_mb[0m[2m=[0m394
[2m2026-09-15T06:59:15.912339Z[0m [32m INFO[0m [2mmidnight_bench[0m[2m:[0m [3mstage[0m[2m=[0m"finalise.multi_open.end" [3mrss_mb[0m[2m=[0m381 [3mhwm_mb[0m[2m=[0m394
[2m2026-09-15T06:59:15.913301Z[0m [32m INFO[0m [2mmidnight_bench[0m[2m:[0m [3mstage[0m[2m=[0m"create_proof.finalise_proof.end" [3mrss_mb[0m[2m=[0m359 [3mhwm_mb[0m[2m=[0m394
[2m2026-09-15T06:59:15.928625Z[0m [32m INFO[0m [2mactix_web::middleware::logger[0m[2m:[0m 192.168.65.1 POST /prove HTTP/1.1; took 0.696053s
[2m2026-09-15T06:59:15.930351Z[0m [32m INFO[0m [2mmidnight_proof_server::endpoints[0m[2m:[0m Starting to process request for /prove...
[2m2026-09-15T06:59:16.001730Z[0m [32m INFO[0m [2mmidnight_bench[0m[2m:[0m [3mstage[0m[2m=[0m"create_proof.compute_trace.start" [3mrss_mb[0m[2m=[0m348 [3mhwm_mb[0m[2m=[0m394
[2m2026-09-15T06:59:16.001759Z[0m [32m INFO[0m [2mmidnight_bench[0m[2m:[0m [3mstage[0m[2m=[0m"trace.compute_instances.start" [3mrss_mb[0m[2m=[0m348 [3mhwm_mb[0m[2m=[0m394
[2m2026-09-15T06:59:16.006389Z[0m [32m INFO[0m [2mmidnight_bench[0m[2m:[0m [3mstage[0m[2m=[0m"trace.compute_instances.end" [3mrss_mb[0m[2m=[0m348 [3mhwm_mb[0m[2m=[0m394
[2m2026-09-15T06:59:16.006408Z[0m [32m INFO[0m [2mmidnight_bench[0m[2m:[0m [3mstage[0m[2m=[0m"trace.parse_advices.start" [3mrss_mb[0m[2m=[0m348 [3mhwm_mb[0m[2m=[0m394
[2m2026-09-15T06:59:16.012265Z[0m [32m INFO[0m [2mmidnight_bench[0m[2m:[0m [3mstage[0m[2m=[0m"trace.parse_advices.end" [3mrss_mb[0m[2m=[0m353 [3mhwm_mb[0m[2m=[0m394
[2m2026-09-15T06:59:16.012352Z[0m [32m INFO[0m [2mmidnight_bench[0m[2m:[0m [3mstage[0m[2m=[0m"trace.lookups_permuted.start" [3mrss_mb[0m[2m=[0m353 [3mhwm_mb[0m[2m=[0m394
[2m2026-09-15T06:59:16.060571Z[0m [32m INFO[0m [2mmidnight_bench[0m[2m:[0m [3mstage[0m[2m=[0m"trace.lookups_permuted.end" [3mrss_mb[0m[2m=[0m358 [3mhwm_mb[0m[2m=[0m394
[2m2026-09-15T06:59:16.060602Z[0m [32m INFO[0m [2mmidnight_bench[0m[2m:[0m [3mstage[0m[2m=[0m"trace.permutations_commit.start" [3mrss_mb[0m[2m=[0m358 [3mhwm_mb[0m[2m=[0m394
[2m2026-09-15T06:59:16.130984Z[0m [32m INFO[0m [2mmidnight_bench[0m[2m:[0m [3mstage[0m[2m=[0m"trace.permutations_commit.end" [3mrss_mb[0m[2m=[0m366 [3mhwm_mb[0m[2m=[0m394
[2m2026-09-15T06:59:16.131010Z[0m [32m INFO[0m [2mmidnight_bench[0m[2m:[0m [3mstage[0m[2m=[0m"trace.lookups_product.start" [3mrss_mb[0m[2m=[0m366 [3mhwm_mb[0m[2m=[0m394
[2m2026-09-15T06:59:16.182597Z[0m [32m INFO[0m [2mmidnight_bench[0m[2m:[0m [3mstage[0m[2m=[0m"trace.lookups_product.end" [3mrss_mb[0m[2m=[0m366 [3mhwm_mb[0m[2m=[0m394
[2m2026-09-15T06:59:16.207645Z[0m [32m INFO[0m [2mmidnight_bench[0m[2m:[0m [3mstage[0m[2m=[0m"create_proof.compute_trace.end" [3mrss_mb[0m[2m=[0m366 [3mhwm_mb[0m[2m=[0m394
[2m2026-09-15T06:59:16.207665Z[0m [32m INFO[0m [2mmidnight_bench[0m[2m:[0m [3mstage[0m[2m=[0m"create_proof.finalise_proof.start" [3mrss_mb[0m[2m=[0m366 [3mhwm_mb[0m[2m=[0m394
[2m2026-09-15T06:59:16.207674Z[0m [32m INFO[0m [2mmidnight_bench[0m[2m:[0m [3mstage[0m[2m=[0m"finalise.compute_h_poly.start" [3mrss_mb[0m[2m=[0m366 [3mhwm_mb[0m[2m=[0m394
[2m2026-09-15T06:59:16.223248Z[0m [32m INFO[0m [2mmidnight_bench[0m[2m:[0m [3mstage[0m[2m=[0m"finalise.compute_h_poly.materialise_fixed_cosets.start" [3mrss_mb[0m[2m=[0m366 [3mhwm_mb[0m[2m=[0m394
[2m2026-09-15T06:59:16.249519Z[0m [32m INFO[0m [2mmidnight_bench[0m[2m:[0m [3mstage[0m[2m=[0m"finalise.compute_h_poly.materialise_fixed_cosets.end" [3mrss_mb[0m[2m=[0m366 [3mhwm_mb[0m[2m=[0m394
[2m2026-09-15T06:59:16.249544Z[0m [32m INFO[0m [2mmidnight_bench[0m[2m:[0m [3mstage[0m[2m=[0m"finalise.compute_h_poly.materialise_perm_cosets.start" [3mrss_mb[0m[2m=[0m366 [3mhwm_mb[0m[2m=[0m394
[2m2026-09-15T06:59:16.265626Z[0m [32m INFO[0m [2mmidnight_bench[0m[2m:[0m [3mstage[0m[2m=[0m"finalise.compute_h_poly.materialise_perm_cosets.end" [3mrss_mb[0m[2m=[0m366 [3mhwm_mb[0m[2m=[0m394
[2m2026-09-15T06:59:16.385039Z[0m [32m INFO[0m [2mmidnight_bench[0m[2m:[0m [3mstage[0m[2m=[0m"finalise.compute_h_poly.drop_cosets.end" [3mrss_mb[0m[2m=[0m367 [3mhwm_mb[0m[2m=[0m394
[2m2026-09-15T06:59:16.385130Z[0m [32m INFO[0m [2mmidnight_bench[0m[2m:[0m [3mstage[0m[2m=[0m"finalise.compute_h_poly.end" [3mrss_mb[0m[2m=[0m367 [3mhwm_mb[0m[2m=[0m394
[2m2026-09-15T06:59:16.385164Z[0m [32m INFO[0m [2mmidnight_bench[0m[2m:[0m [3mstage[0m[2m=[0m"finalise.vanishing_construct.start" [3mrss_mb[0m[2m=[0m367 [3mhwm_mb[0m[2m=[0m394
[2m2026-09-15T06:59:16.471462Z[0m [32m INFO[0m [2mmidnight_bench[0m[2m:[0m [3mstage[0m[2m=[0m"finalise.vanishing_construct.end" [3mrss_mb[0m[2m=[0m367 [3mhwm_mb[0m[2m=[0m394
[2m2026-09-15T06:59:16.498999Z[0m [32m INFO[0m [2mmidnight_bench[0m[2m:[0m [3mstage[0m[2m=[0m"finalise.compute_queries.start" [3mrss_mb[0m[2m=[0m367 [3mhwm_mb[0m[2m=[0m394
[2m2026-09-15T06:59:16.499088Z[0m [32m INFO[0m [2mmidnight_bench[0m[2m:[0m [3mstage[0m[2m=[0m"finalise.multi_open.start" [3mrss_mb[0m[2m=[0m367 [3mhwm_mb[0m[2m=[0m394
[2m2026-09-15T06:59:16.595774Z[0m [32m INFO[0m [2mmidnight_bench[0m[2m:[0m [3mstage[0m[2m=[0m"finalise.multi_open.end" [3mrss_mb[0m[2m=[0m367 [3mhwm_mb[0m[2m=[0m394
[2m2026-09-15T06:59:16.596422Z[0m [32m INFO[0m [2mmidnight_bench[0m[2m:[0m [3mstage[0m[2m=[0m"create_proof.finalise_proof.end" [3mrss_mb[0m[2m=[0m344 [3mhwm_mb[0m[2m=[0m394
[2m2026-09-15T06:59:16.611701Z[0m [32m INFO[0m [2mactix_web::middleware::logger[0m[2m:[0m 192.168.65.1 POST /prove HTTP/1.1; took 0.681366s
[2m2026-09-15T06:59:16.613740Z[0m [32m INFO[0m [2mmidnight_proof_server::endpoints[0m[2m:[0m Starting to process request for /prove...
[2m2026-09-15T06:59:16.683861Z[0m [32m INFO[0m [2mmidnight_bench[0m[2m:[0m [3mstage[0m[2m=[0m"create_proof.compute_trace.start" [3mrss_mb[0m[2m=[0m353 [3mhwm_mb[0m[2m=[0m394
[2m2026-09-15T06:59:16.683885Z[0m [32m INFO[0m [2mmidnight_bench[0m[2m:[0m [3mstage[0m[2m=[0m"trace.compute_instances.start" [3mrss_mb[0m[2m=[0m353 [3mhwm_mb[0m[2m=[0m394
[2m2026-09-15T06:59:16.689741Z[0m [32m INFO[0m [2mmidnight_bench[0m[2m:[0m [3mstage[0m[2m=[0m"trace.compute_instances.end" [3mrss_mb[0m[2m=[0m353 [3mhwm_mb[0m[2m=[0m394
[2m2026-09-15T06:59:16.689756Z[0m [32m INFO[0m [2mmidnight_bench[0m[2m:[0m [3mstage[0m[2m=[0m"trace.parse_advices.start" [3mrss_mb[0m[2m=[0m353 [3mhwm_mb[0m[2m=[0m394
[2m2026-09-15T06:59:16.695290Z[0m [32m INFO[0m [2mmidnight_bench[0m[2m:[0m [3mstage[0m[2m=[0m"trace.parse_advices.end" [3mrss_mb[0m[2m=[0m357 [3mhwm_mb[0m[2m=[0m394
[2m2026-09-15T06:59:16.695306Z[0m [32m INFO[0m [2mmidnight_bench[0m[2m:[0m [3mstage[0m[2m=[0m"trace.lookups_permuted.start" [3mrss_mb[0m[2m=[0m357 [3mhwm_mb[0m[2m=[0m394
[2m2026-09-15T06:59:16.740887Z[0m [32m INFO[0m [2mmidnight_bench[0m[2m:[0m [3mstage[0m[2m=[0m"trace.lookups_permuted.end" [3mrss_mb[0m[2m=[0m363 [3mhwm_mb[0m[2m=[0m394
[2m2026-09-15T06:59:16.740916Z[0m [32m INFO[0m [2mmidnight_bench[0m[2m:[0m [3mstage[0m[2m=[0m"trace.permutations_commit.start" [3mrss_mb[0m[2m=[0m363 [3mhwm_mb[0m[2m=[0m394
[2m2026-09-15T06:59:16.807936Z[0m [32m INFO[0m [2mmidnight_bench[0m[2m:[0m [3mstage[0m[2m=[0m"trace.permutations_commit.end" [3mrss_mb[0m[2m=[0m370 [3mhwm_mb[0m[2m=[0m394
[2m2026-09-15T06:59:16.807961Z[0m [32m INFO[0m [2mmidnight_bench[0m[2m:[0m [3mstage[0m[2m=[0m"trace.lookups_product.start" [3mrss_mb[0m[2m=[0m370 [3mhwm_mb[0m[2m=[0m394
[2m2026-09-15T06:59:16.858545Z[0m [32m INFO[0m [2mmidnight_bench[0m[2m:[0m [3mstage[0m[2m=[0m"trace.lookups_product.end" [3mrss_mb[0m[2m=[0m370 [3mhwm_mb[0m[2m=[0m394
[2m2026-09-15T06:59:16.884224Z[0m [32m INFO[0m [2mmidnight_bench[0m[2m:[0m [3mstage[0m[2m=[0m"create_proof.compute_trace.end" [3mrss_mb[0m[2m=[0m371 [3mhwm_mb[0m[2m=[0m394
[2m2026-09-15T06:59:16.884250Z[0m [32m INFO[0m [2mmidnight_bench[0m[2m:[0m [3mstage[0m[2m=[0m"create_proof.finalise_proof.start" [3mrss_mb[0m[2m=[0m371 [3mhwm_mb[0m[2m=[0m394
[2m2026-09-15T06:59:16.884259Z[0m [32m INFO[0m [2mmidnight_bench[0m[2m:[0m [3mstage[0m[2m=[0m"finalise.compute_h_poly.start" [3mrss_mb[0m[2m=[0m371 [3mhwm_mb[0m[2m=[0m394
[2m2026-09-15T06:59:16.902236Z[0m [32m INFO[0m [2mmidnight_bench[0m[2m:[0m [3mstage[0m[2m=[0m"finalise.compute_h_poly.materialise_fixed_cosets.start" [3mrss_mb[0m[2m=[0m371 [3mhwm_mb[0m[2m=[0m394
[2m2026-09-15T06:59:16.927655Z[0m [32m INFO[0m [2mmidnight_bench[0m[2m:[0m [3mstage[0m[2m=[0m"finalise.compute_h_poly.materialise_fixed_cosets.end" [3mrss_mb[0m[2m=[0m371 [3mhwm_mb[0m[2m=[0m394
[2m2026-09-15T06:59:16.927678Z[0m [32m INFO[0m [2mmidnight_bench[0m[2m:[0m [3mstage[0m[2m=[0m"finalise.compute_h_poly.materialise_perm_cosets.start" [3mrss_mb[0m[2m=[0m371 [3mhwm_mb[0m[2m=[0m394
[2m2026-09-15T06:59:16.940462Z[0m [32m INFO[0m [2mmidnight_bench[0m[2m:[0m [3mstage[0m[2m=[0m"finalise.compute_h_poly.materialise_perm_cosets.end" [3mrss_mb[0m[2m=[0m371 [3mhwm_mb[0m[2m=[0m394
[2m2026-09-15T06:59:17.063426Z[0m [32m INFO[0m [2mmidnight_bench[0m[2m:[0m [3mstage[0m[2m=[0m"finalise.compute_h_poly.drop_cosets.end" [3mrss_mb[0m[2m=[0m371 [3mhwm_mb[0m[2m=[0m394
[2m2026-09-15T06:59:17.063457Z[0m [32m INFO[0m [2mmidnight_bench[0m[2m:[0m [3mstage[0m[2m=[0m"finalise.compute_h_poly.end" [3mrss_mb[0m[2m=[0m371 [3mhwm_mb[0m[2m=[0m394
[2m2026-09-15T06:59:17.063465Z[0m [32m INFO[0m [2mmidnight_bench[0m[2m:[0m [3mstage[0m[2m=[0m"finalise.vanishing_construct.start" [3mrss_mb[0m[2m=[0m371 [3mhwm_mb[0m[2m=[0m394
[2m2026-09-15T06:59:17.155615Z[0m [32m INFO[0m [2mmidnight_bench[0m[2m:[0m [3mstage[0m[2m=[0m"finalise.vanishing_construct.end" [3mrss_mb[0m[2m=[0m371 [3mhwm_mb[0m[2m=[0m394
[2m2026-09-15T06:59:17.184111Z[0m [32m INFO[0m [2mmidnight_bench[0m[2m:[0m [3mstage[0m[2m=[0m"finalise.compute_queries.start" [3mrss_mb[0m[2m=[0m371 [3mhwm_mb[0m[2m=[0m394
[2m2026-09-15T06:59:17.184196Z[0m [32m INFO[0m [2mmidnight_bench[0m[2m:[0m [3mstage[0m[2m=[0m"finalise.multi_open.start" [3mrss_mb[0m[2m=[0m371 [3mhwm_mb[0m[2m=[0m394
[2m2026-09-15T06:59:17.271532Z[0m [32m INFO[0m [2mmidnight_bench[0m[2m:[0m [3mstage[0m[2m=[0m"finalise.multi_open.end" [3mrss_mb[0m[2m=[0m371 [3mhwm_mb[0m[2m=[0m394
[2m2026-09-15T06:59:17.272182Z[0m [32m INFO[0m [2mmidnight_bench[0m[2m:[0m [3mstage[0m[2m=[0m"create_proof.finalise_proof.end" [3mrss_mb[0m[2m=[0m349 [3mhwm_mb[0m[2m=[0m394
[2m2026-09-15T06:59:17.287886Z[0m [32m INFO[0m [2mactix_web::middleware::logger[0m[2m:[0m 192.168.65.1 POST /prove HTTP/1.1; took 0.674161s
