[2m2026-09-15T06:32:09.568582Z[0m [32m INFO[0m [2mactix_server::builder[0m[2m:[0m starting 12 workers
[2m2026-09-15T06:32:09.568598Z[0m [32m INFO[0m [2mactix_server::server[0m[2m:[0m Actix runtime found; starting in Actix runtime
[2m2026-09-15T06:32:09.568601Z[0m [32m INFO[0m [2mactix_server::server[0m[2m:[0m starting service: "actix-web-service-0.0.0.0:6311", workers: 12, listening on: 0.0.0.0:6311
[2m2026-09-15T06:32:09.580713Z[0m [32m INFO[0m [2mactix_web::middleware::logger[0m[2m:[0m 192.168.65.1 GET /health HTTP/1.1; took 0.000043s
[2m2026-09-15T06:32:09.582297Z[0m [32m INFO[0m [2mactix_web::middleware::logger[0m[2m:[0m 192.168.65.1 GET /ready HTTP/1.1; took 0.000059s
[2m2026-09-15T06:32:09.583781Z[0m [32m INFO[0m [2mmidnight_proof_server::endpoints[0m[2m:[0m Starting to process request for /prove...
[2m2026-09-15T06:32:09.792636Z[0m [32m INFO[0m [2mmidnight_bench[0m[2m:[0m [3mstage[0m[2m=[0m"create_proof.compute_trace.start" [3mrss_mb[0m[2m=[0m90 [3mhwm_mb[0m[2m=[0m96
[2m2026-09-15T06:32:09.792667Z[0m [32m INFO[0m [2mmidnight_bench[0m[2m:[0m [3mstage[0m[2m=[0m"trace.compute_instances.start" [3mrss_mb[0m[2m=[0m90 [3mhwm_mb[0m[2m=[0m96
[2m2026-09-15T06:32:09.796648Z[0m [32m INFO[0m [2mmidnight_bench[0m[2m:[0m [3mstage[0m[2m=[0m"trace.compute_instances.end" [3mrss_mb[0m[2m=[0m90 [3mhwm_mb[0m[2m=[0m96
[2m2026-09-15T06:32:09.796672Z[0m [32m INFO[0m [2mmidnight_bench[0m[2m:[0m [3mstage[0m[2m=[0m"trace.parse_advices.start" [3mrss_mb[0m[2m=[0m90 [3mhwm_mb[0m[2m=[0m96
[2m2026-09-15T06:32:09.802471Z[0m [32m INFO[0m [2mmidnight_bench[0m[2m:[0m [3mstage[0m[2m=[0m"trace.parse_advices.end" [3mrss_mb[0m[2m=[0m91 [3mhwm_mb[0m[2m=[0m96
[2m2026-09-15T06:32:09.802497Z[0m [32m INFO[0m [2mmidnight_bench[0m[2m:[0m [3mstage[0m[2m=[0m"trace.lookups_permuted.start" [3mrss_mb[0m[2m=[0m91 [3mhwm_mb[0m[2m=[0m96
[2m2026-09-15T06:32:09.848217Z[0m [32m INFO[0m [2mmidnight_bench[0m[2m:[0m [3mstage[0m[2m=[0m"trace.lookups_permuted.end" [3mrss_mb[0m[2m=[0m95 [3mhwm_mb[0m[2m=[0m96
[2m2026-09-15T06:32:09.848245Z[0m [32m INFO[0m [2mmidnight_bench[0m[2m:[0m [3mstage[0m[2m=[0m"trace.permutations_commit.start" [3mrss_mb[0m[2m=[0m95 [3mhwm_mb[0m[2m=[0m96
[2m2026-09-15T06:32:09.917990Z[0m [32m INFO[0m [2mmidnight_bench[0m[2m:[0m [3mstage[0m[2m=[0m"trace.permutations_commit.end" [3mrss_mb[0m[2m=[0m105 [3mhwm_mb[0m[2m=[0m105
[2m2026-09-15T06:32:09.918020Z[0m [32m INFO[0m [2mmidnight_bench[0m[2m:[0m [3mstage[0m[2m=[0m"trace.lookups_product.start" [3mrss_mb[0m[2m=[0m105 [3mhwm_mb[0m[2m=[0m105
[2m2026-09-15T06:32:09.969746Z[0m [32m INFO[0m [2mmidnight_bench[0m[2m:[0m [3mstage[0m[2m=[0m"trace.lookups_product.end" [3mrss_mb[0m[2m=[0m106 [3mhwm_mb[0m[2m=[0m106
[2m2026-09-15T06:32:09.993688Z[0m [32m INFO[0m [2mmidnight_bench[0m[2m:[0m [3mstage[0m[2m=[0m"create_proof.compute_trace.end" [3mrss_mb[0m[2m=[0m106 [3mhwm_mb[0m[2m=[0m106
[2m2026-09-15T06:32:09.993709Z[0m [32m INFO[0m [2mmidnight_bench[0m[2m:[0m [3mstage[0m[2m=[0m"create_proof.finalise_proof.start" [3mrss_mb[0m[2m=[0m106 [3mhwm_mb[0m[2m=[0m106
[2m2026-09-15T06:32:09.993716Z[0m [32m INFO[0m [2mmidnight_bench[0m[2m:[0m [3mstage[0m[2m=[0m"finalise.compute_h_poly.start" [3mrss_mb[0m[2m=[0m106 [3mhwm_mb[0m[2m=[0m106
[2m2026-09-15T06:32:10.009964Z[0m [32m INFO[0m [2mmidnight_bench[0m[2m:[0m [3mstage[0m[2m=[0m"finalise.compute_h_poly.materialise_fixed_cosets.start" [3mrss_mb[0m[2m=[0m124 [3mhwm_mb[0m[2m=[0m124
[2m2026-09-15T06:32:10.039343Z[0m [32m INFO[0m [2mmidnight_bench[0m[2m:[0m [3mstage[0m[2m=[0m"finalise.compute_h_poly.materialise_fixed_cosets.end" [3mrss_mb[0m[2m=[0m167 [3mhwm_mb[0m[2m=[0m167
[2m2026-09-15T06:32:10.039367Z[0m [32m INFO[0m [2mmidnight_bench[0m[2m:[0m [3mstage[0m[2m=[0m"finalise.compute_h_poly.materialise_perm_cosets.start" [3mrss_mb[0m[2m=[0m167 [3mhwm_mb[0m[2m=[0m167
[2m2026-09-15T06:32:10.054711Z[0m [32m INFO[0m [2mmidnight_bench[0m[2m:[0m [3mstage[0m[2m=[0m"finalise.compute_h_poly.materialise_perm_cosets.end" [3mrss_mb[0m[2m=[0m182 [3mhwm_mb[0m[2m=[0m182
[2m2026-09-15T06:32:10.177473Z[0m [32m INFO[0m [2mmidnight_bench[0m[2m:[0m [3mstage[0m[2m=[0m"finalise.compute_h_poly.drop_cosets.end" [3mrss_mb[0m[2m=[0m182 [3mhwm_mb[0m[2m=[0m182
[2m2026-09-15T06:32:10.177820Z[0m [32m INFO[0m [2mmidnight_bench[0m[2m:[0m [3mstage[0m[2m=[0m"finalise.compute_h_poly.end" [3mrss_mb[0m[2m=[0m173 [3mhwm_mb[0m[2m=[0m181
[2m2026-09-15T06:32:10.177840Z[0m [32m INFO[0m [2mmidnight_bench[0m[2m:[0m [3mstage[0m[2m=[0m"finalise.vanishing_construct.start" [3mrss_mb[0m[2m=[0m173 [3mhwm_mb[0m[2m=[0m181
[2m2026-09-15T06:32:10.270562Z[0m [32m INFO[0m [2mmidnight_bench[0m[2m:[0m [3mstage[0m[2m=[0m"finalise.vanishing_construct.end" [3mrss_mb[0m[2m=[0m173 [3mhwm_mb[0m[2m=[0m181
[2m2026-09-15T06:32:10.299491Z[0m [32m INFO[0m [2mmidnight_bench[0m[2m:[0m [3mstage[0m[2m=[0m"finalise.compute_queries.start" [3mrss_mb[0m[2m=[0m173 [3mhwm_mb[0m[2m=[0m181
[2m2026-09-15T06:32:10.299597Z[0m [32m INFO[0m [2mmidnight_bench[0m[2m:[0m [3mstage[0m[2m=[0m"finalise.multi_open.start" [3mrss_mb[0m[2m=[0m173 [3mhwm_mb[0m[2m=[0m181
[2m2026-09-15T06:32:10.385593Z[0m [32m INFO[0m [2mmidnight_bench[0m[2m:[0m [3mstage[0m[2m=[0m"finalise.multi_open.end" [3mrss_mb[0m[2m=[0m173 [3mhwm_mb[0m[2m=[0m181
[2m2026-09-15T06:32:10.386010Z[0m [32m INFO[0m [2mmidnight_bench[0m[2m:[0m [3mstage[0m[2m=[0m"create_proof.finalise_proof.end" [3mrss_mb[0m[2m=[0m160 [3mhwm_mb[0m[2m=[0m181
[2m2026-09-15T06:32:10.401471Z[0m [32m INFO[0m [2mactix_web::middleware::logger[0m[2m:[0m 192.168.65.1 POST /prove HTTP/1.1; took 0.817704s
[2m2026-09-15T06:32:10.437731Z[0m [32m INFO[0m [2mmidnight_proof_server::endpoints[0m[2m:[0m Starting to process request for /prove...
[2m2026-09-15T06:32:10.505959Z[0m [32m INFO[0m [2mmidnight_bench[0m[2m:[0m [3mstage[0m[2m=[0m"create_proof.compute_trace.start" [3mrss_mb[0m[2m=[0m155 [3mhwm_mb[0m[2m=[0m181
[2m2026-09-15T06:32:10.505986Z[0m [32m INFO[0m [2mmidnight_bench[0m[2m:[0m [3mstage[0m[2m=[0m"trace.compute_instances.start" [3mrss_mb[0m[2m=[0m155 [3mhwm_mb[0m[2m=[0m181
[2m2026-09-15T06:32:10.511143Z[0m [32m INFO[0m [2mmidnight_bench[0m[2m:[0m [3mstage[0m[2m=[0m"trace.compute_instances.end" [3mrss_mb[0m[2m=[0m155 [3mhwm_mb[0m[2m=[0m181
[2m2026-09-15T06:32:10.511165Z[0m [32m INFO[0m [2mmidnight_bench[0m[2m:[0m [3mstage[0m[2m=[0m"trace.parse_advices.start" [3mrss_mb[0m[2m=[0m155 [3mhwm_mb[0m[2m=[0m181
[2m2026-09-15T06:32:10.517333Z[0m [32m INFO[0m [2mmidnight_bench[0m[2m:[0m [3mstage[0m[2m=[0m"trace.parse_advices.end" [3mrss_mb[0m[2m=[0m161 [3mhwm_mb[0m[2m=[0m181
[2m2026-09-15T06:32:10.517361Z[0m [32m INFO[0m [2mmidnight_bench[0m[2m:[0m [3mstage[0m[2m=[0m"trace.lookups_permuted.start" [3mrss_mb[0m[2m=[0m161 [3mhwm_mb[0m[2m=[0m181
[2m2026-09-15T06:32:10.559310Z[0m [32m INFO[0m [2mmidnight_bench[0m[2m:[0m [3mstage[0m[2m=[0m"trace.lookups_permuted.end" [3mrss_mb[0m[2m=[0m166 [3mhwm_mb[0m[2m=[0m181
[2m2026-09-15T06:32:10.559339Z[0m [32m INFO[0m [2mmidnight_bench[0m[2m:[0m [3mstage[0m[2m=[0m"trace.permutations_commit.start" [3mrss_mb[0m[2m=[0m166 [3mhwm_mb[0m[2m=[0m181
[2m2026-09-15T06:32:10.626822Z[0m [32m INFO[0m [2mmidnight_bench[0m[2m:[0m [3mstage[0m[2m=[0m"trace.permutations_commit.end" [3mrss_mb[0m[2m=[0m173 [3mhwm_mb[0m[2m=[0m181
[2m2026-09-15T06:32:10.626847Z[0m [32m INFO[0m [2mmidnight_bench[0m[2m:[0m [3mstage[0m[2m=[0m"trace.lookups_product.start" [3mrss_mb[0m[2m=[0m173 [3mhwm_mb[0m[2m=[0m181
[2m2026-09-15T06:32:10.680881Z[0m [32m INFO[0m [2mmidnight_bench[0m[2m:[0m [3mstage[0m[2m=[0m"trace.lookups_product.end" [3mrss_mb[0m[2m=[0m174 [3mhwm_mb[0m[2m=[0m181
[2m2026-09-15T06:32:10.703241Z[0m [32m INFO[0m [2mmidnight_bench[0m[2m:[0m [3mstage[0m[2m=[0m"create_proof.compute_trace.end" [3mrss_mb[0m[2m=[0m174 [3mhwm_mb[0m[2m=[0m181
[2m2026-09-15T06:32:10.703264Z[0m [32m INFO[0m [2mmidnight_bench[0m[2m:[0m [3mstage[0m[2m=[0m"create_proof.finalise_proof.start" [3mrss_mb[0m[2m=[0m174 [3mhwm_mb[0m[2m=[0m181
[2m2026-09-15T06:32:10.703271Z[0m [32m INFO[0m [2mmidnight_bench[0m[2m:[0m [3mstage[0m[2m=[0m"finalise.compute_h_poly.start" [3mrss_mb[0m[2m=[0m174 [3mhwm_mb[0m[2m=[0m181
[2m2026-09-15T06:32:10.716888Z[0m [32m INFO[0m [2mmidnight_bench[0m[2m:[0m [3mstage[0m[2m=[0m"finalise.compute_h_poly.materialise_fixed_cosets.start" [3mrss_mb[0m[2m=[0m176 [3mhwm_mb[0m[2m=[0m181
[2m2026-09-15T06:32:10.744291Z[0m [32m INFO[0m [2mmidnight_bench[0m[2m:[0m [3mstage[0m[2m=[0m"finalise.compute_h_poly.materialise_fixed_cosets.end" [3mrss_mb[0m[2m=[0m187 [3mhwm_mb[0m[2m=[0m187
[2m2026-09-15T06:32:10.744323Z[0m [32m INFO[0m [2mmidnight_bench[0m[2m:[0m [3mstage[0m[2m=[0m"finalise.compute_h_poly.materialise_perm_cosets.start" [3mrss_mb[0m[2m=[0m187 [3mhwm_mb[0m[2m=[0m187
[2m2026-09-15T06:32:10.760867Z[0m [32m INFO[0m [2mmidnight_bench[0m[2m:[0m [3mstage[0m[2m=[0m"finalise.compute_h_poly.materialise_perm_cosets.end" [3mrss_mb[0m[2m=[0m196 [3mhwm_mb[0m[2m=[0m196
[2m2026-09-15T06:32:10.883647Z[0m [32m INFO[0m [2mmidnight_bench[0m[2m:[0m [3mstage[0m[2m=[0m"finalise.compute_h_poly.drop_cosets.end" [3mrss_mb[0m[2m=[0m198 [3mhwm_mb[0m[2m=[0m198
[2m2026-09-15T06:32:10.884023Z[0m [32m INFO[0m [2mmidnight_bench[0m[2m:[0m [3mstage[0m[2m=[0m"finalise.compute_h_poly.end" [3mrss_mb[0m[2m=[0m186 [3mhwm_mb[0m[2m=[0m197
[2m2026-09-15T06:32:10.884040Z[0m [32m INFO[0m [2mmidnight_bench[0m[2m:[0m [3mstage[0m[2m=[0m"finalise.vanishing_construct.start" [3mrss_mb[0m[2m=[0m186 [3mhwm_mb[0m[2m=[0m197
[2m2026-09-15T06:32:10.989987Z[0m [32m INFO[0m [2mmidnight_bench[0m[2m:[0m [3mstage[0m[2m=[0m"finalise.vanishing_construct.end" [3mrss_mb[0m[2m=[0m187 [3mhwm_mb[0m[2m=[0m197
[2m2026-09-15T06:32:11.029529Z[0m [32m INFO[0m [2mmidnight_bench[0m[2m:[0m [3mstage[0m[2m=[0m"finalise.compute_queries.start" [3mrss_mb[0m[2m=[0m187 [3mhwm_mb[0m[2m=[0m197
[2m2026-09-15T06:32:11.029656Z[0m [32m INFO[0m [2mmidnight_bench[0m[2m:[0m [3mstage[0m[2m=[0m"finalise.multi_open.start" [3mrss_mb[0m[2m=[0m187 [3mhwm_mb[0m[2m=[0m197
[2m2026-09-15T06:32:11.128670Z[0m [32m INFO[0m [2mmidnight_bench[0m[2m:[0m [3mstage[0m[2m=[0m"finalise.multi_open.end" [3mrss_mb[0m[2m=[0m187 [3mhwm_mb[0m[2m=[0m197
[2m2026-09-15T06:32:11.129731Z[0m [32m INFO[0m [2mmidnight_bench[0m[2m:[0m [3mstage[0m[2m=[0m"create_proof.finalise_proof.end" [3mrss_mb[0m[2m=[0m162 [3mhwm_mb[0m[2m=[0m197
[2m2026-09-15T06:32:11.146662Z[0m [32m INFO[0m [2mactix_web::middleware::logger[0m[2m:[0m 192.168.65.1 POST /prove HTTP/1.1; took 0.708954s
[2m2026-09-15T06:32:11.148546Z[0m [32m INFO[0m [2mmidnight_proof_server::endpoints[0m[2m:[0m Starting to process request for /prove...
[2m2026-09-15T06:32:11.217841Z[0m [32m INFO[0m [2mmidnight_bench[0m[2m:[0m [3mstage[0m[2m=[0m"create_proof.compute_trace.start" [3mrss_mb[0m[2m=[0m175 [3mhwm_mb[0m[2m=[0m197
[2m2026-09-15T06:32:11.217872Z[0m [32m INFO[0m [2mmidnight_bench[0m[2m:[0m [3mstage[0m[2m=[0m"trace.compute_instances.start" [3mrss_mb[0m[2m=[0m175 [3mhwm_mb[0m[2m=[0m197
[2m2026-09-15T06:32:11.223050Z[0m [32m INFO[0m [2mmidnight_bench[0m[2m:[0m [3mstage[0m[2m=[0m"trace.compute_instances.end" [3mrss_mb[0m[2m=[0m175 [3mhwm_mb[0m[2m=[0m197
[2m2026-09-15T06:32:11.223093Z[0m [32m INFO[0m [2mmidnight_bench[0m[2m:[0m [3mstage[0m[2m=[0m"trace.parse_advices.start" [3mrss_mb[0m[2m=[0m175 [3mhwm_mb[0m[2m=[0m197
[2m2026-09-15T06:32:11.228991Z[0m [32m INFO[0m [2mmidnight_bench[0m[2m:[0m [3mstage[0m[2m=[0m"trace.parse_advices.end" [3mrss_mb[0m[2m=[0m182 [3mhwm_mb[0m[2m=[0m197
[2m2026-09-15T06:32:11.229013Z[0m [32m INFO[0m [2mmidnight_bench[0m[2m:[0m [3mstage[0m[2m=[0m"trace.lookups_permuted.start" [3mrss_mb[0m[2m=[0m182 [3mhwm_mb[0m[2m=[0m197
[2m2026-09-15T06:32:11.272573Z[0m [32m INFO[0m [2mmidnight_bench[0m[2m:[0m [3mstage[0m[2m=[0m"trace.lookups_permuted.end" [3mrss_mb[0m[2m=[0m186 [3mhwm_mb[0m[2m=[0m197
[2m2026-09-15T06:32:11.272604Z[0m [32m INFO[0m [2mmidnight_bench[0m[2m:[0m [3mstage[0m[2m=[0m"trace.permutations_commit.start" [3mrss_mb[0m[2m=[0m186 [3mhwm_mb[0m[2m=[0m197
[2m2026-09-15T06:32:11.342823Z[0m [32m INFO[0m [2mmidnight_bench[0m[2m:[0m [3mstage[0m[2m=[0m"trace.permutations_commit.end" [3mrss_mb[0m[2m=[0m194 [3mhwm_mb[0m[2m=[0m197
[2m2026-09-15T06:32:11.342849Z[0m [32m INFO[0m [2mmidnight_bench[0m[2m:[0m [3mstage[0m[2m=[0m"trace.lookups_product.start" [3mrss_mb[0m[2m=[0m194 [3mhwm_mb[0m[2m=[0m197
[2m2026-09-15T06:32:11.391420Z[0m [32m INFO[0m [2mmidnight_bench[0m[2m:[0m [3mstage[0m[2m=[0m"trace.lookups_product.end" [3mrss_mb[0m[2m=[0m194 [3mhwm_mb[0m[2m=[0m197
[2m2026-09-15T06:32:11.416221Z[0m [32m INFO[0m [2mmidnight_bench[0m[2m:[0m [3mstage[0m[2m=[0m"create_proof.compute_trace.end" [3mrss_mb[0m[2m=[0m194 [3mhwm_mb[0m[2m=[0m197
[2m2026-09-15T06:32:11.416248Z[0m [32m INFO[0m [2mmidnight_bench[0m[2m:[0m [3mstage[0m[2m=[0m"create_proof.finalise_proof.start" [3mrss_mb[0m[2m=[0m194 [3mhwm_mb[0m[2m=[0m197
[2m2026-09-15T06:32:11.416256Z[0m [32m INFO[0m [2mmidnight_bench[0m[2m:[0m [3mstage[0m[2m=[0m"finalise.compute_h_poly.start" [3mrss_mb[0m[2m=[0m194 [3mhwm_mb[0m[2m=[0m197
[2m2026-09-15T06:32:11.433062Z[0m [32m INFO[0m [2mmidnight_bench[0m[2m:[0m [3mstage[0m[2m=[0m"finalise.compute_h_poly.materialise_fixed_cosets.start" [3mrss_mb[0m[2m=[0m197 [3mhwm_mb[0m[2m=[0m197
[2m2026-09-15T06:32:11.460510Z[0m [32m INFO[0m [2mmidnight_bench[0m[2m:[0m [3mstage[0m[2m=[0m"finalise.compute_h_poly.materialise_fixed_cosets.end" [3mrss_mb[0m[2m=[0m201 [3mhwm_mb[0m[2m=[0m201
[2m2026-09-15T06:32:11.460535Z[0m [32m INFO[0m [2mmidnight_bench[0m[2m:[0m [3mstage[0m[2m=[0m"finalise.compute_h_poly.materialise_perm_cosets.start" [3mrss_mb[0m[2m=[0m201 [3mhwm_mb[0m[2m=[0m201
[2m2026-09-15T06:32:11.473141Z[0m [32m INFO[0m [2mmidnight_bench[0m[2m:[0m [3mstage[0m[2m=[0m"finalise.compute_h_poly.materialise_perm_cosets.end" [3mrss_mb[0m[2m=[0m207 [3mhwm_mb[0m[2m=[0m207
[2m2026-09-15T06:32:11.593451Z[0m [32m INFO[0m [2mmidnight_bench[0m[2m:[0m [3mstage[0m[2m=[0m"finalise.compute_h_poly.drop_cosets.end" [3mrss_mb[0m[2m=[0m209 [3mhwm_mb[0m[2m=[0m209
[2m2026-09-15T06:32:11.593481Z[0m [32m INFO[0m [2mmidnight_bench[0m[2m:[0m [3mstage[0m[2m=[0m"finalise.compute_h_poly.end" [3mrss_mb[0m[2m=[0m209 [3mhwm_mb[0m[2m=[0m209
[2m2026-09-15T06:32:11.593489Z[0m [32m INFO[0m [2mmidnight_bench[0m[2m:[0m [3mstage[0m[2m=[0m"finalise.vanishing_construct.start" [3mrss_mb[0m[2m=[0m209 [3mhwm_mb[0m[2m=[0m209
[2m2026-09-15T06:32:11.678264Z[0m [32m INFO[0m [2mmidnight_bench[0m[2m:[0m [3mstage[0m[2m=[0m"finalise.vanishing_construct.end" [3mrss_mb[0m[2m=[0m209 [3mhwm_mb[0m[2m=[0m209
[2m2026-09-15T06:32:11.709512Z[0m [32m INFO[0m [2mmidnight_bench[0m[2m:[0m [3mstage[0m[2m=[0m"finalise.compute_queries.start" [3mrss_mb[0m[2m=[0m209 [3mhwm_mb[0m[2m=[0m209
[2m2026-09-15T06:32:11.709673Z[0m [32m INFO[0m [2mmidnight_bench[0m[2m:[0m [3mstage[0m[2m=[0m"finalise.multi_open.start" [3mrss_mb[0m[2m=[0m209 [3mhwm_mb[0m[2m=[0m209
[2m2026-09-15T06:32:11.812355Z[0m [32m INFO[0m [2mmidnight_bench[0m[2m:[0m [3mstage[0m[2m=[0m"finalise.multi_open.end" [3mrss_mb[0m[2m=[0m209 [3mhwm_mb[0m[2m=[0m209
[2m2026-09-15T06:32:11.812762Z[0m [32m INFO[0m [2mmidnight_bench[0m[2m:[0m [3mstage[0m[2m=[0m"create_proof.finalise_proof.end" [3mrss_mb[0m[2m=[0m196 [3mhwm_mb[0m[2m=[0m208
[2m2026-09-15T06:32:11.827834Z[0m [32m INFO[0m [2mactix_web::middleware::logger[0m[2m:[0m 192.168.65.1 POST /prove HTTP/1.1; took 0.679306s
[2m2026-09-15T06:32:11.830050Z[0m [32m INFO[0m [2mmidnight_proof_server::endpoints[0m[2m:[0m Starting to process request for /prove...
[2m2026-09-15T06:32:11.900945Z[0m [32m INFO[0m [2mmidnight_bench[0m[2m:[0m [3mstage[0m[2m=[0m"create_proof.compute_trace.start" [3mrss_mb[0m[2m=[0m203 [3mhwm_mb[0m[2m=[0m208
[2m2026-09-15T06:32:11.900977Z[0m [32m INFO[0m [2mmidnight_bench[0m[2m:[0m [3mstage[0m[2m=[0m"trace.compute_instances.start" [3mrss_mb[0m[2m=[0m203 [3mhwm_mb[0m[2m=[0m208
[2m2026-09-15T06:32:11.905600Z[0m [32m INFO[0m [2mmidnight_bench[0m[2m:[0m [3mstage[0m[2m=[0m"trace.compute_instances.end" [3mrss_mb[0m[2m=[0m203 [3mhwm_mb[0m[2m=[0m208
[2m2026-09-15T06:32:11.905624Z[0m [32m INFO[0m [2mmidnight_bench[0m[2m:[0m [3mstage[0m[2m=[0m"trace.parse_advices.start" [3mrss_mb[0m[2m=[0m203 [3mhwm_mb[0m[2m=[0m208
[2m2026-09-15T06:32:11.910809Z[0m [32m INFO[0m [2mmidnight_bench[0m[2m:[0m [3mstage[0m[2m=[0m"trace.parse_advices.end" [3mrss_mb[0m[2m=[0m203 [3mhwm_mb[0m[2m=[0m208
[2m2026-09-15T06:32:11.910834Z[0m [32m INFO[0m [2mmidnight_bench[0m[2m:[0m [3mstage[0m[2m=[0m"trace.lookups_permuted.start" [3mrss_mb[0m[2m=[0m203 [3mhwm_mb[0m[2m=[0m208
[2m2026-09-15T06:32:11.955417Z[0m [32m INFO[0m [2mmidnight_bench[0m[2m:[0m [3mstage[0m[2m=[0m"trace.lookups_permuted.end" [3mrss_mb[0m[2m=[0m207 [3mhwm_mb[0m[2m=[0m208
[2m2026-09-15T06:32:11.955441Z[0m [32m INFO[0m [2mmidnight_bench[0m[2m:[0m [3mstage[0m[2m=[0m"trace.permutations_commit.start" [3mrss_mb[0m[2m=[0m207 [3mhwm_mb[0m[2m=[0m208
[2m2026-09-15T06:32:12.020169Z[0m [32m INFO[0m [2mmidnight_bench[0m[2m:[0m [3mstage[0m[2m=[0m"trace.permutations_commit.end" [3mrss_mb[0m[2m=[0m214 [3mhwm_mb[0m[2m=[0m214
[2m2026-09-15T06:32:12.020193Z[0m [32m INFO[0m [2mmidnight_bench[0m[2m:[0m [3mstage[0m[2m=[0m"trace.lookups_product.start" [3mrss_mb[0m[2m=[0m214 [3mhwm_mb[0m[2m=[0m214
[2m2026-09-15T06:32:12.070890Z[0m [32m INFO[0m [2mmidnight_bench[0m[2m:[0m [3mstage[0m[2m=[0m"trace.lookups_product.end" [3mrss_mb[0m[2m=[0m215 [3mhwm_mb[0m[2m=[0m215
[2m2026-09-15T06:32:12.095176Z[0m [32m INFO[0m [2mmidnight_bench[0m[2m:[0m [3mstage[0m[2m=[0m"create_proof.compute_trace.end" [3mrss_mb[0m[2m=[0m215 [3mhwm_mb[0m[2m=[0m215
[2m2026-09-15T06:32:12.095202Z[0m [32m INFO[0m [2mmidnight_bench[0m[2m:[0m [3mstage[0m[2m=[0m"create_proof.finalise_proof.start" [3mrss_mb[0m[2m=[0m215 [3mhwm_mb[0m[2m=[0m215
[2m2026-09-15T06:32:12.095210Z[0m [32m INFO[0m [2mmidnight_bench[0m[2m:[0m [3mstage[0m[2m=[0m"finalise.compute_h_poly.start" [3mrss_mb[0m[2m=[0m215 [3mhwm_mb[0m[2m=[0m215
[2m2026-09-15T06:32:12.108337Z[0m [32m INFO[0m [2mmidnight_bench[0m[2m:[0m [3mstage[0m[2m=[0m"finalise.compute_h_poly.materialise_fixed_cosets.start" [3mrss_mb[0m[2m=[0m215 [3mhwm_mb[0m[2m=[0m215
[2m2026-09-15T06:32:12.134539Z[0m [32m INFO[0m [2mmidnight_bench[0m[2m:[0m [3mstage[0m[2m=[0m"finalise.compute_h_poly.materialise_fixed_cosets.end" [3mrss_mb[0m[2m=[0m215 [3mhwm_mb[0m[2m=[0m215
[2m2026-09-15T06:32:12.134569Z[0m [32m INFO[0m [2mmidnight_bench[0m[2m:[0m [3mstage[0m[2m=[0m"finalise.compute_h_poly.materialise_perm_cosets.start" [3mrss_mb[0m[2m=[0m215 [3mhwm_mb[0m[2m=[0m215
[2m2026-09-15T06:32:12.151274Z[0m [32m INFO[0m [2mmidnight_bench[0m[2m:[0m [3mstage[0m[2m=[0m"finalise.compute_h_poly.materialise_perm_cosets.end" [3mrss_mb[0m[2m=[0m216 [3mhwm_mb[0m[2m=[0m216
[2m2026-09-15T06:32:12.273462Z[0m [32m INFO[0m [2mmidnight_bench[0m[2m:[0m [3mstage[0m[2m=[0m"finalise.compute_h_poly.drop_cosets.end" [3mrss_mb[0m[2m=[0m218 [3mhwm_mb[0m[2m=[0m218
[2m2026-09-15T06:32:12.273499Z[0m [32m INFO[0m [2mmidnight_bench[0m[2m:[0m [3mstage[0m[2m=[0m"finalise.compute_h_poly.end" [3mrss_mb[0m[2m=[0m218 [3mhwm_mb[0m[2m=[0m218
[2m2026-09-15T06:32:12.273508Z[0m [32m INFO[0m [2mmidnight_bench[0m[2m:[0m [3mstage[0m[2m=[0m"finalise.vanishing_construct.start" [3mrss_mb[0m[2m=[0m218 [3mhwm_mb[0m[2m=[0m218
[2m2026-09-15T06:32:12.362150Z[0m [32m INFO[0m [2mmidnight_bench[0m[2m:[0m [3mstage[0m[2m=[0m"finalise.vanishing_construct.end" [3mrss_mb[0m[2m=[0m218 [3mhwm_mb[0m[2m=[0m218
[2m2026-09-15T06:32:12.390342Z[0m [32m INFO[0m [2mmidnight_bench[0m[2m:[0m [3mstage[0m[2m=[0m"finalise.compute_queries.start" [3mrss_mb[0m[2m=[0m218 [3mhwm_mb[0m[2m=[0m218
[2m2026-09-15T06:32:12.390433Z[0m [32m INFO[0m [2mmidnight_bench[0m[2m:[0m [3mstage[0m[2m=[0m"finalise.multi_open.start" [3mrss_mb[0m[2m=[0m218 [3mhwm_mb[0m[2m=[0m218
[2m2026-09-15T06:32:12.479952Z[0m [32m INFO[0m [2mmidnight_bench[0m[2m:[0m [3mstage[0m[2m=[0m"finalise.multi_open.end" [3mrss_mb[0m[2m=[0m218 [3mhwm_mb[0m[2m=[0m218
[2m2026-09-15T06:32:12.480384Z[0m [32m INFO[0m [2mmidnight_bench[0m[2m:[0m [3mstage[0m[2m=[0m"create_proof.finalise_proof.end" [3mrss_mb[0m[2m=[0m204 [3mhwm_mb[0m[2m=[0m217
[2m2026-09-15T06:32:12.496516Z[0m [32m INFO[0m [2mactix_web::middleware::logger[0m[2m:[0m 192.168.65.1 POST /prove HTTP/1.1; took 0.666586s
[2m2026-09-15T06:32:12.498244Z[0m [32m INFO[0m [2mmidnight_proof_server::endpoints[0m[2m:[0m Starting to process request for /prove...
[2m2026-09-15T06:32:12.572899Z[0m [32m INFO[0m [2mmidnight_bench[0m[2m:[0m [3mstage[0m[2m=[0m"create_proof.compute_trace.start" [3mrss_mb[0m[2m=[0m213 [3mhwm_mb[0m[2m=[0m217
[2m2026-09-15T06:32:12.572928Z[0m [32m INFO[0m [2mmidnight_bench[0m[2m:[0m [3mstage[0m[2m=[0m"trace.compute_instances.start" [3mrss_mb[0m[2m=[0m213 [3mhwm_mb[0m[2m=[0m217
[2m2026-09-15T06:32:12.576996Z[0m [32m INFO[0m [2mmidnight_bench[0m[2m:[0m [3mstage[0m[2m=[0m"trace.compute_instances.end" [3mrss_mb[0m[2m=[0m213 [3mhwm_mb[0m[2m=[0m217
[2m2026-09-15T06:32:12.577017Z[0m [32m INFO[0m [2mmidnight_bench[0m[2m:[0m [3mstage[0m[2m=[0m"trace.parse_advices.start" [3mrss_mb[0m[2m=[0m213 [3mhwm_mb[0m[2m=[0m217
[2m2026-09-15T06:32:12.581986Z[0m [32m INFO[0m [2mmidnight_bench[0m[2m:[0m [3mstage[0m[2m=[0m"trace.parse_advices.end" [3mrss_mb[0m[2m=[0m213 [3mhwm_mb[0m[2m=[0m217
[2m2026-09-15T06:32:12.582014Z[0m [32m INFO[0m [2mmidnight_bench[0m[2m:[0m [3mstage[0m[2m=[0m"trace.lookups_permuted.start" [3mrss_mb[0m[2m=[0m213 [3mhwm_mb[0m[2m=[0m217
[2m2026-09-15T06:32:12.624511Z[0m [32m INFO[0m [2mmidnight_bench[0m[2m:[0m [3mstage[0m[2m=[0m"trace.lookups_permuted.end" [3mrss_mb[0m[2m=[0m217 [3mhwm_mb[0m[2m=[0m217
[2m2026-09-15T06:32:12.624539Z[0m [32m INFO[0m [2mmidnight_bench[0m[2m:[0m [3mstage[0m[2m=[0m"trace.permutations_commit.start" [3mrss_mb[0m[2m=[0m217 [3mhwm_mb[0m[2m=[0m217
[2m2026-09-15T06:32:12.700451Z[0m [32m INFO[0m [2mmidnight_bench[0m[2m:[0m [3mstage[0m[2m=[0m"trace.permutations_commit.end" [3mrss_mb[0m[2m=[0m225 [3mhwm_mb[0m[2m=[0m225
[2m2026-09-15T06:32:12.700479Z[0m [32m INFO[0m [2mmidnight_bench[0m[2m:[0m [3mstage[0m[2m=[0m"trace.lookups_product.start" [3mrss_mb[0m[2m=[0m225 [3mhwm_mb[0m[2m=[0m225
[2m2026-09-15T06:32:12.751019Z[0m [32m INFO[0m [2mmidnight_bench[0m[2m:[0m [3mstage[0m[2m=[0m"trace.lookups_product.end" [3mrss_mb[0m[2m=[0m225 [3mhwm_mb[0m[2m=[0m225
[2m2026-09-15T06:32:12.776212Z[0m [32m INFO[0m [2mmidnight_bench[0m[2m:[0m [3mstage[0m[2m=[0m"create_proof.compute_trace.end" [3mrss_mb[0m[2m=[0m225 [3mhwm_mb[0m[2m=[0m225
[2m2026-09-15T06:32:12.776241Z[0m [32m INFO[0m [2mmidnight_bench[0m[2m:[0m [3mstage[0m[2m=[0m"create_proof.finalise_proof.start" [3mrss_mb[0m[2m=[0m225 [3mhwm_mb[0m[2m=[0m225
[2m2026-09-15T06:32:12.776249Z[0m [32m INFO[0m [2mmidnight_bench[0m[2m:[0m [3mstage[0m[2m=[0m"finalise.compute_h_poly.start" [3mrss_mb[0m[2m=[0m225 [3mhwm_mb[0m[2m=[0m225
[2m2026-09-15T06:32:12.790709Z[0m [32m INFO[0m [2mmidnight_bench[0m[2m:[0m [3mstage[0m[2m=[0m"finalise.compute_h_poly.materialise_fixed_cosets.start" [3mrss_mb[0m[2m=[0m225 [3mhwm_mb[0m[2m=[0m225
[2m2026-09-15T06:32:12.813873Z[0m [32m INFO[0m [2mmidnight_bench[0m[2m:[0m [3mstage[0m[2m=[0m"finalise.compute_h_poly.materialise_fixed_cosets.end" [3mrss_mb[0m[2m=[0m229 [3mhwm_mb[0m[2m=[0m229
[2m2026-09-15T06:32:12.813905Z[0m [32m INFO[0m [2mmidnight_bench[0m[2m:[0m [3mstage[0m[2m=[0m"finalise.compute_h_poly.materialise_perm_cosets.start" [3mrss_mb[0m[2m=[0m229 [3mhwm_mb[0m[2m=[0m229
[2m2026-09-15T06:32:12.826133Z[0m [32m INFO[0m [2mmidnight_bench[0m[2m:[0m [3mstage[0m[2m=[0m"finalise.compute_h_poly.materialise_perm_cosets.end" [3mrss_mb[0m[2m=[0m230 [3mhwm_mb[0m[2m=[0m230
[2m2026-09-15T06:32:12.950455Z[0m [32m INFO[0m [2mmidnight_bench[0m[2m:[0m [3mstage[0m[2m=[0m"finalise.compute_h_poly.drop_cosets.end" [3mrss_mb[0m[2m=[0m231 [3mhwm_mb[0m[2m=[0m231
[2m2026-09-15T06:32:12.950492Z[0m [32m INFO[0m [2mmidnight_bench[0m[2m:[0m [3mstage[0m[2m=[0m"finalise.compute_h_poly.end" [3mrss_mb[0m[2m=[0m231 [3mhwm_mb[0m[2m=[0m231
[2m2026-09-15T06:32:12.950500Z[0m [32m INFO[0m [2mmidnight_bench[0m[2m:[0m [3mstage[0m[2m=[0m"finalise.vanishing_construct.start" [3mrss_mb[0m[2m=[0m231 [3mhwm_mb[0m[2m=[0m231
[2m2026-09-15T06:32:13.040341Z[0m [32m INFO[0m [2mmidnight_bench[0m[2m:[0m [3mstage[0m[2m=[0m"finalise.vanishing_construct.end" [3mrss_mb[0m[2m=[0m231 [3mhwm_mb[0m[2m=[0m231
[2m2026-09-15T06:32:13.066444Z[0m [32m INFO[0m [2mmidnight_bench[0m[2m:[0m [3mstage[0m[2m=[0m"finalise.compute_queries.start" [3mrss_mb[0m[2m=[0m231 [3mhwm_mb[0m[2m=[0m231
[2m2026-09-15T06:32:13.066536Z[0m [32m INFO[0m [2mmidnight_bench[0m[2m:[0m [3mstage[0m[2m=[0m"finalise.multi_open.start" [3mrss_mb[0m[2m=[0m231 [3mhwm_mb[0m[2m=[0m231
[2m2026-09-15T06:32:13.155769Z[0m [32m INFO[0m [2mmidnight_bench[0m[2m:[0m [3mstage[0m[2m=[0m"finalise.multi_open.end" [3mrss_mb[0m[2m=[0m232 [3mhwm_mb[0m[2m=[0m232
[2m2026-09-15T06:32:13.156253Z[0m [32m INFO[0m [2mmidnight_bench[0m[2m:[0m [3mstage[0m[2m=[0m"create_proof.finalise_proof.end" [3mrss_mb[0m[2m=[0m216 [3mhwm_mb[0m[2m=[0m230
[2m2026-09-15T06:32:13.173046Z[0m [32m INFO[0m [2mactix_web::middleware::logger[0m[2m:[0m 192.168.65.1 POST /prove HTTP/1.1; took 0.674817s
[2m2026-09-15T06:32:13.174769Z[0m [32m INFO[0m [2mmidnight_proof_server::endpoints[0m[2m:[0m Starting to process request for /prove...
[2m2026-09-15T06:32:13.243852Z[0m [32m INFO[0m [2mmidnight_bench[0m[2m:[0m [3mstage[0m[2m=[0m"create_proof.compute_trace.start" [3mrss_mb[0m[2m=[0m216 [3mhwm_mb[0m[2m=[0m230
[2m2026-09-15T06:32:13.243886Z[0m [32m INFO[0m [2mmidnight_bench[0m[2m:[0m [3mstage[0m[2m=[0m"trace.compute_instances.start" [3mrss_mb[0m[2m=[0m216 [3mhwm_mb[0m[2m=[0m230
[2m2026-09-15T06:32:13.248527Z[0m [32m INFO[0m [2mmidnight_bench[0m[2m:[0m [3mstage[0m[2m=[0m"trace.compute_instances.end" [3mrss_mb[0m[2m=[0m216 [3mhwm_mb[0m[2m=[0m230
[2m2026-09-15T06:32:13.248548Z[0m [32m INFO[0m [2mmidnight_bench[0m[2m:[0m [3mstage[0m[2m=[0m"trace.parse_advices.start" [3mrss_mb[0m[2m=[0m216 [3mhwm_mb[0m[2m=[0m230
[2m2026-09-15T06:32:13.253715Z[0m [32m INFO[0m [2mmidnight_bench[0m[2m:[0m [3mstage[0m[2m=[0m"trace.parse_advices.end" [3mrss_mb[0m[2m=[0m217 [3mhwm_mb[0m[2m=[0m230
[2m2026-09-15T06:32:13.253737Z[0m [32m INFO[0m [2mmidnight_bench[0m[2m:[0m [3mstage[0m[2m=[0m"trace.lookups_permuted.start" [3mrss_mb[0m[2m=[0m217 [3mhwm_mb[0m[2m=[0m230
[2m2026-09-15T06:32:13.297460Z[0m [32m INFO[0m [2mmidnight_bench[0m[2m:[0m [3mstage[0m[2m=[0m"trace.lookups_permuted.end" [3mrss_mb[0m[2m=[0m222 [3mhwm_mb[0m[2m=[0m230
[2m2026-09-15T06:32:13.297485Z[0m [32m INFO[0m [2mmidnight_bench[0m[2m:[0m [3mstage[0m[2m=[0m"trace.permutations_commit.start" [3mrss_mb[0m[2m=[0m222 [3mhwm_mb[0m[2m=[0m230
[2m2026-09-15T06:32:13.369228Z[0m [32m INFO[0m [2mmidnight_bench[0m[2m:[0m [3mstage[0m[2m=[0m"trace.permutations_commit.end" [3mrss_mb[0m[2m=[0m229 [3mhwm_mb[0m[2m=[0m230
[2m2026-09-15T06:32:13.369252Z[0m [32m INFO[0m [2mmidnight_bench[0m[2m:[0m [3mstage[0m[2m=[0m"trace.lookups_product.start" [3mrss_mb[0m[2m=[0m229 [3mhwm_mb[0m[2m=[0m230
[2m2026-09-15T06:32:13.417470Z[0m [32m INFO[0m [2mmidnight_bench[0m[2m:[0m [3mstage[0m[2m=[0m"trace.lookups_product.end" [3mrss_mb[0m[2m=[0m230 [3mhwm_mb[0m[2m=[0m230
[2m2026-09-15T06:32:13.443880Z[0m [32m INFO[0m [2mmidnight_bench[0m[2m:[0m [3mstage[0m[2m=[0m"create_proof.compute_trace.end" [3mrss_mb[0m[2m=[0m230 [3mhwm_mb[0m[2m=[0m230
[2m2026-09-15T06:32:13.443905Z[0m [32m INFO[0m [2mmidnight_bench[0m[2m:[0m [3mstage[0m[2m=[0m"create_proof.finalise_proof.start" [3mrss_mb[0m[2m=[0m230 [3mhwm_mb[0m[2m=[0m230
[2m2026-09-15T06:32:13.443913Z[0m [32m INFO[0m [2mmidnight_bench[0m[2m:[0m [3mstage[0m[2m=[0m"finalise.compute_h_poly.start" [3mrss_mb[0m[2m=[0m230 [3mhwm_mb[0m[2m=[0m230
[2m2026-09-15T06:32:13.459060Z[0m [32m INFO[0m [2mmidnight_bench[0m[2m:[0m [3mstage[0m[2m=[0m"finalise.compute_h_poly.materialise_fixed_cosets.start" [3mrss_mb[0m[2m=[0m230 [3mhwm_mb[0m[2m=[0m230
[2m2026-09-15T06:32:13.485489Z[0m [32m INFO[0m [2mmidnight_bench[0m[2m:[0m [3mstage[0m[2m=[0m"finalise.compute_h_poly.materialise_fixed_cosets.end" [3mrss_mb[0m[2m=[0m234 [3mhwm_mb[0m[2m=[0m234
[2m2026-09-15T06:32:13.485513Z[0m [32m INFO[0m [2mmidnight_bench[0m[2m:[0m [3mstage[0m[2m=[0m"finalise.compute_h_poly.materialise_perm_cosets.start" [3mrss_mb[0m[2m=[0m234 [3mhwm_mb[0m[2m=[0m234
[2m2026-09-15T06:32:13.497211Z[0m [32m INFO[0m [2mmidnight_bench[0m[2m:[0m [3mstage[0m[2m=[0m"finalise.compute_h_poly.materialise_perm_cosets.end" [3mrss_mb[0m[2m=[0m236 [3mhwm_mb[0m[2m=[0m236
[2m2026-09-15T06:32:13.615911Z[0m [32m INFO[0m [2mmidnight_bench[0m[2m:[0m [3mstage[0m[2m=[0m"finalise.compute_h_poly.drop_cosets.end" [3mrss_mb[0m[2m=[0m237 [3mhwm_mb[0m[2m=[0m237
[2m2026-09-15T06:32:13.615951Z[0m [32m INFO[0m [2mmidnight_bench[0m[2m:[0m [3mstage[0m[2m=[0m"finalise.compute_h_poly.end" [3mrss_mb[0m[2m=[0m237 [3mhwm_mb[0m[2m=[0m237
[2m2026-09-15T06:32:13.615964Z[0m [32m INFO[0m [2mmidnight_bench[0m[2m:[0m [3mstage[0m[2m=[0m"finalise.vanishing_construct.start" [3mrss_mb[0m[2m=[0m237 [3mhwm_mb[0m[2m=[0m237
[2m2026-09-15T06:32:13.699437Z[0m [32m INFO[0m [2mmidnight_bench[0m[2m:[0m [3mstage[0m[2m=[0m"finalise.vanishing_construct.end" [3mrss_mb[0m[2m=[0m238 [3mhwm_mb[0m[2m=[0m238
[2m2026-09-15T06:32:13.729547Z[0m [32m INFO[0m [2mmidnight_bench[0m[2m:[0m [3mstage[0m[2m=[0m"finalise.compute_queries.start" [3mrss_mb[0m[2m=[0m238 [3mhwm_mb[0m[2m=[0m238
[2m2026-09-15T06:32:13.729644Z[0m [32m INFO[0m [2mmidnight_bench[0m[2m:[0m [3mstage[0m[2m=[0m"finalise.multi_open.start" [3mrss_mb[0m[2m=[0m238 [3mhwm_mb[0m[2m=[0m238
[2m2026-09-15T06:32:13.817707Z[0m [32m INFO[0m [2mmidnight_bench[0m[2m:[0m [3mstage[0m[2m=[0m"finalise.multi_open.end" [3mrss_mb[0m[2m=[0m238 [3mhwm_mb[0m[2m=[0m238
[2m2026-09-15T06:32:13.818170Z[0m [32m INFO[0m [2mmidnight_bench[0m[2m:[0m [3mstage[0m[2m=[0m"create_proof.finalise_proof.end" [3mrss_mb[0m[2m=[0m222 [3mhwm_mb[0m[2m=[0m237
[2m2026-09-15T06:32:13.833682Z[0m [32m INFO[0m [2mactix_web::middleware::logger[0m[2m:[0m 192.168.65.1 POST /prove HTTP/1.1; took 0.658928s
[2m2026-09-15T06:32:13.835971Z[0m [32m INFO[0m [2mmidnight_proof_server::endpoints[0m[2m:[0m Starting to process request for /prove...
[2m2026-09-15T06:32:13.906133Z[0m [32m INFO[0m [2mmidnight_bench[0m[2m:[0m [3mstage[0m[2m=[0m"create_proof.compute_trace.start" [3mrss_mb[0m[2m=[0m222 [3mhwm_mb[0m[2m=[0m237
[2m2026-09-15T06:32:13.906163Z[0m [32m INFO[0m [2mmidnight_bench[0m[2m:[0m [3mstage[0m[2m=[0m"trace.compute_instances.start" [3mrss_mb[0m[2m=[0m222 [3mhwm_mb[0m[2m=[0m237
[2m2026-09-15T06:32:13.911260Z[0m [32m INFO[0m [2mmidnight_bench[0m[2m:[0m [3mstage[0m[2m=[0m"trace.compute_instances.end" [3mrss_mb[0m[2m=[0m222 [3mhwm_mb[0m[2m=[0m237
[2m2026-09-15T06:32:13.911281Z[0m [32m INFO[0m [2mmidnight_bench[0m[2m:[0m [3mstage[0m[2m=[0m"trace.parse_advices.start" [3mrss_mb[0m[2m=[0m222 [3mhwm_mb[0m[2m=[0m237
[2m2026-09-15T06:32:13.916454Z[0m [32m INFO[0m [2mmidnight_bench[0m[2m:[0m [3mstage[0m[2m=[0m"trace.parse_advices.end" [3mrss_mb[0m[2m=[0m223 [3mhwm_mb[0m[2m=[0m237
[2m2026-09-15T06:32:13.916476Z[0m [32m INFO[0m [2mmidnight_bench[0m[2m:[0m [3mstage[0m[2m=[0m"trace.lookups_permuted.start" [3mrss_mb[0m[2m=[0m223 [3mhwm_mb[0m[2m=[0m237
[2m2026-09-15T06:32:13.958951Z[0m [32m INFO[0m [2mmidnight_bench[0m[2m:[0m [3mstage[0m[2m=[0m"trace.lookups_permuted.end" [3mrss_mb[0m[2m=[0m228 [3mhwm_mb[0m[2m=[0m237
[2m2026-09-15T06:32:13.958982Z[0m [32m INFO[0m [2mmidnight_bench[0m[2m:[0m [3mstage[0m[2m=[0m"trace.permutations_commit.start" [3mrss_mb[0m[2m=[0m228 [3mhwm_mb[0m[2m=[0m237
[2m2026-09-15T06:32:14.030780Z[0m [32m INFO[0m [2mmidnight_bench[0m[2m:[0m [3mstage[0m[2m=[0m"trace.permutations_commit.end" [3mrss_mb[0m[2m=[0m235 [3mhwm_mb[0m[2m=[0m237
[2m2026-09-15T06:32:14.030807Z[0m [32m INFO[0m [2mmidnight_bench[0m[2m:[0m [3mstage[0m[2m=[0m"trace.lookups_product.start" [3mrss_mb[0m[2m=[0m235 [3mhwm_mb[0m[2m=[0m237
[2m2026-09-15T06:32:14.079406Z[0m [32m INFO[0m [2mmidnight_bench[0m[2m:[0m [3mstage[0m[2m=[0m"trace.lookups_product.end" [3mrss_mb[0m[2m=[0m236 [3mhwm_mb[0m[2m=[0m237
[2m2026-09-15T06:32:14.106051Z[0m [32m INFO[0m [2mmidnight_bench[0m[2m:[0m [3mstage[0m[2m=[0m"create_proof.compute_trace.end" [3mrss_mb[0m[2m=[0m236 [3mhwm_mb[0m[2m=[0m237
[2m2026-09-15T06:32:14.106074Z[0m [32m INFO[0m [2mmidnight_bench[0m[2m:[0m [3mstage[0m[2m=[0m"create_proof.finalise_proof.start" [3mrss_mb[0m[2m=[0m236 [3mhwm_mb[0m[2m=[0m237
[2m2026-09-15T06:32:14.106084Z[0m [32m INFO[0m [2mmidnight_bench[0m[2m:[0m [3mstage[0m[2m=[0m"finalise.compute_h_poly.start" [3mrss_mb[0m[2m=[0m236 [3mhwm_mb[0m[2m=[0m237
[2m2026-09-15T06:32:14.119976Z[0m [32m INFO[0m [2mmidnight_bench[0m[2m:[0m [3mstage[0m[2m=[0m"finalise.compute_h_poly.materialise_fixed_cosets.start" [3mrss_mb[0m[2m=[0m236 [3mhwm_mb[0m[2m=[0m237
[2m2026-09-15T06:32:14.148666Z[0m [32m INFO[0m [2mmidnight_bench[0m[2m:[0m [3mstage[0m[2m=[0m"finalise.compute_h_poly.materialise_fixed_cosets.end" [3mrss_mb[0m[2m=[0m236 [3mhwm_mb[0m[2m=[0m237
[2m2026-09-15T06:32:14.148691Z[0m [32m INFO[0m [2mmidnight_bench[0m[2m:[0m [3mstage[0m[2m=[0m"finalise.compute_h_poly.materialise_perm_cosets.start" [3mrss_mb[0m[2m=[0m236 [3mhwm_mb[0m[2m=[0m237
[2m2026-09-15T06:32:14.166558Z[0m [32m INFO[0m [2mmidnight_bench[0m[2m:[0m [3mstage[0m[2m=[0m"finalise.compute_h_poly.materialise_perm_cosets.end" [3mrss_mb[0m[2m=[0m240 [3mhwm_mb[0m[2m=[0m240
[2m2026-09-15T06:32:14.299781Z[0m [32m INFO[0m [2mmidnight_bench[0m[2m:[0m [3mstage[0m[2m=[0m"finalise.compute_h_poly.drop_cosets.end" [3mrss_mb[0m[2m=[0m242 [3mhwm_mb[0m[2m=[0m242
[2m2026-09-15T06:32:14.299812Z[0m [32m INFO[0m [2mmidnight_bench[0m[2m:[0m [3mstage[0m[2m=[0m"finalise.compute_h_poly.end" [3mrss_mb[0m[2m=[0m242 [3mhwm_mb[0m[2m=[0m242
[2m2026-09-15T06:32:14.299820Z[0m [32m INFO[0m [2mmidnight_bench[0m[2m:[0m [3mstage[0m[2m=[0m"finalise.vanishing_construct.start" [3mrss_mb[0m[2m=[0m242 [3mhwm_mb[0m[2m=[0m242
[2m2026-09-15T06:32:14.383908Z[0m [32m INFO[0m [2mmidnight_bench[0m[2m:[0m [3mstage[0m[2m=[0m"finalise.vanishing_construct.end" [3mrss_mb[0m[2m=[0m242 [3mhwm_mb[0m[2m=[0m242
[2m2026-09-15T06:32:14.410554Z[0m [32m INFO[0m [2mmidnight_bench[0m[2m:[0m [3mstage[0m[2m=[0m"finalise.compute_queries.start" [3mrss_mb[0m[2m=[0m242 [3mhwm_mb[0m[2m=[0m242
[2m2026-09-15T06:32:14.410642Z[0m [32m INFO[0m [2mmidnight_bench[0m[2m:[0m [3mstage[0m[2m=[0m"finalise.multi_open.start" [3mrss_mb[0m[2m=[0m242 [3mhwm_mb[0m[2m=[0m242
[2m2026-09-15T06:32:14.501276Z[0m [32m INFO[0m [2mmidnight_bench[0m[2m:[0m [3mstage[0m[2m=[0m"finalise.multi_open.end" [3mrss_mb[0m[2m=[0m242 [3mhwm_mb[0m[2m=[0m242
[2m2026-09-15T06:32:14.501726Z[0m [32m INFO[0m [2mmidnight_bench[0m[2m:[0m [3mstage[0m[2m=[0m"create_proof.finalise_proof.end" [3mrss_mb[0m[2m=[0m226 [3mhwm_mb[0m[2m=[0m241
[2m2026-09-15T06:32:14.517586Z[0m [32m INFO[0m [2mactix_web::middleware::logger[0m[2m:[0m 192.168.65.1 POST /prove HTTP/1.1; took 0.681634s
[2m2026-09-15T06:32:14.519398Z[0m [32m INFO[0m [2mmidnight_proof_server::endpoints[0m[2m:[0m Starting to process request for /prove...
[2m2026-09-15T06:32:14.589524Z[0m [32m INFO[0m [2mmidnight_bench[0m[2m:[0m [3mstage[0m[2m=[0m"create_proof.compute_trace.start" [3mrss_mb[0m[2m=[0m240 [3mhwm_mb[0m[2m=[0m241
[2m2026-09-15T06:32:14.589547Z[0m [32m INFO[0m [2mmidnight_bench[0m[2m:[0m [3mstage[0m[2m=[0m"trace.compute_instances.start" [3mrss_mb[0m[2m=[0m240 [3mhwm_mb[0m[2m=[0m241
[2m2026-09-15T06:32:14.594958Z[0m [32m INFO[0m [2mmidnight_bench[0m[2m:[0m [3mstage[0m[2m=[0m"trace.compute_instances.end" [3mrss_mb[0m[2m=[0m240 [3mhwm_mb[0m[2m=[0m241
[2m2026-09-15T06:32:14.594975Z[0m [32m INFO[0m [2mmidnight_bench[0m[2m:[0m [3mstage[0m[2m=[0m"trace.parse_advices.start" [3mrss_mb[0m[2m=[0m240 [3mhwm_mb[0m[2m=[0m241
[2m2026-09-15T06:32:14.600316Z[0m [32m INFO[0m [2mmidnight_bench[0m[2m:[0m [3mstage[0m[2m=[0m"trace.parse_advices.end" [3mrss_mb[0m[2m=[0m241 [3mhwm_mb[0m[2m=[0m241
[2m2026-09-15T06:32:14.600342Z[0m [32m INFO[0m [2mmidnight_bench[0m[2m:[0m [3mstage[0m[2m=[0m"trace.lookups_permuted.start" [3mrss_mb[0m[2m=[0m241 [3mhwm_mb[0m[2m=[0m241
[2m2026-09-15T06:32:14.641865Z[0m [32m INFO[0m [2mmidnight_bench[0m[2m:[0m [3mstage[0m[2m=[0m"trace.lookups_permuted.end" [3mrss_mb[0m[2m=[0m246 [3mhwm_mb[0m[2m=[0m246
[2m2026-09-15T06:32:14.641895Z[0m [32m INFO[0m [2mmidnight_bench[0m[2m:[0m [3mstage[0m[2m=[0m"trace.permutations_commit.start" [3mrss_mb[0m[2m=[0m246 [3mhwm_mb[0m[2m=[0m246
[2m2026-09-15T06:32:14.708324Z[0m [32m INFO[0m [2mmidnight_bench[0m[2m:[0m [3mstage[0m[2m=[0m"trace.permutations_commit.end" [3mrss_mb[0m[2m=[0m253 [3mhwm_mb[0m[2m=[0m253
[2m2026-09-15T06:32:14.708349Z[0m [32m INFO[0m [2mmidnight_bench[0m[2m:[0m [3mstage[0m[2m=[0m"trace.lookups_product.start" [3mrss_mb[0m[2m=[0m253 [3mhwm_mb[0m[2m=[0m253
[2m2026-09-15T06:32:14.757209Z[0m [32m INFO[0m [2mmidnight_bench[0m[2m:[0m [3mstage[0m[2m=[0m"trace.lookups_product.end" [3mrss_mb[0m[2m=[0m254 [3mhwm_mb[0m[2m=[0m254
[2m2026-09-15T06:32:14.780982Z[0m [32m INFO[0m [2mmidnight_bench[0m[2m:[0m [3mstage[0m[2m=[0m"create_proof.compute_trace.end" [3mrss_mb[0m[2m=[0m254 [3mhwm_mb[0m[2m=[0m254
[2m2026-09-15T06:32:14.781009Z[0m [32m INFO[0m [2mmidnight_bench[0m[2m:[0m [3mstage[0m[2m=[0m"create_proof.finalise_proof.start" [3mrss_mb[0m[2m=[0m254 [3mhwm_mb[0m[2m=[0m254
[2m2026-09-15T06:32:14.781017Z[0m [32m INFO[0m [2mmidnight_bench[0m[2m:[0m [3mstage[0m[2m=[0m"finalise.compute_h_poly.start" [3mrss_mb[0m[2m=[0m254 [3mhwm_mb[0m[2m=[0m254
[2m2026-09-15T06:32:14.795650Z[0m [32m INFO[0m [2mmidnight_bench[0m[2m:[0m [3mstage[0m[2m=[0m"finalise.compute_h_poly.materialise_fixed_cosets.start" [3mrss_mb[0m[2m=[0m254 [3mhwm_mb[0m[2m=[0m254
[2m2026-09-15T06:32:14.822922Z[0m [32m INFO[0m [2mmidnight_bench[0m[2m:[0m [3mstage[0m[2m=[0m"finalise.compute_h_poly.materialise_fixed_cosets.end" [3mrss_mb[0m[2m=[0m256 [3mhwm_mb[0m[2m=[0m256
[2m2026-09-15T06:32:14.822952Z[0m [32m INFO[0m [2mmidnight_bench[0m[2m:[0m [3mstage[0m[2m=[0m"finalise.compute_h_poly.materialise_perm_cosets.start" [3mrss_mb[0m[2m=[0m256 [3mhwm_mb[0m[2m=[0m256
[2m2026-09-15T06:32:14.835722Z[0m [32m INFO[0m [2mmidnight_bench[0m[2m:[0m [3mstage[0m[2m=[0m"finalise.compute_h_poly.materialise_perm_cosets.end" [3mrss_mb[0m[2m=[0m257 [3mhwm_mb[0m[2m=[0m257
[2m2026-09-15T06:32:14.963054Z[0m [32m INFO[0m [2mmidnight_bench[0m[2m:[0m [3mstage[0m[2m=[0m"finalise.compute_h_poly.drop_cosets.end" [3mrss_mb[0m[2m=[0m259 [3mhwm_mb[0m[2m=[0m259
[2m2026-09-15T06:32:14.963086Z[0m [32m INFO[0m [2mmidnight_bench[0m[2m:[0m [3mstage[0m[2m=[0m"finalise.compute_h_poly.end" [3mrss_mb[0m[2m=[0m259 [3mhwm_mb[0m[2m=[0m259
[2m2026-09-15T06:32:14.963109Z[0m [32m INFO[0m [2mmidnight_bench[0m[2m:[0m [3mstage[0m[2m=[0m"finalise.vanishing_construct.start" [3mrss_mb[0m[2m=[0m259 [3mhwm_mb[0m[2m=[0m259
[2m2026-09-15T06:32:15.046694Z[0m [32m INFO[0m [2mmidnight_bench[0m[2m:[0m [3mstage[0m[2m=[0m"finalise.vanishing_construct.end" [3mrss_mb[0m[2m=[0m259 [3mhwm_mb[0m[2m=[0m259
[2m2026-09-15T06:32:15.074779Z[0m [32m INFO[0m [2mmidnight_bench[0m[2m:[0m [3mstage[0m[2m=[0m"finalise.compute_queries.start" [3mrss_mb[0m[2m=[0m259 [3mhwm_mb[0m[2m=[0m259
[2m2026-09-15T06:32:15.074872Z[0m [32m INFO[0m [2mmidnight_bench[0m[2m:[0m [3mstage[0m[2m=[0m"finalise.multi_open.start" [3mrss_mb[0m[2m=[0m259 [3mhwm_mb[0m[2m=[0m259
[2m2026-09-15T06:32:15.165851Z[0m [32m INFO[0m [2mmidnight_bench[0m[2m:[0m [3mstage[0m[2m=[0m"finalise.multi_open.end" [3mrss_mb[0m[2m=[0m259 [3mhwm_mb[0m[2m=[0m259
[2m2026-09-15T06:32:15.166300Z[0m [32m INFO[0m [2mmidnight_bench[0m[2m:[0m [3mstage[0m[2m=[0m"create_proof.finalise_proof.end" [3mrss_mb[0m[2m=[0m243 [3mhwm_mb[0m[2m=[0m258
[2m2026-09-15T06:32:15.182404Z[0m [32m INFO[0m [2mactix_web::middleware::logger[0m[2m:[0m 192.168.65.1 POST /prove HTTP/1.1; took 0.663028s
[2m2026-09-15T06:32:15.184113Z[0m [32m INFO[0m [2mmidnight_proof_server::endpoints[0m[2m:[0m Starting to process request for /prove...
[2m2026-09-15T06:32:15.252124Z[0m [32m INFO[0m [2mmidnight_bench[0m[2m:[0m [3mstage[0m[2m=[0m"create_proof.compute_trace.start" [3mrss_mb[0m[2m=[0m259 [3mhwm_mb[0m[2m=[0m259
[2m2026-09-15T06:32:15.252158Z[0m [32m INFO[0m [2mmidnight_bench[0m[2m:[0m [3mstage[0m[2m=[0m"trace.compute_instances.start" [3mrss_mb[0m[2m=[0m259 [3mhwm_mb[0m[2m=[0m259
[2m2026-09-15T06:32:15.257189Z[0m [32m INFO[0m [2mmidnight_bench[0m[2m:[0m [3mstage[0m[2m=[0m"trace.compute_instances.end" [3mrss_mb[0m[2m=[0m259 [3mhwm_mb[0m[2m=[0m259
[2m2026-09-15T06:32:15.257203Z[0m [32m INFO[0m [2mmidnight_bench[0m[2m:[0m [3mstage[0m[2m=[0m"trace.parse_advices.start" [3mrss_mb[0m[2m=[0m259 [3mhwm_mb[0m[2m=[0m259
[2m2026-09-15T06:32:15.262470Z[0m [32m INFO[0m [2mmidnight_bench[0m[2m:[0m [3mstage[0m[2m=[0m"trace.parse_advices.end" [3mrss_mb[0m[2m=[0m261 [3mhwm_mb[0m[2m=[0m261
[2m2026-09-15T06:32:15.262494Z[0m [32m INFO[0m [2mmidnight_bench[0m[2m:[0m [3mstage[0m[2m=[0m"trace.lookups_permuted.start" [3mrss_mb[0m[2m=[0m261 [3mhwm_mb[0m[2m=[0m261
[2m2026-09-15T06:32:15.305326Z[0m [32m INFO[0m [2mmidnight_bench[0m[2m:[0m [3mstage[0m[2m=[0m"trace.lookups_permuted.end" [3mrss_mb[0m[2m=[0m266 [3mhwm_mb[0m[2m=[0m266
[2m2026-09-15T06:32:15.305351Z[0m [32m INFO[0m [2mmidnight_bench[0m[2m:[0m [3mstage[0m[2m=[0m"trace.permutations_commit.start" [3mrss_mb[0m[2m=[0m266 [3mhwm_mb[0m[2m=[0m266
[2m2026-09-15T06:32:15.374551Z[0m [32m INFO[0m [2mmidnight_bench[0m[2m:[0m [3mstage[0m[2m=[0m"trace.permutations_commit.end" [3mrss_mb[0m[2m=[0m273 [3mhwm_mb[0m[2m=[0m273
[2m2026-09-15T06:32:15.374607Z[0m [32m INFO[0m [2mmidnight_bench[0m[2m:[0m [3mstage[0m[2m=[0m"trace.lookups_product.start" [3mrss_mb[0m[2m=[0m273 [3mhwm_mb[0m[2m=[0m273
[2m2026-09-15T06:32:15.434302Z[0m [32m INFO[0m [2mmidnight_bench[0m[2m:[0m [3mstage[0m[2m=[0m"trace.lookups_product.end" [3mrss_mb[0m[2m=[0m273 [3mhwm_mb[0m[2m=[0m273
[2m2026-09-15T06:32:15.462910Z[0m [32m INFO[0m [2mmidnight_bench[0m[2m:[0m [3mstage[0m[2m=[0m"create_proof.compute_trace.end" [3mrss_mb[0m[2m=[0m273 [3mhwm_mb[0m[2m=[0m273
[2m2026-09-15T06:32:15.462938Z[0m [32m INFO[0m [2mmidnight_bench[0m[2m:[0m [3mstage[0m[2m=[0m"create_proof.finalise_proof.start" [3mrss_mb[0m[2m=[0m273 [3mhwm_mb[0m[2m=[0m273
[2m2026-09-15T06:32:15.462947Z[0m [32m INFO[0m [2mmidnight_bench[0m[2m:[0m [3mstage[0m[2m=[0m"finalise.compute_h_poly.start" [3mrss_mb[0m[2m=[0m273 [3mhwm_mb[0m[2m=[0m273
[2m2026-09-15T06:32:15.476860Z[0m [32m INFO[0m [2mmidnight_bench[0m[2m:[0m [3mstage[0m[2m=[0m"finalise.compute_h_poly.materialise_fixed_cosets.start" [3mrss_mb[0m[2m=[0m273 [3mhwm_mb[0m[2m=[0m273
[2m2026-09-15T06:32:15.501151Z[0m [32m INFO[0m [2mmidnight_bench[0m[2m:[0m [3mstage[0m[2m=[0m"finalise.compute_h_poly.materialise_fixed_cosets.end" [3mrss_mb[0m[2m=[0m274 [3mhwm_mb[0m[2m=[0m274
[2m2026-09-15T06:32:15.501195Z[0m [32m INFO[0m [2mmidnight_bench[0m[2m:[0m [3mstage[0m[2m=[0m"finalise.compute_h_poly.materialise_perm_cosets.start" [3mrss_mb[0m[2m=[0m274 [3mhwm_mb[0m[2m=[0m274
[2m2026-09-15T06:32:15.517227Z[0m [32m INFO[0m [2mmidnight_bench[0m[2m:[0m [3mstage[0m[2m=[0m"finalise.compute_h_poly.materialise_perm_cosets.end" [3mrss_mb[0m[2m=[0m275 [3mhwm_mb[0m[2m=[0m275
[2m2026-09-15T06:32:15.654442Z[0m [32m INFO[0m [2mmidnight_bench[0m[2m:[0m [3mstage[0m[2m=[0m"finalise.compute_h_poly.drop_cosets.end" [3mrss_mb[0m[2m=[0m277 [3mhwm_mb[0m[2m=[0m277
[2m2026-09-15T06:32:15.654475Z[0m [32m INFO[0m [2mmidnight_bench[0m[2m:[0m [3mstage[0m[2m=[0m"finalise.compute_h_poly.end" [3mrss_mb[0m[2m=[0m277 [3mhwm_mb[0m[2m=[0m277
[2m2026-09-15T06:32:15.654483Z[0m [32m INFO[0m [2mmidnight_bench[0m[2m:[0m [3mstage[0m[2m=[0m"finalise.vanishing_construct.start" [3mrss_mb[0m[2m=[0m277 [3mhwm_mb[0m[2m=[0m277
[2m2026-09-15T06:32:15.754053Z[0m [32m INFO[0m [2mmidnight_bench[0m[2m:[0m [3mstage[0m[2m=[0m"finalise.vanishing_construct.end" [3mrss_mb[0m[2m=[0m277 [3mhwm_mb[0m[2m=[0m277
[2m2026-09-15T06:32:15.780767Z[0m [32m INFO[0m [2mmidnight_bench[0m[2m:[0m [3mstage[0m[2m=[0m"finalise.compute_queries.start" [3mrss_mb[0m[2m=[0m277 [3mhwm_mb[0m[2m=[0m277
[2m2026-09-15T06:32:15.780859Z[0m [32m INFO[0m [2mmidnight_bench[0m[2m:[0m [3mstage[0m[2m=[0m"finalise.multi_open.start" [3mrss_mb[0m[2m=[0m277 [3mhwm_mb[0m[2m=[0m277
[2m2026-09-15T06:32:15.867353Z[0m [32m INFO[0m [2mmidnight_bench[0m[2m:[0m [3mstage[0m[2m=[0m"finalise.multi_open.end" [3mrss_mb[0m[2m=[0m277 [3mhwm_mb[0m[2m=[0m277
[2m2026-09-15T06:32:15.867785Z[0m [32m INFO[0m [2mmidnight_bench[0m[2m:[0m [3mstage[0m[2m=[0m"create_proof.finalise_proof.end" [3mrss_mb[0m[2m=[0m261 [3mhwm_mb[0m[2m=[0m276
[2m2026-09-15T06:32:15.882941Z[0m [32m INFO[0m [2mactix_web::middleware::logger[0m[2m:[0m 192.168.65.1 POST /prove HTTP/1.1; took 0.698845s
[2m2026-09-15T06:32:15.885902Z[0m [32m INFO[0m [2mmidnight_proof_server::endpoints[0m[2m:[0m Starting to process request for /prove...
[2m2026-09-15T06:32:15.958562Z[0m [32m INFO[0m [2mmidnight_bench[0m[2m:[0m [3mstage[0m[2m=[0m"create_proof.compute_trace.start" [3mrss_mb[0m[2m=[0m262 [3mhwm_mb[0m[2m=[0m276
[2m2026-09-15T06:32:15.958593Z[0m [32m INFO[0m [2mmidnight_bench[0m[2m:[0m [3mstage[0m[2m=[0m"trace.compute_instances.start" [3mrss_mb[0m[2m=[0m262 [3mhwm_mb[0m[2m=[0m276
[2m2026-09-15T06:32:15.964372Z[0m [32m INFO[0m [2mmidnight_bench[0m[2m:[0m [3mstage[0m[2m=[0m"trace.compute_instances.end" [3mrss_mb[0m[2m=[0m262 [3mhwm_mb[0m[2m=[0m276
[2m2026-09-15T06:32:15.964395Z[0m [32m INFO[0m [2mmidnight_bench[0m[2m:[0m [3mstage[0m[2m=[0m"trace.parse_advices.start" [3mrss_mb[0m[2m=[0m262 [3mhwm_mb[0m[2m=[0m276
[2m2026-09-15T06:32:15.970006Z[0m [32m INFO[0m [2mmidnight_bench[0m[2m:[0m [3mstage[0m[2m=[0m"trace.parse_advices.end" [3mrss_mb[0m[2m=[0m263 [3mhwm_mb[0m[2m=[0m276
[2m2026-09-15T06:32:15.970032Z[0m [32m INFO[0m [2mmidnight_bench[0m[2m:[0m [3mstage[0m[2m=[0m"trace.lookups_permuted.start" [3mrss_mb[0m[2m=[0m263 [3mhwm_mb[0m[2m=[0m276
[2m2026-09-15T06:32:16.012708Z[0m [32m INFO[0m [2mmidnight_bench[0m[2m:[0m [3mstage[0m[2m=[0m"trace.lookups_permuted.end" [3mrss_mb[0m[2m=[0m268 [3mhwm_mb[0m[2m=[0m276
[2m2026-09-15T06:32:16.012740Z[0m [32m INFO[0m [2mmidnight_bench[0m[2m:[0m [3mstage[0m[2m=[0m"trace.permutations_commit.start" [3mrss_mb[0m[2m=[0m268 [3mhwm_mb[0m[2m=[0m276
[2m2026-09-15T06:32:16.076423Z[0m [32m INFO[0m [2mmidnight_bench[0m[2m:[0m [3mstage[0m[2m=[0m"trace.permutations_commit.end" [3mrss_mb[0m[2m=[0m275 [3mhwm_mb[0m[2m=[0m276
[2m2026-09-15T06:32:16.076447Z[0m [32m INFO[0m [2mmidnight_bench[0m[2m:[0m [3mstage[0m[2m=[0m"trace.lookups_product.start" [3mrss_mb[0m[2m=[0m275 [3mhwm_mb[0m[2m=[0m276
[2m2026-09-15T06:32:16.127057Z[0m [32m INFO[0m [2mmidnight_bench[0m[2m:[0m [3mstage[0m[2m=[0m"trace.lookups_product.end" [3mrss_mb[0m[2m=[0m276 [3mhwm_mb[0m[2m=[0m276
[2m2026-09-15T06:32:16.153189Z[0m [32m INFO[0m [2mmidnight_bench[0m[2m:[0m [3mstage[0m[2m=[0m"create_proof.compute_trace.end" [3mrss_mb[0m[2m=[0m276 [3mhwm_mb[0m[2m=[0m276
[2m2026-09-15T06:32:16.153215Z[0m [32m INFO[0m [2mmidnight_bench[0m[2m:[0m [3mstage[0m[2m=[0m"create_proof.finalise_proof.start" [3mrss_mb[0m[2m=[0m276 [3mhwm_mb[0m[2m=[0m276
[2m2026-09-15T06:32:16.153224Z[0m [32m INFO[0m [2mmidnight_bench[0m[2m:[0m [3mstage[0m[2m=[0m"finalise.compute_h_poly.start" [3mrss_mb[0m[2m=[0m276 [3mhwm_mb[0m[2m=[0m276
[2m2026-09-15T06:32:16.167674Z[0m [32m INFO[0m [2mmidnight_bench[0m[2m:[0m [3mstage[0m[2m=[0m"finalise.compute_h_poly.materialise_fixed_cosets.start" [3mrss_mb[0m[2m=[0m276 [3mhwm_mb[0m[2m=[0m276
[2m2026-09-15T06:32:16.197682Z[0m [32m INFO[0m [2mmidnight_bench[0m[2m:[0m [3mstage[0m[2m=[0m"finalise.compute_h_poly.materialise_fixed_cosets.end" [3mrss_mb[0m[2m=[0m276 [3mhwm_mb[0m[2m=[0m276
[2m2026-09-15T06:32:16.197707Z[0m [32m INFO[0m [2mmidnight_bench[0m[2m:[0m [3mstage[0m[2m=[0m"finalise.compute_h_poly.materialise_perm_cosets.start" [3mrss_mb[0m[2m=[0m276 [3mhwm_mb[0m[2m=[0m276
[2m2026-09-15T06:32:16.211579Z[0m [32m INFO[0m [2mmidnight_bench[0m[2m:[0m [3mstage[0m[2m=[0m"finalise.compute_h_poly.materialise_perm_cosets.end" [3mrss_mb[0m[2m=[0m278 [3mhwm_mb[0m[2m=[0m278
[2m2026-09-15T06:32:16.329898Z[0m [32m INFO[0m [2mmidnight_bench[0m[2m:[0m [3mstage[0m[2m=[0m"finalise.compute_h_poly.drop_cosets.end" [3mrss_mb[0m[2m=[0m279 [3mhwm_mb[0m[2m=[0m279
[2m2026-09-15T06:32:16.329931Z[0m [32m INFO[0m [2mmidnight_bench[0m[2m:[0m [3mstage[0m[2m=[0m"finalise.compute_h_poly.end" [3mrss_mb[0m[2m=[0m279 [3mhwm_mb[0m[2m=[0m279
[2m2026-09-15T06:32:16.329938Z[0m [32m INFO[0m [2mmidnight_bench[0m[2m:[0m [3mstage[0m[2m=[0m"finalise.vanishing_construct.start" [3mrss_mb[0m[2m=[0m279 [3mhwm_mb[0m[2m=[0m279
[2m2026-09-15T06:32:16.414046Z[0m [32m INFO[0m [2mmidnight_bench[0m[2m:[0m [3mstage[0m[2m=[0m"finalise.vanishing_construct.end" [3mrss_mb[0m[2m=[0m279 [3mhwm_mb[0m[2m=[0m279
[2m2026-09-15T06:32:16.439920Z[0m [32m INFO[0m [2mmidnight_bench[0m[2m:[0m [3mstage[0m[2m=[0m"finalise.compute_queries.start" [3mrss_mb[0m[2m=[0m279 [3mhwm_mb[0m[2m=[0m279
[2m2026-09-15T06:32:16.440011Z[0m [32m INFO[0m [2mmidnight_bench[0m[2m:[0m [3mstage[0m[2m=[0m"finalise.multi_open.start" [3mrss_mb[0m[2m=[0m279 [3mhwm_mb[0m[2m=[0m279
[2m2026-09-15T06:32:16.529987Z[0m [32m INFO[0m [2mmidnight_bench[0m[2m:[0m [3mstage[0m[2m=[0m"finalise.multi_open.end" [3mrss_mb[0m[2m=[0m280 [3mhwm_mb[0m[2m=[0m280
[2m2026-09-15T06:32:16.530429Z[0m [32m INFO[0m [2mmidnight_bench[0m[2m:[0m [3mstage[0m[2m=[0m"create_proof.finalise_proof.end" [3mrss_mb[0m[2m=[0m264 [3mhwm_mb[0m[2m=[0m279
[2m2026-09-15T06:32:16.545134Z[0m [32m INFO[0m [2mactix_web::middleware::logger[0m[2m:[0m 192.168.65.1 POST /prove HTTP/1.1; took 0.659248s
[2m2026-09-15T06:32:16.546964Z[0m [32m INFO[0m [2mmidnight_proof_server::endpoints[0m[2m:[0m Starting to process request for /prove...
[2m2026-09-15T06:32:16.619875Z[0m [32m INFO[0m [2mmidnight_bench[0m[2m:[0m [3mstage[0m[2m=[0m"create_proof.compute_trace.start" [3mrss_mb[0m[2m=[0m264 [3mhwm_mb[0m[2m=[0m279
[2m2026-09-15T06:32:16.619911Z[0m [32m INFO[0m [2mmidnight_bench[0m[2m:[0m [3mstage[0m[2m=[0m"trace.compute_instances.start" [3mrss_mb[0m[2m=[0m264 [3mhwm_mb[0m[2m=[0m279
[2m2026-09-15T06:32:16.623583Z[0m [32m INFO[0m [2mmidnight_bench[0m[2m:[0m [3mstage[0m[2m=[0m"trace.compute_instances.end" [3mrss_mb[0m[2m=[0m264 [3mhwm_mb[0m[2m=[0m279
[2m2026-09-15T06:32:16.623601Z[0m [32m INFO[0m [2mmidnight_bench[0m[2m:[0m [3mstage[0m[2m=[0m"trace.parse_advices.start" [3mrss_mb[0m[2m=[0m264 [3mhwm_mb[0m[2m=[0m279
[2m2026-09-15T06:32:16.629073Z[0m [32m INFO[0m [2mmidnight_bench[0m[2m:[0m [3mstage[0m[2m=[0m"trace.parse_advices.end" [3mrss_mb[0m[2m=[0m265 [3mhwm_mb[0m[2m=[0m279
[2m2026-09-15T06:32:16.629105Z[0m [32m INFO[0m [2mmidnight_bench[0m[2m:[0m [3mstage[0m[2m=[0m"trace.lookups_permuted.start" [3mrss_mb[0m[2m=[0m265 [3mhwm_mb[0m[2m=[0m279
[2m2026-09-15T06:32:16.676288Z[0m [32m INFO[0m [2mmidnight_bench[0m[2m:[0m [3mstage[0m[2m=[0m"trace.lookups_permuted.end" [3mrss_mb[0m[2m=[0m270 [3mhwm_mb[0m[2m=[0m279
[2m2026-09-15T06:32:16.676315Z[0m [32m INFO[0m [2mmidnight_bench[0m[2m:[0m [3mstage[0m[2m=[0m"trace.permutations_commit.start" [3mrss_mb[0m[2m=[0m270 [3mhwm_mb[0m[2m=[0m279
[2m2026-09-15T06:32:16.743669Z[0m [32m INFO[0m [2mmidnight_bench[0m[2m:[0m [3mstage[0m[2m=[0m"trace.permutations_commit.end" [3mrss_mb[0m[2m=[0m277 [3mhwm_mb[0m[2m=[0m279
[2m2026-09-15T06:32:16.743703Z[0m [32m INFO[0m [2mmidnight_bench[0m[2m:[0m [3mstage[0m[2m=[0m"trace.lookups_product.start" [3mrss_mb[0m[2m=[0m277 [3mhwm_mb[0m[2m=[0m279
[2m2026-09-15T06:32:16.792624Z[0m [32m INFO[0m [2mmidnight_bench[0m[2m:[0m [3mstage[0m[2m=[0m"trace.lookups_product.end" [3mrss_mb[0m[2m=[0m278 [3mhwm_mb[0m[2m=[0m279
[2m2026-09-15T06:32:16.816141Z[0m [32m INFO[0m [2mmidnight_bench[0m[2m:[0m [3mstage[0m[2m=[0m"create_proof.compute_trace.end" [3mrss_mb[0m[2m=[0m278 [3mhwm_mb[0m[2m=[0m279
[2m2026-09-15T06:32:16.816163Z[0m [32m INFO[0m [2mmidnight_bench[0m[2m:[0m [3mstage[0m[2m=[0m"create_proof.finalise_proof.start" [3mrss_mb[0m[2m=[0m278 [3mhwm_mb[0m[2m=[0m279
[2m2026-09-15T06:32:16.816171Z[0m [32m INFO[0m [2mmidnight_bench[0m[2m:[0m [3mstage[0m[2m=[0m"finalise.compute_h_poly.start" [3mrss_mb[0m[2m=[0m278 [3mhwm_mb[0m[2m=[0m279
[2m2026-09-15T06:32:16.829006Z[0m [32m INFO[0m [2mmidnight_bench[0m[2m:[0m [3mstage[0m[2m=[0m"finalise.compute_h_poly.materialise_fixed_cosets.start" [3mrss_mb[0m[2m=[0m278 [3mhwm_mb[0m[2m=[0m279
[2m2026-09-15T06:32:16.857240Z[0m [32m INFO[0m [2mmidnight_bench[0m[2m:[0m [3mstage[0m[2m=[0m"finalise.compute_h_poly.materialise_fixed_cosets.end" [3mrss_mb[0m[2m=[0m278 [3mhwm_mb[0m[2m=[0m279
[2m2026-09-15T06:32:16.857267Z[0m [32m INFO[0m [2mmidnight_bench[0m[2m:[0m [3mstage[0m[2m=[0m"finalise.compute_h_poly.materialise_perm_cosets.start" [3mrss_mb[0m[2m=[0m278 [3mhwm_mb[0m[2m=[0m279
[2m2026-09-15T06:32:16.869421Z[0m [32m INFO[0m [2mmidnight_bench[0m[2m:[0m [3mstage[0m[2m=[0m"finalise.compute_h_poly.materialise_perm_cosets.end" [3mrss_mb[0m[2m=[0m278 [3mhwm_mb[0m[2m=[0m279
[2m2026-09-15T06:32:16.987454Z[0m [32m INFO[0m [2mmidnight_bench[0m[2m:[0m [3mstage[0m[2m=[0m"finalise.compute_h_poly.drop_cosets.end" [3mrss_mb[0m[2m=[0m279 [3mhwm_mb[0m[2m=[0m279
[2m2026-09-15T06:32:16.987488Z[0m [32m INFO[0m [2mmidnight_bench[0m[2m:[0m [3mstage[0m[2m=[0m"finalise.compute_h_poly.end" [3mrss_mb[0m[2m=[0m279 [3mhwm_mb[0m[2m=[0m279
[2m2026-09-15T06:32:16.987496Z[0m [32m INFO[0m [2mmidnight_bench[0m[2m:[0m [3mstage[0m[2m=[0m"finalise.vanishing_construct.start" [3mrss_mb[0m[2m=[0m279 [3mhwm_mb[0m[2m=[0m279
[2m2026-09-15T06:32:17.071853Z[0m [32m INFO[0m [2mmidnight_bench[0m[2m:[0m [3mstage[0m[2m=[0m"finalise.vanishing_construct.end" [3mrss_mb[0m[2m=[0m280 [3mhwm_mb[0m[2m=[0m280
[2m2026-09-15T06:32:17.099985Z[0m [32m INFO[0m [2mmidnight_bench[0m[2m:[0m [3mstage[0m[2m=[0m"finalise.compute_queries.start" [3mrss_mb[0m[2m=[0m280 [3mhwm_mb[0m[2m=[0m280
[2m2026-09-15T06:32:17.100112Z[0m [32m INFO[0m [2mmidnight_bench[0m[2m:[0m [3mstage[0m[2m=[0m"finalise.multi_open.start" [3mrss_mb[0m[2m=[0m280 [3mhwm_mb[0m[2m=[0m280
[2m2026-09-15T06:32:17.189281Z[0m [32m INFO[0m [2mmidnight_bench[0m[2m:[0m [3mstage[0m[2m=[0m"finalise.multi_open.end" [3mrss_mb[0m[2m=[0m280 [3mhwm_mb[0m[2m=[0m280
[2m2026-09-15T06:32:17.189746Z[0m [32m INFO[0m [2mmidnight_bench[0m[2m:[0m [3mstage[0m[2m=[0m"create_proof.finalise_proof.end" [3mrss_mb[0m[2m=[0m264 [3mhwm_mb[0m[2m=[0m279
[2m2026-09-15T06:32:17.206707Z[0m [32m INFO[0m [2mactix_web::middleware::logger[0m[2m:[0m 192.168.65.1 POST /prove HTTP/1.1; took 0.659760s
[2m2026-09-15T06:32:17.208516Z[0m [32m INFO[0m [2mmidnight_proof_server::endpoints[0m[2m:[0m Starting to process request for /prove...
[2m2026-09-15T06:32:17.287504Z[0m [32m INFO[0m [2mmidnight_bench[0m[2m:[0m [3mstage[0m[2m=[0m"create_proof.compute_trace.start" [3mrss_mb[0m[2m=[0m261 [3mhwm_mb[0m[2m=[0m279
[2m2026-09-15T06:32:17.287531Z[0m [32m INFO[0m [2mmidnight_bench[0m[2m:[0m [3mstage[0m[2m=[0m"trace.compute_instances.start" [3mrss_mb[0m[2m=[0m261 [3mhwm_mb[0m[2m=[0m279
[2m2026-09-15T06:32:17.291491Z[0m [32m INFO[0m [2mmidnight_bench[0m[2m:[0m [3mstage[0m[2m=[0m"trace.compute_instances.end" [3mrss_mb[0m[2m=[0m261 [3mhwm_mb[0m[2m=[0m279
[2m2026-09-15T06:32:17.291516Z[0m [32m INFO[0m [2mmidnight_bench[0m[2m:[0m [3mstage[0m[2m=[0m"trace.parse_advices.start" [3mrss_mb[0m[2m=[0m261 [3mhwm_mb[0m[2m=[0m279
[2m2026-09-15T06:32:17.297544Z[0m [32m INFO[0m [2mmidnight_bench[0m[2m:[0m [3mstage[0m[2m=[0m"trace.parse_advices.end" [3mrss_mb[0m[2m=[0m262 [3mhwm_mb[0m[2m=[0m279
[2m2026-09-15T06:32:17.297565Z[0m [32m INFO[0m [2mmidnight_bench[0m[2m:[0m [3mstage[0m[2m=[0m"trace.lookups_permuted.start" [3mrss_mb[0m[2m=[0m262 [3mhwm_mb[0m[2m=[0m279
[2m2026-09-15T06:32:17.358920Z[0m [32m INFO[0m [2mmidnight_bench[0m[2m:[0m [3mstage[0m[2m=[0m"trace.lookups_permuted.end" [3mrss_mb[0m[2m=[0m267 [3mhwm_mb[0m[2m=[0m279
[2m2026-09-15T06:32:17.358964Z[0m [32m INFO[0m [2mmidnight_bench[0m[2m:[0m [3mstage[0m[2m=[0m"trace.permutations_commit.start" [3mrss_mb[0m[2m=[0m267 [3mhwm_mb[0m[2m=[0m279
[2m2026-09-15T06:32:17.466954Z[0m [32m INFO[0m [2mmidnight_bench[0m[2m:[0m [3mstage[0m[2m=[0m"trace.permutations_commit.end" [3mrss_mb[0m[2m=[0m274 [3mhwm_mb[0m[2m=[0m279
[2m2026-09-15T06:32:17.467046Z[0m [32m INFO[0m [2mmidnight_bench[0m[2m:[0m [3mstage[0m[2m=[0m"trace.lookups_product.start" [3mrss_mb[0m[2m=[0m274 [3mhwm_mb[0m[2m=[0m279
[2m2026-09-15T06:32:17.523291Z[0m [32m INFO[0m [2mmidnight_bench[0m[2m:[0m [3mstage[0m[2m=[0m"trace.lookups_product.end" [3mrss_mb[0m[2m=[0m275 [3mhwm_mb[0m[2m=[0m279
[2m2026-09-15T06:32:17.561206Z[0m [32m INFO[0m [2mmidnight_bench[0m[2m:[0m [3mstage[0m[2m=[0m"create_proof.compute_trace.end" [3mrss_mb[0m[2m=[0m275 [3mhwm_mb[0m[2m=[0m279
[2m2026-09-15T06:32:17.561233Z[0m [32m INFO[0m [2mmidnight_bench[0m[2m:[0m [3mstage[0m[2m=[0m"create_proof.finalise_proof.start" [3mrss_mb[0m[2m=[0m275 [3mhwm_mb[0m[2m=[0m279
[2m2026-09-15T06:32:17.561242Z[0m [32m INFO[0m [2mmidnight_bench[0m[2m:[0m [3mstage[0m[2m=[0m"finalise.compute_h_poly.start" [3mrss_mb[0m[2m=[0m275 [3mhwm_mb[0m[2m=[0m279
[2m2026-09-15T06:32:17.578100Z[0m [32m INFO[0m [2mmidnight_bench[0m[2m:[0m [3mstage[0m[2m=[0m"finalise.compute_h_poly.materialise_fixed_cosets.start" [3mrss_mb[0m[2m=[0m275 [3mhwm_mb[0m[2m=[0m279
[2m2026-09-15T06:32:17.612943Z[0m [32m INFO[0m [2mmidnight_bench[0m[2m:[0m [3mstage[0m[2m=[0m"finalise.compute_h_poly.materialise_fixed_cosets.end" [3mrss_mb[0m[2m=[0m275 [3mhwm_mb[0m[2m=[0m279
[2m2026-09-15T06:32:17.612971Z[0m [32m INFO[0m [2mmidnight_bench[0m[2m:[0m [3mstage[0m[2m=[0m"finalise.compute_h_poly.materialise_perm_cosets.start" [3mrss_mb[0m[2m=[0m275 [3mhwm_mb[0m[2m=[0m279
[2m2026-09-15T06:32:17.628265Z[0m [32m INFO[0m [2mmidnight_bench[0m[2m:[0m [3mstage[0m[2m=[0m"finalise.compute_h_poly.materialise_perm_cosets.end" [3mrss_mb[0m[2m=[0m276 [3mhwm_mb[0m[2m=[0m279
[2m2026-09-15T06:32:17.748891Z[0m [32m INFO[0m [2mmidnight_bench[0m[2m:[0m [3mstage[0m[2m=[0m"finalise.compute_h_poly.drop_cosets.end" [3mrss_mb[0m[2m=[0m278 [3mhwm_mb[0m[2m=[0m279
[2m2026-09-15T06:32:17.748924Z[0m [32m INFO[0m [2mmidnight_bench[0m[2m:[0m [3mstage[0m[2m=[0m"finalise.compute_h_poly.end" [3mrss_mb[0m[2m=[0m278 [3mhwm_mb[0m[2m=[0m279
[2m2026-09-15T06:32:17.748932Z[0m [32m INFO[0m [2mmidnight_bench[0m[2m:[0m [3mstage[0m[2m=[0m"finalise.vanishing_construct.start" [3mrss_mb[0m[2m=[0m278 [3mhwm_mb[0m[2m=[0m279
[2m2026-09-15T06:32:17.835447Z[0m [32m INFO[0m [2mmidnight_bench[0m[2m:[0m [3mstage[0m[2m=[0m"finalise.vanishing_construct.end" [3mrss_mb[0m[2m=[0m278 [3mhwm_mb[0m[2m=[0m279
[2m2026-09-15T06:32:17.862393Z[0m [32m INFO[0m [2mmidnight_bench[0m[2m:[0m [3mstage[0m[2m=[0m"finalise.compute_queries.start" [3mrss_mb[0m[2m=[0m278 [3mhwm_mb[0m[2m=[0m279
[2m2026-09-15T06:32:17.862486Z[0m [32m INFO[0m [2mmidnight_bench[0m[2m:[0m [3mstage[0m[2m=[0m"finalise.multi_open.start" [3mrss_mb[0m[2m=[0m278 [3mhwm_mb[0m[2m=[0m279
[2m2026-09-15T06:32:17.948949Z[0m [32m INFO[0m [2mmidnight_bench[0m[2m:[0m [3mstage[0m[2m=[0m"finalise.multi_open.end" [3mrss_mb[0m[2m=[0m278 [3mhwm_mb[0m[2m=[0m279
[2m2026-09-15T06:32:17.949407Z[0m [32m INFO[0m [2mmidnight_bench[0m[2m:[0m [3mstage[0m[2m=[0m"create_proof.finalise_proof.end" [3mrss_mb[0m[2m=[0m262 [3mhwm_mb[0m[2m=[0m279
[2m2026-09-15T06:32:17.965259Z[0m [32m INFO[0m [2mactix_web::middleware::logger[0m[2m:[0m 192.168.65.1 POST /prove HTTP/1.1; took 0.756761s
[2m2026-09-15T06:32:17.968810Z[0m [32m INFO[0m [2mmidnight_proof_server::endpoints[0m[2m:[0m Starting to process request for /prove...
[2m2026-09-15T06:32:18.041627Z[0m [32m INFO[0m [2mmidnight_bench[0m[2m:[0m [3mstage[0m[2m=[0m"create_proof.compute_trace.start" [3mrss_mb[0m[2m=[0m274 [3mhwm_mb[0m[2m=[0m279
[2m2026-09-15T06:32:18.041659Z[0m [32m INFO[0m [2mmidnight_bench[0m[2m:[0m [3mstage[0m[2m=[0m"trace.compute_instances.start" [3mrss_mb[0m[2m=[0m274 [3mhwm_mb[0m[2m=[0m279
[2m2026-09-15T06:32:18.046650Z[0m [32m INFO[0m [2mmidnight_bench[0m[2m:[0m [3mstage[0m[2m=[0m"trace.compute_instances.end" [3mrss_mb[0m[2m=[0m274 [3mhwm_mb[0m[2m=[0m279
[2m2026-09-15T06:32:18.046670Z[0m [32m INFO[0m [2mmidnight_bench[0m[2m:[0m [3mstage[0m[2m=[0m"trace.parse_advices.start" [3mrss_mb[0m[2m=[0m274 [3mhwm_mb[0m[2m=[0m279
[2m2026-09-15T06:32:18.052034Z[0m [32m INFO[0m [2mmidnight_bench[0m[2m:[0m [3mstage[0m[2m=[0m"trace.parse_advices.end" [3mrss_mb[0m[2m=[0m276 [3mhwm_mb[0m[2m=[0m279
[2m2026-09-15T06:32:18.052054Z[0m [32m INFO[0m [2mmidnight_bench[0m[2m:[0m [3mstage[0m[2m=[0m"trace.lookups_permuted.start" [3mrss_mb[0m[2m=[0m276 [3mhwm_mb[0m[2m=[0m279
[2m2026-09-15T06:32:18.095253Z[0m [32m INFO[0m [2mmidnight_bench[0m[2m:[0m [3mstage[0m[2m=[0m"trace.lookups_permuted.end" [3mrss_mb[0m[2m=[0m280 [3mhwm_mb[0m[2m=[0m280
[2m2026-09-15T06:32:18.095282Z[0m [32m INFO[0m [2mmidnight_bench[0m[2m:[0m [3mstage[0m[2m=[0m"trace.permutations_commit.start" [3mrss_mb[0m[2m=[0m280 [3mhwm_mb[0m[2m=[0m280
[2m2026-09-15T06:32:18.159989Z[0m [32m INFO[0m [2mmidnight_bench[0m[2m:[0m [3mstage[0m[2m=[0m"trace.permutations_commit.end" [3mrss_mb[0m[2m=[0m288 [3mhwm_mb[0m[2m=[0m288
[2m2026-09-15T06:32:18.160011Z[0m [32m INFO[0m [2mmidnight_bench[0m[2m:[0m [3mstage[0m[2m=[0m"trace.lookups_product.start" [3mrss_mb[0m[2m=[0m288 [3mhwm_mb[0m[2m=[0m288
[2m2026-09-15T06:32:18.212600Z[0m [32m INFO[0m [2mmidnight_bench[0m[2m:[0m [3mstage[0m[2m=[0m"trace.lookups_product.end" [3mrss_mb[0m[2m=[0m288 [3mhwm_mb[0m[2m=[0m288
[2m2026-09-15T06:32:18.239624Z[0m [32m INFO[0m [2mmidnight_bench[0m[2m:[0m [3mstage[0m[2m=[0m"create_proof.compute_trace.end" [3mrss_mb[0m[2m=[0m288 [3mhwm_mb[0m[2m=[0m288
[2m2026-09-15T06:32:18.239647Z[0m [32m INFO[0m [2mmidnight_bench[0m[2m:[0m [3mstage[0m[2m=[0m"create_proof.finalise_proof.start" [3mrss_mb[0m[2m=[0m288 [3mhwm_mb[0m[2m=[0m288
[2m2026-09-15T06:32:18.239655Z[0m [32m INFO[0m [2mmidnight_bench[0m[2m:[0m [3mstage[0m[2m=[0m"finalise.compute_h_poly.start" [3mrss_mb[0m[2m=[0m288 [3mhwm_mb[0m[2m=[0m288
[2m2026-09-15T06:32:18.255253Z[0m [32m INFO[0m [2mmidnight_bench[0m[2m:[0m [3mstage[0m[2m=[0m"finalise.compute_h_poly.materialise_fixed_cosets.start" [3mrss_mb[0m[2m=[0m288 [3mhwm_mb[0m[2m=[0m288
[2m2026-09-15T06:32:18.279340Z[0m [32m INFO[0m [2mmidnight_bench[0m[2m:[0m [3mstage[0m[2m=[0m"finalise.compute_h_poly.materialise_fixed_cosets.end" [3mrss_mb[0m[2m=[0m288 [3mhwm_mb[0m[2m=[0m288
[2m2026-09-15T06:32:18.279360Z[0m [32m INFO[0m [2mmidnight_bench[0m[2m:[0m [3mstage[0m[2m=[0m"finalise.compute_h_poly.materialise_perm_cosets.start" [3mrss_mb[0m[2m=[0m288 [3mhwm_mb[0m[2m=[0m288
[2m2026-09-15T06:32:18.290649Z[0m [32m INFO[0m [2mmidnight_bench[0m[2m:[0m [3mstage[0m[2m=[0m"finalise.compute_h_poly.materialise_perm_cosets.end" [3mrss_mb[0m[2m=[0m288 [3mhwm_mb[0m[2m=[0m288
[2m2026-09-15T06:32:18.407496Z[0m [32m INFO[0m [2mmidnight_bench[0m[2m:[0m [3mstage[0m[2m=[0m"finalise.compute_h_poly.drop_cosets.end" [3mrss_mb[0m[2m=[0m290 [3mhwm_mb[0m[2m=[0m290
[2m2026-09-15T06:32:18.407528Z[0m [32m INFO[0m [2mmidnight_bench[0m[2m:[0m [3mstage[0m[2m=[0m"finalise.compute_h_poly.end" [3mrss_mb[0m[2m=[0m290 [3mhwm_mb[0m[2m=[0m290
[2m2026-09-15T06:32:18.407536Z[0m [32m INFO[0m [2mmidnight_bench[0m[2m:[0m [3mstage[0m[2m=[0m"finalise.vanishing_construct.start" [3mrss_mb[0m[2m=[0m290 [3mhwm_mb[0m[2m=[0m290
[2m2026-09-15T06:32:18.492757Z[0m [32m INFO[0m [2mmidnight_bench[0m[2m:[0m [3mstage[0m[2m=[0m"finalise.vanishing_construct.end" [3mrss_mb[0m[2m=[0m290 [3mhwm_mb[0m[2m=[0m290
[2m2026-09-15T06:32:18.519115Z[0m [32m INFO[0m [2mmidnight_bench[0m[2m:[0m [3mstage[0m[2m=[0m"finalise.compute_queries.start" [3mrss_mb[0m[2m=[0m290 [3mhwm_mb[0m[2m=[0m290
[2m2026-09-15T06:32:18.519211Z[0m [32m INFO[0m [2mmidnight_bench[0m[2m:[0m [3mstage[0m[2m=[0m"finalise.multi_open.start" [3mrss_mb[0m[2m=[0m290 [3mhwm_mb[0m[2m=[0m290
[2m2026-09-15T06:32:18.606778Z[0m [32m INFO[0m [2mmidnight_bench[0m[2m:[0m [3mstage[0m[2m=[0m"finalise.multi_open.end" [3mrss_mb[0m[2m=[0m290 [3mhwm_mb[0m[2m=[0m290
[2m2026-09-15T06:32:18.607222Z[0m [32m INFO[0m [2mmidnight_bench[0m[2m:[0m [3mstage[0m[2m=[0m"create_proof.finalise_proof.end" [3mrss_mb[0m[2m=[0m274 [3mhwm_mb[0m[2m=[0m289
[2m2026-09-15T06:32:18.622284Z[0m [32m INFO[0m [2mactix_web::middleware::logger[0m[2m:[0m 192.168.65.1 POST /prove HTTP/1.1; took 0.653492s
[2m2026-09-15T06:32:18.623996Z[0m [32m INFO[0m [2mmidnight_proof_server::endpoints[0m[2m:[0m Starting to process request for /prove...
[2m2026-09-15T06:32:18.698532Z[0m [32m INFO[0m [2mmidnight_bench[0m[2m:[0m [3mstage[0m[2m=[0m"create_proof.compute_trace.start" [3mrss_mb[0m[2m=[0m282 [3mhwm_mb[0m[2m=[0m289
[2m2026-09-15T06:32:18.698561Z[0m [32m INFO[0m [2mmidnight_bench[0m[2m:[0m [3mstage[0m[2m=[0m"trace.compute_instances.start" [3mrss_mb[0m[2m=[0m282 [3mhwm_mb[0m[2m=[0m289
[2m2026-09-15T06:32:18.704077Z[0m [32m INFO[0m [2mmidnight_bench[0m[2m:[0m [3mstage[0m[2m=[0m"trace.compute_instances.end" [3mrss_mb[0m[2m=[0m282 [3mhwm_mb[0m[2m=[0m289
[2m2026-09-15T06:32:18.704109Z[0m [32m INFO[0m [2mmidnight_bench[0m[2m:[0m [3mstage[0m[2m=[0m"trace.parse_advices.start" [3mrss_mb[0m[2m=[0m282 [3mhwm_mb[0m[2m=[0m289
[2m2026-09-15T06:32:18.709580Z[0m [32m INFO[0m [2mmidnight_bench[0m[2m:[0m [3mstage[0m[2m=[0m"trace.parse_advices.end" [3mrss_mb[0m[2m=[0m284 [3mhwm_mb[0m[2m=[0m289
[2m2026-09-15T06:32:18.709609Z[0m [32m INFO[0m [2mmidnight_bench[0m[2m:[0m [3mstage[0m[2m=[0m"trace.lookups_permuted.start" [3mrss_mb[0m[2m=[0m284 [3mhwm_mb[0m[2m=[0m289
[2m2026-09-15T06:32:18.752724Z[0m [32m INFO[0m [2mmidnight_bench[0m[2m:[0m [3mstage[0m[2m=[0m"trace.lookups_permuted.end" [3mrss_mb[0m[2m=[0m288 [3mhwm_mb[0m[2m=[0m289
[2m2026-09-15T06:32:18.752758Z[0m [32m INFO[0m [2mmidnight_bench[0m[2m:[0m [3mstage[0m[2m=[0m"trace.permutations_commit.start" [3mrss_mb[0m[2m=[0m288 [3mhwm_mb[0m[2m=[0m289
[2m2026-09-15T06:32:18.817476Z[0m [32m INFO[0m [2mmidnight_bench[0m[2m:[0m [3mstage[0m[2m=[0m"trace.permutations_commit.end" [3mrss_mb[0m[2m=[0m296 [3mhwm_mb[0m[2m=[0m296
[2m2026-09-15T06:32:18.817502Z[0m [32m INFO[0m [2mmidnight_bench[0m[2m:[0m [3mstage[0m[2m=[0m"trace.lookups_product.start" [3mrss_mb[0m[2m=[0m296 [3mhwm_mb[0m[2m=[0m296
[2m2026-09-15T06:32:18.867948Z[0m [32m INFO[0m [2mmidnight_bench[0m[2m:[0m [3mstage[0m[2m=[0m"trace.lookups_product.end" [3mrss_mb[0m[2m=[0m296 [3mhwm_mb[0m[2m=[0m296
[2m2026-09-15T06:32:18.892581Z[0m [32m INFO[0m [2mmidnight_bench[0m[2m:[0m [3mstage[0m[2m=[0m"create_proof.compute_trace.end" [3mrss_mb[0m[2m=[0m296 [3mhwm_mb[0m[2m=[0m296
[2m2026-09-15T06:32:18.892606Z[0m [32m INFO[0m [2mmidnight_bench[0m[2m:[0m [3mstage[0m[2m=[0m"create_proof.finalise_proof.start" [3mrss_mb[0m[2m=[0m296 [3mhwm_mb[0m[2m=[0m296
[2m2026-09-15T06:32:18.892615Z[0m [32m INFO[0m [2mmidnight_bench[0m[2m:[0m [3mstage[0m[2m=[0m"finalise.compute_h_poly.start" [3mrss_mb[0m[2m=[0m296 [3mhwm_mb[0m[2m=[0m296
[2m2026-09-15T06:32:18.907379Z[0m [32m INFO[0m [2mmidnight_bench[0m[2m:[0m [3mstage[0m[2m=[0m"finalise.compute_h_poly.materialise_fixed_cosets.start" [3mrss_mb[0m[2m=[0m296 [3mhwm_mb[0m[2m=[0m296
[2m2026-09-15T06:32:18.934261Z[0m [32m INFO[0m [2mmidnight_bench[0m[2m:[0m [3mstage[0m[2m=[0m"finalise.compute_h_poly.materialise_fixed_cosets.end" [3mrss_mb[0m[2m=[0m296 [3mhwm_mb[0m[2m=[0m296
[2m2026-09-15T06:32:18.934287Z[0m [32m INFO[0m [2mmidnight_bench[0m[2m:[0m [3mstage[0m[2m=[0m"finalise.compute_h_poly.materialise_perm_cosets.start" [3mrss_mb[0m[2m=[0m296 [3mhwm_mb[0m[2m=[0m296
[2m2026-09-15T06:32:18.946815Z[0m [32m INFO[0m [2mmidnight_bench[0m[2m:[0m [3mstage[0m[2m=[0m"finalise.compute_h_poly.materialise_perm_cosets.end" [3mrss_mb[0m[2m=[0m296 [3mhwm_mb[0m[2m=[0m296
[2m2026-09-15T06:32:19.071554Z[0m [32m INFO[0m [2mmidnight_bench[0m[2m:[0m [3mstage[0m[2m=[0m"finalise.compute_h_poly.drop_cosets.end" [3mrss_mb[0m[2m=[0m298 [3mhwm_mb[0m[2m=[0m298
[2m2026-09-15T06:32:19.071591Z[0m [32m INFO[0m [2mmidnight_bench[0m[2m:[0m [3mstage[0m[2m=[0m"finalise.compute_h_poly.end" [3mrss_mb[0m[2m=[0m298 [3mhwm_mb[0m[2m=[0m298
[2m2026-09-15T06:32:19.071600Z[0m [32m INFO[0m [2mmidnight_bench[0m[2m:[0m [3mstage[0m[2m=[0m"finalise.vanishing_construct.start" [3mrss_mb[0m[2m=[0m298 [3mhwm_mb[0m[2m=[0m298
[2m2026-09-15T06:32:19.156259Z[0m [32m INFO[0m [2mmidnight_bench[0m[2m:[0m [3mstage[0m[2m=[0m"finalise.vanishing_construct.end" [3mrss_mb[0m[2m=[0m298 [3mhwm_mb[0m[2m=[0m298
[2m2026-09-15T06:32:19.190082Z[0m [32m INFO[0m [2mmidnight_bench[0m[2m:[0m [3mstage[0m[2m=[0m"finalise.compute_queries.start" [3mrss_mb[0m[2m=[0m298 [3mhwm_mb[0m[2m=[0m298
[2m2026-09-15T06:32:19.190229Z[0m [32m INFO[0m [2mmidnight_bench[0m[2m:[0m [3mstage[0m[2m=[0m"finalise.multi_open.start" [3mrss_mb[0m[2m=[0m298 [3mhwm_mb[0m[2m=[0m298
[2m2026-09-15T06:32:19.283528Z[0m [32m INFO[0m [2mmidnight_bench[0m[2m:[0m [3mstage[0m[2m=[0m"finalise.multi_open.end" [3mrss_mb[0m[2m=[0m298 [3mhwm_mb[0m[2m=[0m298
[2m2026-09-15T06:32:19.283977Z[0m [32m INFO[0m [2mmidnight_bench[0m[2m:[0m [3mstage[0m[2m=[0m"create_proof.finalise_proof.end" [3mrss_mb[0m[2m=[0m282 [3mhwm_mb[0m[2m=[0m297
[2m2026-09-15T06:32:19.299762Z[0m [32m INFO[0m [2mactix_web::middleware::logger[0m[2m:[0m 192.168.65.1 POST /prove HTTP/1.1; took 0.675781s
[2m2026-09-15T06:32:19.301699Z[0m [32m INFO[0m [2mmidnight_proof_server::endpoints[0m[2m:[0m Starting to process request for /prove...
[2m2026-09-15T06:32:19.368458Z[0m [32m INFO[0m [2mmidnight_bench[0m[2m:[0m [3mstage[0m[2m=[0m"create_proof.compute_trace.start" [3mrss_mb[0m[2m=[0m289 [3mhwm_mb[0m[2m=[0m297
[2m2026-09-15T06:32:19.368486Z[0m [32m INFO[0m [2mmidnight_bench[0m[2m:[0m [3mstage[0m[2m=[0m"trace.compute_instances.start" [3mrss_mb[0m[2m=[0m289 [3mhwm_mb[0m[2m=[0m297
[2m2026-09-15T06:32:19.373642Z[0m [32m INFO[0m [2mmidnight_bench[0m[2m:[0m [3mstage[0m[2m=[0m"trace.compute_instances.end" [3mrss_mb[0m[2m=[0m289 [3mhwm_mb[0m[2m=[0m297
[2m2026-09-15T06:32:19.373664Z[0m [32m INFO[0m [2mmidnight_bench[0m[2m:[0m [3mstage[0m[2m=[0m"trace.parse_advices.start" [3mrss_mb[0m[2m=[0m289 [3mhwm_mb[0m[2m=[0m297
[2m2026-09-15T06:32:19.378864Z[0m [32m INFO[0m [2mmidnight_bench[0m[2m:[0m [3mstage[0m[2m=[0m"trace.parse_advices.end" [3mrss_mb[0m[2m=[0m291 [3mhwm_mb[0m[2m=[0m297
[2m2026-09-15T06:32:19.378885Z[0m [32m INFO[0m [2mmidnight_bench[0m[2m:[0m [3mstage[0m[2m=[0m"trace.lookups_permuted.start" [3mrss_mb[0m[2m=[0m291 [3mhwm_mb[0m[2m=[0m297
[2m2026-09-15T06:32:19.420271Z[0m [32m INFO[0m [2mmidnight_bench[0m[2m:[0m [3mstage[0m[2m=[0m"trace.lookups_permuted.end" [3mrss_mb[0m[2m=[0m295 [3mhwm_mb[0m[2m=[0m297
[2m2026-09-15T06:32:19.420295Z[0m [32m INFO[0m [2mmidnight_bench[0m[2m:[0m [3mstage[0m[2m=[0m"trace.permutations_commit.start" [3mrss_mb[0m[2m=[0m295 [3mhwm_mb[0m[2m=[0m297
[2m2026-09-15T06:32:19.484251Z[0m [32m INFO[0m [2mmidnight_bench[0m[2m:[0m [3mstage[0m[2m=[0m"trace.permutations_commit.end" [3mrss_mb[0m[2m=[0m303 [3mhwm_mb[0m[2m=[0m303
[2m2026-09-15T06:32:19.484269Z[0m [32m INFO[0m [2mmidnight_bench[0m[2m:[0m [3mstage[0m[2m=[0m"trace.lookups_product.start" [3mrss_mb[0m[2m=[0m303 [3mhwm_mb[0m[2m=[0m303
[2m2026-09-15T06:32:19.533569Z[0m [32m INFO[0m [2mmidnight_bench[0m[2m:[0m [3mstage[0m[2m=[0m"trace.lookups_product.end" [3mrss_mb[0m[2m=[0m303 [3mhwm_mb[0m[2m=[0m303
[2m2026-09-15T06:32:19.556538Z[0m [32m INFO[0m [2mmidnight_bench[0m[2m:[0m [3mstage[0m[2m=[0m"create_proof.compute_trace.end" [3mrss_mb[0m[2m=[0m303 [3mhwm_mb[0m[2m=[0m303
[2m2026-09-15T06:32:19.556560Z[0m [32m INFO[0m [2mmidnight_bench[0m[2m:[0m [3mstage[0m[2m=[0m"create_proof.finalise_proof.start" [3mrss_mb[0m[2m=[0m303 [3mhwm_mb[0m[2m=[0m303
[2m2026-09-15T06:32:19.556568Z[0m [32m INFO[0m [2mmidnight_bench[0m[2m:[0m [3mstage[0m[2m=[0m"finalise.compute_h_poly.start" [3mrss_mb[0m[2m=[0m303 [3mhwm_mb[0m[2m=[0m303
[2m2026-09-15T06:32:19.573728Z[0m [32m INFO[0m [2mmidnight_bench[0m[2m:[0m [3mstage[0m[2m=[0m"finalise.compute_h_poly.materialise_fixed_cosets.start" [3mrss_mb[0m[2m=[0m303 [3mhwm_mb[0m[2m=[0m303
[2m2026-09-15T06:32:19.601460Z[0m [32m INFO[0m [2mmidnight_bench[0m[2m:[0m [3mstage[0m[2m=[0m"finalise.compute_h_poly.materialise_fixed_cosets.end" [3mrss_mb[0m[2m=[0m303 [3mhwm_mb[0m[2m=[0m303
[2m2026-09-15T06:32:19.601486Z[0m [32m INFO[0m [2mmidnight_bench[0m[2m:[0m [3mstage[0m[2m=[0m"finalise.compute_h_poly.materialise_perm_cosets.start" [3mrss_mb[0m[2m=[0m303 [3mhwm_mb[0m[2m=[0m303
[2m2026-09-15T06:32:19.613712Z[0m [32m INFO[0m [2mmidnight_bench[0m[2m:[0m [3mstage[0m[2m=[0m"finalise.compute_h_poly.materialise_perm_cosets.end" [3mrss_mb[0m[2m=[0m303 [3mhwm_mb[0m[2m=[0m303
[2m2026-09-15T06:32:19.741025Z[0m [32m INFO[0m [2mmidnight_bench[0m[2m:[0m [3mstage[0m[2m=[0m"finalise.compute_h_poly.drop_cosets.end" [3mrss_mb[0m[2m=[0m304 [3mhwm_mb[0m[2m=[0m304
[2m2026-09-15T06:32:19.741056Z[0m [32m INFO[0m [2mmidnight_bench[0m[2m:[0m [3mstage[0m[2m=[0m"finalise.compute_h_poly.end" [3mrss_mb[0m[2m=[0m304 [3mhwm_mb[0m[2m=[0m304
[2m2026-09-15T06:32:19.741063Z[0m [32m INFO[0m [2mmidnight_bench[0m[2m:[0m [3mstage[0m[2m=[0m"finalise.vanishing_construct.start" [3mrss_mb[0m[2m=[0m304 [3mhwm_mb[0m[2m=[0m304
[2m2026-09-15T06:32:19.824253Z[0m [32m INFO[0m [2mmidnight_bench[0m[2m:[0m [3mstage[0m[2m=[0m"finalise.vanishing_construct.end" [3mrss_mb[0m[2m=[0m305 [3mhwm_mb[0m[2m=[0m305
[2m2026-09-15T06:32:19.849189Z[0m [32m INFO[0m [2mmidnight_bench[0m[2m:[0m [3mstage[0m[2m=[0m"finalise.compute_queries.start" [3mrss_mb[0m[2m=[0m305 [3mhwm_mb[0m[2m=[0m305
[2m2026-09-15T06:32:19.849279Z[0m [32m INFO[0m [2mmidnight_bench[0m[2m:[0m [3mstage[0m[2m=[0m"finalise.multi_open.start" [3mrss_mb[0m[2m=[0m305 [3mhwm_mb[0m[2m=[0m305
[2m2026-09-15T06:32:19.936275Z[0m [32m INFO[0m [2mmidnight_bench[0m[2m:[0m [3mstage[0m[2m=[0m"finalise.multi_open.end" [3mrss_mb[0m[2m=[0m305 [3mhwm_mb[0m[2m=[0m305
[2m2026-09-15T06:32:19.936704Z[0m [32m INFO[0m [2mmidnight_bench[0m[2m:[0m [3mstage[0m[2m=[0m"create_proof.finalise_proof.end" [3mrss_mb[0m[2m=[0m289 [3mhwm_mb[0m[2m=[0m304
[2m2026-09-15T06:32:19.952731Z[0m [32m INFO[0m [2mactix_web::middleware::logger[0m[2m:[0m 192.168.65.1 POST /prove HTTP/1.1; took 0.651050s
[2m2026-09-15T06:32:19.954997Z[0m [32m INFO[0m [2mmidnight_proof_server::endpoints[0m[2m:[0m Starting to process request for /prove...
[2m2026-09-15T06:32:20.020086Z[0m [32m INFO[0m [2mmidnight_bench[0m[2m:[0m [3mstage[0m[2m=[0m"create_proof.compute_trace.start" [3mrss_mb[0m[2m=[0m296 [3mhwm_mb[0m[2m=[0m304
[2m2026-09-15T06:32:20.020129Z[0m [32m INFO[0m [2mmidnight_bench[0m[2m:[0m [3mstage[0m[2m=[0m"trace.compute_instances.start" [3mrss_mb[0m[2m=[0m296 [3mhwm_mb[0m[2m=[0m304
[2m2026-09-15T06:32:20.024793Z[0m [32m INFO[0m [2mmidnight_bench[0m[2m:[0m [3mstage[0m[2m=[0m"trace.compute_instances.end" [3mrss_mb[0m[2m=[0m296 [3mhwm_mb[0m[2m=[0m304
[2m2026-09-15T06:32:20.024811Z[0m [32m INFO[0m [2mmidnight_bench[0m[2m:[0m [3mstage[0m[2m=[0m"trace.parse_advices.start" [3mrss_mb[0m[2m=[0m296 [3mhwm_mb[0m[2m=[0m304
[2m2026-09-15T06:32:20.030086Z[0m [32m INFO[0m [2mmidnight_bench[0m[2m:[0m [3mstage[0m[2m=[0m"trace.parse_advices.end" [3mrss_mb[0m[2m=[0m297 [3mhwm_mb[0m[2m=[0m304
[2m2026-09-15T06:32:20.030114Z[0m [32m INFO[0m [2mmidnight_bench[0m[2m:[0m [3mstage[0m[2m=[0m"trace.lookups_permuted.start" [3mrss_mb[0m[2m=[0m297 [3mhwm_mb[0m[2m=[0m304
[2m2026-09-15T06:32:20.073592Z[0m [32m INFO[0m [2mmidnight_bench[0m[2m:[0m [3mstage[0m[2m=[0m"trace.lookups_permuted.end" [3mrss_mb[0m[2m=[0m302 [3mhwm_mb[0m[2m=[0m304
[2m2026-09-15T06:32:20.073616Z[0m [32m INFO[0m [2mmidnight_bench[0m[2m:[0m [3mstage[0m[2m=[0m"trace.permutations_commit.start" [3mrss_mb[0m[2m=[0m302 [3mhwm_mb[0m[2m=[0m304
[2m2026-09-15T06:32:20.142651Z[0m [32m INFO[0m [2mmidnight_bench[0m[2m:[0m [3mstage[0m[2m=[0m"trace.permutations_commit.end" [3mrss_mb[0m[2m=[0m309 [3mhwm_mb[0m[2m=[0m309
[2m2026-09-15T06:32:20.142673Z[0m [32m INFO[0m [2mmidnight_bench[0m[2m:[0m [3mstage[0m[2m=[0m"trace.lookups_product.start" [3mrss_mb[0m[2m=[0m309 [3mhwm_mb[0m[2m=[0m309
[2m2026-09-15T06:32:20.191774Z[0m [32m INFO[0m [2mmidnight_bench[0m[2m:[0m [3mstage[0m[2m=[0m"trace.lookups_product.end" [3mrss_mb[0m[2m=[0m310 [3mhwm_mb[0m[2m=[0m310
[2m2026-09-15T06:32:20.217040Z[0m [32m INFO[0m [2mmidnight_bench[0m[2m:[0m [3mstage[0m[2m=[0m"create_proof.compute_trace.end" [3mrss_mb[0m[2m=[0m310 [3mhwm_mb[0m[2m=[0m310
[2m2026-09-15T06:32:20.217068Z[0m [32m INFO[0m [2mmidnight_bench[0m[2m:[0m [3mstage[0m[2m=[0m"create_proof.finalise_proof.start" [3mrss_mb[0m[2m=[0m310 [3mhwm_mb[0m[2m=[0m310
[2m2026-09-15T06:32:20.217077Z[0m [32m INFO[0m [2mmidnight_bench[0m[2m:[0m [3mstage[0m[2m=[0m"finalise.compute_h_poly.start" [3mrss_mb[0m[2m=[0m310 [3mhwm_mb[0m[2m=[0m310
[2m2026-09-15T06:32:20.234196Z[0m [32m INFO[0m [2mmidnight_bench[0m[2m:[0m [3mstage[0m[2m=[0m"finalise.compute_h_poly.materialise_fixed_cosets.start" [3mrss_mb[0m[2m=[0m310 [3mhwm_mb[0m[2m=[0m310
[2m2026-09-15T06:32:20.261559Z[0m [32m INFO[0m [2mmidnight_bench[0m[2m:[0m [3mstage[0m[2m=[0m"finalise.compute_h_poly.materialise_fixed_cosets.end" [3mrss_mb[0m[2m=[0m310 [3mhwm_mb[0m[2m=[0m310
[2m2026-09-15T06:32:20.261587Z[0m [32m INFO[0m [2mmidnight_bench[0m[2m:[0m [3mstage[0m[2m=[0m"finalise.compute_h_poly.materialise_perm_cosets.start" [3mrss_mb[0m[2m=[0m310 [3mhwm_mb[0m[2m=[0m310
[2m2026-09-15T06:32:20.273678Z[0m [32m INFO[0m [2mmidnight_bench[0m[2m:[0m [3mstage[0m[2m=[0m"finalise.compute_h_poly.materialise_perm_cosets.end" [3mrss_mb[0m[2m=[0m310 [3mhwm_mb[0m[2m=[0m310
[2m2026-09-15T06:32:20.397866Z[0m [32m INFO[0m [2mmidnight_bench[0m[2m:[0m [3mstage[0m[2m=[0m"finalise.compute_h_poly.drop_cosets.end" [3mrss_mb[0m[2m=[0m311 [3mhwm_mb[0m[2m=[0m311
[2m2026-09-15T06:32:20.397896Z[0m [32m INFO[0m [2mmidnight_bench[0m[2m:[0m [3mstage[0m[2m=[0m"finalise.compute_h_poly.end" [3mrss_mb[0m[2m=[0m311 [3mhwm_mb[0m[2m=[0m311
[2m2026-09-15T06:32:20.397903Z[0m [32m INFO[0m [2mmidnight_bench[0m[2m:[0m [3mstage[0m[2m=[0m"finalise.vanishing_construct.start" [3mrss_mb[0m[2m=[0m311 [3mhwm_mb[0m[2m=[0m311
[2m2026-09-15T06:32:20.482438Z[0m [32m INFO[0m [2mmidnight_bench[0m[2m:[0m [3mstage[0m[2m=[0m"finalise.vanishing_construct.end" [3mrss_mb[0m[2m=[0m311 [3mhwm_mb[0m[2m=[0m311
[2m2026-09-15T06:32:20.510423Z[0m [32m INFO[0m [2mmidnight_bench[0m[2m:[0m [3mstage[0m[2m=[0m"finalise.compute_queries.start" [3mrss_mb[0m[2m=[0m311 [3mhwm_mb[0m[2m=[0m311
[2m2026-09-15T06:32:20.510515Z[0m [32m INFO[0m [2mmidnight_bench[0m[2m:[0m [3mstage[0m[2m=[0m"finalise.multi_open.start" [3mrss_mb[0m[2m=[0m311 [3mhwm_mb[0m[2m=[0m311
[2m2026-09-15T06:32:20.603333Z[0m [32m INFO[0m [2mmidnight_bench[0m[2m:[0m [3mstage[0m[2m=[0m"finalise.multi_open.end" [3mrss_mb[0m[2m=[0m312 [3mhwm_mb[0m[2m=[0m312
[2m2026-09-15T06:32:20.603730Z[0m [32m INFO[0m [2mmidnight_bench[0m[2m:[0m [3mstage[0m[2m=[0m"create_proof.finalise_proof.end" [3mrss_mb[0m[2m=[0m296 [3mhwm_mb[0m[2m=[0m310
[2m2026-09-15T06:32:20.619479Z[0m [32m INFO[0m [2mactix_web::middleware::logger[0m[2m:[0m 192.168.65.1 POST /prove HTTP/1.1; took 0.664504s
[2m2026-09-15T06:32:20.620913Z[0m [32m INFO[0m [2mmidnight_proof_server::endpoints[0m[2m:[0m Starting to process request for /prove...
[2m2026-09-15T06:32:20.695887Z[0m [32m INFO[0m [2mmidnight_bench[0m[2m:[0m [3mstage[0m[2m=[0m"create_proof.compute_trace.start" [3mrss_mb[0m[2m=[0m310 [3mhwm_mb[0m[2m=[0m310
[2m2026-09-15T06:32:20.695919Z[0m [32m INFO[0m [2mmidnight_bench[0m[2m:[0m [3mstage[0m[2m=[0m"trace.compute_instances.start" [3mrss_mb[0m[2m=[0m310 [3mhwm_mb[0m[2m=[0m310
[2m2026-09-15T06:32:20.701868Z[0m [32m INFO[0m [2mmidnight_bench[0m[2m:[0m [3mstage[0m[2m=[0m"trace.compute_instances.end" [3mrss_mb[0m[2m=[0m310 [3mhwm_mb[0m[2m=[0m310
[2m2026-09-15T06:32:20.701890Z[0m [32m INFO[0m [2mmidnight_bench[0m[2m:[0m [3mstage[0m[2m=[0m"trace.parse_advices.start" [3mrss_mb[0m[2m=[0m310 [3mhwm_mb[0m[2m=[0m310
[2m2026-09-15T06:32:20.708877Z[0m [32m INFO[0m [2mmidnight_bench[0m[2m:[0m [3mstage[0m[2m=[0m"trace.parse_advices.end" [3mrss_mb[0m[2m=[0m311 [3mhwm_mb[0m[2m=[0m311
[2m2026-09-15T06:32:20.708906Z[0m [32m INFO[0m [2mmidnight_bench[0m[2m:[0m [3mstage[0m[2m=[0m"trace.lookups_permuted.start" [3mrss_mb[0m[2m=[0m311 [3mhwm_mb[0m[2m=[0m311
[2m2026-09-15T06:32:20.755828Z[0m [32m INFO[0m [2mmidnight_bench[0m[2m:[0m [3mstage[0m[2m=[0m"trace.lookups_permuted.end" [3mrss_mb[0m[2m=[0m316 [3mhwm_mb[0m[2m=[0m316
[2m2026-09-15T06:32:20.755863Z[0m [32m INFO[0m [2mmidnight_bench[0m[2m:[0m [3mstage[0m[2m=[0m"trace.permutations_commit.start" [3mrss_mb[0m[2m=[0m316 [3mhwm_mb[0m[2m=[0m316
[2m2026-09-15T06:32:20.820850Z[0m [32m INFO[0m [2mmidnight_bench[0m[2m:[0m [3mstage[0m[2m=[0m"trace.permutations_commit.end" [3mrss_mb[0m[2m=[0m323 [3mhwm_mb[0m[2m=[0m323
[2m2026-09-15T06:32:20.820886Z[0m [32m INFO[0m [2mmidnight_bench[0m[2m:[0m [3mstage[0m[2m=[0m"trace.lookups_product.start" [3mrss_mb[0m[2m=[0m323 [3mhwm_mb[0m[2m=[0m323
[2m2026-09-15T06:32:20.876634Z[0m [32m INFO[0m [2mmidnight_bench[0m[2m:[0m [3mstage[0m[2m=[0m"trace.lookups_product.end" [3mrss_mb[0m[2m=[0m324 [3mhwm_mb[0m[2m=[0m324
[2m2026-09-15T06:32:20.900012Z[0m [32m INFO[0m [2mmidnight_bench[0m[2m:[0m [3mstage[0m[2m=[0m"create_proof.compute_trace.end" [3mrss_mb[0m[2m=[0m324 [3mhwm_mb[0m[2m=[0m324
[2m2026-09-15T06:32:20.900037Z[0m [32m INFO[0m [2mmidnight_bench[0m[2m:[0m [3mstage[0m[2m=[0m"create_proof.finalise_proof.start" [3mrss_mb[0m[2m=[0m324 [3mhwm_mb[0m[2m=[0m324
[2m2026-09-15T06:32:20.900046Z[0m [32m INFO[0m [2mmidnight_bench[0m[2m:[0m [3mstage[0m[2m=[0m"finalise.compute_h_poly.start" [3mrss_mb[0m[2m=[0m324 [3mhwm_mb[0m[2m=[0m324
[2m2026-09-15T06:32:20.919683Z[0m [32m INFO[0m [2mmidnight_bench[0m[2m:[0m [3mstage[0m[2m=[0m"finalise.compute_h_poly.materialise_fixed_cosets.start" [3mrss_mb[0m[2m=[0m324 [3mhwm_mb[0m[2m=[0m324
[2m2026-09-15T06:32:20.952580Z[0m [32m INFO[0m [2mmidnight_bench[0m[2m:[0m [3mstage[0m[2m=[0m"finalise.compute_h_poly.materialise_fixed_cosets.end" [3mrss_mb[0m[2m=[0m325 [3mhwm_mb[0m[2m=[0m325
[2m2026-09-15T06:32:20.952628Z[0m [32m INFO[0m [2mmidnight_bench[0m[2m:[0m [3mstage[0m[2m=[0m"finalise.compute_h_poly.materialise_perm_cosets.start" [3mrss_mb[0m[2m=[0m325 [3mhwm_mb[0m[2m=[0m325
[2m2026-09-15T06:32:20.966040Z[0m [32m INFO[0m [2mmidnight_bench[0m[2m:[0m [3mstage[0m[2m=[0m"finalise.compute_h_poly.materialise_perm_cosets.end" [3mrss_mb[0m[2m=[0m326 [3mhwm_mb[0m[2m=[0m326
[2m2026-09-15T06:32:21.098336Z[0m [32m INFO[0m [2mmidnight_bench[0m[2m:[0m [3mstage[0m[2m=[0m"finalise.compute_h_poly.drop_cosets.end" [3mrss_mb[0m[2m=[0m327 [3mhwm_mb[0m[2m=[0m327
[2m2026-09-15T06:32:21.098367Z[0m [32m INFO[0m [2mmidnight_bench[0m[2m:[0m [3mstage[0m[2m=[0m"finalise.compute_h_poly.end" [3mrss_mb[0m[2m=[0m327 [3mhwm_mb[0m[2m=[0m327
[2m2026-09-15T06:32:21.098375Z[0m [32m INFO[0m [2mmidnight_bench[0m[2m:[0m [3mstage[0m[2m=[0m"finalise.vanishing_construct.start" [3mrss_mb[0m[2m=[0m327 [3mhwm_mb[0m[2m=[0m327
[2m2026-09-15T06:32:21.189872Z[0m [32m INFO[0m [2mmidnight_bench[0m[2m:[0m [3mstage[0m[2m=[0m"finalise.vanishing_construct.end" [3mrss_mb[0m[2m=[0m328 [3mhwm_mb[0m[2m=[0m328
[2m2026-09-15T06:32:21.216098Z[0m [32m INFO[0m [2mmidnight_bench[0m[2m:[0m [3mstage[0m[2m=[0m"finalise.compute_queries.start" [3mrss_mb[0m[2m=[0m328 [3mhwm_mb[0m[2m=[0m328
[2m2026-09-15T06:32:21.216183Z[0m [32m INFO[0m [2mmidnight_bench[0m[2m:[0m [3mstage[0m[2m=[0m"finalise.multi_open.start" [3mrss_mb[0m[2m=[0m328 [3mhwm_mb[0m[2m=[0m328
[2m2026-09-15T06:32:21.316348Z[0m [32m INFO[0m [2mmidnight_bench[0m[2m:[0m [3mstage[0m[2m=[0m"finalise.multi_open.end" [3mrss_mb[0m[2m=[0m328 [3mhwm_mb[0m[2m=[0m328
[2m2026-09-15T06:32:21.316806Z[0m [32m INFO[0m [2mmidnight_bench[0m[2m:[0m [3mstage[0m[2m=[0m"create_proof.finalise_proof.end" [3mrss_mb[0m[2m=[0m312 [3mhwm_mb[0m[2m=[0m327
[2m2026-09-15T06:32:21.333069Z[0m [32m INFO[0m [2mactix_web::middleware::logger[0m[2m:[0m 192.168.65.1 POST /prove HTTP/1.1; took 0.712173s
[2m2026-09-15T06:32:21.334588Z[0m [32m INFO[0m [2mmidnight_proof_server::endpoints[0m[2m:[0m Starting to process request for /prove...
[2m2026-09-15T06:32:21.406834Z[0m [32m INFO[0m [2mmidnight_bench[0m[2m:[0m [3mstage[0m[2m=[0m"create_proof.compute_trace.start" [3mrss_mb[0m[2m=[0m326 [3mhwm_mb[0m[2m=[0m327
[2m2026-09-15T06:32:21.406867Z[0m [32m INFO[0m [2mmidnight_bench[0m[2m:[0m [3mstage[0m[2m=[0m"trace.compute_instances.start" [3mrss_mb[0m[2m=[0m326 [3mhwm_mb[0m[2m=[0m327
[2m2026-09-15T06:32:21.412302Z[0m [32m INFO[0m [2mmidnight_bench[0m[2m:[0m [3mstage[0m[2m=[0m"trace.compute_instances.end" [3mrss_mb[0m[2m=[0m326 [3mhwm_mb[0m[2m=[0m327
[2m2026-09-15T06:32:21.412321Z[0m [32m INFO[0m [2mmidnight_bench[0m[2m:[0m [3mstage[0m[2m=[0m"trace.parse_advices.start" [3mrss_mb[0m[2m=[0m326 [3mhwm_mb[0m[2m=[0m327
[2m2026-09-15T06:32:21.417584Z[0m [32m INFO[0m [2mmidnight_bench[0m[2m:[0m [3mstage[0m[2m=[0m"trace.parse_advices.end" [3mrss_mb[0m[2m=[0m328 [3mhwm_mb[0m[2m=[0m328
[2m2026-09-15T06:32:21.417606Z[0m [32m INFO[0m [2mmidnight_bench[0m[2m:[0m [3mstage[0m[2m=[0m"trace.lookups_permuted.start" [3mrss_mb[0m[2m=[0m328 [3mhwm_mb[0m[2m=[0m328
[2m2026-09-15T06:32:21.460325Z[0m [32m INFO[0m [2mmidnight_bench[0m[2m:[0m [3mstage[0m[2m=[0m"trace.lookups_permuted.end" [3mrss_mb[0m[2m=[0m332 [3mhwm_mb[0m[2m=[0m332
[2m2026-09-15T06:32:21.460355Z[0m [32m INFO[0m [2mmidnight_bench[0m[2m:[0m [3mstage[0m[2m=[0m"trace.permutations_commit.start" [3mrss_mb[0m[2m=[0m332 [3mhwm_mb[0m[2m=[0m332
[2m2026-09-15T06:32:21.525085Z[0m [32m INFO[0m [2mmidnight_bench[0m[2m:[0m [3mstage[0m[2m=[0m"trace.permutations_commit.end" [3mrss_mb[0m[2m=[0m340 [3mhwm_mb[0m[2m=[0m340
[2m2026-09-15T06:32:21.525111Z[0m [32m INFO[0m [2mmidnight_bench[0m[2m:[0m [3mstage[0m[2m=[0m"trace.lookups_product.start" [3mrss_mb[0m[2m=[0m340 [3mhwm_mb[0m[2m=[0m340
[2m2026-09-15T06:32:21.575949Z[0m [32m INFO[0m [2mmidnight_bench[0m[2m:[0m [3mstage[0m[2m=[0m"trace.lookups_product.end" [3mrss_mb[0m[2m=[0m340 [3mhwm_mb[0m[2m=[0m340
[2m2026-09-15T06:32:21.599790Z[0m [32m INFO[0m [2mmidnight_bench[0m[2m:[0m [3mstage[0m[2m=[0m"create_proof.compute_trace.end" [3mrss_mb[0m[2m=[0m340 [3mhwm_mb[0m[2m=[0m340
[2m2026-09-15T06:32:21.599818Z[0m [32m INFO[0m [2mmidnight_bench[0m[2m:[0m [3mstage[0m[2m=[0m"create_proof.finalise_proof.start" [3mrss_mb[0m[2m=[0m340 [3mhwm_mb[0m[2m=[0m340
[2m2026-09-15T06:32:21.599827Z[0m [32m INFO[0m [2mmidnight_bench[0m[2m:[0m [3mstage[0m[2m=[0m"finalise.compute_h_poly.start" [3mrss_mb[0m[2m=[0m340 [3mhwm_mb[0m[2m=[0m340
[2m2026-09-15T06:32:21.613879Z[0m [32m INFO[0m [2mmidnight_bench[0m[2m:[0m [3mstage[0m[2m=[0m"finalise.compute_h_poly.materialise_fixed_cosets.start" [3mrss_mb[0m[2m=[0m340 [3mhwm_mb[0m[2m=[0m340
[2m2026-09-15T06:32:21.640587Z[0m [32m INFO[0m [2mmidnight_bench[0m[2m:[0m [3mstage[0m[2m=[0m"finalise.compute_h_poly.materialise_fixed_cosets.end" [3mrss_mb[0m[2m=[0m340 [3mhwm_mb[0m[2m=[0m340
[2m2026-09-15T06:32:21.640613Z[0m [32m INFO[0m [2mmidnight_bench[0m[2m:[0m [3mstage[0m[2m=[0m"finalise.compute_h_poly.materialise_perm_cosets.start" [3mrss_mb[0m[2m=[0m340 [3mhwm_mb[0m[2m=[0m340
[2m2026-09-15T06:32:21.651972Z[0m [32m INFO[0m [2mmidnight_bench[0m[2m:[0m [3mstage[0m[2m=[0m"finalise.compute_h_poly.materialise_perm_cosets.end" [3mrss_mb[0m[2m=[0m340 [3mhwm_mb[0m[2m=[0m340
[2m2026-09-15T06:32:21.774800Z[0m [32m INFO[0m [2mmidnight_bench[0m[2m:[0m [3mstage[0m[2m=[0m"finalise.compute_h_poly.drop_cosets.end" [3mrss_mb[0m[2m=[0m342 [3mhwm_mb[0m[2m=[0m342
[2m2026-09-15T06:32:21.774831Z[0m [32m INFO[0m [2mmidnight_bench[0m[2m:[0m [3mstage[0m[2m=[0m"finalise.compute_h_poly.end" [3mrss_mb[0m[2m=[0m342 [3mhwm_mb[0m[2m=[0m342
[2m2026-09-15T06:32:21.774839Z[0m [32m INFO[0m [2mmidnight_bench[0m[2m:[0m [3mstage[0m[2m=[0m"finalise.vanishing_construct.start" [3mrss_mb[0m[2m=[0m342 [3mhwm_mb[0m[2m=[0m342
[2m2026-09-15T06:32:21.860835Z[0m [32m INFO[0m [2mmidnight_bench[0m[2m:[0m [3mstage[0m[2m=[0m"finalise.vanishing_construct.end" [3mrss_mb[0m[2m=[0m342 [3mhwm_mb[0m[2m=[0m342
[2m2026-09-15T06:32:21.887054Z[0m [32m INFO[0m [2mmidnight_bench[0m[2m:[0m [3mstage[0m[2m=[0m"finalise.compute_queries.start" [3mrss_mb[0m[2m=[0m342 [3mhwm_mb[0m[2m=[0m342
[2m2026-09-15T06:32:21.887153Z[0m [32m INFO[0m [2mmidnight_bench[0m[2m:[0m [3mstage[0m[2m=[0m"finalise.multi_open.start" [3mrss_mb[0m[2m=[0m342 [3mhwm_mb[0m[2m=[0m342
[2m2026-09-15T06:32:21.976014Z[0m [32m INFO[0m [2mmidnight_bench[0m[2m:[0m [3mstage[0m[2m=[0m"finalise.multi_open.end" [3mrss_mb[0m[2m=[0m342 [3mhwm_mb[0m[2m=[0m342
[2m2026-09-15T06:32:21.976453Z[0m [32m INFO[0m [2mmidnight_bench[0m[2m:[0m [3mstage[0m[2m=[0m"create_proof.finalise_proof.end" [3mrss_mb[0m[2m=[0m326 [3mhwm_mb[0m[2m=[0m341
[2m2026-09-15T06:32:21.991613Z[0m [32m INFO[0m [2mactix_web::middleware::logger[0m[2m:[0m 192.168.65.1 POST /prove HTTP/1.1; took 0.657044s
[2m2026-09-15T06:32:22.041683Z[0m [32m INFO[0m [2mmidnight_proof_server::endpoints[0m[2m:[0m Starting to process request for /prove...
[2m2026-09-15T06:32:22.116778Z[0m [32m INFO[0m [2mmidnight_bench[0m[2m:[0m [3mstage[0m[2m=[0m"create_proof.compute_trace.start" [3mrss_mb[0m[2m=[0m326 [3mhwm_mb[0m[2m=[0m341
[2m2026-09-15T06:32:22.116814Z[0m [32m INFO[0m [2mmidnight_bench[0m[2m:[0m [3mstage[0m[2m=[0m"trace.compute_instances.start" [3mrss_mb[0m[2m=[0m326 [3mhwm_mb[0m[2m=[0m341
[2m2026-09-15T06:32:22.120709Z[0m [32m INFO[0m [2mmidnight_bench[0m[2m:[0m [3mstage[0m[2m=[0m"trace.compute_instances.end" [3mrss_mb[0m[2m=[0m326 [3mhwm_mb[0m[2m=[0m341
[2m2026-09-15T06:32:22.120736Z[0m [32m INFO[0m [2mmidnight_bench[0m[2m:[0m [3mstage[0m[2m=[0m"trace.parse_advices.start" [3mrss_mb[0m[2m=[0m326 [3mhwm_mb[0m[2m=[0m341
[2m2026-09-15T06:32:22.125902Z[0m [32m INFO[0m [2mmidnight_bench[0m[2m:[0m [3mstage[0m[2m=[0m"trace.parse_advices.end" [3mrss_mb[0m[2m=[0m328 [3mhwm_mb[0m[2m=[0m341
[2m2026-09-15T06:32:22.125921Z[0m [32m INFO[0m [2mmidnight_bench[0m[2m:[0m [3mstage[0m[2m=[0m"trace.lookups_permuted.start" [3mrss_mb[0m[2m=[0m328 [3mhwm_mb[0m[2m=[0m341
[2m2026-09-15T06:32:22.173729Z[0m [32m INFO[0m [2mmidnight_bench[0m[2m:[0m [3mstage[0m[2m=[0m"trace.lookups_permuted.end" [3mrss_mb[0m[2m=[0m332 [3mhwm_mb[0m[2m=[0m341
[2m2026-09-15T06:32:22.173759Z[0m [32m INFO[0m [2mmidnight_bench[0m[2m:[0m [3mstage[0m[2m=[0m"trace.permutations_commit.start" [3mrss_mb[0m[2m=[0m332 [3mhwm_mb[0m[2m=[0m341
[2m2026-09-15T06:32:22.255875Z[0m [32m INFO[0m [2mmidnight_bench[0m[2m:[0m [3mstage[0m[2m=[0m"trace.permutations_commit.end" [3mrss_mb[0m[2m=[0m340 [3mhwm_mb[0m[2m=[0m341
[2m2026-09-15T06:32:22.255904Z[0m [32m INFO[0m [2mmidnight_bench[0m[2m:[0m [3mstage[0m[2m=[0m"trace.lookups_product.start" [3mrss_mb[0m[2m=[0m340 [3mhwm_mb[0m[2m=[0m341
[2m2026-09-15T06:32:22.307579Z[0m [32m INFO[0m [2mmidnight_bench[0m[2m:[0m [3mstage[0m[2m=[0m"trace.lookups_product.end" [3mrss_mb[0m[2m=[0m340 [3mhwm_mb[0m[2m=[0m341
[2m2026-09-15T06:32:22.329345Z[0m [32m INFO[0m [2mmidnight_bench[0m[2m:[0m [3mstage[0m[2m=[0m"create_proof.compute_trace.end" [3mrss_mb[0m[2m=[0m340 [3mhwm_mb[0m[2m=[0m341
[2m2026-09-15T06:32:22.329368Z[0m [32m INFO[0m [2mmidnight_bench[0m[2m:[0m [3mstage[0m[2m=[0m"create_proof.finalise_proof.start" [3mrss_mb[0m[2m=[0m340 [3mhwm_mb[0m[2m=[0m341
[2m2026-09-15T06:32:22.329376Z[0m [32m INFO[0m [2mmidnight_bench[0m[2m:[0m [3mstage[0m[2m=[0m"finalise.compute_h_poly.start" [3mrss_mb[0m[2m=[0m340 [3mhwm_mb[0m[2m=[0m341
[2m2026-09-15T06:32:22.345451Z[0m [32m INFO[0m [2mmidnight_bench[0m[2m:[0m [3mstage[0m[2m=[0m"finalise.compute_h_poly.materialise_fixed_cosets.start" [3mrss_mb[0m[2m=[0m340 [3mhwm_mb[0m[2m=[0m341
[2m2026-09-15T06:32:22.369473Z[0m [32m INFO[0m [2mmidnight_bench[0m[2m:[0m [3mstage[0m[2m=[0m"finalise.compute_h_poly.materialise_fixed_cosets.end" [3mrss_mb[0m[2m=[0m340 [3mhwm_mb[0m[2m=[0m341
[2m2026-09-15T06:32:22.369611Z[0m [32m INFO[0m [2mmidnight_bench[0m[2m:[0m [3mstage[0m[2m=[0m"finalise.compute_h_poly.materialise_perm_cosets.start" [3mrss_mb[0m[2m=[0m340 [3mhwm_mb[0m[2m=[0m341
[2m2026-09-15T06:32:22.383110Z[0m [32m INFO[0m [2mmidnight_bench[0m[2m:[0m [3mstage[0m[2m=[0m"finalise.compute_h_poly.materialise_perm_cosets.end" [3mrss_mb[0m[2m=[0m340 [3mhwm_mb[0m[2m=[0m341
[2m2026-09-15T06:32:22.508855Z[0m [32m INFO[0m [2mmidnight_bench[0m[2m:[0m [3mstage[0m[2m=[0m"finalise.compute_h_poly.drop_cosets.end" [3mrss_mb[0m[2m=[0m342 [3mhwm_mb[0m[2m=[0m342
[2m2026-09-15T06:32:22.508896Z[0m [32m INFO[0m [2mmidnight_bench[0m[2m:[0m [3mstage[0m[2m=[0m"finalise.compute_h_poly.end" [3mrss_mb[0m[2m=[0m342 [3mhwm_mb[0m[2m=[0m342
[2m2026-09-15T06:32:22.508905Z[0m [32m INFO[0m [2mmidnight_bench[0m[2m:[0m [3mstage[0m[2m=[0m"finalise.vanishing_construct.start" [3mrss_mb[0m[2m=[0m342 [3mhwm_mb[0m[2m=[0m342
[2m2026-09-15T06:32:22.592970Z[0m [32m INFO[0m [2mmidnight_bench[0m[2m:[0m [3mstage[0m[2m=[0m"finalise.vanishing_construct.end" [3mrss_mb[0m[2m=[0m342 [3mhwm_mb[0m[2m=[0m342
[2m2026-09-15T06:32:22.623987Z[0m [32m INFO[0m [2mmidnight_bench[0m[2m:[0m [3mstage[0m[2m=[0m"finalise.compute_queries.start" [3mrss_mb[0m[2m=[0m342 [3mhwm_mb[0m[2m=[0m342
[2m2026-09-15T06:32:22.624080Z[0m [32m INFO[0m [2mmidnight_bench[0m[2m:[0m [3mstage[0m[2m=[0m"finalise.multi_open.start" [3mrss_mb[0m[2m=[0m342 [3mhwm_mb[0m[2m=[0m342
[2m2026-09-15T06:32:22.708588Z[0m [32m INFO[0m [2mmidnight_bench[0m[2m:[0m [3mstage[0m[2m=[0m"finalise.multi_open.end" [3mrss_mb[0m[2m=[0m342 [3mhwm_mb[0m[2m=[0m342
[2m2026-09-15T06:32:22.709030Z[0m [32m INFO[0m [2mmidnight_bench[0m[2m:[0m [3mstage[0m[2m=[0m"create_proof.finalise_proof.end" [3mrss_mb[0m[2m=[0m326 [3mhwm_mb[0m[2m=[0m341
[2m2026-09-15T06:32:22.723678Z[0m [32m INFO[0m [2mactix_web::middleware::logger[0m[2m:[0m 192.168.65.1 POST /prove HTTP/1.1; took 0.682018s
[2m2026-09-15T06:32:22.725530Z[0m [32m INFO[0m [2mmidnight_proof_server::endpoints[0m[2m:[0m Starting to process request for /prove...
[2m2026-09-15T06:32:22.795447Z[0m [32m INFO[0m [2mmidnight_bench[0m[2m:[0m [3mstage[0m[2m=[0m"create_proof.compute_trace.start" [3mrss_mb[0m[2m=[0m331 [3mhwm_mb[0m[2m=[0m341
[2m2026-09-15T06:32:22.795479Z[0m [32m INFO[0m [2mmidnight_bench[0m[2m:[0m [3mstage[0m[2m=[0m"trace.compute_instances.start" [3mrss_mb[0m[2m=[0m331 [3mhwm_mb[0m[2m=[0m341
[2m2026-09-15T06:32:22.801261Z[0m [32m INFO[0m [2mmidnight_bench[0m[2m:[0m [3mstage[0m[2m=[0m"trace.compute_instances.end" [3mrss_mb[0m[2m=[0m331 [3mhwm_mb[0m[2m=[0m341
[2m2026-09-15T06:32:22.801280Z[0m [32m INFO[0m [2mmidnight_bench[0m[2m:[0m [3mstage[0m[2m=[0m"trace.parse_advices.start" [3mrss_mb[0m[2m=[0m331 [3mhwm_mb[0m[2m=[0m341
[2m2026-09-15T06:32:22.806602Z[0m [32m INFO[0m [2mmidnight_bench[0m[2m:[0m [3mstage[0m[2m=[0m"trace.parse_advices.end" [3mrss_mb[0m[2m=[0m333 [3mhwm_mb[0m[2m=[0m341
[2m2026-09-15T06:32:22.806621Z[0m [32m INFO[0m [2mmidnight_bench[0m[2m:[0m [3mstage[0m[2m=[0m"trace.lookups_permuted.start" [3mrss_mb[0m[2m=[0m333 [3mhwm_mb[0m[2m=[0m341
[2m2026-09-15T06:32:22.851732Z[0m [32m INFO[0m [2mmidnight_bench[0m[2m:[0m [3mstage[0m[2m=[0m"trace.lookups_permuted.end" [3mrss_mb[0m[2m=[0m337 [3mhwm_mb[0m[2m=[0m341
[2m2026-09-15T06:32:22.851758Z[0m [32m INFO[0m [2mmidnight_bench[0m[2m:[0m [3mstage[0m[2m=[0m"trace.permutations_commit.start" [3mrss_mb[0m[2m=[0m337 [3mhwm_mb[0m[2m=[0m341
[2m2026-09-15T06:32:22.917417Z[0m [32m INFO[0m [2mmidnight_bench[0m[2m:[0m [3mstage[0m[2m=[0m"trace.permutations_commit.end" [3mrss_mb[0m[2m=[0m345 [3mhwm_mb[0m[2m=[0m345
[2m2026-09-15T06:32:22.917444Z[0m [32m INFO[0m [2mmidnight_bench[0m[2m:[0m [3mstage[0m[2m=[0m"trace.lookups_product.start" [3mrss_mb[0m[2m=[0m345 [3mhwm_mb[0m[2m=[0m345
[2m2026-09-15T06:32:22.965199Z[0m [32m INFO[0m [2mmidnight_bench[0m[2m:[0m [3mstage[0m[2m=[0m"trace.lookups_product.end" [3mrss_mb[0m[2m=[0m345 [3mhwm_mb[0m[2m=[0m345
[2m2026-09-15T06:32:22.988097Z[0m [32m INFO[0m [2mmidnight_bench[0m[2m:[0m [3mstage[0m[2m=[0m"create_proof.compute_trace.end" [3mrss_mb[0m[2m=[0m345 [3mhwm_mb[0m[2m=[0m345
[2m2026-09-15T06:32:22.988131Z[0m [32m INFO[0m [2mmidnight_bench[0m[2m:[0m [3mstage[0m[2m=[0m"create_proof.finalise_proof.start" [3mrss_mb[0m[2m=[0m345 [3mhwm_mb[0m[2m=[0m345
[2m2026-09-15T06:32:22.988139Z[0m [32m INFO[0m [2mmidnight_bench[0m[2m:[0m [3mstage[0m[2m=[0m"finalise.compute_h_poly.start" [3mrss_mb[0m[2m=[0m345 [3mhwm_mb[0m[2m=[0m345
[2m2026-09-15T06:32:23.004685Z[0m [32m INFO[0m [2mmidnight_bench[0m[2m:[0m [3mstage[0m[2m=[0m"finalise.compute_h_poly.materialise_fixed_cosets.start" [3mrss_mb[0m[2m=[0m345 [3mhwm_mb[0m[2m=[0m345
[2m2026-09-15T06:32:23.031973Z[0m [32m INFO[0m [2mmidnight_bench[0m[2m:[0m [3mstage[0m[2m=[0m"finalise.compute_h_poly.materialise_fixed_cosets.end" [3mrss_mb[0m[2m=[0m345 [3mhwm_mb[0m[2m=[0m345
[2m2026-09-15T06:32:23.032002Z[0m [32m INFO[0m [2mmidnight_bench[0m[2m:[0m [3mstage[0m[2m=[0m"finalise.compute_h_poly.materialise_perm_cosets.start" [3mrss_mb[0m[2m=[0m345 [3mhwm_mb[0m[2m=[0m345
[2m2026-09-15T06:32:23.044344Z[0m [32m INFO[0m [2mmidnight_bench[0m[2m:[0m [3mstage[0m[2m=[0m"finalise.compute_h_poly.materialise_perm_cosets.end" [3mrss_mb[0m[2m=[0m345 [3mhwm_mb[0m[2m=[0m345
[2m2026-09-15T06:32:23.167034Z[0m [32m INFO[0m [2mmidnight_bench[0m[2m:[0m [3mstage[0m[2m=[0m"finalise.compute_h_poly.drop_cosets.end" [3mrss_mb[0m[2m=[0m346 [3mhwm_mb[0m[2m=[0m346
[2m2026-09-15T06:32:23.167065Z[0m [32m INFO[0m [2mmidnight_bench[0m[2m:[0m [3mstage[0m[2m=[0m"finalise.compute_h_poly.end" [3mrss_mb[0m[2m=[0m346 [3mhwm_mb[0m[2m=[0m346
[2m2026-09-15T06:32:23.167072Z[0m [32m INFO[0m [2mmidnight_bench[0m[2m:[0m [3mstage[0m[2m=[0m"finalise.vanishing_construct.start" [3mrss_mb[0m[2m=[0m346 [3mhwm_mb[0m[2m=[0m346
[2m2026-09-15T06:32:23.249874Z[0m [32m INFO[0m [2mmidnight_bench[0m[2m:[0m [3mstage[0m[2m=[0m"finalise.vanishing_construct.end" [3mrss_mb[0m[2m=[0m347 [3mhwm_mb[0m[2m=[0m347
[2m2026-09-15T06:32:23.277511Z[0m [32m INFO[0m [2mmidnight_bench[0m[2m:[0m [3mstage[0m[2m=[0m"finalise.compute_queries.start" [3mrss_mb[0m[2m=[0m347 [3mhwm_mb[0m[2m=[0m347
[2m2026-09-15T06:32:23.277603Z[0m [32m INFO[0m [2mmidnight_bench[0m[2m:[0m [3mstage[0m[2m=[0m"finalise.multi_open.start" [3mrss_mb[0m[2m=[0m347 [3mhwm_mb[0m[2m=[0m347
[2m2026-09-15T06:32:23.363884Z[0m [32m INFO[0m [2mmidnight_bench[0m[2m:[0m [3mstage[0m[2m=[0m"finalise.multi_open.end" [3mrss_mb[0m[2m=[0m347 [3mhwm_mb[0m[2m=[0m347
[2m2026-09-15T06:32:23.364323Z[0m [32m INFO[0m [2mmidnight_bench[0m[2m:[0m [3mstage[0m[2m=[0m"create_proof.finalise_proof.end" [3mrss_mb[0m[2m=[0m331 [3mhwm_mb[0m[2m=[0m346
[2m2026-09-15T06:32:23.379479Z[0m [32m INFO[0m [2mactix_web::middleware::logger[0m[2m:[0m 192.168.65.1 POST /prove HTTP/1.1; took 0.653966s
[2m2026-09-15T06:32:23.381212Z[0m [32m INFO[0m [2mmidnight_proof_server::endpoints[0m[2m:[0m Starting to process request for /prove...
[2m2026-09-15T06:32:23.451363Z[0m [32m INFO[0m [2mmidnight_bench[0m[2m:[0m [3mstage[0m[2m=[0m"create_proof.compute_trace.start" [3mrss_mb[0m[2m=[0m326 [3mhwm_mb[0m[2m=[0m346
[2m2026-09-15T06:32:23.451396Z[0m [32m INFO[0m [2mmidnight_bench[0m[2m:[0m [3mstage[0m[2m=[0m"trace.compute_instances.start" [3mrss_mb[0m[2m=[0m326 [3mhwm_mb[0m[2m=[0m346
[2m2026-09-15T06:32:23.456977Z[0m [32m INFO[0m [2mmidnight_bench[0m[2m:[0m [3mstage[0m[2m=[0m"trace.compute_instances.end" [3mrss_mb[0m[2m=[0m326 [3mhwm_mb[0m[2m=[0m346
[2m2026-09-15T06:32:23.457000Z[0m [32m INFO[0m [2mmidnight_bench[0m[2m:[0m [3mstage[0m[2m=[0m"trace.parse_advices.start" [3mrss_mb[0m[2m=[0m326 [3mhwm_mb[0m[2m=[0m346
[2m2026-09-15T06:32:23.462380Z[0m [32m INFO[0m [2mmidnight_bench[0m[2m:[0m [3mstage[0m[2m=[0m"trace.parse_advices.end" [3mrss_mb[0m[2m=[0m328 [3mhwm_mb[0m[2m=[0m346
[2m2026-09-15T06:32:23.462405Z[0m [32m INFO[0m [2mmidnight_bench[0m[2m:[0m [3mstage[0m[2m=[0m"trace.lookups_permuted.start" [3mrss_mb[0m[2m=[0m328 [3mhwm_mb[0m[2m=[0m346
[2m2026-09-15T06:32:23.504907Z[0m [32m INFO[0m [2mmidnight_bench[0m[2m:[0m [3mstage[0m[2m=[0m"trace.lookups_permuted.end" [3mrss_mb[0m[2m=[0m332 [3mhwm_mb[0m[2m=[0m346
[2m2026-09-15T06:32:23.504935Z[0m [32m INFO[0m [2mmidnight_bench[0m[2m:[0m [3mstage[0m[2m=[0m"trace.permutations_commit.start" [3mrss_mb[0m[2m=[0m332 [3mhwm_mb[0m[2m=[0m346
[2m2026-09-15T06:32:23.572722Z[0m [32m INFO[0m [2mmidnight_bench[0m[2m:[0m [3mstage[0m[2m=[0m"trace.permutations_commit.end" [3mrss_mb[0m[2m=[0m339 [3mhwm_mb[0m[2m=[0m346
[2m2026-09-15T06:32:23.572749Z[0m [32m INFO[0m [2mmidnight_bench[0m[2m:[0m [3mstage[0m[2m=[0m"trace.lookups_product.start" [3mrss_mb[0m[2m=[0m339 [3mhwm_mb[0m[2m=[0m346
[2m2026-09-15T06:32:23.622733Z[0m [32m INFO[0m [2mmidnight_bench[0m[2m:[0m [3mstage[0m[2m=[0m"trace.lookups_product.end" [3mrss_mb[0m[2m=[0m340 [3mhwm_mb[0m[2m=[0m346
[2m2026-09-15T06:32:23.648115Z[0m [32m INFO[0m [2mmidnight_bench[0m[2m:[0m [3mstage[0m[2m=[0m"create_proof.compute_trace.end" [3mrss_mb[0m[2m=[0m340 [3mhwm_mb[0m[2m=[0m346
[2m2026-09-15T06:32:23.648142Z[0m [32m INFO[0m [2mmidnight_bench[0m[2m:[0m [3mstage[0m[2m=[0m"create_proof.finalise_proof.start" [3mrss_mb[0m[2m=[0m340 [3mhwm_mb[0m[2m=[0m346
[2m2026-09-15T06:32:23.648150Z[0m [32m INFO[0m [2mmidnight_bench[0m[2m:[0m [3mstage[0m[2m=[0m"finalise.compute_h_poly.start" [3mrss_mb[0m[2m=[0m340 [3mhwm_mb[0m[2m=[0m346
[2m2026-09-15T06:32:23.665721Z[0m [32m INFO[0m [2mmidnight_bench[0m[2m:[0m [3mstage[0m[2m=[0m"finalise.compute_h_poly.materialise_fixed_cosets.start" [3mrss_mb[0m[2m=[0m340 [3mhwm_mb[0m[2m=[0m346
[2m2026-09-15T06:32:23.691844Z[0m [32m INFO[0m [2mmidnight_bench[0m[2m:[0m [3mstage[0m[2m=[0m"finalise.compute_h_poly.materialise_fixed_cosets.end" [3mrss_mb[0m[2m=[0m340 [3mhwm_mb[0m[2m=[0m346
[2m2026-09-15T06:32:23.691872Z[0m [32m INFO[0m [2mmidnight_bench[0m[2m:[0m [3mstage[0m[2m=[0m"finalise.compute_h_poly.materialise_perm_cosets.start" [3mrss_mb[0m[2m=[0m340 [3mhwm_mb[0m[2m=[0m346
[2m2026-09-15T06:32:23.703680Z[0m [32m INFO[0m [2mmidnight_bench[0m[2m:[0m [3mstage[0m[2m=[0m"finalise.compute_h_poly.materialise_perm_cosets.end" [3mrss_mb[0m[2m=[0m340 [3mhwm_mb[0m[2m=[0m346
[2m2026-09-15T06:32:23.823056Z[0m [32m INFO[0m [2mmidnight_bench[0m[2m:[0m [3mstage[0m[2m=[0m"finalise.compute_h_poly.drop_cosets.end" [3mrss_mb[0m[2m=[0m341 [3mhwm_mb[0m[2m=[0m346
[2m2026-09-15T06:32:23.823089Z[0m [32m INFO[0m [2mmidnight_bench[0m[2m:[0m [3mstage[0m[2m=[0m"finalise.compute_h_poly.end" [3mrss_mb[0m[2m=[0m341 [3mhwm_mb[0m[2m=[0m346
[2m2026-09-15T06:32:23.823098Z[0m [32m INFO[0m [2mmidnight_bench[0m[2m:[0m [3mstage[0m[2m=[0m"finalise.vanishing_construct.start" [3mrss_mb[0m[2m=[0m341 [3mhwm_mb[0m[2m=[0m346
[2m2026-09-15T06:32:23.909662Z[0m [32m INFO[0m [2mmidnight_bench[0m[2m:[0m [3mstage[0m[2m=[0m"finalise.vanishing_construct.end" [3mrss_mb[0m[2m=[0m342 [3mhwm_mb[0m[2m=[0m346
[2m2026-09-15T06:32:23.935313Z[0m [32m INFO[0m [2mmidnight_bench[0m[2m:[0m [3mstage[0m[2m=[0m"finalise.compute_queries.start" [3mrss_mb[0m[2m=[0m342 [3mhwm_mb[0m[2m=[0m346
[2m2026-09-15T06:32:23.935404Z[0m [32m INFO[0m [2mmidnight_bench[0m[2m:[0m [3mstage[0m[2m=[0m"finalise.multi_open.start" [3mrss_mb[0m[2m=[0m342 [3mhwm_mb[0m[2m=[0m346
[2m2026-09-15T06:32:24.025417Z[0m [32m INFO[0m [2mmidnight_bench[0m[2m:[0m [3mstage[0m[2m=[0m"finalise.multi_open.end" [3mrss_mb[0m[2m=[0m342 [3mhwm_mb[0m[2m=[0m346
[2m2026-09-15T06:32:24.025863Z[0m [32m INFO[0m [2mmidnight_bench[0m[2m:[0m [3mstage[0m[2m=[0m"create_proof.finalise_proof.end" [3mrss_mb[0m[2m=[0m326 [3mhwm_mb[0m[2m=[0m346
[2m2026-09-15T06:32:24.041874Z[0m [32m INFO[0m [2mactix_web::middleware::logger[0m[2m:[0m 192.168.65.1 POST /prove HTTP/1.1; took 0.660704s
[2m2026-09-15T06:32:24.044147Z[0m [32m INFO[0m [2mmidnight_proof_server::endpoints[0m[2m:[0m Starting to process request for /prove...
[2m2026-09-15T06:32:24.116808Z[0m [32m INFO[0m [2mmidnight_bench[0m[2m:[0m [3mstage[0m[2m=[0m"create_proof.compute_trace.start" [3mrss_mb[0m[2m=[0m340 [3mhwm_mb[0m[2m=[0m346
[2m2026-09-15T06:32:24.116834Z[0m [32m INFO[0m [2mmidnight_bench[0m[2m:[0m [3mstage[0m[2m=[0m"trace.compute_instances.start" [3mrss_mb[0m[2m=[0m340 [3mhwm_mb[0m[2m=[0m346
[2m2026-09-15T06:32:24.121260Z[0m [32m INFO[0m [2mmidnight_bench[0m[2m:[0m [3mstage[0m[2m=[0m"trace.compute_instances.end" [3mrss_mb[0m[2m=[0m340 [3mhwm_mb[0m[2m=[0m346
[2m2026-09-15T06:32:24.121279Z[0m [32m INFO[0m [2mmidnight_bench[0m[2m:[0m [3mstage[0m[2m=[0m"trace.parse_advices.start" [3mrss_mb[0m[2m=[0m340 [3mhwm_mb[0m[2m=[0m346
[2m2026-09-15T06:32:24.126648Z[0m [32m INFO[0m [2mmidnight_bench[0m[2m:[0m [3mstage[0m[2m=[0m"trace.parse_advices.end" [3mrss_mb[0m[2m=[0m341 [3mhwm_mb[0m[2m=[0m346
[2m2026-09-15T06:32:24.126665Z[0m [32m INFO[0m [2mmidnight_bench[0m[2m:[0m [3mstage[0m[2m=[0m"trace.lookups_permuted.start" [3mrss_mb[0m[2m=[0m341 [3mhwm_mb[0m[2m=[0m346
[2m2026-09-15T06:32:24.169222Z[0m [32m INFO[0m [2mmidnight_bench[0m[2m:[0m [3mstage[0m[2m=[0m"trace.lookups_permuted.end" [3mrss_mb[0m[2m=[0m346 [3mhwm_mb[0m[2m=[0m346
[2m2026-09-15T06:32:24.169247Z[0m [32m INFO[0m [2mmidnight_bench[0m[2m:[0m [3mstage[0m[2m=[0m"trace.permutations_commit.start" [3mrss_mb[0m[2m=[0m346 [3mhwm_mb[0m[2m=[0m346
[2m2026-09-15T06:32:24.238178Z[0m [32m INFO[0m [2mmidnight_bench[0m[2m:[0m [3mstage[0m[2m=[0m"trace.permutations_commit.end" [3mrss_mb[0m[2m=[0m353 [3mhwm_mb[0m[2m=[0m353
[2m2026-09-15T06:32:24.238207Z[0m [32m INFO[0m [2mmidnight_bench[0m[2m:[0m [3mstage[0m[2m=[0m"trace.lookups_product.start" [3mrss_mb[0m[2m=[0m353 [3mhwm_mb[0m[2m=[0m353
[2m2026-09-15T06:32:24.287531Z[0m [32m INFO[0m [2mmidnight_bench[0m[2m:[0m [3mstage[0m[2m=[0m"trace.lookups_product.end" [3mrss_mb[0m[2m=[0m353 [3mhwm_mb[0m[2m=[0m353
[2m2026-09-15T06:32:24.315872Z[0m [32m INFO[0m [2mmidnight_bench[0m[2m:[0m [3mstage[0m[2m=[0m"create_proof.compute_trace.end" [3mrss_mb[0m[2m=[0m353 [3mhwm_mb[0m[2m=[0m353
[2m2026-09-15T06:32:24.315893Z[0m [32m INFO[0m [2mmidnight_bench[0m[2m:[0m [3mstage[0m[2m=[0m"create_proof.finalise_proof.start" [3mrss_mb[0m[2m=[0m353 [3mhwm_mb[0m[2m=[0m353
[2m2026-09-15T06:32:24.315901Z[0m [32m INFO[0m [2mmidnight_bench[0m[2m:[0m [3mstage[0m[2m=[0m"finalise.compute_h_poly.start" [3mrss_mb[0m[2m=[0m353 [3mhwm_mb[0m[2m=[0m353
[2m2026-09-15T06:32:24.335911Z[0m [32m INFO[0m [2mmidnight_bench[0m[2m:[0m [3mstage[0m[2m=[0m"finalise.compute_h_poly.materialise_fixed_cosets.start" [3mrss_mb[0m[2m=[0m353 [3mhwm_mb[0m[2m=[0m353
[2m2026-09-15T06:32:24.368159Z[0m [32m INFO[0m [2mmidnight_bench[0m[2m:[0m [3mstage[0m[2m=[0m"finalise.compute_h_poly.materialise_fixed_cosets.end" [3mrss_mb[0m[2m=[0m353 [3mhwm_mb[0m[2m=[0m353
[2m2026-09-15T06:32:24.368185Z[0m [32m INFO[0m [2mmidnight_bench[0m[2m:[0m [3mstage[0m[2m=[0m"finalise.compute_h_poly.materialise_perm_cosets.start" [3mrss_mb[0m[2m=[0m353 [3mhwm_mb[0m[2m=[0m353
[2m2026-09-15T06:32:24.384575Z[0m [32m INFO[0m [2mmidnight_bench[0m[2m:[0m [3mstage[0m[2m=[0m"finalise.compute_h_poly.materialise_perm_cosets.end" [3mrss_mb[0m[2m=[0m355 [3mhwm_mb[0m[2m=[0m355
[2m2026-09-15T06:32:24.517611Z[0m [32m INFO[0m [2mmidnight_bench[0m[2m:[0m [3mstage[0m[2m=[0m"finalise.compute_h_poly.drop_cosets.end" [3mrss_mb[0m[2m=[0m357 [3mhwm_mb[0m[2m=[0m357
[2m2026-09-15T06:32:24.517643Z[0m [32m INFO[0m [2mmidnight_bench[0m[2m:[0m [3mstage[0m[2m=[0m"finalise.compute_h_poly.end" [3mrss_mb[0m[2m=[0m357 [3mhwm_mb[0m[2m=[0m357
[2m2026-09-15T06:32:24.517651Z[0m [32m INFO[0m [2mmidnight_bench[0m[2m:[0m [3mstage[0m[2m=[0m"finalise.vanishing_construct.start" [3mrss_mb[0m[2m=[0m357 [3mhwm_mb[0m[2m=[0m357
[2m2026-09-15T06:32:24.617292Z[0m [32m INFO[0m [2mmidnight_bench[0m[2m:[0m [3mstage[0m[2m=[0m"finalise.vanishing_construct.end" [3mrss_mb[0m[2m=[0m357 [3mhwm_mb[0m[2m=[0m357
[2m2026-09-15T06:32:24.645963Z[0m [32m INFO[0m [2mmidnight_bench[0m[2m:[0m [3mstage[0m[2m=[0m"finalise.compute_queries.start" [3mrss_mb[0m[2m=[0m357 [3mhwm_mb[0m[2m=[0m357
[2m2026-09-15T06:32:24.646129Z[0m [32m INFO[0m [2mmidnight_bench[0m[2m:[0m [3mstage[0m[2m=[0m"finalise.multi_open.start" [3mrss_mb[0m[2m=[0m357 [3mhwm_mb[0m[2m=[0m357
[2m2026-09-15T06:32:24.736859Z[0m [32m INFO[0m [2mmidnight_bench[0m[2m:[0m [3mstage[0m[2m=[0m"finalise.multi_open.end" [3mrss_mb[0m[2m=[0m357 [3mhwm_mb[0m[2m=[0m357
[2m2026-09-15T06:32:24.737302Z[0m [32m INFO[0m [2mmidnight_bench[0m[2m:[0m [3mstage[0m[2m=[0m"create_proof.finalise_proof.end" [3mrss_mb[0m[2m=[0m342 [3mhwm_mb[0m[2m=[0m356
[2m2026-09-15T06:32:24.753385Z[0m [32m INFO[0m [2mactix_web::middleware::logger[0m[2m:[0m 192.168.65.1 POST /prove HTTP/1.1; took 0.709257s
[2m2026-09-15T06:32:24.755041Z[0m [32m INFO[0m [2mmidnight_proof_server::endpoints[0m[2m:[0m Starting to process request for /prove...
[2m2026-09-15T06:32:24.833256Z[0m [32m INFO[0m [2mmidnight_bench[0m[2m:[0m [3mstage[0m[2m=[0m"create_proof.compute_trace.start" [3mrss_mb[0m[2m=[0m355 [3mhwm_mb[0m[2m=[0m356
[2m2026-09-15T06:32:24.833310Z[0m [32m INFO[0m [2mmidnight_bench[0m[2m:[0m [3mstage[0m[2m=[0m"trace.compute_instances.start" [3mrss_mb[0m[2m=[0m355 [3mhwm_mb[0m[2m=[0m356
[2m2026-09-15T06:32:24.838185Z[0m [32m INFO[0m [2mmidnight_bench[0m[2m:[0m [3mstage[0m[2m=[0m"trace.compute_instances.end" [3mrss_mb[0m[2m=[0m355 [3mhwm_mb[0m[2m=[0m356
[2m2026-09-15T06:32:24.838207Z[0m [32m INFO[0m [2mmidnight_bench[0m[2m:[0m [3mstage[0m[2m=[0m"trace.parse_advices.start" [3mrss_mb[0m[2m=[0m355 [3mhwm_mb[0m[2m=[0m356
[2m2026-09-15T06:32:24.843526Z[0m [32m INFO[0m [2mmidnight_bench[0m[2m:[0m [3mstage[0m[2m=[0m"trace.parse_advices.end" [3mrss_mb[0m[2m=[0m356 [3mhwm_mb[0m[2m=[0m356
[2m2026-09-15T06:32:24.843548Z[0m [32m INFO[0m [2mmidnight_bench[0m[2m:[0m [3mstage[0m[2m=[0m"trace.lookups_permuted.start" [3mrss_mb[0m[2m=[0m356 [3mhwm_mb[0m[2m=[0m356
[2m2026-09-15T06:32:24.887422Z[0m [32m INFO[0m [2mmidnight_bench[0m[2m:[0m [3mstage[0m[2m=[0m"trace.lookups_permuted.end" [3mrss_mb[0m[2m=[0m361 [3mhwm_mb[0m[2m=[0m361
[2m2026-09-15T06:32:24.887450Z[0m [32m INFO[0m [2mmidnight_bench[0m[2m:[0m [3mstage[0m[2m=[0m"trace.permutations_commit.start" [3mrss_mb[0m[2m=[0m361 [3mhwm_mb[0m[2m=[0m361
[2m2026-09-15T06:32:24.954079Z[0m [32m INFO[0m [2mmidnight_bench[0m[2m:[0m [3mstage[0m[2m=[0m"trace.permutations_commit.end" [3mrss_mb[0m[2m=[0m368 [3mhwm_mb[0m[2m=[0m368
[2m2026-09-15T06:32:24.954104Z[0m [32m INFO[0m [2mmidnight_bench[0m[2m:[0m [3mstage[0m[2m=[0m"trace.lookups_product.start" [3mrss_mb[0m[2m=[0m368 [3mhwm_mb[0m[2m=[0m368
[2m2026-09-15T06:32:25.008365Z[0m [32m INFO[0m [2mmidnight_bench[0m[2m:[0m [3mstage[0m[2m=[0m"trace.lookups_product.end" [3mrss_mb[0m[2m=[0m368 [3mhwm_mb[0m[2m=[0m368
[2m2026-09-15T06:32:25.035490Z[0m [32m INFO[0m [2mmidnight_bench[0m[2m:[0m [3mstage[0m[2m=[0m"create_proof.compute_trace.end" [3mrss_mb[0m[2m=[0m368 [3mhwm_mb[0m[2m=[0m368
[2m2026-09-15T06:32:25.035516Z[0m [32m INFO[0m [2mmidnight_bench[0m[2m:[0m [3mstage[0m[2m=[0m"create_proof.finalise_proof.start" [3mrss_mb[0m[2m=[0m368 [3mhwm_mb[0m[2m=[0m368
[2m2026-09-15T06:32:25.035525Z[0m [32m INFO[0m [2mmidnight_bench[0m[2m:[0m [3mstage[0m[2m=[0m"finalise.compute_h_poly.start" [3mrss_mb[0m[2m=[0m368 [3mhwm_mb[0m[2m=[0m368
[2m2026-09-15T06:32:25.050591Z[0m [32m INFO[0m [2mmidnight_bench[0m[2m:[0m [3mstage[0m[2m=[0m"finalise.compute_h_poly.materialise_fixed_cosets.start" [3mrss_mb[0m[2m=[0m368 [3mhwm_mb[0m[2m=[0m368
[2m2026-09-15T06:32:25.078570Z[0m [32m INFO[0m [2mmidnight_bench[0m[2m:[0m [3mstage[0m[2m=[0m"finalise.compute_h_poly.materialise_fixed_cosets.end" [3mrss_mb[0m[2m=[0m368 [3mhwm_mb[0m[2m=[0m368
[2m2026-09-15T06:32:25.078602Z[0m [32m INFO[0m [2mmidnight_bench[0m[2m:[0m [3mstage[0m[2m=[0m"finalise.compute_h_poly.materialise_perm_cosets.start" [3mrss_mb[0m[2m=[0m368 [3mhwm_mb[0m[2m=[0m368
[2m2026-09-15T06:32:25.090664Z[0m [32m INFO[0m [2mmidnight_bench[0m[2m:[0m [3mstage[0m[2m=[0m"finalise.compute_h_poly.materialise_perm_cosets.end" [3mrss_mb[0m[2m=[0m368 [3mhwm_mb[0m[2m=[0m368
[2m2026-09-15T06:32:25.223961Z[0m [32m INFO[0m [2mmidnight_bench[0m[2m:[0m [3mstage[0m[2m=[0m"finalise.compute_h_poly.drop_cosets.end" [3mrss_mb[0m[2m=[0m370 [3mhwm_mb[0m[2m=[0m370
[2m2026-09-15T06:32:25.223996Z[0m [32m INFO[0m [2mmidnight_bench[0m[2m:[0m [3mstage[0m[2m=[0m"finalise.compute_h_poly.end" [3mrss_mb[0m[2m=[0m370 [3mhwm_mb[0m[2m=[0m370
[2m2026-09-15T06:32:25.224005Z[0m [32m INFO[0m [2mmidnight_bench[0m[2m:[0m [3mstage[0m[2m=[0m"finalise.vanishing_construct.start" [3mrss_mb[0m[2m=[0m370 [3mhwm_mb[0m[2m=[0m370
[2m2026-09-15T06:32:25.338289Z[0m [32m INFO[0m [2mmidnight_bench[0m[2m:[0m [3mstage[0m[2m=[0m"finalise.vanishing_construct.end" [3mrss_mb[0m[2m=[0m370 [3mhwm_mb[0m[2m=[0m370
[2m2026-09-15T06:32:25.369941Z[0m [32m INFO[0m [2mmidnight_bench[0m[2m:[0m [3mstage[0m[2m=[0m"finalise.compute_queries.start" [3mrss_mb[0m[2m=[0m370 [3mhwm_mb[0m[2m=[0m370
[2m2026-09-15T06:32:25.370047Z[0m [32m INFO[0m [2mmidnight_bench[0m[2m:[0m [3mstage[0m[2m=[0m"finalise.multi_open.start" [3mrss_mb[0m[2m=[0m370 [3mhwm_mb[0m[2m=[0m370
[2m2026-09-15T06:32:25.513595Z[0m [32m INFO[0m [2mmidnight_bench[0m[2m:[0m [3mstage[0m[2m=[0m"finalise.multi_open.end" [3mrss_mb[0m[2m=[0m370 [3mhwm_mb[0m[2m=[0m370
[2m2026-09-15T06:32:25.514017Z[0m [32m INFO[0m [2mmidnight_bench[0m[2m:[0m [3mstage[0m[2m=[0m"create_proof.finalise_proof.end" [3mrss_mb[0m[2m=[0m355 [3mhwm_mb[0m[2m=[0m369
[2m2026-09-15T06:32:25.531354Z[0m [32m INFO[0m [2mactix_web::middleware::logger[0m[2m:[0m 192.168.65.1 POST /prove HTTP/1.1; took 0.776334s
[2m2026-09-15T06:32:25.533992Z[0m [32m INFO[0m [2mmidnight_proof_server::endpoints[0m[2m:[0m Starting to process request for /prove...
[2m2026-09-15T06:32:25.619832Z[0m [32m INFO[0m [2mmidnight_bench[0m[2m:[0m [3mstage[0m[2m=[0m"create_proof.compute_trace.start" [3mrss_mb[0m[2m=[0m358 [3mhwm_mb[0m[2m=[0m369
[2m2026-09-15T06:32:25.619861Z[0m [32m INFO[0m [2mmidnight_bench[0m[2m:[0m [3mstage[0m[2m=[0m"trace.compute_instances.start" [3mrss_mb[0m[2m=[0m358 [3mhwm_mb[0m[2m=[0m369
[2m2026-09-15T06:32:25.625554Z[0m [32m INFO[0m [2mmidnight_bench[0m[2m:[0m [3mstage[0m[2m=[0m"trace.compute_instances.end" [3mrss_mb[0m[2m=[0m358 [3mhwm_mb[0m[2m=[0m369
[2m2026-09-15T06:32:25.625578Z[0m [32m INFO[0m [2mmidnight_bench[0m[2m:[0m [3mstage[0m[2m=[0m"trace.parse_advices.start" [3mrss_mb[0m[2m=[0m358 [3mhwm_mb[0m[2m=[0m369
[2m2026-09-15T06:32:25.631348Z[0m [32m INFO[0m [2mmidnight_bench[0m[2m:[0m [3mstage[0m[2m=[0m"trace.parse_advices.end" [3mrss_mb[0m[2m=[0m360 [3mhwm_mb[0m[2m=[0m369
[2m2026-09-15T06:32:25.631460Z[0m [32m INFO[0m [2mmidnight_bench[0m[2m:[0m [3mstage[0m[2m=[0m"trace.lookups_permuted.start" [3mrss_mb[0m[2m=[0m360 [3mhwm_mb[0m[2m=[0m369
[2m2026-09-15T06:32:25.673384Z[0m [32m INFO[0m [2mmidnight_bench[0m[2m:[0m [3mstage[0m[2m=[0m"trace.lookups_permuted.end" [3mrss_mb[0m[2m=[0m364 [3mhwm_mb[0m[2m=[0m369
[2m2026-09-15T06:32:25.673417Z[0m [32m INFO[0m [2mmidnight_bench[0m[2m:[0m [3mstage[0m[2m=[0m"trace.permutations_commit.start" [3mrss_mb[0m[2m=[0m364 [3mhwm_mb[0m[2m=[0m369
[2m2026-09-15T06:32:25.743207Z[0m [32m INFO[0m [2mmidnight_bench[0m[2m:[0m [3mstage[0m[2m=[0m"trace.permutations_commit.end" [3mrss_mb[0m[2m=[0m372 [3mhwm_mb[0m[2m=[0m372
[2m2026-09-15T06:32:25.743239Z[0m [32m INFO[0m [2mmidnight_bench[0m[2m:[0m [3mstage[0m[2m=[0m"trace.lookups_product.start" [3mrss_mb[0m[2m=[0m372 [3mhwm_mb[0m[2m=[0m372
[2m2026-09-15T06:32:25.792710Z[0m [32m INFO[0m [2mmidnight_bench[0m[2m:[0m [3mstage[0m[2m=[0m"trace.lookups_product.end" [3mrss_mb[0m[2m=[0m372 [3mhwm_mb[0m[2m=[0m372
[2m2026-09-15T06:32:25.816045Z[0m [32m INFO[0m [2mmidnight_bench[0m[2m:[0m [3mstage[0m[2m=[0m"create_proof.compute_trace.end" [3mrss_mb[0m[2m=[0m372 [3mhwm_mb[0m[2m=[0m372
[2m2026-09-15T06:32:25.816080Z[0m [32m INFO[0m [2mmidnight_bench[0m[2m:[0m [3mstage[0m[2m=[0m"create_proof.finalise_proof.start" [3mrss_mb[0m[2m=[0m372 [3mhwm_mb[0m[2m=[0m372
[2m2026-09-15T06:32:25.816088Z[0m [32m INFO[0m [2mmidnight_bench[0m[2m:[0m [3mstage[0m[2m=[0m"finalise.compute_h_poly.start" [3mrss_mb[0m[2m=[0m372 [3mhwm_mb[0m[2m=[0m372
[2m2026-09-15T06:32:25.832560Z[0m [32m INFO[0m [2mmidnight_bench[0m[2m:[0m [3mstage[0m[2m=[0m"finalise.compute_h_poly.materialise_fixed_cosets.start" [3mrss_mb[0m[2m=[0m372 [3mhwm_mb[0m[2m=[0m372
[2m2026-09-15T06:32:25.861116Z[0m [32m INFO[0m [2mmidnight_bench[0m[2m:[0m [3mstage[0m[2m=[0m"finalise.compute_h_poly.materialise_fixed_cosets.end" [3mrss_mb[0m[2m=[0m372 [3mhwm_mb[0m[2m=[0m372
[2m2026-09-15T06:32:25.861142Z[0m [32m INFO[0m [2mmidnight_bench[0m[2m:[0m [3mstage[0m[2m=[0m"finalise.compute_h_poly.materialise_perm_cosets.start" [3mrss_mb[0m[2m=[0m372 [3mhwm_mb[0m[2m=[0m372
[2m2026-09-15T06:32:25.875846Z[0m [32m INFO[0m [2mmidnight_bench[0m[2m:[0m [3mstage[0m[2m=[0m"finalise.compute_h_poly.materialise_perm_cosets.end" [3mrss_mb[0m[2m=[0m374 [3mhwm_mb[0m[2m=[0m374
[2m2026-09-15T06:32:25.997567Z[0m [32m INFO[0m [2mmidnight_bench[0m[2m:[0m [3mstage[0m[2m=[0m"finalise.compute_h_poly.drop_cosets.end" [3mrss_mb[0m[2m=[0m376 [3mhwm_mb[0m[2m=[0m376
[2m2026-09-15T06:32:25.997601Z[0m [32m INFO[0m [2mmidnight_bench[0m[2m:[0m [3mstage[0m[2m=[0m"finalise.compute_h_poly.end" [3mrss_mb[0m[2m=[0m376 [3mhwm_mb[0m[2m=[0m376
[2m2026-09-15T06:32:25.997609Z[0m [32m INFO[0m [2mmidnight_bench[0m[2m:[0m [3mstage[0m[2m=[0m"finalise.vanishing_construct.start" [3mrss_mb[0m[2m=[0m376 [3mhwm_mb[0m[2m=[0m376
[2m2026-09-15T06:32:26.086809Z[0m [32m INFO[0m [2mmidnight_bench[0m[2m:[0m [3mstage[0m[2m=[0m"finalise.vanishing_construct.end" [3mrss_mb[0m[2m=[0m376 [3mhwm_mb[0m[2m=[0m376
[2m2026-09-15T06:32:26.113278Z[0m [32m INFO[0m [2mmidnight_bench[0m[2m:[0m [3mstage[0m[2m=[0m"finalise.compute_queries.start" [3mrss_mb[0m[2m=[0m376 [3mhwm_mb[0m[2m=[0m376
[2m2026-09-15T06:32:26.113369Z[0m [32m INFO[0m [2mmidnight_bench[0m[2m:[0m [3mstage[0m[2m=[0m"finalise.multi_open.start" [3mrss_mb[0m[2m=[0m376 [3mhwm_mb[0m[2m=[0m376
[2m2026-09-15T06:32:26.203364Z[0m [32m INFO[0m [2mmidnight_bench[0m[2m:[0m [3mstage[0m[2m=[0m"finalise.multi_open.end" [3mrss_mb[0m[2m=[0m376 [3mhwm_mb[0m[2m=[0m376
[2m2026-09-15T06:32:26.203790Z[0m [32m INFO[0m [2mmidnight_bench[0m[2m:[0m [3mstage[0m[2m=[0m"create_proof.finalise_proof.end" [3mrss_mb[0m[2m=[0m360 [3mhwm_mb[0m[2m=[0m375
[2m2026-09-15T06:32:26.218797Z[0m [32m INFO[0m [2mactix_web::middleware::logger[0m[2m:[0m 192.168.65.1 POST /prove HTTP/1.1; took 0.684823s
[2m2026-09-15T06:32:26.224238Z[0m [32m INFO[0m [2mmidnight_proof_server::endpoints[0m[2m:[0m Starting to process request for /prove...
[2m2026-09-15T06:32:26.294061Z[0m [32m INFO[0m [2mmidnight_bench[0m[2m:[0m [3mstage[0m[2m=[0m"create_proof.compute_trace.start" [3mrss_mb[0m[2m=[0m345 [3mhwm_mb[0m[2m=[0m375
[2m2026-09-15T06:32:26.294095Z[0m [32m INFO[0m [2mmidnight_bench[0m[2m:[0m [3mstage[0m[2m=[0m"trace.compute_instances.start" [3mrss_mb[0m[2m=[0m345 [3mhwm_mb[0m[2m=[0m375
[2m2026-09-15T06:32:26.298558Z[0m [32m INFO[0m [2mmidnight_bench[0m[2m:[0m [3mstage[0m[2m=[0m"trace.compute_instances.end" [3mrss_mb[0m[2m=[0m345 [3mhwm_mb[0m[2m=[0m375
[2m2026-09-15T06:32:26.298574Z[0m [32m INFO[0m [2mmidnight_bench[0m[2m:[0m [3mstage[0m[2m=[0m"trace.parse_advices.start" [3mrss_mb[0m[2m=[0m345 [3mhwm_mb[0m[2m=[0m375
[2m2026-09-15T06:32:26.304025Z[0m [32m INFO[0m [2mmidnight_bench[0m[2m:[0m [3mstage[0m[2m=[0m"trace.parse_advices.end" [3mrss_mb[0m[2m=[0m347 [3mhwm_mb[0m[2m=[0m375
[2m2026-09-15T06:32:26.304045Z[0m [32m INFO[0m [2mmidnight_bench[0m[2m:[0m [3mstage[0m[2m=[0m"trace.lookups_permuted.start" [3mrss_mb[0m[2m=[0m347 [3mhwm_mb[0m[2m=[0m375
[2m2026-09-15T06:32:26.351183Z[0m [32m INFO[0m [2mmidnight_bench[0m[2m:[0m [3mstage[0m[2m=[0m"trace.lookups_permuted.end" [3mrss_mb[0m[2m=[0m351 [3mhwm_mb[0m[2m=[0m375
[2m2026-09-15T06:32:26.351212Z[0m [32m INFO[0m [2mmidnight_bench[0m[2m:[0m [3mstage[0m[2m=[0m"trace.permutations_commit.start" [3mrss_mb[0m[2m=[0m351 [3mhwm_mb[0m[2m=[0m375
[2m2026-09-15T06:32:26.420418Z[0m [32m INFO[0m [2mmidnight_bench[0m[2m:[0m [3mstage[0m[2m=[0m"trace.permutations_commit.end" [3mrss_mb[0m[2m=[0m358 [3mhwm_mb[0m[2m=[0m375
[2m2026-09-15T06:32:26.420442Z[0m [32m INFO[0m [2mmidnight_bench[0m[2m:[0m [3mstage[0m[2m=[0m"trace.lookups_product.start" [3mrss_mb[0m[2m=[0m358 [3mhwm_mb[0m[2m=[0m375
[2m2026-09-15T06:32:26.470833Z[0m [32m INFO[0m [2mmidnight_bench[0m[2m:[0m [3mstage[0m[2m=[0m"trace.lookups_product.end" [3mrss_mb[0m[2m=[0m359 [3mhwm_mb[0m[2m=[0m375
[2m2026-09-15T06:32:26.493308Z[0m [32m INFO[0m [2mmidnight_bench[0m[2m:[0m [3mstage[0m[2m=[0m"create_proof.compute_trace.end" [3mrss_mb[0m[2m=[0m359 [3mhwm_mb[0m[2m=[0m375
[2m2026-09-15T06:32:26.493331Z[0m [32m INFO[0m [2mmidnight_bench[0m[2m:[0m [3mstage[0m[2m=[0m"create_proof.finalise_proof.start" [3mrss_mb[0m[2m=[0m359 [3mhwm_mb[0m[2m=[0m375
[2m2026-09-15T06:32:26.493341Z[0m [32m INFO[0m [2mmidnight_bench[0m[2m:[0m [3mstage[0m[2m=[0m"finalise.compute_h_poly.start" [3mrss_mb[0m[2m=[0m359 [3mhwm_mb[0m[2m=[0m375
[2m2026-09-15T06:32:26.508583Z[0m [32m INFO[0m [2mmidnight_bench[0m[2m:[0m [3mstage[0m[2m=[0m"finalise.compute_h_poly.materialise_fixed_cosets.start" [3mrss_mb[0m[2m=[0m359 [3mhwm_mb[0m[2m=[0m375
[2m2026-09-15T06:32:26.531475Z[0m [32m INFO[0m [2mmidnight_bench[0m[2m:[0m [3mstage[0m[2m=[0m"finalise.compute_h_poly.materialise_fixed_cosets.end" [3mrss_mb[0m[2m=[0m359 [3mhwm_mb[0m[2m=[0m375
[2m2026-09-15T06:32:26.531498Z[0m [32m INFO[0m [2mmidnight_bench[0m[2m:[0m [3mstage[0m[2m=[0m"finalise.compute_h_poly.materialise_perm_cosets.start" [3mrss_mb[0m[2m=[0m359 [3mhwm_mb[0m[2m=[0m375
[2m2026-09-15T06:32:26.543605Z[0m [32m INFO[0m [2mmidnight_bench[0m[2m:[0m [3mstage[0m[2m=[0m"finalise.compute_h_poly.materialise_perm_cosets.end" [3mrss_mb[0m[2m=[0m359 [3mhwm_mb[0m[2m=[0m375
[2m2026-09-15T06:32:26.657850Z[0m [32m INFO[0m [2mmidnight_bench[0m[2m:[0m [3mstage[0m[2m=[0m"finalise.compute_h_poly.drop_cosets.end" [3mrss_mb[0m[2m=[0m360 [3mhwm_mb[0m[2m=[0m375
[2m2026-09-15T06:32:26.657886Z[0m [32m INFO[0m [2mmidnight_bench[0m[2m:[0m [3mstage[0m[2m=[0m"finalise.compute_h_poly.end" [3mrss_mb[0m[2m=[0m360 [3mhwm_mb[0m[2m=[0m375
[2m2026-09-15T06:32:26.657894Z[0m [32m INFO[0m [2mmidnight_bench[0m[2m:[0m [3mstage[0m[2m=[0m"finalise.vanishing_construct.start" [3mrss_mb[0m[2m=[0m360 [3mhwm_mb[0m[2m=[0m375
[2m2026-09-15T06:32:26.750466Z[0m [32m INFO[0m [2mmidnight_bench[0m[2m:[0m [3mstage[0m[2m=[0m"finalise.vanishing_construct.end" [3mrss_mb[0m[2m=[0m361 [3mhwm_mb[0m[2m=[0m375
[2m2026-09-15T06:32:26.776296Z[0m [32m INFO[0m [2mmidnight_bench[0m[2m:[0m [3mstage[0m[2m=[0m"finalise.compute_queries.start" [3mrss_mb[0m[2m=[0m361 [3mhwm_mb[0m[2m=[0m375
[2m2026-09-15T06:32:26.776392Z[0m [32m INFO[0m [2mmidnight_bench[0m[2m:[0m [3mstage[0m[2m=[0m"finalise.multi_open.start" [3mrss_mb[0m[2m=[0m361 [3mhwm_mb[0m[2m=[0m375
[2m2026-09-15T06:32:26.863661Z[0m [32m INFO[0m [2mmidnight_bench[0m[2m:[0m [3mstage[0m[2m=[0m"finalise.multi_open.end" [3mrss_mb[0m[2m=[0m361 [3mhwm_mb[0m[2m=[0m375
[2m2026-09-15T06:32:26.864108Z[0m [32m INFO[0m [2mmidnight_bench[0m[2m:[0m [3mstage[0m[2m=[0m"create_proof.finalise_proof.end" [3mrss_mb[0m[2m=[0m345 [3mhwm_mb[0m[2m=[0m375
[2m2026-09-15T06:32:26.878973Z[0m [32m INFO[0m [2mactix_web::middleware::logger[0m[2m:[0m 192.168.65.1 POST /prove HTTP/1.1; took 0.654752s
[2m2026-09-15T06:32:26.880892Z[0m [32m INFO[0m [2mmidnight_proof_server::endpoints[0m[2m:[0m Starting to process request for /prove...
[2m2026-09-15T06:32:26.947529Z[0m [32m INFO[0m [2mmidnight_bench[0m[2m:[0m [3mstage[0m[2m=[0m"create_proof.compute_trace.start" [3mrss_mb[0m[2m=[0m345 [3mhwm_mb[0m[2m=[0m375
[2m2026-09-15T06:32:26.947559Z[0m [32m INFO[0m [2mmidnight_bench[0m[2m:[0m [3mstage[0m[2m=[0m"trace.compute_instances.start" [3mrss_mb[0m[2m=[0m345 [3mhwm_mb[0m[2m=[0m375
[2m2026-09-15T06:32:26.953729Z[0m [32m INFO[0m [2mmidnight_bench[0m[2m:[0m [3mstage[0m[2m=[0m"trace.compute_instances.end" [3mrss_mb[0m[2m=[0m345 [3mhwm_mb[0m[2m=[0m375
[2m2026-09-15T06:32:26.953744Z[0m [32m INFO[0m [2mmidnight_bench[0m[2m:[0m [3mstage[0m[2m=[0m"trace.parse_advices.start" [3mrss_mb[0m[2m=[0m345 [3mhwm_mb[0m[2m=[0m375
[2m2026-09-15T06:32:26.959188Z[0m [32m INFO[0m [2mmidnight_bench[0m[2m:[0m [3mstage[0m[2m=[0m"trace.parse_advices.end" [3mrss_mb[0m[2m=[0m347 [3mhwm_mb[0m[2m=[0m375
[2m2026-09-15T06:32:26.959214Z[0m [32m INFO[0m [2mmidnight_bench[0m[2m:[0m [3mstage[0m[2m=[0m"trace.lookups_permuted.start" [3mrss_mb[0m[2m=[0m347 [3mhwm_mb[0m[2m=[0m375
[2m2026-09-15T06:32:27.001832Z[0m [32m INFO[0m [2mmidnight_bench[0m[2m:[0m [3mstage[0m[2m=[0m"trace.lookups_permuted.end" [3mrss_mb[0m[2m=[0m351 [3mhwm_mb[0m[2m=[0m375
[2m2026-09-15T06:32:27.001860Z[0m [32m INFO[0m [2mmidnight_bench[0m[2m:[0m [3mstage[0m[2m=[0m"trace.permutations_commit.start" [3mrss_mb[0m[2m=[0m351 [3mhwm_mb[0m[2m=[0m375
[2m2026-09-15T06:32:27.070214Z[0m [32m INFO[0m [2mmidnight_bench[0m[2m:[0m [3mstage[0m[2m=[0m"trace.permutations_commit.end" [3mrss_mb[0m[2m=[0m358 [3mhwm_mb[0m[2m=[0m375
[2m2026-09-15T06:32:27.070247Z[0m [32m INFO[0m [2mmidnight_bench[0m[2m:[0m [3mstage[0m[2m=[0m"trace.lookups_product.start" [3mrss_mb[0m[2m=[0m358 [3mhwm_mb[0m[2m=[0m375
[2m2026-09-15T06:32:27.119106Z[0m [32m INFO[0m [2mmidnight_bench[0m[2m:[0m [3mstage[0m[2m=[0m"trace.lookups_product.end" [3mrss_mb[0m[2m=[0m359 [3mhwm_mb[0m[2m=[0m375
[2m2026-09-15T06:32:27.144445Z[0m [32m INFO[0m [2mmidnight_bench[0m[2m:[0m [3mstage[0m[2m=[0m"create_proof.compute_trace.end" [3mrss_mb[0m[2m=[0m359 [3mhwm_mb[0m[2m=[0m375
[2m2026-09-15T06:32:27.144477Z[0m [32m INFO[0m [2mmidnight_bench[0m[2m:[0m [3mstage[0m[2m=[0m"create_proof.finalise_proof.start" [3mrss_mb[0m[2m=[0m359 [3mhwm_mb[0m[2m=[0m375
[2m2026-09-15T06:32:27.144484Z[0m [32m INFO[0m [2mmidnight_bench[0m[2m:[0m [3mstage[0m[2m=[0m"finalise.compute_h_poly.start" [3mrss_mb[0m[2m=[0m359 [3mhwm_mb[0m[2m=[0m375
[2m2026-09-15T06:32:27.159185Z[0m [32m INFO[0m [2mmidnight_bench[0m[2m:[0m [3mstage[0m[2m=[0m"finalise.compute_h_poly.materialise_fixed_cosets.start" [3mrss_mb[0m[2m=[0m359 [3mhwm_mb[0m[2m=[0m375
[2m2026-09-15T06:32:27.186336Z[0m [32m INFO[0m [2mmidnight_bench[0m[2m:[0m [3mstage[0m[2m=[0m"finalise.compute_h_poly.materialise_fixed_cosets.end" [3mrss_mb[0m[2m=[0m359 [3mhwm_mb[0m[2m=[0m375
[2m2026-09-15T06:32:27.186355Z[0m [32m INFO[0m [2mmidnight_bench[0m[2m:[0m [3mstage[0m[2m=[0m"finalise.compute_h_poly.materialise_perm_cosets.start" [3mrss_mb[0m[2m=[0m359 [3mhwm_mb[0m[2m=[0m375
[2m2026-09-15T06:32:27.198052Z[0m [32m INFO[0m [2mmidnight_bench[0m[2m:[0m [3mstage[0m[2m=[0m"finalise.compute_h_poly.materialise_perm_cosets.end" [3mrss_mb[0m[2m=[0m359 [3mhwm_mb[0m[2m=[0m375
[2m2026-09-15T06:32:27.314851Z[0m [32m INFO[0m [2mmidnight_bench[0m[2m:[0m [3mstage[0m[2m=[0m"finalise.compute_h_poly.drop_cosets.end" [3mrss_mb[0m[2m=[0m361 [3mhwm_mb[0m[2m=[0m375
[2m2026-09-15T06:32:27.314887Z[0m [32m INFO[0m [2mmidnight_bench[0m[2m:[0m [3mstage[0m[2m=[0m"finalise.compute_h_poly.end" [3mrss_mb[0m[2m=[0m361 [3mhwm_mb[0m[2m=[0m375
[2m2026-09-15T06:32:27.314895Z[0m [32m INFO[0m [2mmidnight_bench[0m[2m:[0m [3mstage[0m[2m=[0m"finalise.vanishing_construct.start" [3mrss_mb[0m[2m=[0m361 [3mhwm_mb[0m[2m=[0m375
[2m2026-09-15T06:32:27.399782Z[0m [32m INFO[0m [2mmidnight_bench[0m[2m:[0m [3mstage[0m[2m=[0m"finalise.vanishing_construct.end" [3mrss_mb[0m[2m=[0m361 [3mhwm_mb[0m[2m=[0m375
[2m2026-09-15T06:32:27.427131Z[0m [32m INFO[0m [2mmidnight_bench[0m[2m:[0m [3mstage[0m[2m=[0m"finalise.compute_queries.start" [3mrss_mb[0m[2m=[0m361 [3mhwm_mb[0m[2m=[0m375
[2m2026-09-15T06:32:27.427229Z[0m [32m INFO[0m [2mmidnight_bench[0m[2m:[0m [3mstage[0m[2m=[0m"finalise.multi_open.start" [3mrss_mb[0m[2m=[0m361 [3mhwm_mb[0m[2m=[0m375
[2m2026-09-15T06:32:27.515952Z[0m [32m INFO[0m [2mmidnight_bench[0m[2m:[0m [3mstage[0m[2m=[0m"finalise.multi_open.end" [3mrss_mb[0m[2m=[0m361 [3mhwm_mb[0m[2m=[0m375
[2m2026-09-15T06:32:27.516399Z[0m [32m INFO[0m [2mmidnight_bench[0m[2m:[0m [3mstage[0m[2m=[0m"create_proof.finalise_proof.end" [3mrss_mb[0m[2m=[0m346 [3mhwm_mb[0m[2m=[0m375
[2m2026-09-15T06:32:27.531889Z[0m [32m INFO[0m [2mactix_web::middleware::logger[0m[2m:[0m 192.168.65.1 POST /prove HTTP/1.1; took 0.651016s
[2m2026-09-15T06:32:27.533542Z[0m [32m INFO[0m [2mmidnight_proof_server::endpoints[0m[2m:[0m Starting to process request for /prove...
[2m2026-09-15T06:32:27.602727Z[0m [32m INFO[0m [2mmidnight_bench[0m[2m:[0m [3mstage[0m[2m=[0m"create_proof.compute_trace.start" [3mrss_mb[0m[2m=[0m346 [3mhwm_mb[0m[2m=[0m375
[2m2026-09-15T06:32:27.602757Z[0m [32m INFO[0m [2mmidnight_bench[0m[2m:[0m [3mstage[0m[2m=[0m"trace.compute_instances.start" [3mrss_mb[0m[2m=[0m346 [3mhwm_mb[0m[2m=[0m375
[2m2026-09-15T06:32:27.609575Z[0m [32m INFO[0m [2mmidnight_bench[0m[2m:[0m [3mstage[0m[2m=[0m"trace.compute_instances.end" [3mrss_mb[0m[2m=[0m346 [3mhwm_mb[0m[2m=[0m375
[2m2026-09-15T06:32:27.609600Z[0m [32m INFO[0m [2mmidnight_bench[0m[2m:[0m [3mstage[0m[2m=[0m"trace.parse_advices.start" [3mrss_mb[0m[2m=[0m346 [3mhwm_mb[0m[2m=[0m375
[2m2026-09-15T06:32:27.614902Z[0m [32m INFO[0m [2mmidnight_bench[0m[2m:[0m [3mstage[0m[2m=[0m"trace.parse_advices.end" [3mrss_mb[0m[2m=[0m347 [3mhwm_mb[0m[2m=[0m375
[2m2026-09-15T06:32:27.614928Z[0m [32m INFO[0m [2mmidnight_bench[0m[2m:[0m [3mstage[0m[2m=[0m"trace.lookups_permuted.start" [3mrss_mb[0m[2m=[0m347 [3mhwm_mb[0m[2m=[0m375
[2m2026-09-15T06:32:27.655624Z[0m [32m INFO[0m [2mmidnight_bench[0m[2m:[0m [3mstage[0m[2m=[0m"trace.lookups_permuted.end" [3mrss_mb[0m[2m=[0m352 [3mhwm_mb[0m[2m=[0m375
[2m2026-09-15T06:32:27.655663Z[0m [32m INFO[0m [2mmidnight_bench[0m[2m:[0m [3mstage[0m[2m=[0m"trace.permutations_commit.start" [3mrss_mb[0m[2m=[0m352 [3mhwm_mb[0m[2m=[0m375
[2m2026-09-15T06:32:27.719522Z[0m [32m INFO[0m [2mmidnight_bench[0m[2m:[0m [3mstage[0m[2m=[0m"trace.permutations_commit.end" [3mrss_mb[0m[2m=[0m359 [3mhwm_mb[0m[2m=[0m375
[2m2026-09-15T06:32:27.719546Z[0m [32m INFO[0m [2mmidnight_bench[0m[2m:[0m [3mstage[0m[2m=[0m"trace.lookups_product.start" [3mrss_mb[0m[2m=[0m359 [3mhwm_mb[0m[2m=[0m375
[2m2026-09-15T06:32:27.768938Z[0m [32m INFO[0m [2mmidnight_bench[0m[2m:[0m [3mstage[0m[2m=[0m"trace.lookups_product.end" [3mrss_mb[0m[2m=[0m360 [3mhwm_mb[0m[2m=[0m375
[2m2026-09-15T06:32:27.792404Z[0m [32m INFO[0m [2mmidnight_bench[0m[2m:[0m [3mstage[0m[2m=[0m"create_proof.compute_trace.end" [3mrss_mb[0m[2m=[0m360 [3mhwm_mb[0m[2m=[0m375
[2m2026-09-15T06:32:27.792426Z[0m [32m INFO[0m [2mmidnight_bench[0m[2m:[0m [3mstage[0m[2m=[0m"create_proof.finalise_proof.start" [3mrss_mb[0m[2m=[0m360 [3mhwm_mb[0m[2m=[0m375
[2m2026-09-15T06:32:27.792434Z[0m [32m INFO[0m [2mmidnight_bench[0m[2m:[0m [3mstage[0m[2m=[0m"finalise.compute_h_poly.start" [3mrss_mb[0m[2m=[0m360 [3mhwm_mb[0m[2m=[0m375
[2m2026-09-15T06:32:27.807393Z[0m [32m INFO[0m [2mmidnight_bench[0m[2m:[0m [3mstage[0m[2m=[0m"finalise.compute_h_poly.materialise_fixed_cosets.start" [3mrss_mb[0m[2m=[0m360 [3mhwm_mb[0m[2m=[0m375
[2m2026-09-15T06:32:27.832560Z[0m [32m INFO[0m [2mmidnight_bench[0m[2m:[0m [3mstage[0m[2m=[0m"finalise.compute_h_poly.materialise_fixed_cosets.end" [3mrss_mb[0m[2m=[0m360 [3mhwm_mb[0m[2m=[0m375
[2m2026-09-15T06:32:27.832588Z[0m [32m INFO[0m [2mmidnight_bench[0m[2m:[0m [3mstage[0m[2m=[0m"finalise.compute_h_poly.materialise_perm_cosets.start" [3mrss_mb[0m[2m=[0m360 [3mhwm_mb[0m[2m=[0m375
[2m2026-09-15T06:32:27.846318Z[0m [32m INFO[0m [2mmidnight_bench[0m[2m:[0m [3mstage[0m[2m=[0m"finalise.compute_h_poly.materialise_perm_cosets.end" [3mrss_mb[0m[2m=[0m360 [3mhwm_mb[0m[2m=[0m375
[2m2026-09-15T06:32:27.971407Z[0m [32m INFO[0m [2mmidnight_bench[0m[2m:[0m [3mstage[0m[2m=[0m"finalise.compute_h_poly.drop_cosets.end" [3mrss_mb[0m[2m=[0m361 [3mhwm_mb[0m[2m=[0m375
[2m2026-09-15T06:32:27.971444Z[0m [32m INFO[0m [2mmidnight_bench[0m[2m:[0m [3mstage[0m[2m=[0m"finalise.compute_h_poly.end" [3mrss_mb[0m[2m=[0m361 [3mhwm_mb[0m[2m=[0m375
[2m2026-09-15T06:32:27.971455Z[0m [32m INFO[0m [2mmidnight_bench[0m[2m:[0m [3mstage[0m[2m=[0m"finalise.vanishing_construct.start" [3mrss_mb[0m[2m=[0m361 [3mhwm_mb[0m[2m=[0m375
[2m2026-09-15T06:32:28.053362Z[0m [32m INFO[0m [2mmidnight_bench[0m[2m:[0m [3mstage[0m[2m=[0m"finalise.vanishing_construct.end" [3mrss_mb[0m[2m=[0m361 [3mhwm_mb[0m[2m=[0m375
[2m2026-09-15T06:32:28.079328Z[0m [32m INFO[0m [2mmidnight_bench[0m[2m:[0m [3mstage[0m[2m=[0m"finalise.compute_queries.start" [3mrss_mb[0m[2m=[0m361 [3mhwm_mb[0m[2m=[0m375
[2m2026-09-15T06:32:28.079417Z[0m [32m INFO[0m [2mmidnight_bench[0m[2m:[0m [3mstage[0m[2m=[0m"finalise.multi_open.start" [3mrss_mb[0m[2m=[0m361 [3mhwm_mb[0m[2m=[0m375
[2m2026-09-15T06:32:28.168100Z[0m [32m INFO[0m [2mmidnight_bench[0m[2m:[0m [3mstage[0m[2m=[0m"finalise.multi_open.end" [3mrss_mb[0m[2m=[0m361 [3mhwm_mb[0m[2m=[0m375
[2m2026-09-15T06:32:28.168829Z[0m [32m INFO[0m [2mmidnight_bench[0m[2m:[0m [3mstage[0m[2m=[0m"create_proof.finalise_proof.end" [3mrss_mb[0m[2m=[0m337 [3mhwm_mb[0m[2m=[0m375
[2m2026-09-15T06:32:28.184215Z[0m [32m INFO[0m [2mactix_web::middleware::logger[0m[2m:[0m 192.168.65.1 POST /prove HTTP/1.1; took 0.650691s
[2m2026-09-15T06:32:28.186299Z[0m [32m INFO[0m [2mmidnight_proof_server::endpoints[0m[2m:[0m Starting to process request for /prove...
[2m2026-09-15T06:32:28.255356Z[0m [32m INFO[0m [2mmidnight_bench[0m[2m:[0m [3mstage[0m[2m=[0m"create_proof.compute_trace.start" [3mrss_mb[0m[2m=[0m341 [3mhwm_mb[0m[2m=[0m375
[2m2026-09-15T06:32:28.255387Z[0m [32m INFO[0m [2mmidnight_bench[0m[2m:[0m [3mstage[0m[2m=[0m"trace.compute_instances.start" [3mrss_mb[0m[2m=[0m341 [3mhwm_mb[0m[2m=[0m375
[2m2026-09-15T06:32:28.260182Z[0m [32m INFO[0m [2mmidnight_bench[0m[2m:[0m [3mstage[0m[2m=[0m"trace.compute_instances.end" [3mrss_mb[0m[2m=[0m341 [3mhwm_mb[0m[2m=[0m375
[2m2026-09-15T06:32:28.260201Z[0m [32m INFO[0m [2mmidnight_bench[0m[2m:[0m [3mstage[0m[2m=[0m"trace.parse_advices.start" [3mrss_mb[0m[2m=[0m341 [3mhwm_mb[0m[2m=[0m375
[2m2026-09-15T06:32:28.266122Z[0m [32m INFO[0m [2mmidnight_bench[0m[2m:[0m [3mstage[0m[2m=[0m"trace.parse_advices.end" [3mrss_mb[0m[2m=[0m348 [3mhwm_mb[0m[2m=[0m375
[2m2026-09-15T06:32:28.266147Z[0m [32m INFO[0m [2mmidnight_bench[0m[2m:[0m [3mstage[0m[2m=[0m"trace.lookups_permuted.start" [3mrss_mb[0m[2m=[0m348 [3mhwm_mb[0m[2m=[0m375
[2m2026-09-15T06:32:28.308986Z[0m [32m INFO[0m [2mmidnight_bench[0m[2m:[0m [3mstage[0m[2m=[0m"trace.lookups_permuted.end" [3mrss_mb[0m[2m=[0m352 [3mhwm_mb[0m[2m=[0m375
[2m2026-09-15T06:32:28.309015Z[0m [32m INFO[0m [2mmidnight_bench[0m[2m:[0m [3mstage[0m[2m=[0m"trace.permutations_commit.start" [3mrss_mb[0m[2m=[0m352 [3mhwm_mb[0m[2m=[0m375
[2m2026-09-15T06:32:28.385408Z[0m [32m INFO[0m [2mmidnight_bench[0m[2m:[0m [3mstage[0m[2m=[0m"trace.permutations_commit.end" [3mrss_mb[0m[2m=[0m360 [3mhwm_mb[0m[2m=[0m375
[2m2026-09-15T06:32:28.385442Z[0m [32m INFO[0m [2mmidnight_bench[0m[2m:[0m [3mstage[0m[2m=[0m"trace.lookups_product.start" [3mrss_mb[0m[2m=[0m360 [3mhwm_mb[0m[2m=[0m375
[2m2026-09-15T06:32:28.435070Z[0m [32m INFO[0m [2mmidnight_bench[0m[2m:[0m [3mstage[0m[2m=[0m"trace.lookups_product.end" [3mrss_mb[0m[2m=[0m360 [3mhwm_mb[0m[2m=[0m375
[2m2026-09-15T06:32:28.461353Z[0m [32m INFO[0m [2mmidnight_bench[0m[2m:[0m [3mstage[0m[2m=[0m"create_proof.compute_trace.end" [3mrss_mb[0m[2m=[0m360 [3mhwm_mb[0m[2m=[0m375
[2m2026-09-15T06:32:28.461380Z[0m [32m INFO[0m [2mmidnight_bench[0m[2m:[0m [3mstage[0m[2m=[0m"create_proof.finalise_proof.start" [3mrss_mb[0m[2m=[0m360 [3mhwm_mb[0m[2m=[0m375
[2m2026-09-15T06:32:28.461388Z[0m [32m INFO[0m [2mmidnight_bench[0m[2m:[0m [3mstage[0m[2m=[0m"finalise.compute_h_poly.start" [3mrss_mb[0m[2m=[0m360 [3mhwm_mb[0m[2m=[0m375
[2m2026-09-15T06:32:28.481989Z[0m [32m INFO[0m [2mmidnight_bench[0m[2m:[0m [3mstage[0m[2m=[0m"finalise.compute_h_poly.materialise_fixed_cosets.start" [3mrss_mb[0m[2m=[0m360 [3mhwm_mb[0m[2m=[0m375
[2m2026-09-15T06:32:28.512934Z[0m [32m INFO[0m [2mmidnight_bench[0m[2m:[0m [3mstage[0m[2m=[0m"finalise.compute_h_poly.materialise_fixed_cosets.end" [3mrss_mb[0m[2m=[0m360 [3mhwm_mb[0m[2m=[0m375
[2m2026-09-15T06:32:28.512962Z[0m [32m INFO[0m [2mmidnight_bench[0m[2m:[0m [3mstage[0m[2m=[0m"finalise.compute_h_poly.materialise_perm_cosets.start" [3mrss_mb[0m[2m=[0m360 [3mhwm_mb[0m[2m=[0m375
[2m2026-09-15T06:32:28.525022Z[0m [32m INFO[0m [2mmidnight_bench[0m[2m:[0m [3mstage[0m[2m=[0m"finalise.compute_h_poly.materialise_perm_cosets.end" [3mrss_mb[0m[2m=[0m360 [3mhwm_mb[0m[2m=[0m375
[2m2026-09-15T06:32:28.642779Z[0m [32m INFO[0m [2mmidnight_bench[0m[2m:[0m [3mstage[0m[2m=[0m"finalise.compute_h_poly.drop_cosets.end" [3mrss_mb[0m[2m=[0m361 [3mhwm_mb[0m[2m=[0m375
[2m2026-09-15T06:32:28.642816Z[0m [32m INFO[0m [2mmidnight_bench[0m[2m:[0m [3mstage[0m[2m=[0m"finalise.compute_h_poly.end" [3mrss_mb[0m[2m=[0m361 [3mhwm_mb[0m[2m=[0m375
[2m2026-09-15T06:32:28.642824Z[0m [32m INFO[0m [2mmidnight_bench[0m[2m:[0m [3mstage[0m[2m=[0m"finalise.vanishing_construct.start" [3mrss_mb[0m[2m=[0m361 [3mhwm_mb[0m[2m=[0m375
[2m2026-09-15T06:32:28.731012Z[0m [32m INFO[0m [2mmidnight_bench[0m[2m:[0m [3mstage[0m[2m=[0m"finalise.vanishing_construct.end" [3mrss_mb[0m[2m=[0m362 [3mhwm_mb[0m[2m=[0m375
[2m2026-09-15T06:32:28.758265Z[0m [32m INFO[0m [2mmidnight_bench[0m[2m:[0m [3mstage[0m[2m=[0m"finalise.compute_queries.start" [3mrss_mb[0m[2m=[0m362 [3mhwm_mb[0m[2m=[0m375
[2m2026-09-15T06:32:28.758356Z[0m [32m INFO[0m [2mmidnight_bench[0m[2m:[0m [3mstage[0m[2m=[0m"finalise.multi_open.start" [3mrss_mb[0m[2m=[0m362 [3mhwm_mb[0m[2m=[0m375
[2m2026-09-15T06:32:28.848061Z[0m [32m INFO[0m [2mmidnight_bench[0m[2m:[0m [3mstage[0m[2m=[0m"finalise.multi_open.end" [3mrss_mb[0m[2m=[0m362 [3mhwm_mb[0m[2m=[0m375
[2m2026-09-15T06:32:28.848573Z[0m [32m INFO[0m [2mmidnight_bench[0m[2m:[0m [3mstage[0m[2m=[0m"create_proof.finalise_proof.end" [3mrss_mb[0m[2m=[0m346 [3mhwm_mb[0m[2m=[0m375
[2m2026-09-15T06:32:28.864440Z[0m [32m INFO[0m [2mactix_web::middleware::logger[0m[2m:[0m 192.168.65.1 POST /prove HTTP/1.1; took 0.678161s
[2m2026-09-15T06:32:28.866052Z[0m [32m INFO[0m [2mmidnight_proof_server::endpoints[0m[2m:[0m Starting to process request for /prove...
[2m2026-09-15T06:32:28.934994Z[0m [32m INFO[0m [2mmidnight_bench[0m[2m:[0m [3mstage[0m[2m=[0m"create_proof.compute_trace.start" [3mrss_mb[0m[2m=[0m347 [3mhwm_mb[0m[2m=[0m375
[2m2026-09-15T06:32:28.935027Z[0m [32m INFO[0m [2mmidnight_bench[0m[2m:[0m [3mstage[0m[2m=[0m"trace.compute_instances.start" [3mrss_mb[0m[2m=[0m347 [3mhwm_mb[0m[2m=[0m375
[2m2026-09-15T06:32:28.939981Z[0m [32m INFO[0m [2mmidnight_bench[0m[2m:[0m [3mstage[0m[2m=[0m"trace.compute_instances.end" [3mrss_mb[0m[2m=[0m347 [3mhwm_mb[0m[2m=[0m375
[2m2026-09-15T06:32:28.940004Z[0m [32m INFO[0m [2mmidnight_bench[0m[2m:[0m [3mstage[0m[2m=[0m"trace.parse_advices.start" [3mrss_mb[0m[2m=[0m347 [3mhwm_mb[0m[2m=[0m375
[2m2026-09-15T06:32:28.945248Z[0m [32m INFO[0m [2mmidnight_bench[0m[2m:[0m [3mstage[0m[2m=[0m"trace.parse_advices.end" [3mrss_mb[0m[2m=[0m349 [3mhwm_mb[0m[2m=[0m375
[2m2026-09-15T06:32:28.945269Z[0m [32m INFO[0m [2mmidnight_bench[0m[2m:[0m [3mstage[0m[2m=[0m"trace.lookups_permuted.start" [3mrss_mb[0m[2m=[0m349 [3mhwm_mb[0m[2m=[0m375
[2m2026-09-15T06:32:28.990136Z[0m [32m INFO[0m [2mmidnight_bench[0m[2m:[0m [3mstage[0m[2m=[0m"trace.lookups_permuted.end" [3mrss_mb[0m[2m=[0m353 [3mhwm_mb[0m[2m=[0m375
[2m2026-09-15T06:32:28.990165Z[0m [32m INFO[0m [2mmidnight_bench[0m[2m:[0m [3mstage[0m[2m=[0m"trace.permutations_commit.start" [3mrss_mb[0m[2m=[0m353 [3mhwm_mb[0m[2m=[0m375
[2m2026-09-15T06:32:29.057447Z[0m [32m INFO[0m [2mmidnight_bench[0m[2m:[0m [3mstage[0m[2m=[0m"trace.permutations_commit.end" [3mrss_mb[0m[2m=[0m360 [3mhwm_mb[0m[2m=[0m375
[2m2026-09-15T06:32:29.057471Z[0m [32m INFO[0m [2mmidnight_bench[0m[2m:[0m [3mstage[0m[2m=[0m"trace.lookups_product.start" [3mrss_mb[0m[2m=[0m360 [3mhwm_mb[0m[2m=[0m375
[2m2026-09-15T06:32:29.108540Z[0m [32m INFO[0m [2mmidnight_bench[0m[2m:[0m [3mstage[0m[2m=[0m"trace.lookups_product.end" [3mrss_mb[0m[2m=[0m361 [3mhwm_mb[0m[2m=[0m375
[2m2026-09-15T06:32:29.132318Z[0m [32m INFO[0m [2mmidnight_bench[0m[2m:[0m [3mstage[0m[2m=[0m"create_proof.compute_trace.end" [3mrss_mb[0m[2m=[0m361 [3mhwm_mb[0m[2m=[0m375
[2m2026-09-15T06:32:29.132350Z[0m [32m INFO[0m [2mmidnight_bench[0m[2m:[0m [3mstage[0m[2m=[0m"create_proof.finalise_proof.start" [3mrss_mb[0m[2m=[0m361 [3mhwm_mb[0m[2m=[0m375
[2m2026-09-15T06:32:29.132360Z[0m [32m INFO[0m [2mmidnight_bench[0m[2m:[0m [3mstage[0m[2m=[0m"finalise.compute_h_poly.start" [3mrss_mb[0m[2m=[0m361 [3mhwm_mb[0m[2m=[0m375
[2m2026-09-15T06:32:29.147016Z[0m [32m INFO[0m [2mmidnight_bench[0m[2m:[0m [3mstage[0m[2m=[0m"finalise.compute_h_poly.materialise_fixed_cosets.start" [3mrss_mb[0m[2m=[0m361 [3mhwm_mb[0m[2m=[0m375
[2m2026-09-15T06:32:29.176255Z[0m [32m INFO[0m [2mmidnight_bench[0m[2m:[0m [3mstage[0m[2m=[0m"finalise.compute_h_poly.materialise_fixed_cosets.end" [3mrss_mb[0m[2m=[0m361 [3mhwm_mb[0m[2m=[0m375
[2m2026-09-15T06:32:29.176281Z[0m [32m INFO[0m [2mmidnight_bench[0m[2m:[0m [3mstage[0m[2m=[0m"finalise.compute_h_poly.materialise_perm_cosets.start" [3mrss_mb[0m[2m=[0m361 [3mhwm_mb[0m[2m=[0m375
[2m2026-09-15T06:32:29.191084Z[0m [32m INFO[0m [2mmidnight_bench[0m[2m:[0m [3mstage[0m[2m=[0m"finalise.compute_h_poly.materialise_perm_cosets.end" [3mrss_mb[0m[2m=[0m365 [3mhwm_mb[0m[2m=[0m375
[2m2026-09-15T06:32:29.315179Z[0m [32m INFO[0m [2mmidnight_bench[0m[2m:[0m [3mstage[0m[2m=[0m"finalise.compute_h_poly.drop_cosets.end" [3mrss_mb[0m[2m=[0m366 [3mhwm_mb[0m[2m=[0m375
[2m2026-09-15T06:32:29.315215Z[0m [32m INFO[0m [2mmidnight_bench[0m[2m:[0m [3mstage[0m[2m=[0m"finalise.compute_h_poly.end" [3mrss_mb[0m[2m=[0m366 [3mhwm_mb[0m[2m=[0m375
[2m2026-09-15T06:32:29.315222Z[0m [32m INFO[0m [2mmidnight_bench[0m[2m:[0m [3mstage[0m[2m=[0m"finalise.vanishing_construct.start" [3mrss_mb[0m[2m=[0m366 [3mhwm_mb[0m[2m=[0m375
[2m2026-09-15T06:32:29.402163Z[0m [32m INFO[0m [2mmidnight_bench[0m[2m:[0m [3mstage[0m[2m=[0m"finalise.vanishing_construct.end" [3mrss_mb[0m[2m=[0m367 [3mhwm_mb[0m[2m=[0m375
[2m2026-09-15T06:32:29.430549Z[0m [32m INFO[0m [2mmidnight_bench[0m[2m:[0m [3mstage[0m[2m=[0m"finalise.compute_queries.start" [3mrss_mb[0m[2m=[0m367 [3mhwm_mb[0m[2m=[0m375
[2m2026-09-15T06:32:29.430640Z[0m [32m INFO[0m [2mmidnight_bench[0m[2m:[0m [3mstage[0m[2m=[0m"finalise.multi_open.start" [3mrss_mb[0m[2m=[0m367 [3mhwm_mb[0m[2m=[0m375
[2m2026-09-15T06:32:29.519501Z[0m [32m INFO[0m [2mmidnight_bench[0m[2m:[0m [3mstage[0m[2m=[0m"finalise.multi_open.end" [3mrss_mb[0m[2m=[0m367 [3mhwm_mb[0m[2m=[0m375
[2m2026-09-15T06:32:29.520060Z[0m [32m INFO[0m [2mmidnight_bench[0m[2m:[0m [3mstage[0m[2m=[0m"create_proof.finalise_proof.end" [3mrss_mb[0m[2m=[0m351 [3mhwm_mb[0m[2m=[0m375
[2m2026-09-15T06:32:29.535326Z[0m [32m INFO[0m [2mactix_web::middleware::logger[0m[2m:[0m 192.168.65.1 POST /prove HTTP/1.1; took 0.669303s
[2m2026-09-15T06:32:29.538335Z[0m [32m INFO[0m [2mmidnight_proof_server::endpoints[0m[2m:[0m Starting to process request for /prove...
[2m2026-09-15T06:32:29.606095Z[0m [32m INFO[0m [2mmidnight_bench[0m[2m:[0m [3mstage[0m[2m=[0m"create_proof.compute_trace.start" [3mrss_mb[0m[2m=[0m336 [3mhwm_mb[0m[2m=[0m375
[2m2026-09-15T06:32:29.606127Z[0m [32m INFO[0m [2mmidnight_bench[0m[2m:[0m [3mstage[0m[2m=[0m"trace.compute_instances.start" [3mrss_mb[0m[2m=[0m336 [3mhwm_mb[0m[2m=[0m375
[2m2026-09-15T06:32:29.610885Z[0m [32m INFO[0m [2mmidnight_bench[0m[2m:[0m [3mstage[0m[2m=[0m"trace.compute_instances.end" [3mrss_mb[0m[2m=[0m336 [3mhwm_mb[0m[2m=[0m375
[2m2026-09-15T06:32:29.610913Z[0m [32m INFO[0m [2mmidnight_bench[0m[2m:[0m [3mstage[0m[2m=[0m"trace.parse_advices.start" [3mrss_mb[0m[2m=[0m336 [3mhwm_mb[0m[2m=[0m375
[2m2026-09-15T06:32:29.616122Z[0m [32m INFO[0m [2mmidnight_bench[0m[2m:[0m [3mstage[0m[2m=[0m"trace.parse_advices.end" [3mrss_mb[0m[2m=[0m338 [3mhwm_mb[0m[2m=[0m375
[2m2026-09-15T06:32:29.616146Z[0m [32m INFO[0m [2mmidnight_bench[0m[2m:[0m [3mstage[0m[2m=[0m"trace.lookups_permuted.start" [3mrss_mb[0m[2m=[0m338 [3mhwm_mb[0m[2m=[0m375
[2m2026-09-15T06:32:29.658390Z[0m [32m INFO[0m [2mmidnight_bench[0m[2m:[0m [3mstage[0m[2m=[0m"trace.lookups_permuted.end" [3mrss_mb[0m[2m=[0m343 [3mhwm_mb[0m[2m=[0m375
[2m2026-09-15T06:32:29.658414Z[0m [32m INFO[0m [2mmidnight_bench[0m[2m:[0m [3mstage[0m[2m=[0m"trace.permutations_commit.start" [3mrss_mb[0m[2m=[0m343 [3mhwm_mb[0m[2m=[0m375
[2m2026-09-15T06:32:29.724366Z[0m [32m INFO[0m [2mmidnight_bench[0m[2m:[0m [3mstage[0m[2m=[0m"trace.permutations_commit.end" [3mrss_mb[0m[2m=[0m350 [3mhwm_mb[0m[2m=[0m375
[2m2026-09-15T06:32:29.724389Z[0m [32m INFO[0m [2mmidnight_bench[0m[2m:[0m [3mstage[0m[2m=[0m"trace.lookups_product.start" [3mrss_mb[0m[2m=[0m350 [3mhwm_mb[0m[2m=[0m375
[2m2026-09-15T06:32:29.773239Z[0m [32m INFO[0m [2mmidnight_bench[0m[2m:[0m [3mstage[0m[2m=[0m"trace.lookups_product.end" [3mrss_mb[0m[2m=[0m350 [3mhwm_mb[0m[2m=[0m375
[2m2026-09-15T06:32:29.797321Z[0m [32m INFO[0m [2mmidnight_bench[0m[2m:[0m [3mstage[0m[2m=[0m"create_proof.compute_trace.end" [3mrss_mb[0m[2m=[0m350 [3mhwm_mb[0m[2m=[0m375
[2m2026-09-15T06:32:29.797349Z[0m [32m INFO[0m [2mmidnight_bench[0m[2m:[0m [3mstage[0m[2m=[0m"create_proof.finalise_proof.start" [3mrss_mb[0m[2m=[0m350 [3mhwm_mb[0m[2m=[0m375
[2m2026-09-15T06:32:29.797358Z[0m [32m INFO[0m [2mmidnight_bench[0m[2m:[0m [3mstage[0m[2m=[0m"finalise.compute_h_poly.start" [3mrss_mb[0m[2m=[0m350 [3mhwm_mb[0m[2m=[0m375
[2m2026-09-15T06:32:29.812482Z[0m [32m INFO[0m [2mmidnight_bench[0m[2m:[0m [3mstage[0m[2m=[0m"finalise.compute_h_poly.materialise_fixed_cosets.start" [3mrss_mb[0m[2m=[0m350 [3mhwm_mb[0m[2m=[0m375
[2m2026-09-15T06:32:29.841321Z[0m [32m INFO[0m [2mmidnight_bench[0m[2m:[0m [3mstage[0m[2m=[0m"finalise.compute_h_poly.materialise_fixed_cosets.end" [3mrss_mb[0m[2m=[0m350 [3mhwm_mb[0m[2m=[0m375
[2m2026-09-15T06:32:29.841346Z[0m [32m INFO[0m [2mmidnight_bench[0m[2m:[0m [3mstage[0m[2m=[0m"finalise.compute_h_poly.materialise_perm_cosets.start" [3mrss_mb[0m[2m=[0m350 [3mhwm_mb[0m[2m=[0m375
[2m2026-09-15T06:32:29.858213Z[0m [32m INFO[0m [2mmidnight_bench[0m[2m:[0m [3mstage[0m[2m=[0m"finalise.compute_h_poly.materialise_perm_cosets.end" [3mrss_mb[0m[2m=[0m350 [3mhwm_mb[0m[2m=[0m375
[2m2026-09-15T06:32:29.977341Z[0m [32m INFO[0m [2mmidnight_bench[0m[2m:[0m [3mstage[0m[2m=[0m"finalise.compute_h_poly.drop_cosets.end" [3mrss_mb[0m[2m=[0m352 [3mhwm_mb[0m[2m=[0m375
[2m2026-09-15T06:32:29.977375Z[0m [32m INFO[0m [2mmidnight_bench[0m[2m:[0m [3mstage[0m[2m=[0m"finalise.compute_h_poly.end" [3mrss_mb[0m[2m=[0m352 [3mhwm_mb[0m[2m=[0m375
[2m2026-09-15T06:32:29.977383Z[0m [32m INFO[0m [2mmidnight_bench[0m[2m:[0m [3mstage[0m[2m=[0m"finalise.vanishing_construct.start" [3mrss_mb[0m[2m=[0m352 [3mhwm_mb[0m[2m=[0m375
[2m2026-09-15T06:32:30.067413Z[0m [32m INFO[0m [2mmidnight_bench[0m[2m:[0m [3mstage[0m[2m=[0m"finalise.vanishing_construct.end" [3mrss_mb[0m[2m=[0m352 [3mhwm_mb[0m[2m=[0m375
[2m2026-09-15T06:32:30.094103Z[0m [32m INFO[0m [2mmidnight_bench[0m[2m:[0m [3mstage[0m[2m=[0m"finalise.compute_queries.start" [3mrss_mb[0m[2m=[0m352 [3mhwm_mb[0m[2m=[0m375
[2m2026-09-15T06:32:30.094201Z[0m [32m INFO[0m [2mmidnight_bench[0m[2m:[0m [3mstage[0m[2m=[0m"finalise.multi_open.start" [3mrss_mb[0m[2m=[0m352 [3mhwm_mb[0m[2m=[0m375
[2m2026-09-15T06:32:30.181364Z[0m [32m INFO[0m [2mmidnight_bench[0m[2m:[0m [3mstage[0m[2m=[0m"finalise.multi_open.end" [3mrss_mb[0m[2m=[0m352 [3mhwm_mb[0m[2m=[0m375
[2m2026-09-15T06:32:30.181814Z[0m [32m INFO[0m [2mmidnight_bench[0m[2m:[0m [3mstage[0m[2m=[0m"create_proof.finalise_proof.end" [3mrss_mb[0m[2m=[0m336 [3mhwm_mb[0m[2m=[0m375
[2m2026-09-15T06:32:30.196631Z[0m [32m INFO[0m [2mactix_web::middleware::logger[0m[2m:[0m 192.168.65.1 POST /prove HTTP/1.1; took 0.658311s
[2m2026-09-15T06:32:30.199052Z[0m [32m INFO[0m [2mmidnight_proof_server::endpoints[0m[2m:[0m Starting to process request for /prove...
[2m2026-09-15T06:32:30.268140Z[0m [32m INFO[0m [2mmidnight_bench[0m[2m:[0m [3mstage[0m[2m=[0m"create_proof.compute_trace.start" [3mrss_mb[0m[2m=[0m337 [3mhwm_mb[0m[2m=[0m375
[2m2026-09-15T06:32:30.268170Z[0m [32m INFO[0m [2mmidnight_bench[0m[2m:[0m [3mstage[0m[2m=[0m"trace.compute_instances.start" [3mrss_mb[0m[2m=[0m337 [3mhwm_mb[0m[2m=[0m375
[2m2026-09-15T06:32:30.273676Z[0m [32m INFO[0m [2mmidnight_bench[0m[2m:[0m [3mstage[0m[2m=[0m"trace.compute_instances.end" [3mrss_mb[0m[2m=[0m337 [3mhwm_mb[0m[2m=[0m375
[2m2026-09-15T06:32:30.273698Z[0m [32m INFO[0m [2mmidnight_bench[0m[2m:[0m [3mstage[0m[2m=[0m"trace.parse_advices.start" [3mrss_mb[0m[2m=[0m337 [3mhwm_mb[0m[2m=[0m375
[2m2026-09-15T06:32:30.278989Z[0m [32m INFO[0m [2mmidnight_bench[0m[2m:[0m [3mstage[0m[2m=[0m"trace.parse_advices.end" [3mrss_mb[0m[2m=[0m339 [3mhwm_mb[0m[2m=[0m375
[2m2026-09-15T06:32:30.279011Z[0m [32m INFO[0m [2mmidnight_bench[0m[2m:[0m [3mstage[0m[2m=[0m"trace.lookups_permuted.start" [3mrss_mb[0m[2m=[0m339 [3mhwm_mb[0m[2m=[0m375
[2m2026-09-15T06:32:30.322815Z[0m [32m INFO[0m [2mmidnight_bench[0m[2m:[0m [3mstage[0m[2m=[0m"trace.lookups_permuted.end" [3mrss_mb[0m[2m=[0m343 [3mhwm_mb[0m[2m=[0m375
[2m2026-09-15T06:32:30.322842Z[0m [32m INFO[0m [2mmidnight_bench[0m[2m:[0m [3mstage[0m[2m=[0m"trace.permutations_commit.start" [3mrss_mb[0m[2m=[0m343 [3mhwm_mb[0m[2m=[0m375
[2m2026-09-15T06:32:30.386074Z[0m [32m INFO[0m [2mmidnight_bench[0m[2m:[0m [3mstage[0m[2m=[0m"trace.permutations_commit.end" [3mrss_mb[0m[2m=[0m350 [3mhwm_mb[0m[2m=[0m375
[2m2026-09-15T06:32:30.386107Z[0m [32m INFO[0m [2mmidnight_bench[0m[2m:[0m [3mstage[0m[2m=[0m"trace.lookups_product.start" [3mrss_mb[0m[2m=[0m350 [3mhwm_mb[0m[2m=[0m375
[2m2026-09-15T06:32:30.440527Z[0m [32m INFO[0m [2mmidnight_bench[0m[2m:[0m [3mstage[0m[2m=[0m"trace.lookups_product.end" [3mrss_mb[0m[2m=[0m351 [3mhwm_mb[0m[2m=[0m375
[2m2026-09-15T06:32:30.465523Z[0m [32m INFO[0m [2mmidnight_bench[0m[2m:[0m [3mstage[0m[2m=[0m"create_proof.compute_trace.end" [3mrss_mb[0m[2m=[0m351 [3mhwm_mb[0m[2m=[0m375
[2m2026-09-15T06:32:30.465545Z[0m [32m INFO[0m [2mmidnight_bench[0m[2m:[0m [3mstage[0m[2m=[0m"create_proof.finalise_proof.start" [3mrss_mb[0m[2m=[0m351 [3mhwm_mb[0m[2m=[0m375
[2m2026-09-15T06:32:30.465553Z[0m [32m INFO[0m [2mmidnight_bench[0m[2m:[0m [3mstage[0m[2m=[0m"finalise.compute_h_poly.start" [3mrss_mb[0m[2m=[0m351 [3mhwm_mb[0m[2m=[0m375
[2m2026-09-15T06:32:30.480138Z[0m [32m INFO[0m [2mmidnight_bench[0m[2m:[0m [3mstage[0m[2m=[0m"finalise.compute_h_poly.materialise_fixed_cosets.start" [3mrss_mb[0m[2m=[0m351 [3mhwm_mb[0m[2m=[0m375
[2m2026-09-15T06:32:30.503294Z[0m [32m INFO[0m [2mmidnight_bench[0m[2m:[0m [3mstage[0m[2m=[0m"finalise.compute_h_poly.materialise_fixed_cosets.end" [3mrss_mb[0m[2m=[0m351 [3mhwm_mb[0m[2m=[0m375
[2m2026-09-15T06:32:30.503317Z[0m [32m INFO[0m [2mmidnight_bench[0m[2m:[0m [3mstage[0m[2m=[0m"finalise.compute_h_poly.materialise_perm_cosets.start" [3mrss_mb[0m[2m=[0m351 [3mhwm_mb[0m[2m=[0m375
[2m2026-09-15T06:32:30.517523Z[0m [32m INFO[0m [2mmidnight_bench[0m[2m:[0m [3mstage[0m[2m=[0m"finalise.compute_h_poly.materialise_perm_cosets.end" [3mrss_mb[0m[2m=[0m353 [3mhwm_mb[0m[2m=[0m375
[2m2026-09-15T06:32:30.638192Z[0m [32m INFO[0m [2mmidnight_bench[0m[2m:[0m [3mstage[0m[2m=[0m"finalise.compute_h_poly.drop_cosets.end" [3mrss_mb[0m[2m=[0m354 [3mhwm_mb[0m[2m=[0m375
[2m2026-09-15T06:32:30.638223Z[0m [32m INFO[0m [2mmidnight_bench[0m[2m:[0m [3mstage[0m[2m=[0m"finalise.compute_h_poly.end" [3mrss_mb[0m[2m=[0m354 [3mhwm_mb[0m[2m=[0m375
[2m2026-09-15T06:32:30.638231Z[0m [32m INFO[0m [2mmidnight_bench[0m[2m:[0m [3mstage[0m[2m=[0m"finalise.vanishing_construct.start" [3mrss_mb[0m[2m=[0m354 [3mhwm_mb[0m[2m=[0m375
[2m2026-09-15T06:32:30.723536Z[0m [32m INFO[0m [2mmidnight_bench[0m[2m:[0m [3mstage[0m[2m=[0m"finalise.vanishing_construct.end" [3mrss_mb[0m[2m=[0m355 [3mhwm_mb[0m[2m=[0m375
[2m2026-09-15T06:32:30.749852Z[0m [32m INFO[0m [2mmidnight_bench[0m[2m:[0m [3mstage[0m[2m=[0m"finalise.compute_queries.start" [3mrss_mb[0m[2m=[0m355 [3mhwm_mb[0m[2m=[0m375
[2m2026-09-15T06:32:30.749943Z[0m [32m INFO[0m [2mmidnight_bench[0m[2m:[0m [3mstage[0m[2m=[0m"finalise.multi_open.start" [3mrss_mb[0m[2m=[0m355 [3mhwm_mb[0m[2m=[0m375
[2m2026-09-15T06:32:30.840057Z[0m [32m INFO[0m [2mmidnight_bench[0m[2m:[0m [3mstage[0m[2m=[0m"finalise.multi_open.end" [3mrss_mb[0m[2m=[0m355 [3mhwm_mb[0m[2m=[0m375
[2m2026-09-15T06:32:30.840545Z[0m [32m INFO[0m [2mmidnight_bench[0m[2m:[0m [3mstage[0m[2m=[0m"create_proof.finalise_proof.end" [3mrss_mb[0m[2m=[0m339 [3mhwm_mb[0m[2m=[0m375
[2m2026-09-15T06:32:30.856178Z[0m [32m INFO[0m [2mactix_web::middleware::logger[0m[2m:[0m 192.168.65.1 POST /prove HTTP/1.1; took 0.657142s
[2m2026-09-15T06:32:30.857834Z[0m [32m INFO[0m [2mmidnight_proof_server::endpoints[0m[2m:[0m Starting to process request for /prove...
[2m2026-09-15T06:32:30.929914Z[0m [32m INFO[0m [2mmidnight_bench[0m[2m:[0m [3mstage[0m[2m=[0m"create_proof.compute_trace.start" [3mrss_mb[0m[2m=[0m352 [3mhwm_mb[0m[2m=[0m375
[2m2026-09-15T06:32:30.929943Z[0m [32m INFO[0m [2mmidnight_bench[0m[2m:[0m [3mstage[0m[2m=[0m"trace.compute_instances.start" [3mrss_mb[0m[2m=[0m352 [3mhwm_mb[0m[2m=[0m375
[2m2026-09-15T06:32:30.934483Z[0m [32m INFO[0m [2mmidnight_bench[0m[2m:[0m [3mstage[0m[2m=[0m"trace.compute_instances.end" [3mrss_mb[0m[2m=[0m352 [3mhwm_mb[0m[2m=[0m375
[2m2026-09-15T06:32:30.934508Z[0m [32m INFO[0m [2mmidnight_bench[0m[2m:[0m [3mstage[0m[2m=[0m"trace.parse_advices.start" [3mrss_mb[0m[2m=[0m352 [3mhwm_mb[0m[2m=[0m375
[2m2026-09-15T06:32:30.940075Z[0m [32m INFO[0m [2mmidnight_bench[0m[2m:[0m [3mstage[0m[2m=[0m"trace.parse_advices.end" [3mrss_mb[0m[2m=[0m354 [3mhwm_mb[0m[2m=[0m375
[2m2026-09-15T06:32:30.940104Z[0m [32m INFO[0m [2mmidnight_bench[0m[2m:[0m [3mstage[0m[2m=[0m"trace.lookups_permuted.start" [3mrss_mb[0m[2m=[0m354 [3mhwm_mb[0m[2m=[0m375
[2m2026-09-15T06:32:30.990238Z[0m [32m INFO[0m [2mmidnight_bench[0m[2m:[0m [3mstage[0m[2m=[0m"trace.lookups_permuted.end" [3mrss_mb[0m[2m=[0m359 [3mhwm_mb[0m[2m=[0m375
[2m2026-09-15T06:32:30.990266Z[0m [32m INFO[0m [2mmidnight_bench[0m[2m:[0m [3mstage[0m[2m=[0m"trace.permutations_commit.start" [3mrss_mb[0m[2m=[0m359 [3mhwm_mb[0m[2m=[0m375
[2m2026-09-15T06:32:31.058118Z[0m [32m INFO[0m [2mmidnight_bench[0m[2m:[0m [3mstage[0m[2m=[0m"trace.permutations_commit.end" [3mrss_mb[0m[2m=[0m366 [3mhwm_mb[0m[2m=[0m375
[2m2026-09-15T06:32:31.058144Z[0m [32m INFO[0m [2mmidnight_bench[0m[2m:[0m [3mstage[0m[2m=[0m"trace.lookups_product.start" [3mrss_mb[0m[2m=[0m366 [3mhwm_mb[0m[2m=[0m375
[2m2026-09-15T06:32:31.113510Z[0m [32m INFO[0m [2mmidnight_bench[0m[2m:[0m [3mstage[0m[2m=[0m"trace.lookups_product.end" [3mrss_mb[0m[2m=[0m366 [3mhwm_mb[0m[2m=[0m375
[2m2026-09-15T06:32:31.138070Z[0m [32m INFO[0m [2mmidnight_bench[0m[2m:[0m [3mstage[0m[2m=[0m"create_proof.compute_trace.end" [3mrss_mb[0m[2m=[0m366 [3mhwm_mb[0m[2m=[0m375
[2m2026-09-15T06:32:31.138096Z[0m [32m INFO[0m [2mmidnight_bench[0m[2m:[0m [3mstage[0m[2m=[0m"create_proof.finalise_proof.start" [3mrss_mb[0m[2m=[0m366 [3mhwm_mb[0m[2m=[0m375
[2m2026-09-15T06:32:31.138107Z[0m [32m INFO[0m [2mmidnight_bench[0m[2m:[0m [3mstage[0m[2m=[0m"finalise.compute_h_poly.start" [3mrss_mb[0m[2m=[0m366 [3mhwm_mb[0m[2m=[0m375
[2m2026-09-15T06:32:31.153111Z[0m [32m INFO[0m [2mmidnight_bench[0m[2m:[0m [3mstage[0m[2m=[0m"finalise.compute_h_poly.materialise_fixed_cosets.start" [3mrss_mb[0m[2m=[0m366 [3mhwm_mb[0m[2m=[0m375
[2m2026-09-15T06:32:31.179310Z[0m [32m INFO[0m [2mmidnight_bench[0m[2m:[0m [3mstage[0m[2m=[0m"finalise.compute_h_poly.materialise_fixed_cosets.end" [3mrss_mb[0m[2m=[0m366 [3mhwm_mb[0m[2m=[0m375
[2m2026-09-15T06:32:31.179354Z[0m [32m INFO[0m [2mmidnight_bench[0m[2m:[0m [3mstage[0m[2m=[0m"finalise.compute_h_poly.materialise_perm_cosets.start" [3mrss_mb[0m[2m=[0m366 [3mhwm_mb[0m[2m=[0m375
[2m2026-09-15T06:32:31.192456Z[0m [32m INFO[0m [2mmidnight_bench[0m[2m:[0m [3mstage[0m[2m=[0m"finalise.compute_h_poly.materialise_perm_cosets.end" [3mrss_mb[0m[2m=[0m366 [3mhwm_mb[0m[2m=[0m375
[2m2026-09-15T06:32:31.315779Z[0m [32m INFO[0m [2mmidnight_bench[0m[2m:[0m [3mstage[0m[2m=[0m"finalise.compute_h_poly.drop_cosets.end" [3mrss_mb[0m[2m=[0m368 [3mhwm_mb[0m[2m=[0m375
[2m2026-09-15T06:32:31.315817Z[0m [32m INFO[0m [2mmidnight_bench[0m[2m:[0m [3mstage[0m[2m=[0m"finalise.compute_h_poly.end" [3mrss_mb[0m[2m=[0m368 [3mhwm_mb[0m[2m=[0m375
[2m2026-09-15T06:32:31.315826Z[0m [32m INFO[0m [2mmidnight_bench[0m[2m:[0m [3mstage[0m[2m=[0m"finalise.vanishing_construct.start" [3mrss_mb[0m[2m=[0m368 [3mhwm_mb[0m[2m=[0m375
[2m2026-09-15T06:32:31.399548Z[0m [32m INFO[0m [2mmidnight_bench[0m[2m:[0m [3mstage[0m[2m=[0m"finalise.vanishing_construct.end" [3mrss_mb[0m[2m=[0m368 [3mhwm_mb[0m[2m=[0m375
[2m2026-09-15T06:32:31.426450Z[0m [32m INFO[0m [2mmidnight_bench[0m[2m:[0m [3mstage[0m[2m=[0m"finalise.compute_queries.start" [3mrss_mb[0m[2m=[0m368 [3mhwm_mb[0m[2m=[0m375
[2m2026-09-15T06:32:31.426541Z[0m [32m INFO[0m [2mmidnight_bench[0m[2m:[0m [3mstage[0m[2m=[0m"finalise.multi_open.start" [3mrss_mb[0m[2m=[0m368 [3mhwm_mb[0m[2m=[0m375
[2m2026-09-15T06:32:31.512711Z[0m [32m INFO[0m [2mmidnight_bench[0m[2m:[0m [3mstage[0m[2m=[0m"finalise.multi_open.end" [3mrss_mb[0m[2m=[0m368 [3mhwm_mb[0m[2m=[0m375
[2m2026-09-15T06:32:31.513251Z[0m [32m INFO[0m [2mmidnight_bench[0m[2m:[0m [3mstage[0m[2m=[0m"create_proof.finalise_proof.end" [3mrss_mb[0m[2m=[0m352 [3mhwm_mb[0m[2m=[0m375
[2m2026-09-15T06:32:31.528517Z[0m [32m INFO[0m [2mactix_web::middleware::logger[0m[2m:[0m 192.168.65.1 POST /prove HTTP/1.1; took 0.670844s
