[2m2026-09-15T07:00:39.906434Z[0m [32m INFO[0m [2mactix_server::builder[0m[2m:[0m starting 12 workers
[2m2026-09-15T07:00:39.906450Z[0m [32m INFO[0m [2mactix_server::server[0m[2m:[0m Actix runtime found; starting in Actix runtime
[2m2026-09-15T07:00:39.906452Z[0m [32m INFO[0m [2mactix_server::server[0m[2m:[0m starting service: "actix-web-service-0.0.0.0:6311", workers: 12, listening on: 0.0.0.0:6311
[2m2026-09-15T07:00:39.916992Z[0m [32m INFO[0m [2mactix_web::middleware::logger[0m[2m:[0m 192.168.65.1 GET /health HTTP/1.1; took 0.000042s
[2m2026-09-15T07:00:39.918313Z[0m [32m INFO[0m [2mactix_web::middleware::logger[0m[2m:[0m 192.168.65.1 GET /ready HTTP/1.1; took 0.000047s
[2m2026-09-15T07:00:39.919490Z[0m [32m INFO[0m [2mmidnight_proof_server::endpoints[0m[2m:[0m Starting to process request for /prove...
[2m2026-09-15T07:00:40.149031Z[0m [32m INFO[0m [2mmidnight_bench[0m[2m:[0m [3mstage[0m[2m=[0m"create_proof.compute_trace.start" [3mrss_mb[0m[2m=[0m90 [3mhwm_mb[0m[2m=[0m97
[2m2026-09-15T07:00:40.149060Z[0m [32m INFO[0m [2mmidnight_bench[0m[2m:[0m [3mstage[0m[2m=[0m"trace.compute_instances.start" [3mrss_mb[0m[2m=[0m90 [3mhwm_mb[0m[2m=[0m97
[2m2026-09-15T07:00:40.154274Z[0m [32m INFO[0m [2mmidnight_bench[0m[2m:[0m [3mstage[0m[2m=[0m"trace.compute_instances.end" [3mrss_mb[0m[2m=[0m90 [3mhwm_mb[0m[2m=[0m97
[2m2026-09-15T07:00:40.154294Z[0m [32m INFO[0m [2mmidnight_bench[0m[2m:[0m [3mstage[0m[2m=[0m"trace.parse_advices.start" [3mrss_mb[0m[2m=[0m90 [3mhwm_mb[0m[2m=[0m97
[2m2026-09-15T07:00:40.159937Z[0m [32m INFO[0m [2mmidnight_bench[0m[2m:[0m [3mstage[0m[2m=[0m"trace.parse_advices.end" [3mrss_mb[0m[2m=[0m91 [3mhwm_mb[0m[2m=[0m97
[2m2026-09-15T07:00:40.159961Z[0m [32m INFO[0m [2mmidnight_bench[0m[2m:[0m [3mstage[0m[2m=[0m"trace.lookups_permuted.start" [3mrss_mb[0m[2m=[0m91 [3mhwm_mb[0m[2m=[0m97
[2m2026-09-15T07:00:40.206446Z[0m [32m INFO[0m [2mmidnight_bench[0m[2m:[0m [3mstage[0m[2m=[0m"trace.lookups_permuted.end" [3mrss_mb[0m[2m=[0m95 [3mhwm_mb[0m[2m=[0m97
[2m2026-09-15T07:00:40.206478Z[0m [32m INFO[0m [2mmidnight_bench[0m[2m:[0m [3mstage[0m[2m=[0m"trace.permutations_commit.start" [3mrss_mb[0m[2m=[0m95 [3mhwm_mb[0m[2m=[0m97
[2m2026-09-15T07:00:40.276483Z[0m [32m INFO[0m [2mmidnight_bench[0m[2m:[0m [3mstage[0m[2m=[0m"trace.permutations_commit.end" [3mrss_mb[0m[2m=[0m105 [3mhwm_mb[0m[2m=[0m105
[2m2026-09-15T07:00:40.276509Z[0m [32m INFO[0m [2mmidnight_bench[0m[2m:[0m [3mstage[0m[2m=[0m"trace.lookups_product.start" [3mrss_mb[0m[2m=[0m105 [3mhwm_mb[0m[2m=[0m105
[2m2026-09-15T07:00:40.328971Z[0m [32m INFO[0m [2mmidnight_bench[0m[2m:[0m [3mstage[0m[2m=[0m"trace.lookups_product.end" [3mrss_mb[0m[2m=[0m105 [3mhwm_mb[0m[2m=[0m105
[2m2026-09-15T07:00:40.352748Z[0m [32m INFO[0m [2mmidnight_bench[0m[2m:[0m [3mstage[0m[2m=[0m"create_proof.compute_trace.end" [3mrss_mb[0m[2m=[0m106 [3mhwm_mb[0m[2m=[0m106
[2m2026-09-15T07:00:40.352773Z[0m [32m INFO[0m [2mmidnight_bench[0m[2m:[0m [3mstage[0m[2m=[0m"create_proof.finalise_proof.start" [3mrss_mb[0m[2m=[0m106 [3mhwm_mb[0m[2m=[0m106
[2m2026-09-15T07:00:40.352782Z[0m [32m INFO[0m [2mmidnight_bench[0m[2m:[0m [3mstage[0m[2m=[0m"finalise.compute_h_poly.start" [3mrss_mb[0m[2m=[0m106 [3mhwm_mb[0m[2m=[0m106
[2m2026-09-15T07:00:40.370923Z[0m [32m INFO[0m [2mmidnight_bench[0m[2m:[0m [3mstage[0m[2m=[0m"finalise.compute_h_poly.materialise_fixed_cosets.start" [3mrss_mb[0m[2m=[0m123 [3mhwm_mb[0m[2m=[0m123
[2m2026-09-15T07:00:40.400602Z[0m [32m INFO[0m [2mmidnight_bench[0m[2m:[0m [3mstage[0m[2m=[0m"finalise.compute_h_poly.materialise_fixed_cosets.end" [3mrss_mb[0m[2m=[0m167 [3mhwm_mb[0m[2m=[0m167
[2m2026-09-15T07:00:40.400630Z[0m [32m INFO[0m [2mmidnight_bench[0m[2m:[0m [3mstage[0m[2m=[0m"finalise.compute_h_poly.materialise_perm_cosets.start" [3mrss_mb[0m[2m=[0m167 [3mhwm_mb[0m[2m=[0m167
[2m2026-09-15T07:00:40.414793Z[0m [32m INFO[0m [2mmidnight_bench[0m[2m:[0m [3mstage[0m[2m=[0m"finalise.compute_h_poly.materialise_perm_cosets.end" [3mrss_mb[0m[2m=[0m181 [3mhwm_mb[0m[2m=[0m181
[2m2026-09-15T07:00:40.556171Z[0m [32m INFO[0m [2mmidnight_bench[0m[2m:[0m [3mstage[0m[2m=[0m"finalise.compute_h_poly.drop_cosets.end" [3mrss_mb[0m[2m=[0m181 [3mhwm_mb[0m[2m=[0m181
[2m2026-09-15T07:00:40.556804Z[0m [32m INFO[0m [2mmidnight_bench[0m[2m:[0m [3mstage[0m[2m=[0m"finalise.compute_h_poly.end" [3mrss_mb[0m[2m=[0m162 [3mhwm_mb[0m[2m=[0m180
[2m2026-09-15T07:00:40.556820Z[0m [32m INFO[0m [2mmidnight_bench[0m[2m:[0m [3mstage[0m[2m=[0m"finalise.vanishing_construct.start" [3mrss_mb[0m[2m=[0m162 [3mhwm_mb[0m[2m=[0m180
[2m2026-09-15T07:00:40.658031Z[0m [32m INFO[0m [2mmidnight_bench[0m[2m:[0m [3mstage[0m[2m=[0m"finalise.vanishing_construct.end" [3mrss_mb[0m[2m=[0m163 [3mhwm_mb[0m[2m=[0m180
[2m2026-09-15T07:00:40.688560Z[0m [32m INFO[0m [2mmidnight_bench[0m[2m:[0m [3mstage[0m[2m=[0m"finalise.compute_queries.start" [3mrss_mb[0m[2m=[0m163 [3mhwm_mb[0m[2m=[0m180
[2m2026-09-15T07:00:40.688668Z[0m [32m INFO[0m [2mmidnight_bench[0m[2m:[0m [3mstage[0m[2m=[0m"finalise.multi_open.start" [3mrss_mb[0m[2m=[0m163 [3mhwm_mb[0m[2m=[0m180
[2m2026-09-15T07:00:40.783009Z[0m [32m INFO[0m [2mmidnight_bench[0m[2m:[0m [3mstage[0m[2m=[0m"finalise.multi_open.end" [3mrss_mb[0m[2m=[0m163 [3mhwm_mb[0m[2m=[0m180
[2m2026-09-15T07:00:40.783720Z[0m [32m INFO[0m [2mmidnight_bench[0m[2m:[0m [3mstage[0m[2m=[0m"create_proof.finalise_proof.end" [3mrss_mb[0m[2m=[0m150 [3mhwm_mb[0m[2m=[0m180
[2m2026-09-15T07:00:40.800047Z[0m [32m INFO[0m [2mactix_web::middleware::logger[0m[2m:[0m 192.168.65.1 POST /prove HTTP/1.1; took 0.880570s
[2m2026-09-15T07:00:40.829486Z[0m [32m INFO[0m [2mmidnight_proof_server::endpoints[0m[2m:[0m Starting to process request for /prove...
[2m2026-09-15T07:00:40.899652Z[0m [32m INFO[0m [2mmidnight_bench[0m[2m:[0m [3mstage[0m[2m=[0m"create_proof.compute_trace.start" [3mrss_mb[0m[2m=[0m145 [3mhwm_mb[0m[2m=[0m180
[2m2026-09-15T07:00:40.899684Z[0m [32m INFO[0m [2mmidnight_bench[0m[2m:[0m [3mstage[0m[2m=[0m"trace.compute_instances.start" [3mrss_mb[0m[2m=[0m145 [3mhwm_mb[0m[2m=[0m180
[2m2026-09-15T07:00:40.905751Z[0m [32m INFO[0m [2mmidnight_bench[0m[2m:[0m [3mstage[0m[2m=[0m"trace.compute_instances.end" [3mrss_mb[0m[2m=[0m145 [3mhwm_mb[0m[2m=[0m180
[2m2026-09-15T07:00:40.905773Z[0m [32m INFO[0m [2mmidnight_bench[0m[2m:[0m [3mstage[0m[2m=[0m"trace.parse_advices.start" [3mrss_mb[0m[2m=[0m145 [3mhwm_mb[0m[2m=[0m180
[2m2026-09-15T07:00:40.912046Z[0m [32m INFO[0m [2mmidnight_bench[0m[2m:[0m [3mstage[0m[2m=[0m"trace.parse_advices.end" [3mrss_mb[0m[2m=[0m152 [3mhwm_mb[0m[2m=[0m180
[2m2026-09-15T07:00:40.912070Z[0m [32m INFO[0m [2mmidnight_bench[0m[2m:[0m [3mstage[0m[2m=[0m"trace.lookups_permuted.start" [3mrss_mb[0m[2m=[0m152 [3mhwm_mb[0m[2m=[0m180
[2m2026-09-15T07:00:40.958209Z[0m [32m INFO[0m [2mmidnight_bench[0m[2m:[0m [3mstage[0m[2m=[0m"trace.lookups_permuted.end" [3mrss_mb[0m[2m=[0m156 [3mhwm_mb[0m[2m=[0m180
[2m2026-09-15T07:00:40.958240Z[0m [32m INFO[0m [2mmidnight_bench[0m[2m:[0m [3mstage[0m[2m=[0m"trace.permutations_commit.start" [3mrss_mb[0m[2m=[0m156 [3mhwm_mb[0m[2m=[0m180
[2m2026-09-15T07:00:41.030803Z[0m [32m INFO[0m [2mmidnight_bench[0m[2m:[0m [3mstage[0m[2m=[0m"trace.permutations_commit.end" [3mrss_mb[0m[2m=[0m164 [3mhwm_mb[0m[2m=[0m180
[2m2026-09-15T07:00:41.030828Z[0m [32m INFO[0m [2mmidnight_bench[0m[2m:[0m [3mstage[0m[2m=[0m"trace.lookups_product.start" [3mrss_mb[0m[2m=[0m164 [3mhwm_mb[0m[2m=[0m180
[2m2026-09-15T07:00:41.080915Z[0m [32m INFO[0m [2mmidnight_bench[0m[2m:[0m [3mstage[0m[2m=[0m"trace.lookups_product.end" [3mrss_mb[0m[2m=[0m164 [3mhwm_mb[0m[2m=[0m180
[2m2026-09-15T07:00:41.104755Z[0m [32m INFO[0m [2mmidnight_bench[0m[2m:[0m [3mstage[0m[2m=[0m"create_proof.compute_trace.end" [3mrss_mb[0m[2m=[0m165 [3mhwm_mb[0m[2m=[0m180
[2m2026-09-15T07:00:41.104773Z[0m [32m INFO[0m [2mmidnight_bench[0m[2m:[0m [3mstage[0m[2m=[0m"create_proof.finalise_proof.start" [3mrss_mb[0m[2m=[0m165 [3mhwm_mb[0m[2m=[0m180
[2m2026-09-15T07:00:41.104780Z[0m [32m INFO[0m [2mmidnight_bench[0m[2m:[0m [3mstage[0m[2m=[0m"finalise.compute_h_poly.start" [3mrss_mb[0m[2m=[0m165 [3mhwm_mb[0m[2m=[0m180
[2m2026-09-15T07:00:41.119882Z[0m [32m INFO[0m [2mmidnight_bench[0m[2m:[0m [3mstage[0m[2m=[0m"finalise.compute_h_poly.materialise_fixed_cosets.start" [3mrss_mb[0m[2m=[0m174 [3mhwm_mb[0m[2m=[0m180
[2m2026-09-15T07:00:41.146000Z[0m [32m INFO[0m [2mmidnight_bench[0m[2m:[0m [3mstage[0m[2m=[0m"finalise.compute_h_poly.materialise_fixed_cosets.end" [3mrss_mb[0m[2m=[0m187 [3mhwm_mb[0m[2m=[0m187
[2m2026-09-15T07:00:41.146024Z[0m [32m INFO[0m [2mmidnight_bench[0m[2m:[0m [3mstage[0m[2m=[0m"finalise.compute_h_poly.materialise_perm_cosets.start" [3mrss_mb[0m[2m=[0m187 [3mhwm_mb[0m[2m=[0m187
[2m2026-09-15T07:00:41.159032Z[0m [32m INFO[0m [2mmidnight_bench[0m[2m:[0m [3mstage[0m[2m=[0m"finalise.compute_h_poly.materialise_perm_cosets.end" [3mrss_mb[0m[2m=[0m195 [3mhwm_mb[0m[2m=[0m195
[2m2026-09-15T07:00:41.279470Z[0m [32m INFO[0m [2mmidnight_bench[0m[2m:[0m [3mstage[0m[2m=[0m"finalise.compute_h_poly.drop_cosets.end" [3mrss_mb[0m[2m=[0m197 [3mhwm_mb[0m[2m=[0m197
[2m2026-09-15T07:00:41.279853Z[0m [32m INFO[0m [2mmidnight_bench[0m[2m:[0m [3mstage[0m[2m=[0m"finalise.compute_h_poly.end" [3mrss_mb[0m[2m=[0m186 [3mhwm_mb[0m[2m=[0m196
[2m2026-09-15T07:00:41.279869Z[0m [32m INFO[0m [2mmidnight_bench[0m[2m:[0m [3mstage[0m[2m=[0m"finalise.vanishing_construct.start" [3mrss_mb[0m[2m=[0m186 [3mhwm_mb[0m[2m=[0m196
[2m2026-09-15T07:00:41.377756Z[0m [32m INFO[0m [2mmidnight_bench[0m[2m:[0m [3mstage[0m[2m=[0m"finalise.vanishing_construct.end" [3mrss_mb[0m[2m=[0m186 [3mhwm_mb[0m[2m=[0m196
[2m2026-09-15T07:00:41.415532Z[0m [32m INFO[0m [2mmidnight_bench[0m[2m:[0m [3mstage[0m[2m=[0m"finalise.compute_queries.start" [3mrss_mb[0m[2m=[0m186 [3mhwm_mb[0m[2m=[0m196
[2m2026-09-15T07:00:41.415618Z[0m [32m INFO[0m [2mmidnight_bench[0m[2m:[0m [3mstage[0m[2m=[0m"finalise.multi_open.start" [3mrss_mb[0m[2m=[0m186 [3mhwm_mb[0m[2m=[0m196
[2m2026-09-15T07:00:41.511185Z[0m [32m INFO[0m [2mmidnight_bench[0m[2m:[0m [3mstage[0m[2m=[0m"finalise.multi_open.end" [3mrss_mb[0m[2m=[0m187 [3mhwm_mb[0m[2m=[0m196
[2m2026-09-15T07:00:41.512281Z[0m [32m INFO[0m [2mmidnight_bench[0m[2m:[0m [3mstage[0m[2m=[0m"create_proof.finalise_proof.end" [3mrss_mb[0m[2m=[0m162 [3mhwm_mb[0m[2m=[0m196
[2m2026-09-15T07:00:41.527596Z[0m [32m INFO[0m [2mactix_web::middleware::logger[0m[2m:[0m 192.168.65.1 POST /prove HTTP/1.1; took 0.698132s
[2m2026-09-15T07:00:41.529702Z[0m [32m INFO[0m [2mmidnight_proof_server::endpoints[0m[2m:[0m Starting to process request for /prove...
[2m2026-09-15T07:00:41.604983Z[0m [32m INFO[0m [2mmidnight_bench[0m[2m:[0m [3mstage[0m[2m=[0m"create_proof.compute_trace.start" [3mrss_mb[0m[2m=[0m173 [3mhwm_mb[0m[2m=[0m196
[2m2026-09-15T07:00:41.605017Z[0m [32m INFO[0m [2mmidnight_bench[0m[2m:[0m [3mstage[0m[2m=[0m"trace.compute_instances.start" [3mrss_mb[0m[2m=[0m173 [3mhwm_mb[0m[2m=[0m196
[2m2026-09-15T07:00:41.610988Z[0m [32m INFO[0m [2mmidnight_bench[0m[2m:[0m [3mstage[0m[2m=[0m"trace.compute_instances.end" [3mrss_mb[0m[2m=[0m173 [3mhwm_mb[0m[2m=[0m196
[2m2026-09-15T07:00:41.611012Z[0m [32m INFO[0m [2mmidnight_bench[0m[2m:[0m [3mstage[0m[2m=[0m"trace.parse_advices.start" [3mrss_mb[0m[2m=[0m173 [3mhwm_mb[0m[2m=[0m196
[2m2026-09-15T07:00:41.617243Z[0m [32m INFO[0m [2mmidnight_bench[0m[2m:[0m [3mstage[0m[2m=[0m"trace.parse_advices.end" [3mrss_mb[0m[2m=[0m180 [3mhwm_mb[0m[2m=[0m196
[2m2026-09-15T07:00:41.617263Z[0m [32m INFO[0m [2mmidnight_bench[0m[2m:[0m [3mstage[0m[2m=[0m"trace.lookups_permuted.start" [3mrss_mb[0m[2m=[0m180 [3mhwm_mb[0m[2m=[0m196
[2m2026-09-15T07:00:41.659004Z[0m [32m INFO[0m [2mmidnight_bench[0m[2m:[0m [3mstage[0m[2m=[0m"trace.lookups_permuted.end" [3mrss_mb[0m[2m=[0m184 [3mhwm_mb[0m[2m=[0m196
[2m2026-09-15T07:00:41.659031Z[0m [32m INFO[0m [2mmidnight_bench[0m[2m:[0m [3mstage[0m[2m=[0m"trace.permutations_commit.start" [3mrss_mb[0m[2m=[0m184 [3mhwm_mb[0m[2m=[0m196
[2m2026-09-15T07:00:41.730674Z[0m [32m INFO[0m [2mmidnight_bench[0m[2m:[0m [3mstage[0m[2m=[0m"trace.permutations_commit.end" [3mrss_mb[0m[2m=[0m192 [3mhwm_mb[0m[2m=[0m196
[2m2026-09-15T07:00:41.730699Z[0m [32m INFO[0m [2mmidnight_bench[0m[2m:[0m [3mstage[0m[2m=[0m"trace.lookups_product.start" [3mrss_mb[0m[2m=[0m192 [3mhwm_mb[0m[2m=[0m196
[2m2026-09-15T07:00:41.782604Z[0m [32m INFO[0m [2mmidnight_bench[0m[2m:[0m [3mstage[0m[2m=[0m"trace.lookups_product.end" [3mrss_mb[0m[2m=[0m192 [3mhwm_mb[0m[2m=[0m196
[2m2026-09-15T07:00:41.806990Z[0m [32m INFO[0m [2mmidnight_bench[0m[2m:[0m [3mstage[0m[2m=[0m"create_proof.compute_trace.end" [3mrss_mb[0m[2m=[0m192 [3mhwm_mb[0m[2m=[0m196
[2m2026-09-15T07:00:41.807009Z[0m [32m INFO[0m [2mmidnight_bench[0m[2m:[0m [3mstage[0m[2m=[0m"create_proof.finalise_proof.start" [3mrss_mb[0m[2m=[0m192 [3mhwm_mb[0m[2m=[0m196
[2m2026-09-15T07:00:41.807017Z[0m [32m INFO[0m [2mmidnight_bench[0m[2m:[0m [3mstage[0m[2m=[0m"finalise.compute_h_poly.start" [3mrss_mb[0m[2m=[0m192 [3mhwm_mb[0m[2m=[0m196
[2m2026-09-15T07:00:41.824875Z[0m [32m INFO[0m [2mmidnight_bench[0m[2m:[0m [3mstage[0m[2m=[0m"finalise.compute_h_poly.materialise_fixed_cosets.start" [3mrss_mb[0m[2m=[0m192 [3mhwm_mb[0m[2m=[0m196
[2m2026-09-15T07:00:41.854598Z[0m [32m INFO[0m [2mmidnight_bench[0m[2m:[0m [3mstage[0m[2m=[0m"finalise.compute_h_poly.materialise_fixed_cosets.end" [3mrss_mb[0m[2m=[0m195 [3mhwm_mb[0m[2m=[0m196
[2m2026-09-15T07:00:41.854622Z[0m [32m INFO[0m [2mmidnight_bench[0m[2m:[0m [3mstage[0m[2m=[0m"finalise.compute_h_poly.materialise_perm_cosets.start" [3mrss_mb[0m[2m=[0m195 [3mhwm_mb[0m[2m=[0m196
[2m2026-09-15T07:00:41.868396Z[0m [32m INFO[0m [2mmidnight_bench[0m[2m:[0m [3mstage[0m[2m=[0m"finalise.compute_h_poly.materialise_perm_cosets.end" [3mrss_mb[0m[2m=[0m203 [3mhwm_mb[0m[2m=[0m203
[2m2026-09-15T07:00:41.984593Z[0m [32m INFO[0m [2mmidnight_bench[0m[2m:[0m [3mstage[0m[2m=[0m"finalise.compute_h_poly.drop_cosets.end" [3mrss_mb[0m[2m=[0m205 [3mhwm_mb[0m[2m=[0m205
[2m2026-09-15T07:00:41.984622Z[0m [32m INFO[0m [2mmidnight_bench[0m[2m:[0m [3mstage[0m[2m=[0m"finalise.compute_h_poly.end" [3mrss_mb[0m[2m=[0m205 [3mhwm_mb[0m[2m=[0m205
[2m2026-09-15T07:00:41.984629Z[0m [32m INFO[0m [2mmidnight_bench[0m[2m:[0m [3mstage[0m[2m=[0m"finalise.vanishing_construct.start" [3mrss_mb[0m[2m=[0m205 [3mhwm_mb[0m[2m=[0m205
[2m2026-09-15T07:00:42.138375Z[0m [32m INFO[0m [2mmidnight_bench[0m[2m:[0m [3mstage[0m[2m=[0m"finalise.vanishing_construct.end" [3mrss_mb[0m[2m=[0m205 [3mhwm_mb[0m[2m=[0m205
[2m2026-09-15T07:00:42.177324Z[0m [32m INFO[0m [2mmidnight_bench[0m[2m:[0m [3mstage[0m[2m=[0m"finalise.compute_queries.start" [3mrss_mb[0m[2m=[0m205 [3mhwm_mb[0m[2m=[0m205
[2m2026-09-15T07:00:42.177418Z[0m [32m INFO[0m [2mmidnight_bench[0m[2m:[0m [3mstage[0m[2m=[0m"finalise.multi_open.start" [3mrss_mb[0m[2m=[0m205 [3mhwm_mb[0m[2m=[0m205
[2m2026-09-15T07:00:42.275089Z[0m [32m INFO[0m [2mmidnight_bench[0m[2m:[0m [3mstage[0m[2m=[0m"finalise.multi_open.end" [3mrss_mb[0m[2m=[0m205 [3mhwm_mb[0m[2m=[0m205
[2m2026-09-15T07:00:42.275571Z[0m [32m INFO[0m [2mmidnight_bench[0m[2m:[0m [3mstage[0m[2m=[0m"create_proof.finalise_proof.end" [3mrss_mb[0m[2m=[0m191 [3mhwm_mb[0m[2m=[0m204
[2m2026-09-15T07:00:42.291386Z[0m [32m INFO[0m [2mactix_web::middleware::logger[0m[2m:[0m 192.168.65.1 POST /prove HTTP/1.1; took 0.761807s
[2m2026-09-15T07:00:42.293102Z[0m [32m INFO[0m [2mmidnight_proof_server::endpoints[0m[2m:[0m Starting to process request for /prove...
[2m2026-09-15T07:00:42.371607Z[0m [32m INFO[0m [2mmidnight_bench[0m[2m:[0m [3mstage[0m[2m=[0m"create_proof.compute_trace.start" [3mrss_mb[0m[2m=[0m200 [3mhwm_mb[0m[2m=[0m204
[2m2026-09-15T07:00:42.371638Z[0m [32m INFO[0m [2mmidnight_bench[0m[2m:[0m [3mstage[0m[2m=[0m"trace.compute_instances.start" [3mrss_mb[0m[2m=[0m200 [3mhwm_mb[0m[2m=[0m204
[2m2026-09-15T07:00:42.377714Z[0m [32m INFO[0m [2mmidnight_bench[0m[2m:[0m [3mstage[0m[2m=[0m"trace.compute_instances.end" [3mrss_mb[0m[2m=[0m200 [3mhwm_mb[0m[2m=[0m204
[2m2026-09-15T07:00:42.377735Z[0m [32m INFO[0m [2mmidnight_bench[0m[2m:[0m [3mstage[0m[2m=[0m"trace.parse_advices.start" [3mrss_mb[0m[2m=[0m200 [3mhwm_mb[0m[2m=[0m204
[2m2026-09-15T07:00:42.383044Z[0m [32m INFO[0m [2mmidnight_bench[0m[2m:[0m [3mstage[0m[2m=[0m"trace.parse_advices.end" [3mrss_mb[0m[2m=[0m200 [3mhwm_mb[0m[2m=[0m204
[2m2026-09-15T07:00:42.383064Z[0m [32m INFO[0m [2mmidnight_bench[0m[2m:[0m [3mstage[0m[2m=[0m"trace.lookups_permuted.start" [3mrss_mb[0m[2m=[0m200 [3mhwm_mb[0m[2m=[0m204
[2m2026-09-15T07:00:42.433461Z[0m [32m INFO[0m [2mmidnight_bench[0m[2m:[0m [3mstage[0m[2m=[0m"trace.lookups_permuted.end" [3mrss_mb[0m[2m=[0m204 [3mhwm_mb[0m[2m=[0m204
[2m2026-09-15T07:00:42.433491Z[0m [32m INFO[0m [2mmidnight_bench[0m[2m:[0m [3mstage[0m[2m=[0m"trace.permutations_commit.start" [3mrss_mb[0m[2m=[0m204 [3mhwm_mb[0m[2m=[0m204
[2m2026-09-15T07:00:42.516723Z[0m [32m INFO[0m [2mmidnight_bench[0m[2m:[0m [3mstage[0m[2m=[0m"trace.permutations_commit.end" [3mrss_mb[0m[2m=[0m212 [3mhwm_mb[0m[2m=[0m212
[2m2026-09-15T07:00:42.516746Z[0m [32m INFO[0m [2mmidnight_bench[0m[2m:[0m [3mstage[0m[2m=[0m"trace.lookups_product.start" [3mrss_mb[0m[2m=[0m212 [3mhwm_mb[0m[2m=[0m212
[2m2026-09-15T07:00:42.573040Z[0m [32m INFO[0m [2mmidnight_bench[0m[2m:[0m [3mstage[0m[2m=[0m"trace.lookups_product.end" [3mrss_mb[0m[2m=[0m212 [3mhwm_mb[0m[2m=[0m212
[2m2026-09-15T07:00:42.600488Z[0m [32m INFO[0m [2mmidnight_bench[0m[2m:[0m [3mstage[0m[2m=[0m"create_proof.compute_trace.end" [3mrss_mb[0m[2m=[0m212 [3mhwm_mb[0m[2m=[0m212
[2m2026-09-15T07:00:42.600513Z[0m [32m INFO[0m [2mmidnight_bench[0m[2m:[0m [3mstage[0m[2m=[0m"create_proof.finalise_proof.start" [3mrss_mb[0m[2m=[0m212 [3mhwm_mb[0m[2m=[0m212
[2m2026-09-15T07:00:42.600522Z[0m [32m INFO[0m [2mmidnight_bench[0m[2m:[0m [3mstage[0m[2m=[0m"finalise.compute_h_poly.start" [3mrss_mb[0m[2m=[0m212 [3mhwm_mb[0m[2m=[0m212
[2m2026-09-15T07:00:42.617777Z[0m [32m INFO[0m [2mmidnight_bench[0m[2m:[0m [3mstage[0m[2m=[0m"finalise.compute_h_poly.materialise_fixed_cosets.start" [3mrss_mb[0m[2m=[0m212 [3mhwm_mb[0m[2m=[0m212
[2m2026-09-15T07:00:42.650987Z[0m [32m INFO[0m [2mmidnight_bench[0m[2m:[0m [3mstage[0m[2m=[0m"finalise.compute_h_poly.materialise_fixed_cosets.end" [3mrss_mb[0m[2m=[0m213 [3mhwm_mb[0m[2m=[0m213
[2m2026-09-15T07:00:42.651013Z[0m [32m INFO[0m [2mmidnight_bench[0m[2m:[0m [3mstage[0m[2m=[0m"finalise.compute_h_poly.materialise_perm_cosets.start" [3mrss_mb[0m[2m=[0m213 [3mhwm_mb[0m[2m=[0m213
[2m2026-09-15T07:00:42.667394Z[0m [32m INFO[0m [2mmidnight_bench[0m[2m:[0m [3mstage[0m[2m=[0m"finalise.compute_h_poly.materialise_perm_cosets.end" [3mrss_mb[0m[2m=[0m215 [3mhwm_mb[0m[2m=[0m215
[2m2026-09-15T07:00:42.795575Z[0m [32m INFO[0m [2mmidnight_bench[0m[2m:[0m [3mstage[0m[2m=[0m"finalise.compute_h_poly.drop_cosets.end" [3mrss_mb[0m[2m=[0m216 [3mhwm_mb[0m[2m=[0m216
[2m2026-09-15T07:00:42.795605Z[0m [32m INFO[0m [2mmidnight_bench[0m[2m:[0m [3mstage[0m[2m=[0m"finalise.compute_h_poly.end" [3mrss_mb[0m[2m=[0m216 [3mhwm_mb[0m[2m=[0m216
[2m2026-09-15T07:00:42.795612Z[0m [32m INFO[0m [2mmidnight_bench[0m[2m:[0m [3mstage[0m[2m=[0m"finalise.vanishing_construct.start" [3mrss_mb[0m[2m=[0m216 [3mhwm_mb[0m[2m=[0m216
[2m2026-09-15T07:00:42.885088Z[0m [32m INFO[0m [2mmidnight_bench[0m[2m:[0m [3mstage[0m[2m=[0m"finalise.vanishing_construct.end" [3mrss_mb[0m[2m=[0m216 [3mhwm_mb[0m[2m=[0m216
[2m2026-09-15T07:00:42.914017Z[0m [32m INFO[0m [2mmidnight_bench[0m[2m:[0m [3mstage[0m[2m=[0m"finalise.compute_queries.start" [3mrss_mb[0m[2m=[0m216 [3mhwm_mb[0m[2m=[0m216
[2m2026-09-15T07:00:42.914124Z[0m [32m INFO[0m [2mmidnight_bench[0m[2m:[0m [3mstage[0m[2m=[0m"finalise.multi_open.start" [3mrss_mb[0m[2m=[0m216 [3mhwm_mb[0m[2m=[0m216
[2m2026-09-15T07:00:43.007203Z[0m [32m INFO[0m [2mmidnight_bench[0m[2m:[0m [3mstage[0m[2m=[0m"finalise.multi_open.end" [3mrss_mb[0m[2m=[0m216 [3mhwm_mb[0m[2m=[0m216
[2m2026-09-15T07:00:43.007936Z[0m [32m INFO[0m [2mmidnight_bench[0m[2m:[0m [3mstage[0m[2m=[0m"create_proof.finalise_proof.end" [3mrss_mb[0m[2m=[0m194 [3mhwm_mb[0m[2m=[0m216
[2m2026-09-15T07:00:43.023286Z[0m [32m INFO[0m [2mactix_web::middleware::logger[0m[2m:[0m 192.168.65.1 POST /prove HTTP/1.1; took 0.730240s
[2m2026-09-15T07:00:43.024660Z[0m [32m INFO[0m [2mmidnight_proof_server::endpoints[0m[2m:[0m Starting to process request for /prove...
[2m2026-09-15T07:00:43.100589Z[0m [32m INFO[0m [2mmidnight_bench[0m[2m:[0m [3mstage[0m[2m=[0m"create_proof.compute_trace.start" [3mrss_mb[0m[2m=[0m208 [3mhwm_mb[0m[2m=[0m216
[2m2026-09-15T07:00:43.100622Z[0m [32m INFO[0m [2mmidnight_bench[0m[2m:[0m [3mstage[0m[2m=[0m"trace.compute_instances.start" [3mrss_mb[0m[2m=[0m208 [3mhwm_mb[0m[2m=[0m216
[2m2026-09-15T07:00:43.105554Z[0m [32m INFO[0m [2mmidnight_bench[0m[2m:[0m [3mstage[0m[2m=[0m"trace.compute_instances.end" [3mrss_mb[0m[2m=[0m208 [3mhwm_mb[0m[2m=[0m216
[2m2026-09-15T07:00:43.105573Z[0m [32m INFO[0m [2mmidnight_bench[0m[2m:[0m [3mstage[0m[2m=[0m"trace.parse_advices.start" [3mrss_mb[0m[2m=[0m208 [3mhwm_mb[0m[2m=[0m216
[2m2026-09-15T07:00:43.111577Z[0m [32m INFO[0m [2mmidnight_bench[0m[2m:[0m [3mstage[0m[2m=[0m"trace.parse_advices.end" [3mrss_mb[0m[2m=[0m215 [3mhwm_mb[0m[2m=[0m216
[2m2026-09-15T07:00:43.111596Z[0m [32m INFO[0m [2mmidnight_bench[0m[2m:[0m [3mstage[0m[2m=[0m"trace.lookups_permuted.start" [3mrss_mb[0m[2m=[0m215 [3mhwm_mb[0m[2m=[0m216
[2m2026-09-15T07:00:43.158395Z[0m [32m INFO[0m [2mmidnight_bench[0m[2m:[0m [3mstage[0m[2m=[0m"trace.lookups_permuted.end" [3mrss_mb[0m[2m=[0m219 [3mhwm_mb[0m[2m=[0m219
[2m2026-09-15T07:00:43.158423Z[0m [32m INFO[0m [2mmidnight_bench[0m[2m:[0m [3mstage[0m[2m=[0m"trace.permutations_commit.start" [3mrss_mb[0m[2m=[0m219 [3mhwm_mb[0m[2m=[0m219
[2m2026-09-15T07:00:43.236256Z[0m [32m INFO[0m [2mmidnight_bench[0m[2m:[0m [3mstage[0m[2m=[0m"trace.permutations_commit.end" [3mrss_mb[0m[2m=[0m227 [3mhwm_mb[0m[2m=[0m227
[2m2026-09-15T07:00:43.236278Z[0m [32m INFO[0m [2mmidnight_bench[0m[2m:[0m [3mstage[0m[2m=[0m"trace.lookups_product.start" [3mrss_mb[0m[2m=[0m227 [3mhwm_mb[0m[2m=[0m227
[2m2026-09-15T07:00:43.289620Z[0m [32m INFO[0m [2mmidnight_bench[0m[2m:[0m [3mstage[0m[2m=[0m"trace.lookups_product.end" [3mrss_mb[0m[2m=[0m227 [3mhwm_mb[0m[2m=[0m227
[2m2026-09-15T07:00:43.315278Z[0m [32m INFO[0m [2mmidnight_bench[0m[2m:[0m [3mstage[0m[2m=[0m"create_proof.compute_trace.end" [3mrss_mb[0m[2m=[0m227 [3mhwm_mb[0m[2m=[0m227
[2m2026-09-15T07:00:43.315309Z[0m [32m INFO[0m [2mmidnight_bench[0m[2m:[0m [3mstage[0m[2m=[0m"create_proof.finalise_proof.start" [3mrss_mb[0m[2m=[0m227 [3mhwm_mb[0m[2m=[0m227
[2m2026-09-15T07:00:43.315316Z[0m [32m INFO[0m [2mmidnight_bench[0m[2m:[0m [3mstage[0m[2m=[0m"finalise.compute_h_poly.start" [3mrss_mb[0m[2m=[0m227 [3mhwm_mb[0m[2m=[0m227
[2m2026-09-15T07:00:43.330646Z[0m [32m INFO[0m [2mmidnight_bench[0m[2m:[0m [3mstage[0m[2m=[0m"finalise.compute_h_poly.materialise_fixed_cosets.start" [3mrss_mb[0m[2m=[0m227 [3mhwm_mb[0m[2m=[0m227
[2m2026-09-15T07:00:43.355713Z[0m [32m INFO[0m [2mmidnight_bench[0m[2m:[0m [3mstage[0m[2m=[0m"finalise.compute_h_poly.materialise_fixed_cosets.end" [3mrss_mb[0m[2m=[0m227 [3mhwm_mb[0m[2m=[0m227
[2m2026-09-15T07:00:43.355743Z[0m [32m INFO[0m [2mmidnight_bench[0m[2m:[0m [3mstage[0m[2m=[0m"finalise.compute_h_poly.materialise_perm_cosets.start" [3mrss_mb[0m[2m=[0m227 [3mhwm_mb[0m[2m=[0m227
[2m2026-09-15T07:00:43.369727Z[0m [32m INFO[0m [2mmidnight_bench[0m[2m:[0m [3mstage[0m[2m=[0m"finalise.compute_h_poly.materialise_perm_cosets.end" [3mrss_mb[0m[2m=[0m231 [3mhwm_mb[0m[2m=[0m231
[2m2026-09-15T07:00:43.503081Z[0m [32m INFO[0m [2mmidnight_bench[0m[2m:[0m [3mstage[0m[2m=[0m"finalise.compute_h_poly.drop_cosets.end" [3mrss_mb[0m[2m=[0m233 [3mhwm_mb[0m[2m=[0m233
[2m2026-09-15T07:00:43.503111Z[0m [32m INFO[0m [2mmidnight_bench[0m[2m:[0m [3mstage[0m[2m=[0m"finalise.compute_h_poly.end" [3mrss_mb[0m[2m=[0m233 [3mhwm_mb[0m[2m=[0m233
[2m2026-09-15T07:00:43.503119Z[0m [32m INFO[0m [2mmidnight_bench[0m[2m:[0m [3mstage[0m[2m=[0m"finalise.vanishing_construct.start" [3mrss_mb[0m[2m=[0m233 [3mhwm_mb[0m[2m=[0m233
[2m2026-09-15T07:00:43.599251Z[0m [32m INFO[0m [2mmidnight_bench[0m[2m:[0m [3mstage[0m[2m=[0m"finalise.vanishing_construct.end" [3mrss_mb[0m[2m=[0m233 [3mhwm_mb[0m[2m=[0m233
[2m2026-09-15T07:00:43.630129Z[0m [32m INFO[0m [2mmidnight_bench[0m[2m:[0m [3mstage[0m[2m=[0m"finalise.compute_queries.start" [3mrss_mb[0m[2m=[0m233 [3mhwm_mb[0m[2m=[0m233
[2m2026-09-15T07:00:43.630233Z[0m [32m INFO[0m [2mmidnight_bench[0m[2m:[0m [3mstage[0m[2m=[0m"finalise.multi_open.start" [3mrss_mb[0m[2m=[0m233 [3mhwm_mb[0m[2m=[0m233
[2m2026-09-15T07:00:43.736888Z[0m [32m INFO[0m [2mmidnight_bench[0m[2m:[0m [3mstage[0m[2m=[0m"finalise.multi_open.end" [3mrss_mb[0m[2m=[0m233 [3mhwm_mb[0m[2m=[0m233
[2m2026-09-15T07:00:43.737630Z[0m [32m INFO[0m [2mmidnight_bench[0m[2m:[0m [3mstage[0m[2m=[0m"create_proof.finalise_proof.end" [3mrss_mb[0m[2m=[0m211 [3mhwm_mb[0m[2m=[0m232
[2m2026-09-15T07:00:43.753399Z[0m [32m INFO[0m [2mactix_web::middleware::logger[0m[2m:[0m 192.168.65.1 POST /prove HTTP/1.1; took 0.728754s
[2m2026-09-15T07:00:43.755099Z[0m [32m INFO[0m [2mmidnight_proof_server::endpoints[0m[2m:[0m Starting to process request for /prove...
[2m2026-09-15T07:00:43.837662Z[0m [32m INFO[0m [2mmidnight_bench[0m[2m:[0m [3mstage[0m[2m=[0m"create_proof.compute_trace.start" [3mrss_mb[0m[2m=[0m224 [3mhwm_mb[0m[2m=[0m232
[2m2026-09-15T07:00:43.837690Z[0m [32m INFO[0m [2mmidnight_bench[0m[2m:[0m [3mstage[0m[2m=[0m"trace.compute_instances.start" [3mrss_mb[0m[2m=[0m224 [3mhwm_mb[0m[2m=[0m232
[2m2026-09-15T07:00:43.843065Z[0m [32m INFO[0m [2mmidnight_bench[0m[2m:[0m [3mstage[0m[2m=[0m"trace.compute_instances.end" [3mrss_mb[0m[2m=[0m224 [3mhwm_mb[0m[2m=[0m232
[2m2026-09-15T07:00:43.843087Z[0m [32m INFO[0m [2mmidnight_bench[0m[2m:[0m [3mstage[0m[2m=[0m"trace.parse_advices.start" [3mrss_mb[0m[2m=[0m224 [3mhwm_mb[0m[2m=[0m232
[2m2026-09-15T07:00:43.849470Z[0m [32m INFO[0m [2mmidnight_bench[0m[2m:[0m [3mstage[0m[2m=[0m"trace.parse_advices.end" [3mrss_mb[0m[2m=[0m231 [3mhwm_mb[0m[2m=[0m232
[2m2026-09-15T07:00:43.849489Z[0m [32m INFO[0m [2mmidnight_bench[0m[2m:[0m [3mstage[0m[2m=[0m"trace.lookups_permuted.start" [3mrss_mb[0m[2m=[0m231 [3mhwm_mb[0m[2m=[0m232
[2m2026-09-15T07:00:43.896529Z[0m [32m INFO[0m [2mmidnight_bench[0m[2m:[0m [3mstage[0m[2m=[0m"trace.lookups_permuted.end" [3mrss_mb[0m[2m=[0m236 [3mhwm_mb[0m[2m=[0m236
[2m2026-09-15T07:00:43.896555Z[0m [32m INFO[0m [2mmidnight_bench[0m[2m:[0m [3mstage[0m[2m=[0m"trace.permutations_commit.start" [3mrss_mb[0m[2m=[0m236 [3mhwm_mb[0m[2m=[0m236
[2m2026-09-15T07:00:43.969992Z[0m [32m INFO[0m [2mmidnight_bench[0m[2m:[0m [3mstage[0m[2m=[0m"trace.permutations_commit.end" [3mrss_mb[0m[2m=[0m243 [3mhwm_mb[0m[2m=[0m243
[2m2026-09-15T07:00:43.970021Z[0m [32m INFO[0m [2mmidnight_bench[0m[2m:[0m [3mstage[0m[2m=[0m"trace.lookups_product.start" [3mrss_mb[0m[2m=[0m243 [3mhwm_mb[0m[2m=[0m243
[2m2026-09-15T07:00:44.027202Z[0m [32m INFO[0m [2mmidnight_bench[0m[2m:[0m [3mstage[0m[2m=[0m"trace.lookups_product.end" [3mrss_mb[0m[2m=[0m244 [3mhwm_mb[0m[2m=[0m244
[2m2026-09-15T07:00:44.053409Z[0m [32m INFO[0m [2mmidnight_bench[0m[2m:[0m [3mstage[0m[2m=[0m"create_proof.compute_trace.end" [3mrss_mb[0m[2m=[0m244 [3mhwm_mb[0m[2m=[0m244
[2m2026-09-15T07:00:44.053436Z[0m [32m INFO[0m [2mmidnight_bench[0m[2m:[0m [3mstage[0m[2m=[0m"create_proof.finalise_proof.start" [3mrss_mb[0m[2m=[0m244 [3mhwm_mb[0m[2m=[0m244
[2m2026-09-15T07:00:44.053444Z[0m [32m INFO[0m [2mmidnight_bench[0m[2m:[0m [3mstage[0m[2m=[0m"finalise.compute_h_poly.start" [3mrss_mb[0m[2m=[0m244 [3mhwm_mb[0m[2m=[0m244
[2m2026-09-15T07:00:44.071367Z[0m [32m INFO[0m [2mmidnight_bench[0m[2m:[0m [3mstage[0m[2m=[0m"finalise.compute_h_poly.materialise_fixed_cosets.start" [3mrss_mb[0m[2m=[0m244 [3mhwm_mb[0m[2m=[0m244
[2m2026-09-15T07:00:44.101992Z[0m [32m INFO[0m [2mmidnight_bench[0m[2m:[0m [3mstage[0m[2m=[0m"finalise.compute_h_poly.materialise_fixed_cosets.end" [3mrss_mb[0m[2m=[0m244 [3mhwm_mb[0m[2m=[0m244
[2m2026-09-15T07:00:44.102016Z[0m [32m INFO[0m [2mmidnight_bench[0m[2m:[0m [3mstage[0m[2m=[0m"finalise.compute_h_poly.materialise_perm_cosets.start" [3mrss_mb[0m[2m=[0m244 [3mhwm_mb[0m[2m=[0m244
[2m2026-09-15T07:00:44.117504Z[0m [32m INFO[0m [2mmidnight_bench[0m[2m:[0m [3mstage[0m[2m=[0m"finalise.compute_h_poly.materialise_perm_cosets.end" [3mrss_mb[0m[2m=[0m246 [3mhwm_mb[0m[2m=[0m246
[2m2026-09-15T07:00:44.261961Z[0m [32m INFO[0m [2mmidnight_bench[0m[2m:[0m [3mstage[0m[2m=[0m"finalise.compute_h_poly.drop_cosets.end" [3mrss_mb[0m[2m=[0m247 [3mhwm_mb[0m[2m=[0m247
[2m2026-09-15T07:00:44.261996Z[0m [32m INFO[0m [2mmidnight_bench[0m[2m:[0m [3mstage[0m[2m=[0m"finalise.compute_h_poly.end" [3mrss_mb[0m[2m=[0m247 [3mhwm_mb[0m[2m=[0m247
[2m2026-09-15T07:00:44.262004Z[0m [32m INFO[0m [2mmidnight_bench[0m[2m:[0m [3mstage[0m[2m=[0m"finalise.vanishing_construct.start" [3mrss_mb[0m[2m=[0m247 [3mhwm_mb[0m[2m=[0m247
[2m2026-09-15T07:00:44.361273Z[0m [32m INFO[0m [2mmidnight_bench[0m[2m:[0m [3mstage[0m[2m=[0m"finalise.vanishing_construct.end" [3mrss_mb[0m[2m=[0m247 [3mhwm_mb[0m[2m=[0m247
[2m2026-09-15T07:00:44.392137Z[0m [32m INFO[0m [2mmidnight_bench[0m[2m:[0m [3mstage[0m[2m=[0m"finalise.compute_queries.start" [3mrss_mb[0m[2m=[0m247 [3mhwm_mb[0m[2m=[0m247
[2m2026-09-15T07:00:44.392235Z[0m [32m INFO[0m [2mmidnight_bench[0m[2m:[0m [3mstage[0m[2m=[0m"finalise.multi_open.start" [3mrss_mb[0m[2m=[0m247 [3mhwm_mb[0m[2m=[0m247
[2m2026-09-15T07:00:44.488719Z[0m [32m INFO[0m [2mmidnight_bench[0m[2m:[0m [3mstage[0m[2m=[0m"finalise.multi_open.end" [3mrss_mb[0m[2m=[0m247 [3mhwm_mb[0m[2m=[0m247
[2m2026-09-15T07:00:44.489466Z[0m [32m INFO[0m [2mmidnight_bench[0m[2m:[0m [3mstage[0m[2m=[0m"create_proof.finalise_proof.end" [3mrss_mb[0m[2m=[0m225 [3mhwm_mb[0m[2m=[0m247
[2m2026-09-15T07:00:44.505548Z[0m [32m INFO[0m [2mactix_web::middleware::logger[0m[2m:[0m 192.168.65.1 POST /prove HTTP/1.1; took 0.750465s
[2m2026-09-15T07:00:44.507509Z[0m [32m INFO[0m [2mmidnight_proof_server::endpoints[0m[2m:[0m Starting to process request for /prove...
[2m2026-09-15T07:00:44.580945Z[0m [32m INFO[0m [2mmidnight_bench[0m[2m:[0m [3mstage[0m[2m=[0m"create_proof.compute_trace.start" [3mrss_mb[0m[2m=[0m243 [3mhwm_mb[0m[2m=[0m247
[2m2026-09-15T07:00:44.580973Z[0m [32m INFO[0m [2mmidnight_bench[0m[2m:[0m [3mstage[0m[2m=[0m"trace.compute_instances.start" [3mrss_mb[0m[2m=[0m243 [3mhwm_mb[0m[2m=[0m247
[2m2026-09-15T07:00:44.587044Z[0m [32m INFO[0m [2mmidnight_bench[0m[2m:[0m [3mstage[0m[2m=[0m"trace.compute_instances.end" [3mrss_mb[0m[2m=[0m243 [3mhwm_mb[0m[2m=[0m247
[2m2026-09-15T07:00:44.587068Z[0m [32m INFO[0m [2mmidnight_bench[0m[2m:[0m [3mstage[0m[2m=[0m"trace.parse_advices.start" [3mrss_mb[0m[2m=[0m243 [3mhwm_mb[0m[2m=[0m247
[2m2026-09-15T07:00:44.593420Z[0m [32m INFO[0m [2mmidnight_bench[0m[2m:[0m [3mstage[0m[2m=[0m"trace.parse_advices.end" [3mrss_mb[0m[2m=[0m247 [3mhwm_mb[0m[2m=[0m247
[2m2026-09-15T07:00:44.593446Z[0m [32m INFO[0m [2mmidnight_bench[0m[2m:[0m [3mstage[0m[2m=[0m"trace.lookups_permuted.start" [3mrss_mb[0m[2m=[0m247 [3mhwm_mb[0m[2m=[0m247
[2m2026-09-15T07:00:44.641021Z[0m [32m INFO[0m [2mmidnight_bench[0m[2m:[0m [3mstage[0m[2m=[0m"trace.lookups_permuted.end" [3mrss_mb[0m[2m=[0m252 [3mhwm_mb[0m[2m=[0m252
[2m2026-09-15T07:00:44.641057Z[0m [32m INFO[0m [2mmidnight_bench[0m[2m:[0m [3mstage[0m[2m=[0m"trace.permutations_commit.start" [3mrss_mb[0m[2m=[0m252 [3mhwm_mb[0m[2m=[0m252
[2m2026-09-15T07:00:44.715781Z[0m [32m INFO[0m [2mmidnight_bench[0m[2m:[0m [3mstage[0m[2m=[0m"trace.permutations_commit.end" [3mrss_mb[0m[2m=[0m260 [3mhwm_mb[0m[2m=[0m260
[2m2026-09-15T07:00:44.715805Z[0m [32m INFO[0m [2mmidnight_bench[0m[2m:[0m [3mstage[0m[2m=[0m"trace.lookups_product.start" [3mrss_mb[0m[2m=[0m260 [3mhwm_mb[0m[2m=[0m260
[2m2026-09-15T07:00:44.770588Z[0m [32m INFO[0m [2mmidnight_bench[0m[2m:[0m [3mstage[0m[2m=[0m"trace.lookups_product.end" [3mrss_mb[0m[2m=[0m260 [3mhwm_mb[0m[2m=[0m260
[2m2026-09-15T07:00:44.797075Z[0m [32m INFO[0m [2mmidnight_bench[0m[2m:[0m [3mstage[0m[2m=[0m"create_proof.compute_trace.end" [3mrss_mb[0m[2m=[0m260 [3mhwm_mb[0m[2m=[0m260
[2m2026-09-15T07:00:44.797102Z[0m [32m INFO[0m [2mmidnight_bench[0m[2m:[0m [3mstage[0m[2m=[0m"create_proof.finalise_proof.start" [3mrss_mb[0m[2m=[0m260 [3mhwm_mb[0m[2m=[0m260
[2m2026-09-15T07:00:44.797112Z[0m [32m INFO[0m [2mmidnight_bench[0m[2m:[0m [3mstage[0m[2m=[0m"finalise.compute_h_poly.start" [3mrss_mb[0m[2m=[0m260 [3mhwm_mb[0m[2m=[0m260
[2m2026-09-15T07:00:44.814523Z[0m [32m INFO[0m [2mmidnight_bench[0m[2m:[0m [3mstage[0m[2m=[0m"finalise.compute_h_poly.materialise_fixed_cosets.start" [3mrss_mb[0m[2m=[0m260 [3mhwm_mb[0m[2m=[0m260
[2m2026-09-15T07:00:44.849418Z[0m [32m INFO[0m [2mmidnight_bench[0m[2m:[0m [3mstage[0m[2m=[0m"finalise.compute_h_poly.materialise_fixed_cosets.end" [3mrss_mb[0m[2m=[0m260 [3mhwm_mb[0m[2m=[0m260
[2m2026-09-15T07:00:44.849444Z[0m [32m INFO[0m [2mmidnight_bench[0m[2m:[0m [3mstage[0m[2m=[0m"finalise.compute_h_poly.materialise_perm_cosets.start" [3mrss_mb[0m[2m=[0m260 [3mhwm_mb[0m[2m=[0m260
[2m2026-09-15T07:00:44.865163Z[0m [32m INFO[0m [2mmidnight_bench[0m[2m:[0m [3mstage[0m[2m=[0m"finalise.compute_h_poly.materialise_perm_cosets.end" [3mrss_mb[0m[2m=[0m262 [3mhwm_mb[0m[2m=[0m262
[2m2026-09-15T07:00:44.993871Z[0m [32m INFO[0m [2mmidnight_bench[0m[2m:[0m [3mstage[0m[2m=[0m"finalise.compute_h_poly.drop_cosets.end" [3mrss_mb[0m[2m=[0m263 [3mhwm_mb[0m[2m=[0m263
[2m2026-09-15T07:00:44.993902Z[0m [32m INFO[0m [2mmidnight_bench[0m[2m:[0m [3mstage[0m[2m=[0m"finalise.compute_h_poly.end" [3mrss_mb[0m[2m=[0m263 [3mhwm_mb[0m[2m=[0m263
[2m2026-09-15T07:00:44.993910Z[0m [32m INFO[0m [2mmidnight_bench[0m[2m:[0m [3mstage[0m[2m=[0m"finalise.vanishing_construct.start" [3mrss_mb[0m[2m=[0m263 [3mhwm_mb[0m[2m=[0m263
[2m2026-09-15T07:00:45.089551Z[0m [32m INFO[0m [2mmidnight_bench[0m[2m:[0m [3mstage[0m[2m=[0m"finalise.vanishing_construct.end" [3mrss_mb[0m[2m=[0m263 [3mhwm_mb[0m[2m=[0m263
[2m2026-09-15T07:00:45.119392Z[0m [32m INFO[0m [2mmidnight_bench[0m[2m:[0m [3mstage[0m[2m=[0m"finalise.compute_queries.start" [3mrss_mb[0m[2m=[0m263 [3mhwm_mb[0m[2m=[0m263
[2m2026-09-15T07:00:45.119489Z[0m [32m INFO[0m [2mmidnight_bench[0m[2m:[0m [3mstage[0m[2m=[0m"finalise.multi_open.start" [3mrss_mb[0m[2m=[0m263 [3mhwm_mb[0m[2m=[0m263
[2m2026-09-15T07:00:45.211723Z[0m [32m INFO[0m [2mmidnight_bench[0m[2m:[0m [3mstage[0m[2m=[0m"finalise.multi_open.end" [3mrss_mb[0m[2m=[0m263 [3mhwm_mb[0m[2m=[0m263
[2m2026-09-15T07:00:45.212429Z[0m [32m INFO[0m [2mmidnight_bench[0m[2m:[0m [3mstage[0m[2m=[0m"create_proof.finalise_proof.end" [3mrss_mb[0m[2m=[0m241 [3mhwm_mb[0m[2m=[0m262
[2m2026-09-15T07:00:45.228409Z[0m [32m INFO[0m [2mactix_web::middleware::logger[0m[2m:[0m 192.168.65.1 POST /prove HTTP/1.1; took 0.720920s
[2m2026-09-15T07:00:45.230388Z[0m [32m INFO[0m [2mmidnight_proof_server::endpoints[0m[2m:[0m Starting to process request for /prove...
[2m2026-09-15T07:00:45.306448Z[0m [32m INFO[0m [2mmidnight_bench[0m[2m:[0m [3mstage[0m[2m=[0m"create_proof.compute_trace.start" [3mrss_mb[0m[2m=[0m261 [3mhwm_mb[0m[2m=[0m262
[2m2026-09-15T07:00:45.306476Z[0m [32m INFO[0m [2mmidnight_bench[0m[2m:[0m [3mstage[0m[2m=[0m"trace.compute_instances.start" [3mrss_mb[0m[2m=[0m261 [3mhwm_mb[0m[2m=[0m262
[2m2026-09-15T07:00:45.313909Z[0m [32m INFO[0m [2mmidnight_bench[0m[2m:[0m [3mstage[0m[2m=[0m"trace.compute_instances.end" [3mrss_mb[0m[2m=[0m261 [3mhwm_mb[0m[2m=[0m262
[2m2026-09-15T07:00:45.313933Z[0m [32m INFO[0m [2mmidnight_bench[0m[2m:[0m [3mstage[0m[2m=[0m"trace.parse_advices.start" [3mrss_mb[0m[2m=[0m261 [3mhwm_mb[0m[2m=[0m262
[2m2026-09-15T07:00:45.320602Z[0m [32m INFO[0m [2mmidnight_bench[0m[2m:[0m [3mstage[0m[2m=[0m"trace.parse_advices.end" [3mrss_mb[0m[2m=[0m265 [3mhwm_mb[0m[2m=[0m265
[2m2026-09-15T07:00:45.320624Z[0m [32m INFO[0m [2mmidnight_bench[0m[2m:[0m [3mstage[0m[2m=[0m"trace.lookups_permuted.start" [3mrss_mb[0m[2m=[0m265 [3mhwm_mb[0m[2m=[0m265
[2m2026-09-15T07:00:45.376820Z[0m [32m INFO[0m [2mmidnight_bench[0m[2m:[0m [3mstage[0m[2m=[0m"trace.lookups_permuted.end" [3mrss_mb[0m[2m=[0m270 [3mhwm_mb[0m[2m=[0m270
[2m2026-09-15T07:00:45.376852Z[0m [32m INFO[0m [2mmidnight_bench[0m[2m:[0m [3mstage[0m[2m=[0m"trace.permutations_commit.start" [3mrss_mb[0m[2m=[0m270 [3mhwm_mb[0m[2m=[0m270
[2m2026-09-15T07:00:45.452887Z[0m [32m INFO[0m [2mmidnight_bench[0m[2m:[0m [3mstage[0m[2m=[0m"trace.permutations_commit.end" [3mrss_mb[0m[2m=[0m278 [3mhwm_mb[0m[2m=[0m278
[2m2026-09-15T07:00:45.452910Z[0m [32m INFO[0m [2mmidnight_bench[0m[2m:[0m [3mstage[0m[2m=[0m"trace.lookups_product.start" [3mrss_mb[0m[2m=[0m278 [3mhwm_mb[0m[2m=[0m278
[2m2026-09-15T07:00:45.504965Z[0m [32m INFO[0m [2mmidnight_bench[0m[2m:[0m [3mstage[0m[2m=[0m"trace.lookups_product.end" [3mrss_mb[0m[2m=[0m278 [3mhwm_mb[0m[2m=[0m278
[2m2026-09-15T07:00:45.530039Z[0m [32m INFO[0m [2mmidnight_bench[0m[2m:[0m [3mstage[0m[2m=[0m"create_proof.compute_trace.end" [3mrss_mb[0m[2m=[0m278 [3mhwm_mb[0m[2m=[0m278
[2m2026-09-15T07:00:45.530067Z[0m [32m INFO[0m [2mmidnight_bench[0m[2m:[0m [3mstage[0m[2m=[0m"create_proof.finalise_proof.start" [3mrss_mb[0m[2m=[0m278 [3mhwm_mb[0m[2m=[0m278
[2m2026-09-15T07:00:45.530075Z[0m [32m INFO[0m [2mmidnight_bench[0m[2m:[0m [3mstage[0m[2m=[0m"finalise.compute_h_poly.start" [3mrss_mb[0m[2m=[0m278 [3mhwm_mb[0m[2m=[0m278
[2m2026-09-15T07:00:45.548025Z[0m [32m INFO[0m [2mmidnight_bench[0m[2m:[0m [3mstage[0m[2m=[0m"finalise.compute_h_poly.materialise_fixed_cosets.start" [3mrss_mb[0m[2m=[0m278 [3mhwm_mb[0m[2m=[0m278
[2m2026-09-15T07:00:45.574556Z[0m [32m INFO[0m [2mmidnight_bench[0m[2m:[0m [3mstage[0m[2m=[0m"finalise.compute_h_poly.materialise_fixed_cosets.end" [3mrss_mb[0m[2m=[0m279 [3mhwm_mb[0m[2m=[0m279
[2m2026-09-15T07:00:45.574582Z[0m [32m INFO[0m [2mmidnight_bench[0m[2m:[0m [3mstage[0m[2m=[0m"finalise.compute_h_poly.materialise_perm_cosets.start" [3mrss_mb[0m[2m=[0m279 [3mhwm_mb[0m[2m=[0m279
[2m2026-09-15T07:00:45.589912Z[0m [32m INFO[0m [2mmidnight_bench[0m[2m:[0m [3mstage[0m[2m=[0m"finalise.compute_h_poly.materialise_perm_cosets.end" [3mrss_mb[0m[2m=[0m282 [3mhwm_mb[0m[2m=[0m282
[2m2026-09-15T07:00:45.715220Z[0m [32m INFO[0m [2mmidnight_bench[0m[2m:[0m [3mstage[0m[2m=[0m"finalise.compute_h_poly.drop_cosets.end" [3mrss_mb[0m[2m=[0m283 [3mhwm_mb[0m[2m=[0m283
[2m2026-09-15T07:00:45.715252Z[0m [32m INFO[0m [2mmidnight_bench[0m[2m:[0m [3mstage[0m[2m=[0m"finalise.compute_h_poly.end" [3mrss_mb[0m[2m=[0m283 [3mhwm_mb[0m[2m=[0m283
[2m2026-09-15T07:00:45.715259Z[0m [32m INFO[0m [2mmidnight_bench[0m[2m:[0m [3mstage[0m[2m=[0m"finalise.vanishing_construct.start" [3mrss_mb[0m[2m=[0m283 [3mhwm_mb[0m[2m=[0m283
[2m2026-09-15T07:00:45.811600Z[0m [32m INFO[0m [2mmidnight_bench[0m[2m:[0m [3mstage[0m[2m=[0m"finalise.vanishing_construct.end" [3mrss_mb[0m[2m=[0m283 [3mhwm_mb[0m[2m=[0m283
[2m2026-09-15T07:00:45.840029Z[0m [32m INFO[0m [2mmidnight_bench[0m[2m:[0m [3mstage[0m[2m=[0m"finalise.compute_queries.start" [3mrss_mb[0m[2m=[0m283 [3mhwm_mb[0m[2m=[0m283
[2m2026-09-15T07:00:45.840133Z[0m [32m INFO[0m [2mmidnight_bench[0m[2m:[0m [3mstage[0m[2m=[0m"finalise.multi_open.start" [3mrss_mb[0m[2m=[0m283 [3mhwm_mb[0m[2m=[0m283
[2m2026-09-15T07:00:45.933823Z[0m [32m INFO[0m [2mmidnight_bench[0m[2m:[0m [3mstage[0m[2m=[0m"finalise.multi_open.end" [3mrss_mb[0m[2m=[0m283 [3mhwm_mb[0m[2m=[0m283
[2m2026-09-15T07:00:45.934628Z[0m [32m INFO[0m [2mmidnight_bench[0m[2m:[0m [3mstage[0m[2m=[0m"create_proof.finalise_proof.end" [3mrss_mb[0m[2m=[0m261 [3mhwm_mb[0m[2m=[0m282
[2m2026-09-15T07:00:45.950444Z[0m [32m INFO[0m [2mactix_web::middleware::logger[0m[2m:[0m 192.168.65.1 POST /prove HTTP/1.1; took 0.720075s
[2m2026-09-15T07:00:45.952367Z[0m [32m INFO[0m [2mmidnight_proof_server::endpoints[0m[2m:[0m Starting to process request for /prove...
[2m2026-09-15T07:00:46.028616Z[0m [32m INFO[0m [2mmidnight_bench[0m[2m:[0m [3mstage[0m[2m=[0m"create_proof.compute_trace.start" [3mrss_mb[0m[2m=[0m263 [3mhwm_mb[0m[2m=[0m282
[2m2026-09-15T07:00:46.028648Z[0m [32m INFO[0m [2mmidnight_bench[0m[2m:[0m [3mstage[0m[2m=[0m"trace.compute_instances.start" [3mrss_mb[0m[2m=[0m263 [3mhwm_mb[0m[2m=[0m282
[2m2026-09-15T07:00:46.034226Z[0m [32m INFO[0m [2mmidnight_bench[0m[2m:[0m [3mstage[0m[2m=[0m"trace.compute_instances.end" [3mrss_mb[0m[2m=[0m263 [3mhwm_mb[0m[2m=[0m282
[2m2026-09-15T07:00:46.034246Z[0m [32m INFO[0m [2mmidnight_bench[0m[2m:[0m [3mstage[0m[2m=[0m"trace.parse_advices.start" [3mrss_mb[0m[2m=[0m263 [3mhwm_mb[0m[2m=[0m282
[2m2026-09-15T07:00:46.040541Z[0m [32m INFO[0m [2mmidnight_bench[0m[2m:[0m [3mstage[0m[2m=[0m"trace.parse_advices.end" [3mrss_mb[0m[2m=[0m268 [3mhwm_mb[0m[2m=[0m282
[2m2026-09-15T07:00:46.040563Z[0m [32m INFO[0m [2mmidnight_bench[0m[2m:[0m [3mstage[0m[2m=[0m"trace.lookups_permuted.start" [3mrss_mb[0m[2m=[0m268 [3mhwm_mb[0m[2m=[0m282
[2m2026-09-15T07:00:46.090344Z[0m [32m INFO[0m [2mmidnight_bench[0m[2m:[0m [3mstage[0m[2m=[0m"trace.lookups_permuted.end" [3mrss_mb[0m[2m=[0m273 [3mhwm_mb[0m[2m=[0m282
[2m2026-09-15T07:00:46.090376Z[0m [32m INFO[0m [2mmidnight_bench[0m[2m:[0m [3mstage[0m[2m=[0m"trace.permutations_commit.start" [3mrss_mb[0m[2m=[0m273 [3mhwm_mb[0m[2m=[0m282
[2m2026-09-15T07:00:46.164397Z[0m [32m INFO[0m [2mmidnight_bench[0m[2m:[0m [3mstage[0m[2m=[0m"trace.permutations_commit.end" [3mrss_mb[0m[2m=[0m280 [3mhwm_mb[0m[2m=[0m282
[2m2026-09-15T07:00:46.164421Z[0m [32m INFO[0m [2mmidnight_bench[0m[2m:[0m [3mstage[0m[2m=[0m"trace.lookups_product.start" [3mrss_mb[0m[2m=[0m280 [3mhwm_mb[0m[2m=[0m282
[2m2026-09-15T07:00:46.218399Z[0m [32m INFO[0m [2mmidnight_bench[0m[2m:[0m [3mstage[0m[2m=[0m"trace.lookups_product.end" [3mrss_mb[0m[2m=[0m280 [3mhwm_mb[0m[2m=[0m282
[2m2026-09-15T07:00:46.245202Z[0m [32m INFO[0m [2mmidnight_bench[0m[2m:[0m [3mstage[0m[2m=[0m"create_proof.compute_trace.end" [3mrss_mb[0m[2m=[0m281 [3mhwm_mb[0m[2m=[0m282
[2m2026-09-15T07:00:46.245247Z[0m [32m INFO[0m [2mmidnight_bench[0m[2m:[0m [3mstage[0m[2m=[0m"create_proof.finalise_proof.start" [3mrss_mb[0m[2m=[0m281 [3mhwm_mb[0m[2m=[0m282
[2m2026-09-15T07:00:46.245294Z[0m [32m INFO[0m [2mmidnight_bench[0m[2m:[0m [3mstage[0m[2m=[0m"finalise.compute_h_poly.start" [3mrss_mb[0m[2m=[0m281 [3mhwm_mb[0m[2m=[0m282
[2m2026-09-15T07:00:46.260653Z[0m [32m INFO[0m [2mmidnight_bench[0m[2m:[0m [3mstage[0m[2m=[0m"finalise.compute_h_poly.materialise_fixed_cosets.start" [3mrss_mb[0m[2m=[0m281 [3mhwm_mb[0m[2m=[0m282
[2m2026-09-15T07:00:46.287711Z[0m [32m INFO[0m [2mmidnight_bench[0m[2m:[0m [3mstage[0m[2m=[0m"finalise.compute_h_poly.materialise_fixed_cosets.end" [3mrss_mb[0m[2m=[0m281 [3mhwm_mb[0m[2m=[0m282
[2m2026-09-15T07:00:46.287737Z[0m [32m INFO[0m [2mmidnight_bench[0m[2m:[0m [3mstage[0m[2m=[0m"finalise.compute_h_poly.materialise_perm_cosets.start" [3mrss_mb[0m[2m=[0m281 [3mhwm_mb[0m[2m=[0m282
[2m2026-09-15T07:00:46.304239Z[0m [32m INFO[0m [2mmidnight_bench[0m[2m:[0m [3mstage[0m[2m=[0m"finalise.compute_h_poly.materialise_perm_cosets.end" [3mrss_mb[0m[2m=[0m281 [3mhwm_mb[0m[2m=[0m282
[2m2026-09-15T07:00:46.437495Z[0m [32m INFO[0m [2mmidnight_bench[0m[2m:[0m [3mstage[0m[2m=[0m"finalise.compute_h_poly.drop_cosets.end" [3mrss_mb[0m[2m=[0m282 [3mhwm_mb[0m[2m=[0m282
[2m2026-09-15T07:00:46.437525Z[0m [32m INFO[0m [2mmidnight_bench[0m[2m:[0m [3mstage[0m[2m=[0m"finalise.compute_h_poly.end" [3mrss_mb[0m[2m=[0m282 [3mhwm_mb[0m[2m=[0m282
[2m2026-09-15T07:00:46.437533Z[0m [32m INFO[0m [2mmidnight_bench[0m[2m:[0m [3mstage[0m[2m=[0m"finalise.vanishing_construct.start" [3mrss_mb[0m[2m=[0m282 [3mhwm_mb[0m[2m=[0m282
[2m2026-09-15T07:00:46.528075Z[0m [32m INFO[0m [2mmidnight_bench[0m[2m:[0m [3mstage[0m[2m=[0m"finalise.vanishing_construct.end" [3mrss_mb[0m[2m=[0m282 [3mhwm_mb[0m[2m=[0m282
[2m2026-09-15T07:00:46.556900Z[0m [32m INFO[0m [2mmidnight_bench[0m[2m:[0m [3mstage[0m[2m=[0m"finalise.compute_queries.start" [3mrss_mb[0m[2m=[0m282 [3mhwm_mb[0m[2m=[0m282
[2m2026-09-15T07:00:46.556994Z[0m [32m INFO[0m [2mmidnight_bench[0m[2m:[0m [3mstage[0m[2m=[0m"finalise.multi_open.start" [3mrss_mb[0m[2m=[0m282 [3mhwm_mb[0m[2m=[0m282
[2m2026-09-15T07:00:46.650434Z[0m [32m INFO[0m [2mmidnight_bench[0m[2m:[0m [3mstage[0m[2m=[0m"finalise.multi_open.end" [3mrss_mb[0m[2m=[0m282 [3mhwm_mb[0m[2m=[0m282
[2m2026-09-15T07:00:46.651116Z[0m [32m INFO[0m [2mmidnight_bench[0m[2m:[0m [3mstage[0m[2m=[0m"create_proof.finalise_proof.end" [3mrss_mb[0m[2m=[0m260 [3mhwm_mb[0m[2m=[0m282
[2m2026-09-15T07:00:46.667135Z[0m [32m INFO[0m [2mactix_web::middleware::logger[0m[2m:[0m 192.168.65.1 POST /prove HTTP/1.1; took 0.714789s
[2m2026-09-15T07:00:46.669648Z[0m [32m INFO[0m [2mmidnight_proof_server::endpoints[0m[2m:[0m Starting to process request for /prove...
[2m2026-09-15T07:00:46.740247Z[0m [32m INFO[0m [2mmidnight_bench[0m[2m:[0m [3mstage[0m[2m=[0m"create_proof.compute_trace.start" [3mrss_mb[0m[2m=[0m276 [3mhwm_mb[0m[2m=[0m282
[2m2026-09-15T07:00:46.740276Z[0m [32m INFO[0m [2mmidnight_bench[0m[2m:[0m [3mstage[0m[2m=[0m"trace.compute_instances.start" [3mrss_mb[0m[2m=[0m276 [3mhwm_mb[0m[2m=[0m282
[2m2026-09-15T07:00:46.745615Z[0m [32m INFO[0m [2mmidnight_bench[0m[2m:[0m [3mstage[0m[2m=[0m"trace.compute_instances.end" [3mrss_mb[0m[2m=[0m276 [3mhwm_mb[0m[2m=[0m282
[2m2026-09-15T07:00:46.745639Z[0m [32m INFO[0m [2mmidnight_bench[0m[2m:[0m [3mstage[0m[2m=[0m"trace.parse_advices.start" [3mrss_mb[0m[2m=[0m276 [3mhwm_mb[0m[2m=[0m282
[2m2026-09-15T07:00:46.751455Z[0m [32m INFO[0m [2mmidnight_bench[0m[2m:[0m [3mstage[0m[2m=[0m"trace.parse_advices.end" [3mrss_mb[0m[2m=[0m281 [3mhwm_mb[0m[2m=[0m282
[2m2026-09-15T07:00:46.751476Z[0m [32m INFO[0m [2mmidnight_bench[0m[2m:[0m [3mstage[0m[2m=[0m"trace.lookups_permuted.start" [3mrss_mb[0m[2m=[0m281 [3mhwm_mb[0m[2m=[0m282
[2m2026-09-15T07:00:46.799987Z[0m [32m INFO[0m [2mmidnight_bench[0m[2m:[0m [3mstage[0m[2m=[0m"trace.lookups_permuted.end" [3mrss_mb[0m[2m=[0m286 [3mhwm_mb[0m[2m=[0m286
[2m2026-09-15T07:00:46.800014Z[0m [32m INFO[0m [2mmidnight_bench[0m[2m:[0m [3mstage[0m[2m=[0m"trace.permutations_commit.start" [3mrss_mb[0m[2m=[0m286 [3mhwm_mb[0m[2m=[0m286
[2m2026-09-15T07:00:46.874206Z[0m [32m INFO[0m [2mmidnight_bench[0m[2m:[0m [3mstage[0m[2m=[0m"trace.permutations_commit.end" [3mrss_mb[0m[2m=[0m293 [3mhwm_mb[0m[2m=[0m293
[2m2026-09-15T07:00:46.874235Z[0m [32m INFO[0m [2mmidnight_bench[0m[2m:[0m [3mstage[0m[2m=[0m"trace.lookups_product.start" [3mrss_mb[0m[2m=[0m293 [3mhwm_mb[0m[2m=[0m293
[2m2026-09-15T07:00:46.926229Z[0m [32m INFO[0m [2mmidnight_bench[0m[2m:[0m [3mstage[0m[2m=[0m"trace.lookups_product.end" [3mrss_mb[0m[2m=[0m294 [3mhwm_mb[0m[2m=[0m294
[2m2026-09-15T07:00:46.950843Z[0m [32m INFO[0m [2mmidnight_bench[0m[2m:[0m [3mstage[0m[2m=[0m"create_proof.compute_trace.end" [3mrss_mb[0m[2m=[0m295 [3mhwm_mb[0m[2m=[0m295
[2m2026-09-15T07:00:46.950867Z[0m [32m INFO[0m [2mmidnight_bench[0m[2m:[0m [3mstage[0m[2m=[0m"create_proof.finalise_proof.start" [3mrss_mb[0m[2m=[0m295 [3mhwm_mb[0m[2m=[0m295
[2m2026-09-15T07:00:46.950876Z[0m [32m INFO[0m [2mmidnight_bench[0m[2m:[0m [3mstage[0m[2m=[0m"finalise.compute_h_poly.start" [3mrss_mb[0m[2m=[0m295 [3mhwm_mb[0m[2m=[0m295
[2m2026-09-15T07:00:46.966985Z[0m [32m INFO[0m [2mmidnight_bench[0m[2m:[0m [3mstage[0m[2m=[0m"finalise.compute_h_poly.materialise_fixed_cosets.start" [3mrss_mb[0m[2m=[0m295 [3mhwm_mb[0m[2m=[0m295
[2m2026-09-15T07:00:46.994629Z[0m [32m INFO[0m [2mmidnight_bench[0m[2m:[0m [3mstage[0m[2m=[0m"finalise.compute_h_poly.materialise_fixed_cosets.end" [3mrss_mb[0m[2m=[0m295 [3mhwm_mb[0m[2m=[0m295
[2m2026-09-15T07:00:46.994659Z[0m [32m INFO[0m [2mmidnight_bench[0m[2m:[0m [3mstage[0m[2m=[0m"finalise.compute_h_poly.materialise_perm_cosets.start" [3mrss_mb[0m[2m=[0m295 [3mhwm_mb[0m[2m=[0m295
[2m2026-09-15T07:00:47.007566Z[0m [32m INFO[0m [2mmidnight_bench[0m[2m:[0m [3mstage[0m[2m=[0m"finalise.compute_h_poly.materialise_perm_cosets.end" [3mrss_mb[0m[2m=[0m297 [3mhwm_mb[0m[2m=[0m297
[2m2026-09-15T07:00:47.130678Z[0m [32m INFO[0m [2mmidnight_bench[0m[2m:[0m [3mstage[0m[2m=[0m"finalise.compute_h_poly.drop_cosets.end" [3mrss_mb[0m[2m=[0m297 [3mhwm_mb[0m[2m=[0m297
[2m2026-09-15T07:00:47.130710Z[0m [32m INFO[0m [2mmidnight_bench[0m[2m:[0m [3mstage[0m[2m=[0m"finalise.compute_h_poly.end" [3mrss_mb[0m[2m=[0m297 [3mhwm_mb[0m[2m=[0m297
[2m2026-09-15T07:00:47.130718Z[0m [32m INFO[0m [2mmidnight_bench[0m[2m:[0m [3mstage[0m[2m=[0m"finalise.vanishing_construct.start" [3mrss_mb[0m[2m=[0m297 [3mhwm_mb[0m[2m=[0m297
[2m2026-09-15T07:00:47.216699Z[0m [32m INFO[0m [2mmidnight_bench[0m[2m:[0m [3mstage[0m[2m=[0m"finalise.vanishing_construct.end" [3mrss_mb[0m[2m=[0m297 [3mhwm_mb[0m[2m=[0m297
[2m2026-09-15T07:00:47.244020Z[0m [32m INFO[0m [2mmidnight_bench[0m[2m:[0m [3mstage[0m[2m=[0m"finalise.compute_queries.start" [3mrss_mb[0m[2m=[0m297 [3mhwm_mb[0m[2m=[0m297
[2m2026-09-15T07:00:47.244109Z[0m [32m INFO[0m [2mmidnight_bench[0m[2m:[0m [3mstage[0m[2m=[0m"finalise.multi_open.start" [3mrss_mb[0m[2m=[0m297 [3mhwm_mb[0m[2m=[0m297
[2m2026-09-15T07:00:47.333375Z[0m [32m INFO[0m [2mmidnight_bench[0m[2m:[0m [3mstage[0m[2m=[0m"finalise.multi_open.end" [3mrss_mb[0m[2m=[0m297 [3mhwm_mb[0m[2m=[0m297
[2m2026-09-15T07:00:47.334075Z[0m [32m INFO[0m [2mmidnight_bench[0m[2m:[0m [3mstage[0m[2m=[0m"create_proof.finalise_proof.end" [3mrss_mb[0m[2m=[0m275 [3mhwm_mb[0m[2m=[0m296
[2m2026-09-15T07:00:47.349884Z[0m [32m INFO[0m [2mactix_web::middleware::logger[0m[2m:[0m 192.168.65.1 POST /prove HTTP/1.1; took 0.680252s
[2m2026-09-15T07:00:47.352169Z[0m [32m INFO[0m [2mmidnight_proof_server::endpoints[0m[2m:[0m Starting to process request for /prove...
[2m2026-09-15T07:00:47.427548Z[0m [32m INFO[0m [2mmidnight_bench[0m[2m:[0m [3mstage[0m[2m=[0m"create_proof.compute_trace.start" [3mrss_mb[0m[2m=[0m293 [3mhwm_mb[0m[2m=[0m296
[2m2026-09-15T07:00:47.427580Z[0m [32m INFO[0m [2mmidnight_bench[0m[2m:[0m [3mstage[0m[2m=[0m"trace.compute_instances.start" [3mrss_mb[0m[2m=[0m293 [3mhwm_mb[0m[2m=[0m296
[2m2026-09-15T07:00:47.433313Z[0m [32m INFO[0m [2mmidnight_bench[0m[2m:[0m [3mstage[0m[2m=[0m"trace.compute_instances.end" [3mrss_mb[0m[2m=[0m293 [3mhwm_mb[0m[2m=[0m296
[2m2026-09-15T07:00:47.433332Z[0m [32m INFO[0m [2mmidnight_bench[0m[2m:[0m [3mstage[0m[2m=[0m"trace.parse_advices.start" [3mrss_mb[0m[2m=[0m293 [3mhwm_mb[0m[2m=[0m296
[2m2026-09-15T07:00:47.438945Z[0m [32m INFO[0m [2mmidnight_bench[0m[2m:[0m [3mstage[0m[2m=[0m"trace.parse_advices.end" [3mrss_mb[0m[2m=[0m297 [3mhwm_mb[0m[2m=[0m297
[2m2026-09-15T07:00:47.438964Z[0m [32m INFO[0m [2mmidnight_bench[0m[2m:[0m [3mstage[0m[2m=[0m"trace.lookups_permuted.start" [3mrss_mb[0m[2m=[0m297 [3mhwm_mb[0m[2m=[0m297
[2m2026-09-15T07:00:47.484670Z[0m [32m INFO[0m [2mmidnight_bench[0m[2m:[0m [3mstage[0m[2m=[0m"trace.lookups_permuted.end" [3mrss_mb[0m[2m=[0m302 [3mhwm_mb[0m[2m=[0m302
[2m2026-09-15T07:00:47.484699Z[0m [32m INFO[0m [2mmidnight_bench[0m[2m:[0m [3mstage[0m[2m=[0m"trace.permutations_commit.start" [3mrss_mb[0m[2m=[0m302 [3mhwm_mb[0m[2m=[0m302
[2m2026-09-15T07:00:47.564026Z[0m [32m INFO[0m [2mmidnight_bench[0m[2m:[0m [3mstage[0m[2m=[0m"trace.permutations_commit.end" [3mrss_mb[0m[2m=[0m310 [3mhwm_mb[0m[2m=[0m310
[2m2026-09-15T07:00:47.564050Z[0m [32m INFO[0m [2mmidnight_bench[0m[2m:[0m [3mstage[0m[2m=[0m"trace.lookups_product.start" [3mrss_mb[0m[2m=[0m310 [3mhwm_mb[0m[2m=[0m310
[2m2026-09-15T07:00:47.623151Z[0m [32m INFO[0m [2mmidnight_bench[0m[2m:[0m [3mstage[0m[2m=[0m"trace.lookups_product.end" [3mrss_mb[0m[2m=[0m310 [3mhwm_mb[0m[2m=[0m310
[2m2026-09-15T07:00:47.658275Z[0m [32m INFO[0m [2mmidnight_bench[0m[2m:[0m [3mstage[0m[2m=[0m"create_proof.compute_trace.end" [3mrss_mb[0m[2m=[0m310 [3mhwm_mb[0m[2m=[0m310
[2m2026-09-15T07:00:47.658300Z[0m [32m INFO[0m [2mmidnight_bench[0m[2m:[0m [3mstage[0m[2m=[0m"create_proof.finalise_proof.start" [3mrss_mb[0m[2m=[0m310 [3mhwm_mb[0m[2m=[0m310
[2m2026-09-15T07:00:47.658309Z[0m [32m INFO[0m [2mmidnight_bench[0m[2m:[0m [3mstage[0m[2m=[0m"finalise.compute_h_poly.start" [3mrss_mb[0m[2m=[0m310 [3mhwm_mb[0m[2m=[0m310
[2m2026-09-15T07:00:47.679423Z[0m [32m INFO[0m [2mmidnight_bench[0m[2m:[0m [3mstage[0m[2m=[0m"finalise.compute_h_poly.materialise_fixed_cosets.start" [3mrss_mb[0m[2m=[0m310 [3mhwm_mb[0m[2m=[0m310
[2m2026-09-15T07:00:47.712279Z[0m [32m INFO[0m [2mmidnight_bench[0m[2m:[0m [3mstage[0m[2m=[0m"finalise.compute_h_poly.materialise_fixed_cosets.end" [3mrss_mb[0m[2m=[0m311 [3mhwm_mb[0m[2m=[0m311
[2m2026-09-15T07:00:47.712303Z[0m [32m INFO[0m [2mmidnight_bench[0m[2m:[0m [3mstage[0m[2m=[0m"finalise.compute_h_poly.materialise_perm_cosets.start" [3mrss_mb[0m[2m=[0m311 [3mhwm_mb[0m[2m=[0m311
[2m2026-09-15T07:00:47.735075Z[0m [32m INFO[0m [2mmidnight_bench[0m[2m:[0m [3mstage[0m[2m=[0m"finalise.compute_h_poly.materialise_perm_cosets.end" [3mrss_mb[0m[2m=[0m312 [3mhwm_mb[0m[2m=[0m312
[2m2026-09-15T07:00:48.084204Z[0m [32m INFO[0m [2mmidnight_bench[0m[2m:[0m [3mstage[0m[2m=[0m"finalise.compute_h_poly.drop_cosets.end" [3mrss_mb[0m[2m=[0m313 [3mhwm_mb[0m[2m=[0m313
[2m2026-09-15T07:00:48.084235Z[0m [32m INFO[0m [2mmidnight_bench[0m[2m:[0m [3mstage[0m[2m=[0m"finalise.compute_h_poly.end" [3mrss_mb[0m[2m=[0m313 [3mhwm_mb[0m[2m=[0m313
[2m2026-09-15T07:00:48.084243Z[0m [32m INFO[0m [2mmidnight_bench[0m[2m:[0m [3mstage[0m[2m=[0m"finalise.vanishing_construct.start" [3mrss_mb[0m[2m=[0m313 [3mhwm_mb[0m[2m=[0m313
[2m2026-09-15T07:00:48.202267Z[0m [32m INFO[0m [2mmidnight_bench[0m[2m:[0m [3mstage[0m[2m=[0m"finalise.vanishing_construct.end" [3mrss_mb[0m[2m=[0m313 [3mhwm_mb[0m[2m=[0m313
[2m2026-09-15T07:00:48.245270Z[0m [32m INFO[0m [2mmidnight_bench[0m[2m:[0m [3mstage[0m[2m=[0m"finalise.compute_queries.start" [3mrss_mb[0m[2m=[0m313 [3mhwm_mb[0m[2m=[0m313
[2m2026-09-15T07:00:48.245388Z[0m [32m INFO[0m [2mmidnight_bench[0m[2m:[0m [3mstage[0m[2m=[0m"finalise.multi_open.start" [3mrss_mb[0m[2m=[0m313 [3mhwm_mb[0m[2m=[0m313
[2m2026-09-15T07:00:48.372373Z[0m [32m INFO[0m [2mmidnight_bench[0m[2m:[0m [3mstage[0m[2m=[0m"finalise.multi_open.end" [3mrss_mb[0m[2m=[0m313 [3mhwm_mb[0m[2m=[0m313
[2m2026-09-15T07:00:48.373087Z[0m [32m INFO[0m [2mmidnight_bench[0m[2m:[0m [3mstage[0m[2m=[0m"create_proof.finalise_proof.end" [3mrss_mb[0m[2m=[0m291 [3mhwm_mb[0m[2m=[0m312
[2m2026-09-15T07:00:48.391524Z[0m [32m INFO[0m [2mactix_web::middleware::logger[0m[2m:[0m 192.168.65.1 POST /prove HTTP/1.1; took 1.039372s
[2m2026-09-15T07:00:48.394993Z[0m [32m INFO[0m [2mmidnight_proof_server::endpoints[0m[2m:[0m Starting to process request for /prove...
[2m2026-09-15T07:00:48.516178Z[0m [32m INFO[0m [2mmidnight_bench[0m[2m:[0m [3mstage[0m[2m=[0m"create_proof.compute_trace.start" [3mrss_mb[0m[2m=[0m308 [3mhwm_mb[0m[2m=[0m312
[2m2026-09-15T07:00:48.516337Z[0m [32m INFO[0m [2mmidnight_bench[0m[2m:[0m [3mstage[0m[2m=[0m"trace.compute_instances.start" [3mrss_mb[0m[2m=[0m308 [3mhwm_mb[0m[2m=[0m312
[2m2026-09-15T07:00:48.525051Z[0m [32m INFO[0m [2mmidnight_bench[0m[2m:[0m [3mstage[0m[2m=[0m"trace.compute_instances.end" [3mrss_mb[0m[2m=[0m308 [3mhwm_mb[0m[2m=[0m312
[2m2026-09-15T07:00:48.525073Z[0m [32m INFO[0m [2mmidnight_bench[0m[2m:[0m [3mstage[0m[2m=[0m"trace.parse_advices.start" [3mrss_mb[0m[2m=[0m308 [3mhwm_mb[0m[2m=[0m312
[2m2026-09-15T07:00:48.539090Z[0m [32m INFO[0m [2mmidnight_bench[0m[2m:[0m [3mstage[0m[2m=[0m"trace.parse_advices.end" [3mrss_mb[0m[2m=[0m313 [3mhwm_mb[0m[2m=[0m313
[2m2026-09-15T07:00:48.539119Z[0m [32m INFO[0m [2mmidnight_bench[0m[2m:[0m [3mstage[0m[2m=[0m"trace.lookups_permuted.start" [3mrss_mb[0m[2m=[0m313 [3mhwm_mb[0m[2m=[0m313
[2m2026-09-15T07:00:48.614476Z[0m [32m INFO[0m [2mmidnight_bench[0m[2m:[0m [3mstage[0m[2m=[0m"trace.lookups_permuted.end" [3mrss_mb[0m[2m=[0m318 [3mhwm_mb[0m[2m=[0m318
[2m2026-09-15T07:00:48.614508Z[0m [32m INFO[0m [2mmidnight_bench[0m[2m:[0m [3mstage[0m[2m=[0m"trace.permutations_commit.start" [3mrss_mb[0m[2m=[0m318 [3mhwm_mb[0m[2m=[0m318
[2m2026-09-15T07:00:48.773990Z[0m [32m INFO[0m [2mmidnight_bench[0m[2m:[0m [3mstage[0m[2m=[0m"trace.permutations_commit.end" [3mrss_mb[0m[2m=[0m325 [3mhwm_mb[0m[2m=[0m325
[2m2026-09-15T07:00:48.774332Z[0m [32m INFO[0m [2mmidnight_bench[0m[2m:[0m [3mstage[0m[2m=[0m"trace.lookups_product.start" [3mrss_mb[0m[2m=[0m325 [3mhwm_mb[0m[2m=[0m325
[2m2026-09-15T07:00:48.877384Z[0m [32m INFO[0m [2mmidnight_bench[0m[2m:[0m [3mstage[0m[2m=[0m"trace.lookups_product.end" [3mrss_mb[0m[2m=[0m325 [3mhwm_mb[0m[2m=[0m325
[2m2026-09-15T07:00:48.948875Z[0m [32m INFO[0m [2mmidnight_bench[0m[2m:[0m [3mstage[0m[2m=[0m"create_proof.compute_trace.end" [3mrss_mb[0m[2m=[0m326 [3mhwm_mb[0m[2m=[0m326
[2m2026-09-15T07:00:48.948928Z[0m [32m INFO[0m [2mmidnight_bench[0m[2m:[0m [3mstage[0m[2m=[0m"create_proof.finalise_proof.start" [3mrss_mb[0m[2m=[0m326 [3mhwm_mb[0m[2m=[0m326
[2m2026-09-15T07:00:48.948945Z[0m [32m INFO[0m [2mmidnight_bench[0m[2m:[0m [3mstage[0m[2m=[0m"finalise.compute_h_poly.start" [3mrss_mb[0m[2m=[0m326 [3mhwm_mb[0m[2m=[0m326
[2m2026-09-15T07:00:48.986552Z[0m [32m INFO[0m [2mmidnight_bench[0m[2m:[0m [3mstage[0m[2m=[0m"finalise.compute_h_poly.materialise_fixed_cosets.start" [3mrss_mb[0m[2m=[0m326 [3mhwm_mb[0m[2m=[0m326
[2m2026-09-15T07:00:49.039859Z[0m [32m INFO[0m [2mmidnight_bench[0m[2m:[0m [3mstage[0m[2m=[0m"finalise.compute_h_poly.materialise_fixed_cosets.end" [3mrss_mb[0m[2m=[0m326 [3mhwm_mb[0m[2m=[0m326
[2m2026-09-15T07:00:49.039916Z[0m [32m INFO[0m [2mmidnight_bench[0m[2m:[0m [3mstage[0m[2m=[0m"finalise.compute_h_poly.materialise_perm_cosets.start" [3mrss_mb[0m[2m=[0m326 [3mhwm_mb[0m[2m=[0m326
[2m2026-09-15T07:00:49.071725Z[0m [32m INFO[0m [2mmidnight_bench[0m[2m:[0m [3mstage[0m[2m=[0m"finalise.compute_h_poly.materialise_perm_cosets.end" [3mrss_mb[0m[2m=[0m326 [3mhwm_mb[0m[2m=[0m326
[2m2026-09-15T07:00:49.318404Z[0m [32m INFO[0m [2mmidnight_bench[0m[2m:[0m [3mstage[0m[2m=[0m"finalise.compute_h_poly.drop_cosets.end" [3mrss_mb[0m[2m=[0m327 [3mhwm_mb[0m[2m=[0m327
[2m2026-09-15T07:00:49.318470Z[0m [32m INFO[0m [2mmidnight_bench[0m[2m:[0m [3mstage[0m[2m=[0m"finalise.compute_h_poly.end" [3mrss_mb[0m[2m=[0m327 [3mhwm_mb[0m[2m=[0m327
[2m2026-09-15T07:00:49.318480Z[0m [32m INFO[0m [2mmidnight_bench[0m[2m:[0m [3mstage[0m[2m=[0m"finalise.vanishing_construct.start" [3mrss_mb[0m[2m=[0m327 [3mhwm_mb[0m[2m=[0m327
[2m2026-09-15T07:00:49.492825Z[0m [32m INFO[0m [2mmidnight_bench[0m[2m:[0m [3mstage[0m[2m=[0m"finalise.vanishing_construct.end" [3mrss_mb[0m[2m=[0m327 [3mhwm_mb[0m[2m=[0m327
[2m2026-09-15T07:00:49.560261Z[0m [32m INFO[0m [2mmidnight_bench[0m[2m:[0m [3mstage[0m[2m=[0m"finalise.compute_queries.start" [3mrss_mb[0m[2m=[0m327 [3mhwm_mb[0m[2m=[0m327
[2m2026-09-15T07:00:49.560353Z[0m [32m INFO[0m [2mmidnight_bench[0m[2m:[0m [3mstage[0m[2m=[0m"finalise.multi_open.start" [3mrss_mb[0m[2m=[0m327 [3mhwm_mb[0m[2m=[0m327
[2m2026-09-15T07:00:49.768382Z[0m [32m INFO[0m [2mmidnight_bench[0m[2m:[0m [3mstage[0m[2m=[0m"finalise.multi_open.end" [3mrss_mb[0m[2m=[0m327 [3mhwm_mb[0m[2m=[0m327
[2m2026-09-15T07:00:49.769273Z[0m [32m INFO[0m [2mmidnight_bench[0m[2m:[0m [3mstage[0m[2m=[0m"create_proof.finalise_proof.end" [3mrss_mb[0m[2m=[0m304 [3mhwm_mb[0m[2m=[0m326
[2m2026-09-15T07:00:49.790288Z[0m [32m INFO[0m [2mactix_web::middleware::logger[0m[2m:[0m 192.168.65.1 POST /prove HTTP/1.1; took 1.395329s
[2m2026-09-15T07:00:49.792746Z[0m [32m INFO[0m [2mmidnight_proof_server::endpoints[0m[2m:[0m Starting to process request for /prove...
[2m2026-09-15T07:00:49.885780Z[0m [32m INFO[0m [2mmidnight_bench[0m[2m:[0m [3mstage[0m[2m=[0m"create_proof.compute_trace.start" [3mrss_mb[0m[2m=[0m322 [3mhwm_mb[0m[2m=[0m326
[2m2026-09-15T07:00:49.885810Z[0m [32m INFO[0m [2mmidnight_bench[0m[2m:[0m [3mstage[0m[2m=[0m"trace.compute_instances.start" [3mrss_mb[0m[2m=[0m322 [3mhwm_mb[0m[2m=[0m326
[2m2026-09-15T07:00:49.892656Z[0m [32m INFO[0m [2mmidnight_bench[0m[2m:[0m [3mstage[0m[2m=[0m"trace.compute_instances.end" [3mrss_mb[0m[2m=[0m322 [3mhwm_mb[0m[2m=[0m326
[2m2026-09-15T07:00:49.892686Z[0m [32m INFO[0m [2mmidnight_bench[0m[2m:[0m [3mstage[0m[2m=[0m"trace.parse_advices.start" [3mrss_mb[0m[2m=[0m322 [3mhwm_mb[0m[2m=[0m326
[2m2026-09-15T07:00:49.898821Z[0m [32m INFO[0m [2mmidnight_bench[0m[2m:[0m [3mstage[0m[2m=[0m"trace.parse_advices.end" [3mrss_mb[0m[2m=[0m327 [3mhwm_mb[0m[2m=[0m327
[2m2026-09-15T07:00:49.898846Z[0m [32m INFO[0m [2mmidnight_bench[0m[2m:[0m [3mstage[0m[2m=[0m"trace.lookups_permuted.start" [3mrss_mb[0m[2m=[0m327 [3mhwm_mb[0m[2m=[0m327
[2m2026-09-15T07:00:49.949172Z[0m [32m INFO[0m [2mmidnight_bench[0m[2m:[0m [3mstage[0m[2m=[0m"trace.lookups_permuted.end" [3mrss_mb[0m[2m=[0m332 [3mhwm_mb[0m[2m=[0m332
[2m2026-09-15T07:00:49.949212Z[0m [32m INFO[0m [2mmidnight_bench[0m[2m:[0m [3mstage[0m[2m=[0m"trace.permutations_commit.start" [3mrss_mb[0m[2m=[0m332 [3mhwm_mb[0m[2m=[0m332
[2m2026-09-15T07:00:50.031311Z[0m [32m INFO[0m [2mmidnight_bench[0m[2m:[0m [3mstage[0m[2m=[0m"trace.permutations_commit.end" [3mrss_mb[0m[2m=[0m339 [3mhwm_mb[0m[2m=[0m339
[2m2026-09-15T07:00:50.031335Z[0m [32m INFO[0m [2mmidnight_bench[0m[2m:[0m [3mstage[0m[2m=[0m"trace.lookups_product.start" [3mrss_mb[0m[2m=[0m339 [3mhwm_mb[0m[2m=[0m339
[2m2026-09-15T07:00:50.088861Z[0m [32m INFO[0m [2mmidnight_bench[0m[2m:[0m [3mstage[0m[2m=[0m"trace.lookups_product.end" [3mrss_mb[0m[2m=[0m339 [3mhwm_mb[0m[2m=[0m339
[2m2026-09-15T07:00:50.117527Z[0m [32m INFO[0m [2mmidnight_bench[0m[2m:[0m [3mstage[0m[2m=[0m"create_proof.compute_trace.end" [3mrss_mb[0m[2m=[0m340 [3mhwm_mb[0m[2m=[0m340
[2m2026-09-15T07:00:50.117549Z[0m [32m INFO[0m [2mmidnight_bench[0m[2m:[0m [3mstage[0m[2m=[0m"create_proof.finalise_proof.start" [3mrss_mb[0m[2m=[0m340 [3mhwm_mb[0m[2m=[0m340
[2m2026-09-15T07:00:50.117557Z[0m [32m INFO[0m [2mmidnight_bench[0m[2m:[0m [3mstage[0m[2m=[0m"finalise.compute_h_poly.start" [3mrss_mb[0m[2m=[0m340 [3mhwm_mb[0m[2m=[0m340
[2m2026-09-15T07:00:50.135389Z[0m [32m INFO[0m [2mmidnight_bench[0m[2m:[0m [3mstage[0m[2m=[0m"finalise.compute_h_poly.materialise_fixed_cosets.start" [3mrss_mb[0m[2m=[0m340 [3mhwm_mb[0m[2m=[0m340
[2m2026-09-15T07:00:50.181526Z[0m [32m INFO[0m [2mmidnight_bench[0m[2m:[0m [3mstage[0m[2m=[0m"finalise.compute_h_poly.materialise_fixed_cosets.end" [3mrss_mb[0m[2m=[0m340 [3mhwm_mb[0m[2m=[0m340
[2m2026-09-15T07:00:50.182307Z[0m [32m INFO[0m [2mmidnight_bench[0m[2m:[0m [3mstage[0m[2m=[0m"finalise.compute_h_poly.materialise_perm_cosets.start" [3mrss_mb[0m[2m=[0m340 [3mhwm_mb[0m[2m=[0m340
[2m2026-09-15T07:00:50.206453Z[0m [32m INFO[0m [2mmidnight_bench[0m[2m:[0m [3mstage[0m[2m=[0m"finalise.compute_h_poly.materialise_perm_cosets.end" [3mrss_mb[0m[2m=[0m340 [3mhwm_mb[0m[2m=[0m340
[2m2026-09-15T07:00:50.375769Z[0m [32m INFO[0m [2mmidnight_bench[0m[2m:[0m [3mstage[0m[2m=[0m"finalise.compute_h_poly.drop_cosets.end" [3mrss_mb[0m[2m=[0m341 [3mhwm_mb[0m[2m=[0m341
[2m2026-09-15T07:00:50.375808Z[0m [32m INFO[0m [2mmidnight_bench[0m[2m:[0m [3mstage[0m[2m=[0m"finalise.compute_h_poly.end" [3mrss_mb[0m[2m=[0m341 [3mhwm_mb[0m[2m=[0m341
[2m2026-09-15T07:00:50.375816Z[0m [32m INFO[0m [2mmidnight_bench[0m[2m:[0m [3mstage[0m[2m=[0m"finalise.vanishing_construct.start" [3mrss_mb[0m[2m=[0m341 [3mhwm_mb[0m[2m=[0m341
[2m2026-09-15T07:00:50.489207Z[0m [32m INFO[0m [2mmidnight_bench[0m[2m:[0m [3mstage[0m[2m=[0m"finalise.vanishing_construct.end" [3mrss_mb[0m[2m=[0m341 [3mhwm_mb[0m[2m=[0m341
[2m2026-09-15T07:00:50.520809Z[0m [32m INFO[0m [2mmidnight_bench[0m[2m:[0m [3mstage[0m[2m=[0m"finalise.compute_queries.start" [3mrss_mb[0m[2m=[0m341 [3mhwm_mb[0m[2m=[0m341
[2m2026-09-15T07:00:50.520896Z[0m [32m INFO[0m [2mmidnight_bench[0m[2m:[0m [3mstage[0m[2m=[0m"finalise.multi_open.start" [3mrss_mb[0m[2m=[0m341 [3mhwm_mb[0m[2m=[0m341
[2m2026-09-15T07:00:50.639944Z[0m [32m INFO[0m [2mmidnight_bench[0m[2m:[0m [3mstage[0m[2m=[0m"finalise.multi_open.end" [3mrss_mb[0m[2m=[0m341 [3mhwm_mb[0m[2m=[0m341
[2m2026-09-15T07:00:50.640636Z[0m [32m INFO[0m [2mmidnight_bench[0m[2m:[0m [3mstage[0m[2m=[0m"create_proof.finalise_proof.end" [3mrss_mb[0m[2m=[0m318 [3mhwm_mb[0m[2m=[0m340
[2m2026-09-15T07:00:50.659746Z[0m [32m INFO[0m [2mactix_web::middleware::logger[0m[2m:[0m 192.168.65.1 POST /prove HTTP/1.1; took 0.867019s
[2m2026-09-15T07:00:50.662050Z[0m [32m INFO[0m [2mmidnight_proof_server::endpoints[0m[2m:[0m Starting to process request for /prove...
[2m2026-09-15T07:00:50.751566Z[0m [32m INFO[0m [2mmidnight_bench[0m[2m:[0m [3mstage[0m[2m=[0m"create_proof.compute_trace.start" [3mrss_mb[0m[2m=[0m331 [3mhwm_mb[0m[2m=[0m340
[2m2026-09-15T07:00:50.751594Z[0m [32m INFO[0m [2mmidnight_bench[0m[2m:[0m [3mstage[0m[2m=[0m"trace.compute_instances.start" [3mrss_mb[0m[2m=[0m331 [3mhwm_mb[0m[2m=[0m340
[2m2026-09-15T07:00:50.757297Z[0m [32m INFO[0m [2mmidnight_bench[0m[2m:[0m [3mstage[0m[2m=[0m"trace.compute_instances.end" [3mrss_mb[0m[2m=[0m331 [3mhwm_mb[0m[2m=[0m340
[2m2026-09-15T07:00:50.757318Z[0m [32m INFO[0m [2mmidnight_bench[0m[2m:[0m [3mstage[0m[2m=[0m"trace.parse_advices.start" [3mrss_mb[0m[2m=[0m331 [3mhwm_mb[0m[2m=[0m340
[2m2026-09-15T07:00:50.767232Z[0m [32m INFO[0m [2mmidnight_bench[0m[2m:[0m [3mstage[0m[2m=[0m"trace.parse_advices.end" [3mrss_mb[0m[2m=[0m335 [3mhwm_mb[0m[2m=[0m340
[2m2026-09-15T07:00:50.767283Z[0m [32m INFO[0m [2mmidnight_bench[0m[2m:[0m [3mstage[0m[2m=[0m"trace.lookups_permuted.start" [3mrss_mb[0m[2m=[0m335 [3mhwm_mb[0m[2m=[0m340
[2m2026-09-15T07:00:50.830144Z[0m [32m INFO[0m [2mmidnight_bench[0m[2m:[0m [3mstage[0m[2m=[0m"trace.lookups_permuted.end" [3mrss_mb[0m[2m=[0m340 [3mhwm_mb[0m[2m=[0m340
[2m2026-09-15T07:00:50.830207Z[0m [32m INFO[0m [2mmidnight_bench[0m[2m:[0m [3mstage[0m[2m=[0m"trace.permutations_commit.start" [3mrss_mb[0m[2m=[0m340 [3mhwm_mb[0m[2m=[0m340
[2m2026-09-15T07:00:50.918777Z[0m [32m INFO[0m [2mmidnight_bench[0m[2m:[0m [3mstage[0m[2m=[0m"trace.permutations_commit.end" [3mrss_mb[0m[2m=[0m348 [3mhwm_mb[0m[2m=[0m348
[2m2026-09-15T07:00:50.918801Z[0m [32m INFO[0m [2mmidnight_bench[0m[2m:[0m [3mstage[0m[2m=[0m"trace.lookups_product.start" [3mrss_mb[0m[2m=[0m348 [3mhwm_mb[0m[2m=[0m348
[2m2026-09-15T07:00:50.980025Z[0m [32m INFO[0m [2mmidnight_bench[0m[2m:[0m [3mstage[0m[2m=[0m"trace.lookups_product.end" [3mrss_mb[0m[2m=[0m348 [3mhwm_mb[0m[2m=[0m348
[2m2026-09-15T07:00:51.003951Z[0m [32m INFO[0m [2mmidnight_bench[0m[2m:[0m [3mstage[0m[2m=[0m"create_proof.compute_trace.end" [3mrss_mb[0m[2m=[0m348 [3mhwm_mb[0m[2m=[0m348
[2m2026-09-15T07:00:51.003975Z[0m [32m INFO[0m [2mmidnight_bench[0m[2m:[0m [3mstage[0m[2m=[0m"create_proof.finalise_proof.start" [3mrss_mb[0m[2m=[0m348 [3mhwm_mb[0m[2m=[0m348
[2m2026-09-15T07:00:51.003982Z[0m [32m INFO[0m [2mmidnight_bench[0m[2m:[0m [3mstage[0m[2m=[0m"finalise.compute_h_poly.start" [3mrss_mb[0m[2m=[0m348 [3mhwm_mb[0m[2m=[0m348
[2m2026-09-15T07:00:51.020726Z[0m [32m INFO[0m [2mmidnight_bench[0m[2m:[0m [3mstage[0m[2m=[0m"finalise.compute_h_poly.materialise_fixed_cosets.start" [3mrss_mb[0m[2m=[0m348 [3mhwm_mb[0m[2m=[0m348
[2m2026-09-15T07:00:51.050037Z[0m [32m INFO[0m [2mmidnight_bench[0m[2m:[0m [3mstage[0m[2m=[0m"finalise.compute_h_poly.materialise_fixed_cosets.end" [3mrss_mb[0m[2m=[0m348 [3mhwm_mb[0m[2m=[0m348
[2m2026-09-15T07:00:51.050064Z[0m [32m INFO[0m [2mmidnight_bench[0m[2m:[0m [3mstage[0m[2m=[0m"finalise.compute_h_poly.materialise_perm_cosets.start" [3mrss_mb[0m[2m=[0m348 [3mhwm_mb[0m[2m=[0m348
[2m2026-09-15T07:00:51.063079Z[0m [32m INFO[0m [2mmidnight_bench[0m[2m:[0m [3mstage[0m[2m=[0m"finalise.compute_h_poly.materialise_perm_cosets.end" [3mrss_mb[0m[2m=[0m349 [3mhwm_mb[0m[2m=[0m349
[2m2026-09-15T07:00:51.180172Z[0m [32m INFO[0m [2mmidnight_bench[0m[2m:[0m [3mstage[0m[2m=[0m"finalise.compute_h_poly.drop_cosets.end" [3mrss_mb[0m[2m=[0m350 [3mhwm_mb[0m[2m=[0m350
[2m2026-09-15T07:00:51.180219Z[0m [32m INFO[0m [2mmidnight_bench[0m[2m:[0m [3mstage[0m[2m=[0m"finalise.compute_h_poly.end" [3mrss_mb[0m[2m=[0m350 [3mhwm_mb[0m[2m=[0m350
[2m2026-09-15T07:00:51.180229Z[0m [32m INFO[0m [2mmidnight_bench[0m[2m:[0m [3mstage[0m[2m=[0m"finalise.vanishing_construct.start" [3mrss_mb[0m[2m=[0m350 [3mhwm_mb[0m[2m=[0m350
[2m2026-09-15T07:00:51.272669Z[0m [32m INFO[0m [2mmidnight_bench[0m[2m:[0m [3mstage[0m[2m=[0m"finalise.vanishing_construct.end" [3mrss_mb[0m[2m=[0m350 [3mhwm_mb[0m[2m=[0m350
[2m2026-09-15T07:00:51.302142Z[0m [32m INFO[0m [2mmidnight_bench[0m[2m:[0m [3mstage[0m[2m=[0m"finalise.compute_queries.start" [3mrss_mb[0m[2m=[0m350 [3mhwm_mb[0m[2m=[0m350
[2m2026-09-15T07:00:51.302241Z[0m [32m INFO[0m [2mmidnight_bench[0m[2m:[0m [3mstage[0m[2m=[0m"finalise.multi_open.start" [3mrss_mb[0m[2m=[0m350 [3mhwm_mb[0m[2m=[0m350
[2m2026-09-15T07:00:51.405836Z[0m [32m INFO[0m [2mmidnight_bench[0m[2m:[0m [3mstage[0m[2m=[0m"finalise.multi_open.end" [3mrss_mb[0m[2m=[0m350 [3mhwm_mb[0m[2m=[0m350
[2m2026-09-15T07:00:51.406780Z[0m [32m INFO[0m [2mmidnight_bench[0m[2m:[0m [3mstage[0m[2m=[0m"create_proof.finalise_proof.end" [3mrss_mb[0m[2m=[0m327 [3mhwm_mb[0m[2m=[0m349
[2m2026-09-15T07:00:51.422820Z[0m [32m INFO[0m [2mactix_web::middleware::logger[0m[2m:[0m 192.168.65.1 POST /prove HTTP/1.1; took 0.760789s
[2m2026-09-15T07:00:51.424869Z[0m [32m INFO[0m [2mmidnight_proof_server::endpoints[0m[2m:[0m Starting to process request for /prove...
[2m2026-09-15T07:00:51.499504Z[0m [32m INFO[0m [2mmidnight_bench[0m[2m:[0m [3mstage[0m[2m=[0m"create_proof.compute_trace.start" [3mrss_mb[0m[2m=[0m321 [3mhwm_mb[0m[2m=[0m349
[2m2026-09-15T07:00:51.499550Z[0m [32m INFO[0m [2mmidnight_bench[0m[2m:[0m [3mstage[0m[2m=[0m"trace.compute_instances.start" [3mrss_mb[0m[2m=[0m321 [3mhwm_mb[0m[2m=[0m349
[2m2026-09-15T07:00:51.504618Z[0m [32m INFO[0m [2mmidnight_bench[0m[2m:[0m [3mstage[0m[2m=[0m"trace.compute_instances.end" [3mrss_mb[0m[2m=[0m321 [3mhwm_mb[0m[2m=[0m349
[2m2026-09-15T07:00:51.504637Z[0m [32m INFO[0m [2mmidnight_bench[0m[2m:[0m [3mstage[0m[2m=[0m"trace.parse_advices.start" [3mrss_mb[0m[2m=[0m321 [3mhwm_mb[0m[2m=[0m349
[2m2026-09-15T07:00:51.511126Z[0m [32m INFO[0m [2mmidnight_bench[0m[2m:[0m [3mstage[0m[2m=[0m"trace.parse_advices.end" [3mrss_mb[0m[2m=[0m326 [3mhwm_mb[0m[2m=[0m349
[2m2026-09-15T07:00:51.511151Z[0m [32m INFO[0m [2mmidnight_bench[0m[2m:[0m [3mstage[0m[2m=[0m"trace.lookups_permuted.start" [3mrss_mb[0m[2m=[0m326 [3mhwm_mb[0m[2m=[0m349
[2m2026-09-15T07:00:51.567614Z[0m [32m INFO[0m [2mmidnight_bench[0m[2m:[0m [3mstage[0m[2m=[0m"trace.lookups_permuted.end" [3mrss_mb[0m[2m=[0m331 [3mhwm_mb[0m[2m=[0m349
[2m2026-09-15T07:00:51.567643Z[0m [32m INFO[0m [2mmidnight_bench[0m[2m:[0m [3mstage[0m[2m=[0m"trace.permutations_commit.start" [3mrss_mb[0m[2m=[0m331 [3mhwm_mb[0m[2m=[0m349
[2m2026-09-15T07:00:51.644953Z[0m [32m INFO[0m [2mmidnight_bench[0m[2m:[0m [3mstage[0m[2m=[0m"trace.permutations_commit.end" [3mrss_mb[0m[2m=[0m338 [3mhwm_mb[0m[2m=[0m349
[2m2026-09-15T07:00:51.644978Z[0m [32m INFO[0m [2mmidnight_bench[0m[2m:[0m [3mstage[0m[2m=[0m"trace.lookups_product.start" [3mrss_mb[0m[2m=[0m338 [3mhwm_mb[0m[2m=[0m349
[2m2026-09-15T07:00:51.696373Z[0m [32m INFO[0m [2mmidnight_bench[0m[2m:[0m [3mstage[0m[2m=[0m"trace.lookups_product.end" [3mrss_mb[0m[2m=[0m338 [3mhwm_mb[0m[2m=[0m349
[2m2026-09-15T07:00:51.720411Z[0m [32m INFO[0m [2mmidnight_bench[0m[2m:[0m [3mstage[0m[2m=[0m"create_proof.compute_trace.end" [3mrss_mb[0m[2m=[0m339 [3mhwm_mb[0m[2m=[0m349
[2m2026-09-15T07:00:51.720436Z[0m [32m INFO[0m [2mmidnight_bench[0m[2m:[0m [3mstage[0m[2m=[0m"create_proof.finalise_proof.start" [3mrss_mb[0m[2m=[0m339 [3mhwm_mb[0m[2m=[0m349
[2m2026-09-15T07:00:51.720444Z[0m [32m INFO[0m [2mmidnight_bench[0m[2m:[0m [3mstage[0m[2m=[0m"finalise.compute_h_poly.start" [3mrss_mb[0m[2m=[0m339 [3mhwm_mb[0m[2m=[0m349
[2m2026-09-15T07:00:51.736495Z[0m [32m INFO[0m [2mmidnight_bench[0m[2m:[0m [3mstage[0m[2m=[0m"finalise.compute_h_poly.materialise_fixed_cosets.start" [3mrss_mb[0m[2m=[0m339 [3mhwm_mb[0m[2m=[0m349
[2m2026-09-15T07:00:51.767206Z[0m [32m INFO[0m [2mmidnight_bench[0m[2m:[0m [3mstage[0m[2m=[0m"finalise.compute_h_poly.materialise_fixed_cosets.end" [3mrss_mb[0m[2m=[0m339 [3mhwm_mb[0m[2m=[0m349
[2m2026-09-15T07:00:51.767231Z[0m [32m INFO[0m [2mmidnight_bench[0m[2m:[0m [3mstage[0m[2m=[0m"finalise.compute_h_poly.materialise_perm_cosets.start" [3mrss_mb[0m[2m=[0m339 [3mhwm_mb[0m[2m=[0m349
[2m2026-09-15T07:00:51.781046Z[0m [32m INFO[0m [2mmidnight_bench[0m[2m:[0m [3mstage[0m[2m=[0m"finalise.compute_h_poly.materialise_perm_cosets.end" [3mrss_mb[0m[2m=[0m339 [3mhwm_mb[0m[2m=[0m349
[2m2026-09-15T07:00:51.910875Z[0m [32m INFO[0m [2mmidnight_bench[0m[2m:[0m [3mstage[0m[2m=[0m"finalise.compute_h_poly.drop_cosets.end" [3mrss_mb[0m[2m=[0m340 [3mhwm_mb[0m[2m=[0m349
[2m2026-09-15T07:00:51.910903Z[0m [32m INFO[0m [2mmidnight_bench[0m[2m:[0m [3mstage[0m[2m=[0m"finalise.compute_h_poly.end" [3mrss_mb[0m[2m=[0m340 [3mhwm_mb[0m[2m=[0m349
[2m2026-09-15T07:00:51.910911Z[0m [32m INFO[0m [2mmidnight_bench[0m[2m:[0m [3mstage[0m[2m=[0m"finalise.vanishing_construct.start" [3mrss_mb[0m[2m=[0m340 [3mhwm_mb[0m[2m=[0m349
[2m2026-09-15T07:00:52.005619Z[0m [32m INFO[0m [2mmidnight_bench[0m[2m:[0m [3mstage[0m[2m=[0m"finalise.vanishing_construct.end" [3mrss_mb[0m[2m=[0m340 [3mhwm_mb[0m[2m=[0m349
[2m2026-09-15T07:00:52.037320Z[0m [32m INFO[0m [2mmidnight_bench[0m[2m:[0m [3mstage[0m[2m=[0m"finalise.compute_queries.start" [3mrss_mb[0m[2m=[0m340 [3mhwm_mb[0m[2m=[0m349
[2m2026-09-15T07:00:52.037412Z[0m [32m INFO[0m [2mmidnight_bench[0m[2m:[0m [3mstage[0m[2m=[0m"finalise.multi_open.start" [3mrss_mb[0m[2m=[0m340 [3mhwm_mb[0m[2m=[0m349
[2m2026-09-15T07:00:52.138103Z[0m [32m INFO[0m [2mmidnight_bench[0m[2m:[0m [3mstage[0m[2m=[0m"finalise.multi_open.end" [3mrss_mb[0m[2m=[0m340 [3mhwm_mb[0m[2m=[0m349
[2m2026-09-15T07:00:52.138795Z[0m [32m INFO[0m [2mmidnight_bench[0m[2m:[0m [3mstage[0m[2m=[0m"create_proof.finalise_proof.end" [3mrss_mb[0m[2m=[0m317 [3mhwm_mb[0m[2m=[0m349
[2m2026-09-15T07:00:52.155007Z[0m [32m INFO[0m [2mactix_web::middleware::logger[0m[2m:[0m 192.168.65.1 POST /prove HTTP/1.1; took 0.730154s
[2m2026-09-15T07:00:52.157369Z[0m [32m INFO[0m [2mmidnight_proof_server::endpoints[0m[2m:[0m Starting to process request for /prove...
[2m2026-09-15T07:00:52.235514Z[0m [32m INFO[0m [2mmidnight_bench[0m[2m:[0m [3mstage[0m[2m=[0m"create_proof.compute_trace.start" [3mrss_mb[0m[2m=[0m322 [3mhwm_mb[0m[2m=[0m349
[2m2026-09-15T07:00:52.235555Z[0m [32m INFO[0m [2mmidnight_bench[0m[2m:[0m [3mstage[0m[2m=[0m"trace.compute_instances.start" [3mrss_mb[0m[2m=[0m322 [3mhwm_mb[0m[2m=[0m349
[2m2026-09-15T07:00:52.240798Z[0m [32m INFO[0m [2mmidnight_bench[0m[2m:[0m [3mstage[0m[2m=[0m"trace.compute_instances.end" [3mrss_mb[0m[2m=[0m322 [3mhwm_mb[0m[2m=[0m349
[2m2026-09-15T07:00:52.240818Z[0m [32m INFO[0m [2mmidnight_bench[0m[2m:[0m [3mstage[0m[2m=[0m"trace.parse_advices.start" [3mrss_mb[0m[2m=[0m322 [3mhwm_mb[0m[2m=[0m349
[2m2026-09-15T07:00:52.246657Z[0m [32m INFO[0m [2mmidnight_bench[0m[2m:[0m [3mstage[0m[2m=[0m"trace.parse_advices.end" [3mrss_mb[0m[2m=[0m326 [3mhwm_mb[0m[2m=[0m349
[2m2026-09-15T07:00:52.246674Z[0m [32m INFO[0m [2mmidnight_bench[0m[2m:[0m [3mstage[0m[2m=[0m"trace.lookups_permuted.start" [3mrss_mb[0m[2m=[0m326 [3mhwm_mb[0m[2m=[0m349
[2m2026-09-15T07:00:52.294856Z[0m [32m INFO[0m [2mmidnight_bench[0m[2m:[0m [3mstage[0m[2m=[0m"trace.lookups_permuted.end" [3mrss_mb[0m[2m=[0m331 [3mhwm_mb[0m[2m=[0m349
[2m2026-09-15T07:00:52.294885Z[0m [32m INFO[0m [2mmidnight_bench[0m[2m:[0m [3mstage[0m[2m=[0m"trace.permutations_commit.start" [3mrss_mb[0m[2m=[0m331 [3mhwm_mb[0m[2m=[0m349
[2m2026-09-15T07:00:52.365244Z[0m [32m INFO[0m [2mmidnight_bench[0m[2m:[0m [3mstage[0m[2m=[0m"trace.permutations_commit.end" [3mrss_mb[0m[2m=[0m339 [3mhwm_mb[0m[2m=[0m349
[2m2026-09-15T07:00:52.365270Z[0m [32m INFO[0m [2mmidnight_bench[0m[2m:[0m [3mstage[0m[2m=[0m"trace.lookups_product.start" [3mrss_mb[0m[2m=[0m339 [3mhwm_mb[0m[2m=[0m349
[2m2026-09-15T07:00:52.416528Z[0m [32m INFO[0m [2mmidnight_bench[0m[2m:[0m [3mstage[0m[2m=[0m"trace.lookups_product.end" [3mrss_mb[0m[2m=[0m339 [3mhwm_mb[0m[2m=[0m349
[2m2026-09-15T07:00:52.442568Z[0m [32m INFO[0m [2mmidnight_bench[0m[2m:[0m [3mstage[0m[2m=[0m"create_proof.compute_trace.end" [3mrss_mb[0m[2m=[0m339 [3mhwm_mb[0m[2m=[0m349
[2m2026-09-15T07:00:52.442593Z[0m [32m INFO[0m [2mmidnight_bench[0m[2m:[0m [3mstage[0m[2m=[0m"create_proof.finalise_proof.start" [3mrss_mb[0m[2m=[0m339 [3mhwm_mb[0m[2m=[0m349
[2m2026-09-15T07:00:52.442603Z[0m [32m INFO[0m [2mmidnight_bench[0m[2m:[0m [3mstage[0m[2m=[0m"finalise.compute_h_poly.start" [3mrss_mb[0m[2m=[0m339 [3mhwm_mb[0m[2m=[0m349
[2m2026-09-15T07:00:52.459436Z[0m [32m INFO[0m [2mmidnight_bench[0m[2m:[0m [3mstage[0m[2m=[0m"finalise.compute_h_poly.materialise_fixed_cosets.start" [3mrss_mb[0m[2m=[0m339 [3mhwm_mb[0m[2m=[0m349
[2m2026-09-15T07:00:52.486643Z[0m [32m INFO[0m [2mmidnight_bench[0m[2m:[0m [3mstage[0m[2m=[0m"finalise.compute_h_poly.materialise_fixed_cosets.end" [3mrss_mb[0m[2m=[0m339 [3mhwm_mb[0m[2m=[0m349
[2m2026-09-15T07:00:52.486666Z[0m [32m INFO[0m [2mmidnight_bench[0m[2m:[0m [3mstage[0m[2m=[0m"finalise.compute_h_poly.materialise_perm_cosets.start" [3mrss_mb[0m[2m=[0m339 [3mhwm_mb[0m[2m=[0m349
[2m2026-09-15T07:00:52.498935Z[0m [32m INFO[0m [2mmidnight_bench[0m[2m:[0m [3mstage[0m[2m=[0m"finalise.compute_h_poly.materialise_perm_cosets.end" [3mrss_mb[0m[2m=[0m339 [3mhwm_mb[0m[2m=[0m349
[2m2026-09-15T07:00:52.633167Z[0m [32m INFO[0m [2mmidnight_bench[0m[2m:[0m [3mstage[0m[2m=[0m"finalise.compute_h_poly.drop_cosets.end" [3mrss_mb[0m[2m=[0m340 [3mhwm_mb[0m[2m=[0m349
[2m2026-09-15T07:00:52.633199Z[0m [32m INFO[0m [2mmidnight_bench[0m[2m:[0m [3mstage[0m[2m=[0m"finalise.compute_h_poly.end" [3mrss_mb[0m[2m=[0m340 [3mhwm_mb[0m[2m=[0m349
[2m2026-09-15T07:00:52.633208Z[0m [32m INFO[0m [2mmidnight_bench[0m[2m:[0m [3mstage[0m[2m=[0m"finalise.vanishing_construct.start" [3mrss_mb[0m[2m=[0m340 [3mhwm_mb[0m[2m=[0m349
[2m2026-09-15T07:00:52.724143Z[0m [32m INFO[0m [2mmidnight_bench[0m[2m:[0m [3mstage[0m[2m=[0m"finalise.vanishing_construct.end" [3mrss_mb[0m[2m=[0m340 [3mhwm_mb[0m[2m=[0m349
[2m2026-09-15T07:00:52.756692Z[0m [32m INFO[0m [2mmidnight_bench[0m[2m:[0m [3mstage[0m[2m=[0m"finalise.compute_queries.start" [3mrss_mb[0m[2m=[0m340 [3mhwm_mb[0m[2m=[0m349
[2m2026-09-15T07:00:52.756782Z[0m [32m INFO[0m [2mmidnight_bench[0m[2m:[0m [3mstage[0m[2m=[0m"finalise.multi_open.start" [3mrss_mb[0m[2m=[0m340 [3mhwm_mb[0m[2m=[0m349
[2m2026-09-15T07:00:52.856501Z[0m [32m INFO[0m [2mmidnight_bench[0m[2m:[0m [3mstage[0m[2m=[0m"finalise.multi_open.end" [3mrss_mb[0m[2m=[0m340 [3mhwm_mb[0m[2m=[0m349
[2m2026-09-15T07:00:52.857388Z[0m [32m INFO[0m [2mmidnight_bench[0m[2m:[0m [3mstage[0m[2m=[0m"create_proof.finalise_proof.end" [3mrss_mb[0m[2m=[0m318 [3mhwm_mb[0m[2m=[0m349
[2m2026-09-15T07:00:52.872651Z[0m [32m INFO[0m [2mactix_web::middleware::logger[0m[2m:[0m 192.168.65.1 POST /prove HTTP/1.1; took 0.715316s
[2m2026-09-15T07:00:52.874351Z[0m [32m INFO[0m [2mmidnight_proof_server::endpoints[0m[2m:[0m Starting to process request for /prove...
[2m2026-09-15T07:00:52.944005Z[0m [32m INFO[0m [2mmidnight_bench[0m[2m:[0m [3mstage[0m[2m=[0m"create_proof.compute_trace.start" [3mrss_mb[0m[2m=[0m324 [3mhwm_mb[0m[2m=[0m349
[2m2026-09-15T07:00:52.944036Z[0m [32m INFO[0m [2mmidnight_bench[0m[2m:[0m [3mstage[0m[2m=[0m"trace.compute_instances.start" [3mrss_mb[0m[2m=[0m324 [3mhwm_mb[0m[2m=[0m349
[2m2026-09-15T07:00:52.949869Z[0m [32m INFO[0m [2mmidnight_bench[0m[2m:[0m [3mstage[0m[2m=[0m"trace.compute_instances.end" [3mrss_mb[0m[2m=[0m324 [3mhwm_mb[0m[2m=[0m349
[2m2026-09-15T07:00:52.949886Z[0m [32m INFO[0m [2mmidnight_bench[0m[2m:[0m [3mstage[0m[2m=[0m"trace.parse_advices.start" [3mrss_mb[0m[2m=[0m324 [3mhwm_mb[0m[2m=[0m349
[2m2026-09-15T07:00:52.955367Z[0m [32m INFO[0m [2mmidnight_bench[0m[2m:[0m [3mstage[0m[2m=[0m"trace.parse_advices.end" [3mrss_mb[0m[2m=[0m328 [3mhwm_mb[0m[2m=[0m349
[2m2026-09-15T07:00:52.955386Z[0m [32m INFO[0m [2mmidnight_bench[0m[2m:[0m [3mstage[0m[2m=[0m"trace.lookups_permuted.start" [3mrss_mb[0m[2m=[0m328 [3mhwm_mb[0m[2m=[0m349
[2m2026-09-15T07:00:53.000310Z[0m [32m INFO[0m [2mmidnight_bench[0m[2m:[0m [3mstage[0m[2m=[0m"trace.lookups_permuted.end" [3mrss_mb[0m[2m=[0m334 [3mhwm_mb[0m[2m=[0m349
[2m2026-09-15T07:00:53.000338Z[0m [32m INFO[0m [2mmidnight_bench[0m[2m:[0m [3mstage[0m[2m=[0m"trace.permutations_commit.start" [3mrss_mb[0m[2m=[0m334 [3mhwm_mb[0m[2m=[0m349
[2m2026-09-15T07:00:53.070098Z[0m [32m INFO[0m [2mmidnight_bench[0m[2m:[0m [3mstage[0m[2m=[0m"trace.permutations_commit.end" [3mrss_mb[0m[2m=[0m341 [3mhwm_mb[0m[2m=[0m349
[2m2026-09-15T07:00:53.070126Z[0m [32m INFO[0m [2mmidnight_bench[0m[2m:[0m [3mstage[0m[2m=[0m"trace.lookups_product.start" [3mrss_mb[0m[2m=[0m341 [3mhwm_mb[0m[2m=[0m349
[2m2026-09-15T07:00:53.120655Z[0m [32m INFO[0m [2mmidnight_bench[0m[2m:[0m [3mstage[0m[2m=[0m"trace.lookups_product.end" [3mrss_mb[0m[2m=[0m341 [3mhwm_mb[0m[2m=[0m349
[2m2026-09-15T07:00:53.145895Z[0m [32m INFO[0m [2mmidnight_bench[0m[2m:[0m [3mstage[0m[2m=[0m"create_proof.compute_trace.end" [3mrss_mb[0m[2m=[0m342 [3mhwm_mb[0m[2m=[0m349
[2m2026-09-15T07:00:53.145918Z[0m [32m INFO[0m [2mmidnight_bench[0m[2m:[0m [3mstage[0m[2m=[0m"create_proof.finalise_proof.start" [3mrss_mb[0m[2m=[0m342 [3mhwm_mb[0m[2m=[0m349
[2m2026-09-15T07:00:53.145926Z[0m [32m INFO[0m [2mmidnight_bench[0m[2m:[0m [3mstage[0m[2m=[0m"finalise.compute_h_poly.start" [3mrss_mb[0m[2m=[0m342 [3mhwm_mb[0m[2m=[0m349
[2m2026-09-15T07:00:53.161711Z[0m [32m INFO[0m [2mmidnight_bench[0m[2m:[0m [3mstage[0m[2m=[0m"finalise.compute_h_poly.materialise_fixed_cosets.start" [3mrss_mb[0m[2m=[0m342 [3mhwm_mb[0m[2m=[0m349
[2m2026-09-15T07:00:53.191575Z[0m [32m INFO[0m [2mmidnight_bench[0m[2m:[0m [3mstage[0m[2m=[0m"finalise.compute_h_poly.materialise_fixed_cosets.end" [3mrss_mb[0m[2m=[0m342 [3mhwm_mb[0m[2m=[0m349
[2m2026-09-15T07:00:53.191600Z[0m [32m INFO[0m [2mmidnight_bench[0m[2m:[0m [3mstage[0m[2m=[0m"finalise.compute_h_poly.materialise_perm_cosets.start" [3mrss_mb[0m[2m=[0m342 [3mhwm_mb[0m[2m=[0m349
[2m2026-09-15T07:00:53.207214Z[0m [32m INFO[0m [2mmidnight_bench[0m[2m:[0m [3mstage[0m[2m=[0m"finalise.compute_h_poly.materialise_perm_cosets.end" [3mrss_mb[0m[2m=[0m344 [3mhwm_mb[0m[2m=[0m349
[2m2026-09-15T07:00:53.346170Z[0m [32m INFO[0m [2mmidnight_bench[0m[2m:[0m [3mstage[0m[2m=[0m"finalise.compute_h_poly.drop_cosets.end" [3mrss_mb[0m[2m=[0m345 [3mhwm_mb[0m[2m=[0m349
[2m2026-09-15T07:00:53.346206Z[0m [32m INFO[0m [2mmidnight_bench[0m[2m:[0m [3mstage[0m[2m=[0m"finalise.compute_h_poly.end" [3mrss_mb[0m[2m=[0m345 [3mhwm_mb[0m[2m=[0m349
[2m2026-09-15T07:00:53.346213Z[0m [32m INFO[0m [2mmidnight_bench[0m[2m:[0m [3mstage[0m[2m=[0m"finalise.vanishing_construct.start" [3mrss_mb[0m[2m=[0m345 [3mhwm_mb[0m[2m=[0m349
[2m2026-09-15T07:00:53.442753Z[0m [32m INFO[0m [2mmidnight_bench[0m[2m:[0m [3mstage[0m[2m=[0m"finalise.vanishing_construct.end" [3mrss_mb[0m[2m=[0m345 [3mhwm_mb[0m[2m=[0m349
[2m2026-09-15T07:00:53.472154Z[0m [32m INFO[0m [2mmidnight_bench[0m[2m:[0m [3mstage[0m[2m=[0m"finalise.compute_queries.start" [3mrss_mb[0m[2m=[0m345 [3mhwm_mb[0m[2m=[0m349
[2m2026-09-15T07:00:53.472254Z[0m [32m INFO[0m [2mmidnight_bench[0m[2m:[0m [3mstage[0m[2m=[0m"finalise.multi_open.start" [3mrss_mb[0m[2m=[0m345 [3mhwm_mb[0m[2m=[0m349
[2m2026-09-15T07:00:53.564623Z[0m [32m INFO[0m [2mmidnight_bench[0m[2m:[0m [3mstage[0m[2m=[0m"finalise.multi_open.end" [3mrss_mb[0m[2m=[0m345 [3mhwm_mb[0m[2m=[0m349
[2m2026-09-15T07:00:53.565307Z[0m [32m INFO[0m [2mmidnight_bench[0m[2m:[0m [3mstage[0m[2m=[0m"create_proof.finalise_proof.end" [3mrss_mb[0m[2m=[0m322 [3mhwm_mb[0m[2m=[0m349
[2m2026-09-15T07:00:53.582729Z[0m [32m INFO[0m [2mactix_web::middleware::logger[0m[2m:[0m 192.168.65.1 POST /prove HTTP/1.1; took 0.708400s
[2m2026-09-15T07:00:53.584371Z[0m [32m INFO[0m [2mmidnight_proof_server::endpoints[0m[2m:[0m Starting to process request for /prove...
[2m2026-09-15T07:00:53.654438Z[0m [32m INFO[0m [2mmidnight_bench[0m[2m:[0m [3mstage[0m[2m=[0m"create_proof.compute_trace.start" [3mrss_mb[0m[2m=[0m329 [3mhwm_mb[0m[2m=[0m349
[2m2026-09-15T07:00:53.654466Z[0m [32m INFO[0m [2mmidnight_bench[0m[2m:[0m [3mstage[0m[2m=[0m"trace.compute_instances.start" [3mrss_mb[0m[2m=[0m329 [3mhwm_mb[0m[2m=[0m349
[2m2026-09-15T07:00:53.660024Z[0m [32m INFO[0m [2mmidnight_bench[0m[2m:[0m [3mstage[0m[2m=[0m"trace.compute_instances.end" [3mrss_mb[0m[2m=[0m329 [3mhwm_mb[0m[2m=[0m349
[2m2026-09-15T07:00:53.660047Z[0m [32m INFO[0m [2mmidnight_bench[0m[2m:[0m [3mstage[0m[2m=[0m"trace.parse_advices.start" [3mrss_mb[0m[2m=[0m329 [3mhwm_mb[0m[2m=[0m349
[2m2026-09-15T07:00:53.666213Z[0m [32m INFO[0m [2mmidnight_bench[0m[2m:[0m [3mstage[0m[2m=[0m"trace.parse_advices.end" [3mrss_mb[0m[2m=[0m334 [3mhwm_mb[0m[2m=[0m349
[2m2026-09-15T07:00:53.666239Z[0m [32m INFO[0m [2mmidnight_bench[0m[2m:[0m [3mstage[0m[2m=[0m"trace.lookups_permuted.start" [3mrss_mb[0m[2m=[0m334 [3mhwm_mb[0m[2m=[0m349
[2m2026-09-15T07:00:53.715767Z[0m [32m INFO[0m [2mmidnight_bench[0m[2m:[0m [3mstage[0m[2m=[0m"trace.lookups_permuted.end" [3mrss_mb[0m[2m=[0m339 [3mhwm_mb[0m[2m=[0m349
[2m2026-09-15T07:00:53.715796Z[0m [32m INFO[0m [2mmidnight_bench[0m[2m:[0m [3mstage[0m[2m=[0m"trace.permutations_commit.start" [3mrss_mb[0m[2m=[0m339 [3mhwm_mb[0m[2m=[0m349
[2m2026-09-15T07:00:53.788438Z[0m [32m INFO[0m [2mmidnight_bench[0m[2m:[0m [3mstage[0m[2m=[0m"trace.permutations_commit.end" [3mrss_mb[0m[2m=[0m346 [3mhwm_mb[0m[2m=[0m349
[2m2026-09-15T07:00:53.788462Z[0m [32m INFO[0m [2mmidnight_bench[0m[2m:[0m [3mstage[0m[2m=[0m"trace.lookups_product.start" [3mrss_mb[0m[2m=[0m346 [3mhwm_mb[0m[2m=[0m349
[2m2026-09-15T07:00:53.840079Z[0m [32m INFO[0m [2mmidnight_bench[0m[2m:[0m [3mstage[0m[2m=[0m"trace.lookups_product.end" [3mrss_mb[0m[2m=[0m346 [3mhwm_mb[0m[2m=[0m349
[2m2026-09-15T07:00:53.865417Z[0m [32m INFO[0m [2mmidnight_bench[0m[2m:[0m [3mstage[0m[2m=[0m"create_proof.compute_trace.end" [3mrss_mb[0m[2m=[0m347 [3mhwm_mb[0m[2m=[0m349
[2m2026-09-15T07:00:53.865442Z[0m [32m INFO[0m [2mmidnight_bench[0m[2m:[0m [3mstage[0m[2m=[0m"create_proof.finalise_proof.start" [3mrss_mb[0m[2m=[0m347 [3mhwm_mb[0m[2m=[0m349
[2m2026-09-15T07:00:53.865449Z[0m [32m INFO[0m [2mmidnight_bench[0m[2m:[0m [3mstage[0m[2m=[0m"finalise.compute_h_poly.start" [3mrss_mb[0m[2m=[0m347 [3mhwm_mb[0m[2m=[0m349
[2m2026-09-15T07:00:53.880734Z[0m [32m INFO[0m [2mmidnight_bench[0m[2m:[0m [3mstage[0m[2m=[0m"finalise.compute_h_poly.materialise_fixed_cosets.start" [3mrss_mb[0m[2m=[0m347 [3mhwm_mb[0m[2m=[0m349
[2m2026-09-15T07:00:53.908000Z[0m [32m INFO[0m [2mmidnight_bench[0m[2m:[0m [3mstage[0m[2m=[0m"finalise.compute_h_poly.materialise_fixed_cosets.end" [3mrss_mb[0m[2m=[0m347 [3mhwm_mb[0m[2m=[0m349
[2m2026-09-15T07:00:53.908039Z[0m [32m INFO[0m [2mmidnight_bench[0m[2m:[0m [3mstage[0m[2m=[0m"finalise.compute_h_poly.materialise_perm_cosets.start" [3mrss_mb[0m[2m=[0m347 [3mhwm_mb[0m[2m=[0m349
[2m2026-09-15T07:00:53.921744Z[0m [32m INFO[0m [2mmidnight_bench[0m[2m:[0m [3mstage[0m[2m=[0m"finalise.compute_h_poly.materialise_perm_cosets.end" [3mrss_mb[0m[2m=[0m348 [3mhwm_mb[0m[2m=[0m349
[2m2026-09-15T07:00:54.051054Z[0m [32m INFO[0m [2mmidnight_bench[0m[2m:[0m [3mstage[0m[2m=[0m"finalise.compute_h_poly.drop_cosets.end" [3mrss_mb[0m[2m=[0m349 [3mhwm_mb[0m[2m=[0m349
[2m2026-09-15T07:00:54.051094Z[0m [32m INFO[0m [2mmidnight_bench[0m[2m:[0m [3mstage[0m[2m=[0m"finalise.compute_h_poly.end" [3mrss_mb[0m[2m=[0m349 [3mhwm_mb[0m[2m=[0m349
[2m2026-09-15T07:00:54.051102Z[0m [32m INFO[0m [2mmidnight_bench[0m[2m:[0m [3mstage[0m[2m=[0m"finalise.vanishing_construct.start" [3mrss_mb[0m[2m=[0m349 [3mhwm_mb[0m[2m=[0m349
[2m2026-09-15T07:00:54.143408Z[0m [32m INFO[0m [2mmidnight_bench[0m[2m:[0m [3mstage[0m[2m=[0m"finalise.vanishing_construct.end" [3mrss_mb[0m[2m=[0m349 [3mhwm_mb[0m[2m=[0m349
[2m2026-09-15T07:00:54.170840Z[0m [32m INFO[0m [2mmidnight_bench[0m[2m:[0m [3mstage[0m[2m=[0m"finalise.compute_queries.start" [3mrss_mb[0m[2m=[0m349 [3mhwm_mb[0m[2m=[0m349
[2m2026-09-15T07:00:54.170933Z[0m [32m INFO[0m [2mmidnight_bench[0m[2m:[0m [3mstage[0m[2m=[0m"finalise.multi_open.start" [3mrss_mb[0m[2m=[0m349 [3mhwm_mb[0m[2m=[0m349
[2m2026-09-15T07:00:54.258857Z[0m [32m INFO[0m [2mmidnight_bench[0m[2m:[0m [3mstage[0m[2m=[0m"finalise.multi_open.end" [3mrss_mb[0m[2m=[0m349 [3mhwm_mb[0m[2m=[0m349
[2m2026-09-15T07:00:54.259545Z[0m [32m INFO[0m [2mmidnight_bench[0m[2m:[0m [3mstage[0m[2m=[0m"create_proof.finalise_proof.end" [3mrss_mb[0m[2m=[0m327 [3mhwm_mb[0m[2m=[0m349
[2m2026-09-15T07:00:54.274671Z[0m [32m INFO[0m [2mactix_web::middleware::logger[0m[2m:[0m 192.168.65.1 POST /prove HTTP/1.1; took 0.690317s
[2m2026-09-15T07:00:54.301488Z[0m [32m INFO[0m [2mmidnight_proof_server::endpoints[0m[2m:[0m Starting to process request for /prove...
[2m2026-09-15T07:00:54.374546Z[0m [32m INFO[0m [2mmidnight_bench[0m[2m:[0m [3mstage[0m[2m=[0m"create_proof.compute_trace.start" [3mrss_mb[0m[2m=[0m332 [3mhwm_mb[0m[2m=[0m349
[2m2026-09-15T07:00:54.374578Z[0m [32m INFO[0m [2mmidnight_bench[0m[2m:[0m [3mstage[0m[2m=[0m"trace.compute_instances.start" [3mrss_mb[0m[2m=[0m332 [3mhwm_mb[0m[2m=[0m349
[2m2026-09-15T07:00:54.380731Z[0m [32m INFO[0m [2mmidnight_bench[0m[2m:[0m [3mstage[0m[2m=[0m"trace.compute_instances.end" [3mrss_mb[0m[2m=[0m332 [3mhwm_mb[0m[2m=[0m349
[2m2026-09-15T07:00:54.380751Z[0m [32m INFO[0m [2mmidnight_bench[0m[2m:[0m [3mstage[0m[2m=[0m"trace.parse_advices.start" [3mrss_mb[0m[2m=[0m332 [3mhwm_mb[0m[2m=[0m349
[2m2026-09-15T07:00:54.386769Z[0m [32m INFO[0m [2mmidnight_bench[0m[2m:[0m [3mstage[0m[2m=[0m"trace.parse_advices.end" [3mrss_mb[0m[2m=[0m337 [3mhwm_mb[0m[2m=[0m349
[2m2026-09-15T07:00:54.386792Z[0m [32m INFO[0m [2mmidnight_bench[0m[2m:[0m [3mstage[0m[2m=[0m"trace.lookups_permuted.start" [3mrss_mb[0m[2m=[0m337 [3mhwm_mb[0m[2m=[0m349
[2m2026-09-15T07:00:54.433054Z[0m [32m INFO[0m [2mmidnight_bench[0m[2m:[0m [3mstage[0m[2m=[0m"trace.lookups_permuted.end" [3mrss_mb[0m[2m=[0m342 [3mhwm_mb[0m[2m=[0m349
[2m2026-09-15T07:00:54.433088Z[0m [32m INFO[0m [2mmidnight_bench[0m[2m:[0m [3mstage[0m[2m=[0m"trace.permutations_commit.start" [3mrss_mb[0m[2m=[0m342 [3mhwm_mb[0m[2m=[0m349
[2m2026-09-15T07:00:54.503828Z[0m [32m INFO[0m [2mmidnight_bench[0m[2m:[0m [3mstage[0m[2m=[0m"trace.permutations_commit.end" [3mrss_mb[0m[2m=[0m349 [3mhwm_mb[0m[2m=[0m349
[2m2026-09-15T07:00:54.503856Z[0m [32m INFO[0m [2mmidnight_bench[0m[2m:[0m [3mstage[0m[2m=[0m"trace.lookups_product.start" [3mrss_mb[0m[2m=[0m349 [3mhwm_mb[0m[2m=[0m349
[2m2026-09-15T07:00:54.554814Z[0m [32m INFO[0m [2mmidnight_bench[0m[2m:[0m [3mstage[0m[2m=[0m"trace.lookups_product.end" [3mrss_mb[0m[2m=[0m349 [3mhwm_mb[0m[2m=[0m349
[2m2026-09-15T07:00:54.581702Z[0m [32m INFO[0m [2mmidnight_bench[0m[2m:[0m [3mstage[0m[2m=[0m"create_proof.compute_trace.end" [3mrss_mb[0m[2m=[0m350 [3mhwm_mb[0m[2m=[0m350
[2m2026-09-15T07:00:54.581722Z[0m [32m INFO[0m [2mmidnight_bench[0m[2m:[0m [3mstage[0m[2m=[0m"create_proof.finalise_proof.start" [3mrss_mb[0m[2m=[0m350 [3mhwm_mb[0m[2m=[0m350
[2m2026-09-15T07:00:54.581730Z[0m [32m INFO[0m [2mmidnight_bench[0m[2m:[0m [3mstage[0m[2m=[0m"finalise.compute_h_poly.start" [3mrss_mb[0m[2m=[0m350 [3mhwm_mb[0m[2m=[0m350
[2m2026-09-15T07:00:54.599248Z[0m [32m INFO[0m [2mmidnight_bench[0m[2m:[0m [3mstage[0m[2m=[0m"finalise.compute_h_poly.materialise_fixed_cosets.start" [3mrss_mb[0m[2m=[0m350 [3mhwm_mb[0m[2m=[0m350
[2m2026-09-15T07:00:54.631741Z[0m [32m INFO[0m [2mmidnight_bench[0m[2m:[0m [3mstage[0m[2m=[0m"finalise.compute_h_poly.materialise_fixed_cosets.end" [3mrss_mb[0m[2m=[0m350 [3mhwm_mb[0m[2m=[0m350
[2m2026-09-15T07:00:54.631774Z[0m [32m INFO[0m [2mmidnight_bench[0m[2m:[0m [3mstage[0m[2m=[0m"finalise.compute_h_poly.materialise_perm_cosets.start" [3mrss_mb[0m[2m=[0m350 [3mhwm_mb[0m[2m=[0m350
[2m2026-09-15T07:00:54.645981Z[0m [32m INFO[0m [2mmidnight_bench[0m[2m:[0m [3mstage[0m[2m=[0m"finalise.compute_h_poly.materialise_perm_cosets.end" [3mrss_mb[0m[2m=[0m350 [3mhwm_mb[0m[2m=[0m350
[2m2026-09-15T07:00:54.769025Z[0m [32m INFO[0m [2mmidnight_bench[0m[2m:[0m [3mstage[0m[2m=[0m"finalise.compute_h_poly.drop_cosets.end" [3mrss_mb[0m[2m=[0m351 [3mhwm_mb[0m[2m=[0m351
[2m2026-09-15T07:00:54.769055Z[0m [32m INFO[0m [2mmidnight_bench[0m[2m:[0m [3mstage[0m[2m=[0m"finalise.compute_h_poly.end" [3mrss_mb[0m[2m=[0m351 [3mhwm_mb[0m[2m=[0m351
[2m2026-09-15T07:00:54.769062Z[0m [32m INFO[0m [2mmidnight_bench[0m[2m:[0m [3mstage[0m[2m=[0m"finalise.vanishing_construct.start" [3mrss_mb[0m[2m=[0m351 [3mhwm_mb[0m[2m=[0m351
[2m2026-09-15T07:00:54.864073Z[0m [32m INFO[0m [2mmidnight_bench[0m[2m:[0m [3mstage[0m[2m=[0m"finalise.vanishing_construct.end" [3mrss_mb[0m[2m=[0m351 [3mhwm_mb[0m[2m=[0m351
[2m2026-09-15T07:00:54.901745Z[0m [32m INFO[0m [2mmidnight_bench[0m[2m:[0m [3mstage[0m[2m=[0m"finalise.compute_queries.start" [3mrss_mb[0m[2m=[0m351 [3mhwm_mb[0m[2m=[0m351
[2m2026-09-15T07:00:54.901828Z[0m [32m INFO[0m [2mmidnight_bench[0m[2m:[0m [3mstage[0m[2m=[0m"finalise.multi_open.start" [3mrss_mb[0m[2m=[0m351 [3mhwm_mb[0m[2m=[0m351
[2m2026-09-15T07:00:54.993532Z[0m [32m INFO[0m [2mmidnight_bench[0m[2m:[0m [3mstage[0m[2m=[0m"finalise.multi_open.end" [3mrss_mb[0m[2m=[0m351 [3mhwm_mb[0m[2m=[0m351
[2m2026-09-15T07:00:54.994189Z[0m [32m INFO[0m [2mmidnight_bench[0m[2m:[0m [3mstage[0m[2m=[0m"create_proof.finalise_proof.end" [3mrss_mb[0m[2m=[0m329 [3mhwm_mb[0m[2m=[0m350
[2m2026-09-15T07:00:55.009912Z[0m [32m INFO[0m [2mactix_web::middleware::logger[0m[2m:[0m 192.168.65.1 POST /prove HTTP/1.1; took 0.708448s
[2m2026-09-15T07:00:55.012644Z[0m [32m INFO[0m [2mmidnight_proof_server::endpoints[0m[2m:[0m Starting to process request for /prove...
[2m2026-09-15T07:00:55.089724Z[0m [32m INFO[0m [2mmidnight_bench[0m[2m:[0m [3mstage[0m[2m=[0m"create_proof.compute_trace.start" [3mrss_mb[0m[2m=[0m349 [3mhwm_mb[0m[2m=[0m350
[2m2026-09-15T07:00:55.089758Z[0m [32m INFO[0m [2mmidnight_bench[0m[2m:[0m [3mstage[0m[2m=[0m"trace.compute_instances.start" [3mrss_mb[0m[2m=[0m349 [3mhwm_mb[0m[2m=[0m350
[2m2026-09-15T07:00:55.095177Z[0m [32m INFO[0m [2mmidnight_bench[0m[2m:[0m [3mstage[0m[2m=[0m"trace.compute_instances.end" [3mrss_mb[0m[2m=[0m349 [3mhwm_mb[0m[2m=[0m350
[2m2026-09-15T07:00:55.095199Z[0m [32m INFO[0m [2mmidnight_bench[0m[2m:[0m [3mstage[0m[2m=[0m"trace.parse_advices.start" [3mrss_mb[0m[2m=[0m349 [3mhwm_mb[0m[2m=[0m350
[2m2026-09-15T07:00:55.100987Z[0m [32m INFO[0m [2mmidnight_bench[0m[2m:[0m [3mstage[0m[2m=[0m"trace.parse_advices.end" [3mrss_mb[0m[2m=[0m353 [3mhwm_mb[0m[2m=[0m353
[2m2026-09-15T07:00:55.101011Z[0m [32m INFO[0m [2mmidnight_bench[0m[2m:[0m [3mstage[0m[2m=[0m"trace.lookups_permuted.start" [3mrss_mb[0m[2m=[0m353 [3mhwm_mb[0m[2m=[0m353
[2m2026-09-15T07:00:55.148647Z[0m [32m INFO[0m [2mmidnight_bench[0m[2m:[0m [3mstage[0m[2m=[0m"trace.lookups_permuted.end" [3mrss_mb[0m[2m=[0m358 [3mhwm_mb[0m[2m=[0m358
[2m2026-09-15T07:00:55.148677Z[0m [32m INFO[0m [2mmidnight_bench[0m[2m:[0m [3mstage[0m[2m=[0m"trace.permutations_commit.start" [3mrss_mb[0m[2m=[0m358 [3mhwm_mb[0m[2m=[0m358
[2m2026-09-15T07:00:55.222802Z[0m [32m INFO[0m [2mmidnight_bench[0m[2m:[0m [3mstage[0m[2m=[0m"trace.permutations_commit.end" [3mrss_mb[0m[2m=[0m366 [3mhwm_mb[0m[2m=[0m366
[2m2026-09-15T07:00:55.222827Z[0m [32m INFO[0m [2mmidnight_bench[0m[2m:[0m [3mstage[0m[2m=[0m"trace.lookups_product.start" [3mrss_mb[0m[2m=[0m366 [3mhwm_mb[0m[2m=[0m366
[2m2026-09-15T07:00:55.276164Z[0m [32m INFO[0m [2mmidnight_bench[0m[2m:[0m [3mstage[0m[2m=[0m"trace.lookups_product.end" [3mrss_mb[0m[2m=[0m366 [3mhwm_mb[0m[2m=[0m366
[2m2026-09-15T07:00:55.302282Z[0m [32m INFO[0m [2mmidnight_bench[0m[2m:[0m [3mstage[0m[2m=[0m"create_proof.compute_trace.end" [3mrss_mb[0m[2m=[0m366 [3mhwm_mb[0m[2m=[0m366
[2m2026-09-15T07:00:55.302306Z[0m [32m INFO[0m [2mmidnight_bench[0m[2m:[0m [3mstage[0m[2m=[0m"create_proof.finalise_proof.start" [3mrss_mb[0m[2m=[0m366 [3mhwm_mb[0m[2m=[0m366
[2m2026-09-15T07:00:55.302314Z[0m [32m INFO[0m [2mmidnight_bench[0m[2m:[0m [3mstage[0m[2m=[0m"finalise.compute_h_poly.start" [3mrss_mb[0m[2m=[0m366 [3mhwm_mb[0m[2m=[0m366
[2m2026-09-15T07:00:55.318320Z[0m [32m INFO[0m [2mmidnight_bench[0m[2m:[0m [3mstage[0m[2m=[0m"finalise.compute_h_poly.materialise_fixed_cosets.start" [3mrss_mb[0m[2m=[0m366 [3mhwm_mb[0m[2m=[0m366
[2m2026-09-15T07:00:55.345683Z[0m [32m INFO[0m [2mmidnight_bench[0m[2m:[0m [3mstage[0m[2m=[0m"finalise.compute_h_poly.materialise_fixed_cosets.end" [3mrss_mb[0m[2m=[0m366 [3mhwm_mb[0m[2m=[0m366
[2m2026-09-15T07:00:55.345705Z[0m [32m INFO[0m [2mmidnight_bench[0m[2m:[0m [3mstage[0m[2m=[0m"finalise.compute_h_poly.materialise_perm_cosets.start" [3mrss_mb[0m[2m=[0m366 [3mhwm_mb[0m[2m=[0m366
[2m2026-09-15T07:00:55.360970Z[0m [32m INFO[0m [2mmidnight_bench[0m[2m:[0m [3mstage[0m[2m=[0m"finalise.compute_h_poly.materialise_perm_cosets.end" [3mrss_mb[0m[2m=[0m366 [3mhwm_mb[0m[2m=[0m366
[2m2026-09-15T07:00:55.487970Z[0m [32m INFO[0m [2mmidnight_bench[0m[2m:[0m [3mstage[0m[2m=[0m"finalise.compute_h_poly.drop_cosets.end" [3mrss_mb[0m[2m=[0m367 [3mhwm_mb[0m[2m=[0m367
[2m2026-09-15T07:00:55.488000Z[0m [32m INFO[0m [2mmidnight_bench[0m[2m:[0m [3mstage[0m[2m=[0m"finalise.compute_h_poly.end" [3mrss_mb[0m[2m=[0m367 [3mhwm_mb[0m[2m=[0m367
[2m2026-09-15T07:00:55.488008Z[0m [32m INFO[0m [2mmidnight_bench[0m[2m:[0m [3mstage[0m[2m=[0m"finalise.vanishing_construct.start" [3mrss_mb[0m[2m=[0m367 [3mhwm_mb[0m[2m=[0m367
[2m2026-09-15T07:00:55.576308Z[0m [32m INFO[0m [2mmidnight_bench[0m[2m:[0m [3mstage[0m[2m=[0m"finalise.vanishing_construct.end" [3mrss_mb[0m[2m=[0m367 [3mhwm_mb[0m[2m=[0m367
[2m2026-09-15T07:00:55.612058Z[0m [32m INFO[0m [2mmidnight_bench[0m[2m:[0m [3mstage[0m[2m=[0m"finalise.compute_queries.start" [3mrss_mb[0m[2m=[0m367 [3mhwm_mb[0m[2m=[0m367
[2m2026-09-15T07:00:55.612147Z[0m [32m INFO[0m [2mmidnight_bench[0m[2m:[0m [3mstage[0m[2m=[0m"finalise.multi_open.start" [3mrss_mb[0m[2m=[0m367 [3mhwm_mb[0m[2m=[0m367
[2m2026-09-15T07:00:55.740093Z[0m [32m INFO[0m [2mmidnight_bench[0m[2m:[0m [3mstage[0m[2m=[0m"finalise.multi_open.end" [3mrss_mb[0m[2m=[0m367 [3mhwm_mb[0m[2m=[0m367
[2m2026-09-15T07:00:55.740864Z[0m [32m INFO[0m [2mmidnight_bench[0m[2m:[0m [3mstage[0m[2m=[0m"create_proof.finalise_proof.end" [3mrss_mb[0m[2m=[0m345 [3mhwm_mb[0m[2m=[0m366
[2m2026-09-15T07:00:55.779901Z[0m [32m INFO[0m [2mactix_web::middleware::logger[0m[2m:[0m 192.168.65.1 POST /prove HTTP/1.1; took 0.767369s
[2m2026-09-15T07:00:55.783155Z[0m [32m INFO[0m [2mmidnight_proof_server::endpoints[0m[2m:[0m Starting to process request for /prove...
[2m2026-09-15T07:00:55.878032Z[0m [32m INFO[0m [2mmidnight_bench[0m[2m:[0m [3mstage[0m[2m=[0m"create_proof.compute_trace.start" [3mrss_mb[0m[2m=[0m336 [3mhwm_mb[0m[2m=[0m366
[2m2026-09-15T07:00:55.878180Z[0m [32m INFO[0m [2mmidnight_bench[0m[2m:[0m [3mstage[0m[2m=[0m"trace.compute_instances.start" [3mrss_mb[0m[2m=[0m336 [3mhwm_mb[0m[2m=[0m366
[2m2026-09-15T07:00:55.886064Z[0m [32m INFO[0m [2mmidnight_bench[0m[2m:[0m [3mstage[0m[2m=[0m"trace.compute_instances.end" [3mrss_mb[0m[2m=[0m336 [3mhwm_mb[0m[2m=[0m366
[2m2026-09-15T07:00:55.886092Z[0m [32m INFO[0m [2mmidnight_bench[0m[2m:[0m [3mstage[0m[2m=[0m"trace.parse_advices.start" [3mrss_mb[0m[2m=[0m336 [3mhwm_mb[0m[2m=[0m366
[2m2026-09-15T07:00:55.892800Z[0m [32m INFO[0m [2mmidnight_bench[0m[2m:[0m [3mstage[0m[2m=[0m"trace.parse_advices.end" [3mrss_mb[0m[2m=[0m341 [3mhwm_mb[0m[2m=[0m366
[2m2026-09-15T07:00:55.892835Z[0m [32m INFO[0m [2mmidnight_bench[0m[2m:[0m [3mstage[0m[2m=[0m"trace.lookups_permuted.start" [3mrss_mb[0m[2m=[0m341 [3mhwm_mb[0m[2m=[0m366
[2m2026-09-15T07:00:55.953721Z[0m [32m INFO[0m [2mmidnight_bench[0m[2m:[0m [3mstage[0m[2m=[0m"trace.lookups_permuted.end" [3mrss_mb[0m[2m=[0m346 [3mhwm_mb[0m[2m=[0m366
[2m2026-09-15T07:00:55.953749Z[0m [32m INFO[0m [2mmidnight_bench[0m[2m:[0m [3mstage[0m[2m=[0m"trace.permutations_commit.start" [3mrss_mb[0m[2m=[0m346 [3mhwm_mb[0m[2m=[0m366
[2m2026-09-15T07:00:56.033158Z[0m [32m INFO[0m [2mmidnight_bench[0m[2m:[0m [3mstage[0m[2m=[0m"trace.permutations_commit.end" [3mrss_mb[0m[2m=[0m353 [3mhwm_mb[0m[2m=[0m366
[2m2026-09-15T07:00:56.033181Z[0m [32m INFO[0m [2mmidnight_bench[0m[2m:[0m [3mstage[0m[2m=[0m"trace.lookups_product.start" [3mrss_mb[0m[2m=[0m353 [3mhwm_mb[0m[2m=[0m366
[2m2026-09-15T07:00:56.085783Z[0m [32m INFO[0m [2mmidnight_bench[0m[2m:[0m [3mstage[0m[2m=[0m"trace.lookups_product.end" [3mrss_mb[0m[2m=[0m353 [3mhwm_mb[0m[2m=[0m366
[2m2026-09-15T07:00:56.110003Z[0m [32m INFO[0m [2mmidnight_bench[0m[2m:[0m [3mstage[0m[2m=[0m"create_proof.compute_trace.end" [3mrss_mb[0m[2m=[0m354 [3mhwm_mb[0m[2m=[0m366
[2m2026-09-15T07:00:56.110028Z[0m [32m INFO[0m [2mmidnight_bench[0m[2m:[0m [3mstage[0m[2m=[0m"create_proof.finalise_proof.start" [3mrss_mb[0m[2m=[0m354 [3mhwm_mb[0m[2m=[0m366
[2m2026-09-15T07:00:56.110037Z[0m [32m INFO[0m [2mmidnight_bench[0m[2m:[0m [3mstage[0m[2m=[0m"finalise.compute_h_poly.start" [3mrss_mb[0m[2m=[0m354 [3mhwm_mb[0m[2m=[0m366
[2m2026-09-15T07:00:56.125241Z[0m [32m INFO[0m [2mmidnight_bench[0m[2m:[0m [3mstage[0m[2m=[0m"finalise.compute_h_poly.materialise_fixed_cosets.start" [3mrss_mb[0m[2m=[0m354 [3mhwm_mb[0m[2m=[0m366
[2m2026-09-15T07:00:56.153932Z[0m [32m INFO[0m [2mmidnight_bench[0m[2m:[0m [3mstage[0m[2m=[0m"finalise.compute_h_poly.materialise_fixed_cosets.end" [3mrss_mb[0m[2m=[0m354 [3mhwm_mb[0m[2m=[0m366
[2m2026-09-15T07:00:56.153956Z[0m [32m INFO[0m [2mmidnight_bench[0m[2m:[0m [3mstage[0m[2m=[0m"finalise.compute_h_poly.materialise_perm_cosets.start" [3mrss_mb[0m[2m=[0m354 [3mhwm_mb[0m[2m=[0m366
[2m2026-09-15T07:00:56.171194Z[0m [32m INFO[0m [2mmidnight_bench[0m[2m:[0m [3mstage[0m[2m=[0m"finalise.compute_h_poly.materialise_perm_cosets.end" [3mrss_mb[0m[2m=[0m357 [3mhwm_mb[0m[2m=[0m366
[2m2026-09-15T07:00:56.299407Z[0m [32m INFO[0m [2mmidnight_bench[0m[2m:[0m [3mstage[0m[2m=[0m"finalise.compute_h_poly.drop_cosets.end" [3mrss_mb[0m[2m=[0m357 [3mhwm_mb[0m[2m=[0m366
[2m2026-09-15T07:00:56.299438Z[0m [32m INFO[0m [2mmidnight_bench[0m[2m:[0m [3mstage[0m[2m=[0m"finalise.compute_h_poly.end" [3mrss_mb[0m[2m=[0m357 [3mhwm_mb[0m[2m=[0m366
[2m2026-09-15T07:00:56.299446Z[0m [32m INFO[0m [2mmidnight_bench[0m[2m:[0m [3mstage[0m[2m=[0m"finalise.vanishing_construct.start" [3mrss_mb[0m[2m=[0m357 [3mhwm_mb[0m[2m=[0m366
[2m2026-09-15T07:00:56.396997Z[0m [32m INFO[0m [2mmidnight_bench[0m[2m:[0m [3mstage[0m[2m=[0m"finalise.vanishing_construct.end" [3mrss_mb[0m[2m=[0m357 [3mhwm_mb[0m[2m=[0m366
[2m2026-09-15T07:00:56.426965Z[0m [32m INFO[0m [2mmidnight_bench[0m[2m:[0m [3mstage[0m[2m=[0m"finalise.compute_queries.start" [3mrss_mb[0m[2m=[0m357 [3mhwm_mb[0m[2m=[0m366
[2m2026-09-15T07:00:56.427062Z[0m [32m INFO[0m [2mmidnight_bench[0m[2m:[0m [3mstage[0m[2m=[0m"finalise.multi_open.start" [3mrss_mb[0m[2m=[0m357 [3mhwm_mb[0m[2m=[0m366
[2m2026-09-15T07:00:56.518047Z[0m [32m INFO[0m [2mmidnight_bench[0m[2m:[0m [3mstage[0m[2m=[0m"finalise.multi_open.end" [3mrss_mb[0m[2m=[0m357 [3mhwm_mb[0m[2m=[0m366
[2m2026-09-15T07:00:56.518716Z[0m [32m INFO[0m [2mmidnight_bench[0m[2m:[0m [3mstage[0m[2m=[0m"create_proof.finalise_proof.end" [3mrss_mb[0m[2m=[0m335 [3mhwm_mb[0m[2m=[0m366
[2m2026-09-15T07:00:56.535513Z[0m [32m INFO[0m [2mactix_web::middleware::logger[0m[2m:[0m 192.168.65.1 POST /prove HTTP/1.1; took 0.752400s
[2m2026-09-15T07:00:56.538750Z[0m [32m INFO[0m [2mmidnight_proof_server::endpoints[0m[2m:[0m Starting to process request for /prove...
[2m2026-09-15T07:00:56.611999Z[0m [32m INFO[0m [2mmidnight_bench[0m[2m:[0m [3mstage[0m[2m=[0m"create_proof.compute_trace.start" [3mrss_mb[0m[2m=[0m325 [3mhwm_mb[0m[2m=[0m366
[2m2026-09-15T07:00:56.612029Z[0m [32m INFO[0m [2mmidnight_bench[0m[2m:[0m [3mstage[0m[2m=[0m"trace.compute_instances.start" [3mrss_mb[0m[2m=[0m325 [3mhwm_mb[0m[2m=[0m366
[2m2026-09-15T07:00:56.616546Z[0m [32m INFO[0m [2mmidnight_bench[0m[2m:[0m [3mstage[0m[2m=[0m"trace.compute_instances.end" [3mrss_mb[0m[2m=[0m325 [3mhwm_mb[0m[2m=[0m366
[2m2026-09-15T07:00:56.616564Z[0m [32m INFO[0m [2mmidnight_bench[0m[2m:[0m [3mstage[0m[2m=[0m"trace.parse_advices.start" [3mrss_mb[0m[2m=[0m325 [3mhwm_mb[0m[2m=[0m366
[2m2026-09-15T07:00:56.622397Z[0m [32m INFO[0m [2mmidnight_bench[0m[2m:[0m [3mstage[0m[2m=[0m"trace.parse_advices.end" [3mrss_mb[0m[2m=[0m330 [3mhwm_mb[0m[2m=[0m366
[2m2026-09-15T07:00:56.622423Z[0m [32m INFO[0m [2mmidnight_bench[0m[2m:[0m [3mstage[0m[2m=[0m"trace.lookups_permuted.start" [3mrss_mb[0m[2m=[0m330 [3mhwm_mb[0m[2m=[0m366
[2m2026-09-15T07:00:56.668783Z[0m [32m INFO[0m [2mmidnight_bench[0m[2m:[0m [3mstage[0m[2m=[0m"trace.lookups_permuted.end" [3mrss_mb[0m[2m=[0m335 [3mhwm_mb[0m[2m=[0m366
[2m2026-09-15T07:00:56.668813Z[0m [32m INFO[0m [2mmidnight_bench[0m[2m:[0m [3mstage[0m[2m=[0m"trace.permutations_commit.start" [3mrss_mb[0m[2m=[0m335 [3mhwm_mb[0m[2m=[0m366
[2m2026-09-15T07:00:56.738915Z[0m [32m INFO[0m [2mmidnight_bench[0m[2m:[0m [3mstage[0m[2m=[0m"trace.permutations_commit.end" [3mrss_mb[0m[2m=[0m342 [3mhwm_mb[0m[2m=[0m366
[2m2026-09-15T07:00:56.738940Z[0m [32m INFO[0m [2mmidnight_bench[0m[2m:[0m [3mstage[0m[2m=[0m"trace.lookups_product.start" [3mrss_mb[0m[2m=[0m342 [3mhwm_mb[0m[2m=[0m366
[2m2026-09-15T07:00:56.791322Z[0m [32m INFO[0m [2mmidnight_bench[0m[2m:[0m [3mstage[0m[2m=[0m"trace.lookups_product.end" [3mrss_mb[0m[2m=[0m342 [3mhwm_mb[0m[2m=[0m366
[2m2026-09-15T07:00:56.815174Z[0m [32m INFO[0m [2mmidnight_bench[0m[2m:[0m [3mstage[0m[2m=[0m"create_proof.compute_trace.end" [3mrss_mb[0m[2m=[0m343 [3mhwm_mb[0m[2m=[0m366
[2m2026-09-15T07:00:56.815195Z[0m [32m INFO[0m [2mmidnight_bench[0m[2m:[0m [3mstage[0m[2m=[0m"create_proof.finalise_proof.start" [3mrss_mb[0m[2m=[0m343 [3mhwm_mb[0m[2m=[0m366
[2m2026-09-15T07:00:56.815202Z[0m [32m INFO[0m [2mmidnight_bench[0m[2m:[0m [3mstage[0m[2m=[0m"finalise.compute_h_poly.start" [3mrss_mb[0m[2m=[0m343 [3mhwm_mb[0m[2m=[0m366
[2m2026-09-15T07:00:56.829370Z[0m [32m INFO[0m [2mmidnight_bench[0m[2m:[0m [3mstage[0m[2m=[0m"finalise.compute_h_poly.materialise_fixed_cosets.start" [3mrss_mb[0m[2m=[0m343 [3mhwm_mb[0m[2m=[0m366
[2m2026-09-15T07:00:56.859784Z[0m [32m INFO[0m [2mmidnight_bench[0m[2m:[0m [3mstage[0m[2m=[0m"finalise.compute_h_poly.materialise_fixed_cosets.end" [3mrss_mb[0m[2m=[0m343 [3mhwm_mb[0m[2m=[0m366
[2m2026-09-15T07:00:56.859811Z[0m [32m INFO[0m [2mmidnight_bench[0m[2m:[0m [3mstage[0m[2m=[0m"finalise.compute_h_poly.materialise_perm_cosets.start" [3mrss_mb[0m[2m=[0m343 [3mhwm_mb[0m[2m=[0m366
[2m2026-09-15T07:00:56.877966Z[0m [32m INFO[0m [2mmidnight_bench[0m[2m:[0m [3mstage[0m[2m=[0m"finalise.compute_h_poly.materialise_perm_cosets.end" [3mrss_mb[0m[2m=[0m344 [3mhwm_mb[0m[2m=[0m366
[2m2026-09-15T07:00:57.008694Z[0m [32m INFO[0m [2mmidnight_bench[0m[2m:[0m [3mstage[0m[2m=[0m"finalise.compute_h_poly.drop_cosets.end" [3mrss_mb[0m[2m=[0m345 [3mhwm_mb[0m[2m=[0m366
[2m2026-09-15T07:00:57.008731Z[0m [32m INFO[0m [2mmidnight_bench[0m[2m:[0m [3mstage[0m[2m=[0m"finalise.compute_h_poly.end" [3mrss_mb[0m[2m=[0m345 [3mhwm_mb[0m[2m=[0m366
[2m2026-09-15T07:00:57.008739Z[0m [32m INFO[0m [2mmidnight_bench[0m[2m:[0m [3mstage[0m[2m=[0m"finalise.vanishing_construct.start" [3mrss_mb[0m[2m=[0m345 [3mhwm_mb[0m[2m=[0m366
[2m2026-09-15T07:00:57.120291Z[0m [32m INFO[0m [2mmidnight_bench[0m[2m:[0m [3mstage[0m[2m=[0m"finalise.vanishing_construct.end" [3mrss_mb[0m[2m=[0m345 [3mhwm_mb[0m[2m=[0m366
[2m2026-09-15T07:00:57.147449Z[0m [32m INFO[0m [2mmidnight_bench[0m[2m:[0m [3mstage[0m[2m=[0m"finalise.compute_queries.start" [3mrss_mb[0m[2m=[0m345 [3mhwm_mb[0m[2m=[0m366
[2m2026-09-15T07:00:57.147571Z[0m [32m INFO[0m [2mmidnight_bench[0m[2m:[0m [3mstage[0m[2m=[0m"finalise.multi_open.start" [3mrss_mb[0m[2m=[0m345 [3mhwm_mb[0m[2m=[0m366
[2m2026-09-15T07:00:57.241634Z[0m [32m INFO[0m [2mmidnight_bench[0m[2m:[0m [3mstage[0m[2m=[0m"finalise.multi_open.end" [3mrss_mb[0m[2m=[0m345 [3mhwm_mb[0m[2m=[0m366
[2m2026-09-15T07:00:57.242543Z[0m [32m INFO[0m [2mmidnight_bench[0m[2m:[0m [3mstage[0m[2m=[0m"create_proof.finalise_proof.end" [3mrss_mb[0m[2m=[0m322 [3mhwm_mb[0m[2m=[0m366
[2m2026-09-15T07:00:57.257884Z[0m [32m INFO[0m [2mactix_web::middleware::logger[0m[2m:[0m 192.168.65.1 POST /prove HTTP/1.1; took 0.719169s
[2m2026-09-15T07:00:57.259599Z[0m [32m INFO[0m [2mmidnight_proof_server::endpoints[0m[2m:[0m Starting to process request for /prove...
[2m2026-09-15T07:00:57.332019Z[0m [32m INFO[0m [2mmidnight_bench[0m[2m:[0m [3mstage[0m[2m=[0m"create_proof.compute_trace.start" [3mrss_mb[0m[2m=[0m326 [3mhwm_mb[0m[2m=[0m366
[2m2026-09-15T07:00:57.332047Z[0m [32m INFO[0m [2mmidnight_bench[0m[2m:[0m [3mstage[0m[2m=[0m"trace.compute_instances.start" [3mrss_mb[0m[2m=[0m326 [3mhwm_mb[0m[2m=[0m366
[2m2026-09-15T07:00:57.337480Z[0m [32m INFO[0m [2mmidnight_bench[0m[2m:[0m [3mstage[0m[2m=[0m"trace.compute_instances.end" [3mrss_mb[0m[2m=[0m326 [3mhwm_mb[0m[2m=[0m366
[2m2026-09-15T07:00:57.337498Z[0m [32m INFO[0m [2mmidnight_bench[0m[2m:[0m [3mstage[0m[2m=[0m"trace.parse_advices.start" [3mrss_mb[0m[2m=[0m326 [3mhwm_mb[0m[2m=[0m366
[2m2026-09-15T07:00:57.343374Z[0m [32m INFO[0m [2mmidnight_bench[0m[2m:[0m [3mstage[0m[2m=[0m"trace.parse_advices.end" [3mrss_mb[0m[2m=[0m331 [3mhwm_mb[0m[2m=[0m366
[2m2026-09-15T07:00:57.343399Z[0m [32m INFO[0m [2mmidnight_bench[0m[2m:[0m [3mstage[0m[2m=[0m"trace.lookups_permuted.start" [3mrss_mb[0m[2m=[0m331 [3mhwm_mb[0m[2m=[0m366
[2m2026-09-15T07:00:57.389470Z[0m [32m INFO[0m [2mmidnight_bench[0m[2m:[0m [3mstage[0m[2m=[0m"trace.lookups_permuted.end" [3mrss_mb[0m[2m=[0m336 [3mhwm_mb[0m[2m=[0m366
[2m2026-09-15T07:00:57.389499Z[0m [32m INFO[0m [2mmidnight_bench[0m[2m:[0m [3mstage[0m[2m=[0m"trace.permutations_commit.start" [3mrss_mb[0m[2m=[0m336 [3mhwm_mb[0m[2m=[0m366
[2m2026-09-15T07:00:57.458813Z[0m [32m INFO[0m [2mmidnight_bench[0m[2m:[0m [3mstage[0m[2m=[0m"trace.permutations_commit.end" [3mrss_mb[0m[2m=[0m343 [3mhwm_mb[0m[2m=[0m366
[2m2026-09-15T07:00:57.458846Z[0m [32m INFO[0m [2mmidnight_bench[0m[2m:[0m [3mstage[0m[2m=[0m"trace.lookups_product.start" [3mrss_mb[0m[2m=[0m343 [3mhwm_mb[0m[2m=[0m366
[2m2026-09-15T07:00:57.509684Z[0m [32m INFO[0m [2mmidnight_bench[0m[2m:[0m [3mstage[0m[2m=[0m"trace.lookups_product.end" [3mrss_mb[0m[2m=[0m343 [3mhwm_mb[0m[2m=[0m366
[2m2026-09-15T07:00:57.534539Z[0m [32m INFO[0m [2mmidnight_bench[0m[2m:[0m [3mstage[0m[2m=[0m"create_proof.compute_trace.end" [3mrss_mb[0m[2m=[0m344 [3mhwm_mb[0m[2m=[0m366
[2m2026-09-15T07:00:57.534569Z[0m [32m INFO[0m [2mmidnight_bench[0m[2m:[0m [3mstage[0m[2m=[0m"create_proof.finalise_proof.start" [3mrss_mb[0m[2m=[0m344 [3mhwm_mb[0m[2m=[0m366
[2m2026-09-15T07:00:57.534580Z[0m [32m INFO[0m [2mmidnight_bench[0m[2m:[0m [3mstage[0m[2m=[0m"finalise.compute_h_poly.start" [3mrss_mb[0m[2m=[0m344 [3mhwm_mb[0m[2m=[0m366
[2m2026-09-15T07:00:57.551472Z[0m [32m INFO[0m [2mmidnight_bench[0m[2m:[0m [3mstage[0m[2m=[0m"finalise.compute_h_poly.materialise_fixed_cosets.start" [3mrss_mb[0m[2m=[0m344 [3mhwm_mb[0m[2m=[0m366
[2m2026-09-15T07:00:57.578735Z[0m [32m INFO[0m [2mmidnight_bench[0m[2m:[0m [3mstage[0m[2m=[0m"finalise.compute_h_poly.materialise_fixed_cosets.end" [3mrss_mb[0m[2m=[0m344 [3mhwm_mb[0m[2m=[0m366
[2m2026-09-15T07:00:57.578757Z[0m [32m INFO[0m [2mmidnight_bench[0m[2m:[0m [3mstage[0m[2m=[0m"finalise.compute_h_poly.materialise_perm_cosets.start" [3mrss_mb[0m[2m=[0m344 [3mhwm_mb[0m[2m=[0m366
[2m2026-09-15T07:00:57.595570Z[0m [32m INFO[0m [2mmidnight_bench[0m[2m:[0m [3mstage[0m[2m=[0m"finalise.compute_h_poly.materialise_perm_cosets.end" [3mrss_mb[0m[2m=[0m346 [3mhwm_mb[0m[2m=[0m366
[2m2026-09-15T07:00:57.718327Z[0m [32m INFO[0m [2mmidnight_bench[0m[2m:[0m [3mstage[0m[2m=[0m"finalise.compute_h_poly.drop_cosets.end" [3mrss_mb[0m[2m=[0m346 [3mhwm_mb[0m[2m=[0m366
[2m2026-09-15T07:00:57.718365Z[0m [32m INFO[0m [2mmidnight_bench[0m[2m:[0m [3mstage[0m[2m=[0m"finalise.compute_h_poly.end" [3mrss_mb[0m[2m=[0m346 [3mhwm_mb[0m[2m=[0m366
[2m2026-09-15T07:00:57.718372Z[0m [32m INFO[0m [2mmidnight_bench[0m[2m:[0m [3mstage[0m[2m=[0m"finalise.vanishing_construct.start" [3mrss_mb[0m[2m=[0m346 [3mhwm_mb[0m[2m=[0m366
[2m2026-09-15T07:00:57.804261Z[0m [32m INFO[0m [2mmidnight_bench[0m[2m:[0m [3mstage[0m[2m=[0m"finalise.vanishing_construct.end" [3mrss_mb[0m[2m=[0m346 [3mhwm_mb[0m[2m=[0m366
[2m2026-09-15T07:00:57.831020Z[0m [32m INFO[0m [2mmidnight_bench[0m[2m:[0m [3mstage[0m[2m=[0m"finalise.compute_queries.start" [3mrss_mb[0m[2m=[0m346 [3mhwm_mb[0m[2m=[0m366
[2m2026-09-15T07:00:57.831113Z[0m [32m INFO[0m [2mmidnight_bench[0m[2m:[0m [3mstage[0m[2m=[0m"finalise.multi_open.start" [3mrss_mb[0m[2m=[0m346 [3mhwm_mb[0m[2m=[0m366
[2m2026-09-15T07:00:57.920769Z[0m [32m INFO[0m [2mmidnight_bench[0m[2m:[0m [3mstage[0m[2m=[0m"finalise.multi_open.end" [3mrss_mb[0m[2m=[0m346 [3mhwm_mb[0m[2m=[0m366
[2m2026-09-15T07:00:57.921501Z[0m [32m INFO[0m [2mmidnight_bench[0m[2m:[0m [3mstage[0m[2m=[0m"create_proof.finalise_proof.end" [3mrss_mb[0m[2m=[0m324 [3mhwm_mb[0m[2m=[0m366
[2m2026-09-15T07:00:57.936999Z[0m [32m INFO[0m [2mactix_web::middleware::logger[0m[2m:[0m 192.168.65.1 POST /prove HTTP/1.1; took 0.677417s
[2m2026-09-15T07:00:57.939828Z[0m [32m INFO[0m [2mmidnight_proof_server::endpoints[0m[2m:[0m Starting to process request for /prove...
[2m2026-09-15T07:00:58.013818Z[0m [32m INFO[0m [2mmidnight_bench[0m[2m:[0m [3mstage[0m[2m=[0m"create_proof.compute_trace.start" [3mrss_mb[0m[2m=[0m328 [3mhwm_mb[0m[2m=[0m366
[2m2026-09-15T07:00:58.013849Z[0m [32m INFO[0m [2mmidnight_bench[0m[2m:[0m [3mstage[0m[2m=[0m"trace.compute_instances.start" [3mrss_mb[0m[2m=[0m328 [3mhwm_mb[0m[2m=[0m366
[2m2026-09-15T07:00:58.019018Z[0m [32m INFO[0m [2mmidnight_bench[0m[2m:[0m [3mstage[0m[2m=[0m"trace.compute_instances.end" [3mrss_mb[0m[2m=[0m328 [3mhwm_mb[0m[2m=[0m366
[2m2026-09-15T07:00:58.019039Z[0m [32m INFO[0m [2mmidnight_bench[0m[2m:[0m [3mstage[0m[2m=[0m"trace.parse_advices.start" [3mrss_mb[0m[2m=[0m328 [3mhwm_mb[0m[2m=[0m366
[2m2026-09-15T07:00:58.024741Z[0m [32m INFO[0m [2mmidnight_bench[0m[2m:[0m [3mstage[0m[2m=[0m"trace.parse_advices.end" [3mrss_mb[0m[2m=[0m332 [3mhwm_mb[0m[2m=[0m366
[2m2026-09-15T07:00:58.024762Z[0m [32m INFO[0m [2mmidnight_bench[0m[2m:[0m [3mstage[0m[2m=[0m"trace.lookups_permuted.start" [3mrss_mb[0m[2m=[0m332 [3mhwm_mb[0m[2m=[0m366
[2m2026-09-15T07:00:58.070955Z[0m [32m INFO[0m [2mmidnight_bench[0m[2m:[0m [3mstage[0m[2m=[0m"trace.lookups_permuted.end" [3mrss_mb[0m[2m=[0m337 [3mhwm_mb[0m[2m=[0m366
[2m2026-09-15T07:00:58.070990Z[0m [32m INFO[0m [2mmidnight_bench[0m[2m:[0m [3mstage[0m[2m=[0m"trace.permutations_commit.start" [3mrss_mb[0m[2m=[0m337 [3mhwm_mb[0m[2m=[0m366
[2m2026-09-15T07:00:58.136666Z[0m [32m INFO[0m [2mmidnight_bench[0m[2m:[0m [3mstage[0m[2m=[0m"trace.permutations_commit.end" [3mrss_mb[0m[2m=[0m345 [3mhwm_mb[0m[2m=[0m366
[2m2026-09-15T07:00:58.136689Z[0m [32m INFO[0m [2mmidnight_bench[0m[2m:[0m [3mstage[0m[2m=[0m"trace.lookups_product.start" [3mrss_mb[0m[2m=[0m345 [3mhwm_mb[0m[2m=[0m366
[2m2026-09-15T07:00:58.187599Z[0m [32m INFO[0m [2mmidnight_bench[0m[2m:[0m [3mstage[0m[2m=[0m"trace.lookups_product.end" [3mrss_mb[0m[2m=[0m345 [3mhwm_mb[0m[2m=[0m366
[2m2026-09-15T07:00:58.216431Z[0m [32m INFO[0m [2mmidnight_bench[0m[2m:[0m [3mstage[0m[2m=[0m"create_proof.compute_trace.end" [3mrss_mb[0m[2m=[0m346 [3mhwm_mb[0m[2m=[0m366
[2m2026-09-15T07:00:58.216459Z[0m [32m INFO[0m [2mmidnight_bench[0m[2m:[0m [3mstage[0m[2m=[0m"create_proof.finalise_proof.start" [3mrss_mb[0m[2m=[0m346 [3mhwm_mb[0m[2m=[0m366
[2m2026-09-15T07:00:58.216467Z[0m [32m INFO[0m [2mmidnight_bench[0m[2m:[0m [3mstage[0m[2m=[0m"finalise.compute_h_poly.start" [3mrss_mb[0m[2m=[0m346 [3mhwm_mb[0m[2m=[0m366
[2m2026-09-15T07:00:58.232985Z[0m [32m INFO[0m [2mmidnight_bench[0m[2m:[0m [3mstage[0m[2m=[0m"finalise.compute_h_poly.materialise_fixed_cosets.start" [3mrss_mb[0m[2m=[0m346 [3mhwm_mb[0m[2m=[0m366
[2m2026-09-15T07:00:58.264388Z[0m [32m INFO[0m [2mmidnight_bench[0m[2m:[0m [3mstage[0m[2m=[0m"finalise.compute_h_poly.materialise_fixed_cosets.end" [3mrss_mb[0m[2m=[0m346 [3mhwm_mb[0m[2m=[0m366
[2m2026-09-15T07:00:58.264417Z[0m [32m INFO[0m [2mmidnight_bench[0m[2m:[0m [3mstage[0m[2m=[0m"finalise.compute_h_poly.materialise_perm_cosets.start" [3mrss_mb[0m[2m=[0m346 [3mhwm_mb[0m[2m=[0m366
[2m2026-09-15T07:00:58.281154Z[0m [32m INFO[0m [2mmidnight_bench[0m[2m:[0m [3mstage[0m[2m=[0m"finalise.compute_h_poly.materialise_perm_cosets.end" [3mrss_mb[0m[2m=[0m346 [3mhwm_mb[0m[2m=[0m366
[2m2026-09-15T07:00:58.409184Z[0m [32m INFO[0m [2mmidnight_bench[0m[2m:[0m [3mstage[0m[2m=[0m"finalise.compute_h_poly.drop_cosets.end" [3mrss_mb[0m[2m=[0m347 [3mhwm_mb[0m[2m=[0m366
[2m2026-09-15T07:00:58.409232Z[0m [32m INFO[0m [2mmidnight_bench[0m[2m:[0m [3mstage[0m[2m=[0m"finalise.compute_h_poly.end" [3mrss_mb[0m[2m=[0m347 [3mhwm_mb[0m[2m=[0m366
[2m2026-09-15T07:00:58.409244Z[0m [32m INFO[0m [2mmidnight_bench[0m[2m:[0m [3mstage[0m[2m=[0m"finalise.vanishing_construct.start" [3mrss_mb[0m[2m=[0m347 [3mhwm_mb[0m[2m=[0m366
[2m2026-09-15T07:00:58.496881Z[0m [32m INFO[0m [2mmidnight_bench[0m[2m:[0m [3mstage[0m[2m=[0m"finalise.vanishing_construct.end" [3mrss_mb[0m[2m=[0m347 [3mhwm_mb[0m[2m=[0m366
[2m2026-09-15T07:00:58.524022Z[0m [32m INFO[0m [2mmidnight_bench[0m[2m:[0m [3mstage[0m[2m=[0m"finalise.compute_queries.start" [3mrss_mb[0m[2m=[0m347 [3mhwm_mb[0m[2m=[0m366
[2m2026-09-15T07:00:58.524107Z[0m [32m INFO[0m [2mmidnight_bench[0m[2m:[0m [3mstage[0m[2m=[0m"finalise.multi_open.start" [3mrss_mb[0m[2m=[0m347 [3mhwm_mb[0m[2m=[0m366
[2m2026-09-15T07:00:58.613856Z[0m [32m INFO[0m [2mmidnight_bench[0m[2m:[0m [3mstage[0m[2m=[0m"finalise.multi_open.end" [3mrss_mb[0m[2m=[0m347 [3mhwm_mb[0m[2m=[0m366
[2m2026-09-15T07:00:58.614598Z[0m [32m INFO[0m [2mmidnight_bench[0m[2m:[0m [3mstage[0m[2m=[0m"create_proof.finalise_proof.end" [3mrss_mb[0m[2m=[0m324 [3mhwm_mb[0m[2m=[0m366
[2m2026-09-15T07:00:58.629904Z[0m [32m INFO[0m [2mactix_web::middleware::logger[0m[2m:[0m 192.168.65.1 POST /prove HTTP/1.1; took 0.690097s
[2m2026-09-15T07:00:58.632253Z[0m [32m INFO[0m [2mmidnight_proof_server::endpoints[0m[2m:[0m Starting to process request for /prove...
[2m2026-09-15T07:00:58.727609Z[0m [32m INFO[0m [2mmidnight_bench[0m[2m:[0m [3mstage[0m[2m=[0m"create_proof.compute_trace.start" [3mrss_mb[0m[2m=[0m329 [3mhwm_mb[0m[2m=[0m366
[2m2026-09-15T07:00:58.727671Z[0m [32m INFO[0m [2mmidnight_bench[0m[2m:[0m [3mstage[0m[2m=[0m"trace.compute_instances.start" [3mrss_mb[0m[2m=[0m329 [3mhwm_mb[0m[2m=[0m366
[2m2026-09-15T07:00:58.735513Z[0m [32m INFO[0m [2mmidnight_bench[0m[2m:[0m [3mstage[0m[2m=[0m"trace.compute_instances.end" [3mrss_mb[0m[2m=[0m329 [3mhwm_mb[0m[2m=[0m366
[2m2026-09-15T07:00:58.735549Z[0m [32m INFO[0m [2mmidnight_bench[0m[2m:[0m [3mstage[0m[2m=[0m"trace.parse_advices.start" [3mrss_mb[0m[2m=[0m329 [3mhwm_mb[0m[2m=[0m366
[2m2026-09-15T07:00:58.748787Z[0m [32m INFO[0m [2mmidnight_bench[0m[2m:[0m [3mstage[0m[2m=[0m"trace.parse_advices.end" [3mrss_mb[0m[2m=[0m334 [3mhwm_mb[0m[2m=[0m366
[2m2026-09-15T07:00:58.748817Z[0m [32m INFO[0m [2mmidnight_bench[0m[2m:[0m [3mstage[0m[2m=[0m"trace.lookups_permuted.start" [3mrss_mb[0m[2m=[0m334 [3mhwm_mb[0m[2m=[0m366
[2m2026-09-15T07:00:58.810199Z[0m [32m INFO[0m [2mmidnight_bench[0m[2m:[0m [3mstage[0m[2m=[0m"trace.lookups_permuted.end" [3mrss_mb[0m[2m=[0m339 [3mhwm_mb[0m[2m=[0m366
[2m2026-09-15T07:00:58.810228Z[0m [32m INFO[0m [2mmidnight_bench[0m[2m:[0m [3mstage[0m[2m=[0m"trace.permutations_commit.start" [3mrss_mb[0m[2m=[0m339 [3mhwm_mb[0m[2m=[0m366
[2m2026-09-15T07:00:58.880174Z[0m [32m INFO[0m [2mmidnight_bench[0m[2m:[0m [3mstage[0m[2m=[0m"trace.permutations_commit.end" [3mrss_mb[0m[2m=[0m346 [3mhwm_mb[0m[2m=[0m366
[2m2026-09-15T07:00:58.880204Z[0m [32m INFO[0m [2mmidnight_bench[0m[2m:[0m [3mstage[0m[2m=[0m"trace.lookups_product.start" [3mrss_mb[0m[2m=[0m346 [3mhwm_mb[0m[2m=[0m366
[2m2026-09-15T07:00:58.933109Z[0m [32m INFO[0m [2mmidnight_bench[0m[2m:[0m [3mstage[0m[2m=[0m"trace.lookups_product.end" [3mrss_mb[0m[2m=[0m347 [3mhwm_mb[0m[2m=[0m366
[2m2026-09-15T07:00:58.961510Z[0m [32m INFO[0m [2mmidnight_bench[0m[2m:[0m [3mstage[0m[2m=[0m"create_proof.compute_trace.end" [3mrss_mb[0m[2m=[0m348 [3mhwm_mb[0m[2m=[0m366
[2m2026-09-15T07:00:58.961540Z[0m [32m INFO[0m [2mmidnight_bench[0m[2m:[0m [3mstage[0m[2m=[0m"create_proof.finalise_proof.start" [3mrss_mb[0m[2m=[0m348 [3mhwm_mb[0m[2m=[0m366
[2m2026-09-15T07:00:58.961549Z[0m [32m INFO[0m [2mmidnight_bench[0m[2m:[0m [3mstage[0m[2m=[0m"finalise.compute_h_poly.start" [3mrss_mb[0m[2m=[0m348 [3mhwm_mb[0m[2m=[0m366
[2m2026-09-15T07:00:58.977738Z[0m [32m INFO[0m [2mmidnight_bench[0m[2m:[0m [3mstage[0m[2m=[0m"finalise.compute_h_poly.materialise_fixed_cosets.start" [3mrss_mb[0m[2m=[0m348 [3mhwm_mb[0m[2m=[0m366
[2m2026-09-15T07:00:59.010942Z[0m [32m INFO[0m [2mmidnight_bench[0m[2m:[0m [3mstage[0m[2m=[0m"finalise.compute_h_poly.materialise_fixed_cosets.end" [3mrss_mb[0m[2m=[0m348 [3mhwm_mb[0m[2m=[0m366
[2m2026-09-15T07:00:59.010971Z[0m [32m INFO[0m [2mmidnight_bench[0m[2m:[0m [3mstage[0m[2m=[0m"finalise.compute_h_poly.materialise_perm_cosets.start" [3mrss_mb[0m[2m=[0m348 [3mhwm_mb[0m[2m=[0m366
[2m2026-09-15T07:00:59.024401Z[0m [32m INFO[0m [2mmidnight_bench[0m[2m:[0m [3mstage[0m[2m=[0m"finalise.compute_h_poly.materialise_perm_cosets.end" [3mrss_mb[0m[2m=[0m348 [3mhwm_mb[0m[2m=[0m366
[2m2026-09-15T07:00:59.147798Z[0m [32m INFO[0m [2mmidnight_bench[0m[2m:[0m [3mstage[0m[2m=[0m"finalise.compute_h_poly.drop_cosets.end" [3mrss_mb[0m[2m=[0m348 [3mhwm_mb[0m[2m=[0m366
[2m2026-09-15T07:00:59.147833Z[0m [32m INFO[0m [2mmidnight_bench[0m[2m:[0m [3mstage[0m[2m=[0m"finalise.compute_h_poly.end" [3mrss_mb[0m[2m=[0m348 [3mhwm_mb[0m[2m=[0m366
[2m2026-09-15T07:00:59.147841Z[0m [32m INFO[0m [2mmidnight_bench[0m[2m:[0m [3mstage[0m[2m=[0m"finalise.vanishing_construct.start" [3mrss_mb[0m[2m=[0m348 [3mhwm_mb[0m[2m=[0m366
[2m2026-09-15T07:00:59.242307Z[0m [32m INFO[0m [2mmidnight_bench[0m[2m:[0m [3mstage[0m[2m=[0m"finalise.vanishing_construct.end" [3mrss_mb[0m[2m=[0m348 [3mhwm_mb[0m[2m=[0m366
[2m2026-09-15T07:00:59.269768Z[0m [32m INFO[0m [2mmidnight_bench[0m[2m:[0m [3mstage[0m[2m=[0m"finalise.compute_queries.start" [3mrss_mb[0m[2m=[0m348 [3mhwm_mb[0m[2m=[0m366
[2m2026-09-15T07:00:59.269855Z[0m [32m INFO[0m [2mmidnight_bench[0m[2m:[0m [3mstage[0m[2m=[0m"finalise.multi_open.start" [3mrss_mb[0m[2m=[0m348 [3mhwm_mb[0m[2m=[0m366
[2m2026-09-15T07:00:59.366460Z[0m [32m INFO[0m [2mmidnight_bench[0m[2m:[0m [3mstage[0m[2m=[0m"finalise.multi_open.end" [3mrss_mb[0m[2m=[0m348 [3mhwm_mb[0m[2m=[0m366
[2m2026-09-15T07:00:59.367119Z[0m [32m INFO[0m [2mmidnight_bench[0m[2m:[0m [3mstage[0m[2m=[0m"create_proof.finalise_proof.end" [3mrss_mb[0m[2m=[0m326 [3mhwm_mb[0m[2m=[0m366
[2m2026-09-15T07:00:59.382569Z[0m [32m INFO[0m [2mactix_web::middleware::logger[0m[2m:[0m 192.168.65.1 POST /prove HTTP/1.1; took 0.750335s
[2m2026-09-15T07:00:59.384027Z[0m [32m INFO[0m [2mmidnight_proof_server::endpoints[0m[2m:[0m Starting to process request for /prove...
[2m2026-09-15T07:00:59.462949Z[0m [32m INFO[0m [2mmidnight_bench[0m[2m:[0m [3mstage[0m[2m=[0m"create_proof.compute_trace.start" [3mrss_mb[0m[2m=[0m342 [3mhwm_mb[0m[2m=[0m366
[2m2026-09-15T07:00:59.462976Z[0m [32m INFO[0m [2mmidnight_bench[0m[2m:[0m [3mstage[0m[2m=[0m"trace.compute_instances.start" [3mrss_mb[0m[2m=[0m342 [3mhwm_mb[0m[2m=[0m366
[2m2026-09-15T07:00:59.467417Z[0m [32m INFO[0m [2mmidnight_bench[0m[2m:[0m [3mstage[0m[2m=[0m"trace.compute_instances.end" [3mrss_mb[0m[2m=[0m342 [3mhwm_mb[0m[2m=[0m366
[2m2026-09-15T07:00:59.467438Z[0m [32m INFO[0m [2mmidnight_bench[0m[2m:[0m [3mstage[0m[2m=[0m"trace.parse_advices.start" [3mrss_mb[0m[2m=[0m342 [3mhwm_mb[0m[2m=[0m366
[2m2026-09-15T07:00:59.473023Z[0m [32m INFO[0m [2mmidnight_bench[0m[2m:[0m [3mstage[0m[2m=[0m"trace.parse_advices.end" [3mrss_mb[0m[2m=[0m347 [3mhwm_mb[0m[2m=[0m366
[2m2026-09-15T07:00:59.473044Z[0m [32m INFO[0m [2mmidnight_bench[0m[2m:[0m [3mstage[0m[2m=[0m"trace.lookups_permuted.start" [3mrss_mb[0m[2m=[0m347 [3mhwm_mb[0m[2m=[0m366
[2m2026-09-15T07:00:59.517670Z[0m [32m INFO[0m [2mmidnight_bench[0m[2m:[0m [3mstage[0m[2m=[0m"trace.lookups_permuted.end" [3mrss_mb[0m[2m=[0m352 [3mhwm_mb[0m[2m=[0m366
[2m2026-09-15T07:00:59.517701Z[0m [32m INFO[0m [2mmidnight_bench[0m[2m:[0m [3mstage[0m[2m=[0m"trace.permutations_commit.start" [3mrss_mb[0m[2m=[0m352 [3mhwm_mb[0m[2m=[0m366
[2m2026-09-15T07:00:59.584073Z[0m [32m INFO[0m [2mmidnight_bench[0m[2m:[0m [3mstage[0m[2m=[0m"trace.permutations_commit.end" [3mrss_mb[0m[2m=[0m360 [3mhwm_mb[0m[2m=[0m366
[2m2026-09-15T07:00:59.584091Z[0m [32m INFO[0m [2mmidnight_bench[0m[2m:[0m [3mstage[0m[2m=[0m"trace.lookups_product.start" [3mrss_mb[0m[2m=[0m360 [3mhwm_mb[0m[2m=[0m366
[2m2026-09-15T07:00:59.636152Z[0m [32m INFO[0m [2mmidnight_bench[0m[2m:[0m [3mstage[0m[2m=[0m"trace.lookups_product.end" [3mrss_mb[0m[2m=[0m360 [3mhwm_mb[0m[2m=[0m366
[2m2026-09-15T07:00:59.662256Z[0m [32m INFO[0m [2mmidnight_bench[0m[2m:[0m [3mstage[0m[2m=[0m"create_proof.compute_trace.end" [3mrss_mb[0m[2m=[0m360 [3mhwm_mb[0m[2m=[0m366
[2m2026-09-15T07:00:59.662280Z[0m [32m INFO[0m [2mmidnight_bench[0m[2m:[0m [3mstage[0m[2m=[0m"create_proof.finalise_proof.start" [3mrss_mb[0m[2m=[0m360 [3mhwm_mb[0m[2m=[0m366
[2m2026-09-15T07:00:59.662289Z[0m [32m INFO[0m [2mmidnight_bench[0m[2m:[0m [3mstage[0m[2m=[0m"finalise.compute_h_poly.start" [3mrss_mb[0m[2m=[0m360 [3mhwm_mb[0m[2m=[0m366
[2m2026-09-15T07:00:59.679794Z[0m [32m INFO[0m [2mmidnight_bench[0m[2m:[0m [3mstage[0m[2m=[0m"finalise.compute_h_poly.materialise_fixed_cosets.start" [3mrss_mb[0m[2m=[0m360 [3mhwm_mb[0m[2m=[0m366
[2m2026-09-15T07:00:59.713284Z[0m [32m INFO[0m [2mmidnight_bench[0m[2m:[0m [3mstage[0m[2m=[0m"finalise.compute_h_poly.materialise_fixed_cosets.end" [3mrss_mb[0m[2m=[0m360 [3mhwm_mb[0m[2m=[0m366
[2m2026-09-15T07:00:59.713309Z[0m [32m INFO[0m [2mmidnight_bench[0m[2m:[0m [3mstage[0m[2m=[0m"finalise.compute_h_poly.materialise_perm_cosets.start" [3mrss_mb[0m[2m=[0m360 [3mhwm_mb[0m[2m=[0m366
[2m2026-09-15T07:00:59.726822Z[0m [32m INFO[0m [2mmidnight_bench[0m[2m:[0m [3mstage[0m[2m=[0m"finalise.compute_h_poly.materialise_perm_cosets.end" [3mrss_mb[0m[2m=[0m360 [3mhwm_mb[0m[2m=[0m366
[2m2026-09-15T07:00:59.852130Z[0m [32m INFO[0m [2mmidnight_bench[0m[2m:[0m [3mstage[0m[2m=[0m"finalise.compute_h_poly.drop_cosets.end" [3mrss_mb[0m[2m=[0m361 [3mhwm_mb[0m[2m=[0m366
[2m2026-09-15T07:00:59.852161Z[0m [32m INFO[0m [2mmidnight_bench[0m[2m:[0m [3mstage[0m[2m=[0m"finalise.compute_h_poly.end" [3mrss_mb[0m[2m=[0m361 [3mhwm_mb[0m[2m=[0m366
[2m2026-09-15T07:00:59.852169Z[0m [32m INFO[0m [2mmidnight_bench[0m[2m:[0m [3mstage[0m[2m=[0m"finalise.vanishing_construct.start" [3mrss_mb[0m[2m=[0m361 [3mhwm_mb[0m[2m=[0m366
[2m2026-09-15T07:00:59.947025Z[0m [32m INFO[0m [2mmidnight_bench[0m[2m:[0m [3mstage[0m[2m=[0m"finalise.vanishing_construct.end" [3mrss_mb[0m[2m=[0m361 [3mhwm_mb[0m[2m=[0m366
[2m2026-09-15T07:00:59.977502Z[0m [32m INFO[0m [2mmidnight_bench[0m[2m:[0m [3mstage[0m[2m=[0m"finalise.compute_queries.start" [3mrss_mb[0m[2m=[0m361 [3mhwm_mb[0m[2m=[0m366
[2m2026-09-15T07:00:59.977597Z[0m [32m INFO[0m [2mmidnight_bench[0m[2m:[0m [3mstage[0m[2m=[0m"finalise.multi_open.start" [3mrss_mb[0m[2m=[0m361 [3mhwm_mb[0m[2m=[0m366
[2m2026-09-15T07:01:00.079700Z[0m [32m INFO[0m [2mmidnight_bench[0m[2m:[0m [3mstage[0m[2m=[0m"finalise.multi_open.end" [3mrss_mb[0m[2m=[0m361 [3mhwm_mb[0m[2m=[0m366
[2m2026-09-15T07:01:00.080499Z[0m [32m INFO[0m [2mmidnight_bench[0m[2m:[0m [3mstage[0m[2m=[0m"create_proof.finalise_proof.end" [3mrss_mb[0m[2m=[0m339 [3mhwm_mb[0m[2m=[0m366
[2m2026-09-15T07:01:00.097112Z[0m [32m INFO[0m [2mactix_web::middleware::logger[0m[2m:[0m 192.168.65.1 POST /prove HTTP/1.1; took 0.713102s
[2m2026-09-15T07:01:00.098502Z[0m [32m INFO[0m [2mmidnight_proof_server::endpoints[0m[2m:[0m Starting to process request for /prove...
[2m2026-09-15T07:01:00.177192Z[0m [32m INFO[0m [2mmidnight_bench[0m[2m:[0m [3mstage[0m[2m=[0m"create_proof.compute_trace.start" [3mrss_mb[0m[2m=[0m330 [3mhwm_mb[0m[2m=[0m366
[2m2026-09-15T07:01:00.177232Z[0m [32m INFO[0m [2mmidnight_bench[0m[2m:[0m [3mstage[0m[2m=[0m"trace.compute_instances.start" [3mrss_mb[0m[2m=[0m330 [3mhwm_mb[0m[2m=[0m366
[2m2026-09-15T07:01:00.181477Z[0m [32m INFO[0m [2mmidnight_bench[0m[2m:[0m [3mstage[0m[2m=[0m"trace.compute_instances.end" [3mrss_mb[0m[2m=[0m330 [3mhwm_mb[0m[2m=[0m366
[2m2026-09-15T07:01:00.181499Z[0m [32m INFO[0m [2mmidnight_bench[0m[2m:[0m [3mstage[0m[2m=[0m"trace.parse_advices.start" [3mrss_mb[0m[2m=[0m330 [3mhwm_mb[0m[2m=[0m366
[2m2026-09-15T07:01:00.187502Z[0m [32m INFO[0m [2mmidnight_bench[0m[2m:[0m [3mstage[0m[2m=[0m"trace.parse_advices.end" [3mrss_mb[0m[2m=[0m335 [3mhwm_mb[0m[2m=[0m366
[2m2026-09-15T07:01:00.187539Z[0m [32m INFO[0m [2mmidnight_bench[0m[2m:[0m [3mstage[0m[2m=[0m"trace.lookups_permuted.start" [3mrss_mb[0m[2m=[0m335 [3mhwm_mb[0m[2m=[0m366
[2m2026-09-15T07:01:00.236343Z[0m [32m INFO[0m [2mmidnight_bench[0m[2m:[0m [3mstage[0m[2m=[0m"trace.lookups_permuted.end" [3mrss_mb[0m[2m=[0m340 [3mhwm_mb[0m[2m=[0m366
[2m2026-09-15T07:01:00.236369Z[0m [32m INFO[0m [2mmidnight_bench[0m[2m:[0m [3mstage[0m[2m=[0m"trace.permutations_commit.start" [3mrss_mb[0m[2m=[0m340 [3mhwm_mb[0m[2m=[0m366
[2m2026-09-15T07:01:00.307449Z[0m [32m INFO[0m [2mmidnight_bench[0m[2m:[0m [3mstage[0m[2m=[0m"trace.permutations_commit.end" [3mrss_mb[0m[2m=[0m347 [3mhwm_mb[0m[2m=[0m366
[2m2026-09-15T07:01:00.307473Z[0m [32m INFO[0m [2mmidnight_bench[0m[2m:[0m [3mstage[0m[2m=[0m"trace.lookups_product.start" [3mrss_mb[0m[2m=[0m347 [3mhwm_mb[0m[2m=[0m366
[2m2026-09-15T07:01:00.357617Z[0m [32m INFO[0m [2mmidnight_bench[0m[2m:[0m [3mstage[0m[2m=[0m"trace.lookups_product.end" [3mrss_mb[0m[2m=[0m347 [3mhwm_mb[0m[2m=[0m366
[2m2026-09-15T07:01:00.382099Z[0m [32m INFO[0m [2mmidnight_bench[0m[2m:[0m [3mstage[0m[2m=[0m"create_proof.compute_trace.end" [3mrss_mb[0m[2m=[0m348 [3mhwm_mb[0m[2m=[0m366
[2m2026-09-15T07:01:00.382123Z[0m [32m INFO[0m [2mmidnight_bench[0m[2m:[0m [3mstage[0m[2m=[0m"create_proof.finalise_proof.start" [3mrss_mb[0m[2m=[0m348 [3mhwm_mb[0m[2m=[0m366
[2m2026-09-15T07:01:00.382138Z[0m [32m INFO[0m [2mmidnight_bench[0m[2m:[0m [3mstage[0m[2m=[0m"finalise.compute_h_poly.start" [3mrss_mb[0m[2m=[0m348 [3mhwm_mb[0m[2m=[0m366
[2m2026-09-15T07:01:00.395715Z[0m [32m INFO[0m [2mmidnight_bench[0m[2m:[0m [3mstage[0m[2m=[0m"finalise.compute_h_poly.materialise_fixed_cosets.start" [3mrss_mb[0m[2m=[0m348 [3mhwm_mb[0m[2m=[0m366
[2m2026-09-15T07:01:00.423729Z[0m [32m INFO[0m [2mmidnight_bench[0m[2m:[0m [3mstage[0m[2m=[0m"finalise.compute_h_poly.materialise_fixed_cosets.end" [3mrss_mb[0m[2m=[0m348 [3mhwm_mb[0m[2m=[0m366
[2m2026-09-15T07:01:00.423756Z[0m [32m INFO[0m [2mmidnight_bench[0m[2m:[0m [3mstage[0m[2m=[0m"finalise.compute_h_poly.materialise_perm_cosets.start" [3mrss_mb[0m[2m=[0m348 [3mhwm_mb[0m[2m=[0m366
[2m2026-09-15T07:01:00.438590Z[0m [32m INFO[0m [2mmidnight_bench[0m[2m:[0m [3mstage[0m[2m=[0m"finalise.compute_h_poly.materialise_perm_cosets.end" [3mrss_mb[0m[2m=[0m348 [3mhwm_mb[0m[2m=[0m366
[2m2026-09-15T07:01:00.565103Z[0m [32m INFO[0m [2mmidnight_bench[0m[2m:[0m [3mstage[0m[2m=[0m"finalise.compute_h_poly.drop_cosets.end" [3mrss_mb[0m[2m=[0m349 [3mhwm_mb[0m[2m=[0m366
[2m2026-09-15T07:01:00.565140Z[0m [32m INFO[0m [2mmidnight_bench[0m[2m:[0m [3mstage[0m[2m=[0m"finalise.compute_h_poly.end" [3mrss_mb[0m[2m=[0m349 [3mhwm_mb[0m[2m=[0m366
[2m2026-09-15T07:01:00.565149Z[0m [32m INFO[0m [2mmidnight_bench[0m[2m:[0m [3mstage[0m[2m=[0m"finalise.vanishing_construct.start" [3mrss_mb[0m[2m=[0m349 [3mhwm_mb[0m[2m=[0m366
[2m2026-09-15T07:01:00.655349Z[0m [32m INFO[0m [2mmidnight_bench[0m[2m:[0m [3mstage[0m[2m=[0m"finalise.vanishing_construct.end" [3mrss_mb[0m[2m=[0m349 [3mhwm_mb[0m[2m=[0m366
[2m2026-09-15T07:01:00.683191Z[0m [32m INFO[0m [2mmidnight_bench[0m[2m:[0m [3mstage[0m[2m=[0m"finalise.compute_queries.start" [3mrss_mb[0m[2m=[0m349 [3mhwm_mb[0m[2m=[0m366
[2m2026-09-15T07:01:00.683278Z[0m [32m INFO[0m [2mmidnight_bench[0m[2m:[0m [3mstage[0m[2m=[0m"finalise.multi_open.start" [3mrss_mb[0m[2m=[0m349 [3mhwm_mb[0m[2m=[0m366
[2m2026-09-15T07:01:00.779856Z[0m [32m INFO[0m [2mmidnight_bench[0m[2m:[0m [3mstage[0m[2m=[0m"finalise.multi_open.end" [3mrss_mb[0m[2m=[0m349 [3mhwm_mb[0m[2m=[0m366
[2m2026-09-15T07:01:00.780541Z[0m [32m INFO[0m [2mmidnight_bench[0m[2m:[0m [3mstage[0m[2m=[0m"create_proof.finalise_proof.end" [3mrss_mb[0m[2m=[0m326 [3mhwm_mb[0m[2m=[0m366
[2m2026-09-15T07:01:00.796238Z[0m [32m INFO[0m [2mactix_web::middleware::logger[0m[2m:[0m 192.168.65.1 POST /prove HTTP/1.1; took 0.697756s
[2m2026-09-15T07:01:00.797993Z[0m [32m INFO[0m [2mmidnight_proof_server::endpoints[0m[2m:[0m Starting to process request for /prove...
[2m2026-09-15T07:01:00.871759Z[0m [32m INFO[0m [2mmidnight_bench[0m[2m:[0m [3mstage[0m[2m=[0m"create_proof.compute_trace.start" [3mrss_mb[0m[2m=[0m335 [3mhwm_mb[0m[2m=[0m366
[2m2026-09-15T07:01:00.871787Z[0m [32m INFO[0m [2mmidnight_bench[0m[2m:[0m [3mstage[0m[2m=[0m"trace.compute_instances.start" [3mrss_mb[0m[2m=[0m335 [3mhwm_mb[0m[2m=[0m366
[2m2026-09-15T07:01:00.878077Z[0m [32m INFO[0m [2mmidnight_bench[0m[2m:[0m [3mstage[0m[2m=[0m"trace.compute_instances.end" [3mrss_mb[0m[2m=[0m335 [3mhwm_mb[0m[2m=[0m366
[2m2026-09-15T07:01:00.878098Z[0m [32m INFO[0m [2mmidnight_bench[0m[2m:[0m [3mstage[0m[2m=[0m"trace.parse_advices.start" [3mrss_mb[0m[2m=[0m335 [3mhwm_mb[0m[2m=[0m366
[2m2026-09-15T07:01:00.883951Z[0m [32m INFO[0m [2mmidnight_bench[0m[2m:[0m [3mstage[0m[2m=[0m"trace.parse_advices.end" [3mrss_mb[0m[2m=[0m340 [3mhwm_mb[0m[2m=[0m366
[2m2026-09-15T07:01:00.883972Z[0m [32m INFO[0m [2mmidnight_bench[0m[2m:[0m [3mstage[0m[2m=[0m"trace.lookups_permuted.start" [3mrss_mb[0m[2m=[0m340 [3mhwm_mb[0m[2m=[0m366
[2m2026-09-15T07:01:00.930182Z[0m [32m INFO[0m [2mmidnight_bench[0m[2m:[0m [3mstage[0m[2m=[0m"trace.lookups_permuted.end" [3mrss_mb[0m[2m=[0m345 [3mhwm_mb[0m[2m=[0m366
[2m2026-09-15T07:01:00.930210Z[0m [32m INFO[0m [2mmidnight_bench[0m[2m:[0m [3mstage[0m[2m=[0m"trace.permutations_commit.start" [3mrss_mb[0m[2m=[0m345 [3mhwm_mb[0m[2m=[0m366
[2m2026-09-15T07:01:01.004457Z[0m [32m INFO[0m [2mmidnight_bench[0m[2m:[0m [3mstage[0m[2m=[0m"trace.permutations_commit.end" [3mrss_mb[0m[2m=[0m352 [3mhwm_mb[0m[2m=[0m366
[2m2026-09-15T07:01:01.004482Z[0m [32m INFO[0m [2mmidnight_bench[0m[2m:[0m [3mstage[0m[2m=[0m"trace.lookups_product.start" [3mrss_mb[0m[2m=[0m352 [3mhwm_mb[0m[2m=[0m366
[2m2026-09-15T07:01:01.055906Z[0m [32m INFO[0m [2mmidnight_bench[0m[2m:[0m [3mstage[0m[2m=[0m"trace.lookups_product.end" [3mrss_mb[0m[2m=[0m352 [3mhwm_mb[0m[2m=[0m366
[2m2026-09-15T07:01:01.081496Z[0m [32m INFO[0m [2mmidnight_bench[0m[2m:[0m [3mstage[0m[2m=[0m"create_proof.compute_trace.end" [3mrss_mb[0m[2m=[0m353 [3mhwm_mb[0m[2m=[0m366
[2m2026-09-15T07:01:01.081538Z[0m [32m INFO[0m [2mmidnight_bench[0m[2m:[0m [3mstage[0m[2m=[0m"create_proof.finalise_proof.start" [3mrss_mb[0m[2m=[0m353 [3mhwm_mb[0m[2m=[0m366
[2m2026-09-15T07:01:01.081548Z[0m [32m INFO[0m [2mmidnight_bench[0m[2m:[0m [3mstage[0m[2m=[0m"finalise.compute_h_poly.start" [3mrss_mb[0m[2m=[0m353 [3mhwm_mb[0m[2m=[0m366
[2m2026-09-15T07:01:01.100404Z[0m [32m INFO[0m [2mmidnight_bench[0m[2m:[0m [3mstage[0m[2m=[0m"finalise.compute_h_poly.materialise_fixed_cosets.start" [3mrss_mb[0m[2m=[0m353 [3mhwm_mb[0m[2m=[0m366
[2m2026-09-15T07:01:01.126771Z[0m [32m INFO[0m [2mmidnight_bench[0m[2m:[0m [3mstage[0m[2m=[0m"finalise.compute_h_poly.materialise_fixed_cosets.end" [3mrss_mb[0m[2m=[0m353 [3mhwm_mb[0m[2m=[0m366
[2m2026-09-15T07:01:01.126799Z[0m [32m INFO[0m [2mmidnight_bench[0m[2m:[0m [3mstage[0m[2m=[0m"finalise.compute_h_poly.materialise_perm_cosets.start" [3mrss_mb[0m[2m=[0m353 [3mhwm_mb[0m[2m=[0m366
[2m2026-09-15T07:01:01.139076Z[0m [32m INFO[0m [2mmidnight_bench[0m[2m:[0m [3mstage[0m[2m=[0m"finalise.compute_h_poly.materialise_perm_cosets.end" [3mrss_mb[0m[2m=[0m353 [3mhwm_mb[0m[2m=[0m366
[2m2026-09-15T07:01:01.269866Z[0m [32m INFO[0m [2mmidnight_bench[0m[2m:[0m [3mstage[0m[2m=[0m"finalise.compute_h_poly.drop_cosets.end" [3mrss_mb[0m[2m=[0m354 [3mhwm_mb[0m[2m=[0m366
[2m2026-09-15T07:01:01.269897Z[0m [32m INFO[0m [2mmidnight_bench[0m[2m:[0m [3mstage[0m[2m=[0m"finalise.compute_h_poly.end" [3mrss_mb[0m[2m=[0m354 [3mhwm_mb[0m[2m=[0m366
[2m2026-09-15T07:01:01.269905Z[0m [32m INFO[0m [2mmidnight_bench[0m[2m:[0m [3mstage[0m[2m=[0m"finalise.vanishing_construct.start" [3mrss_mb[0m[2m=[0m354 [3mhwm_mb[0m[2m=[0m366
[2m2026-09-15T07:01:01.366851Z[0m [32m INFO[0m [2mmidnight_bench[0m[2m:[0m [3mstage[0m[2m=[0m"finalise.vanishing_construct.end" [3mrss_mb[0m[2m=[0m354 [3mhwm_mb[0m[2m=[0m366
[2m2026-09-15T07:01:01.405295Z[0m [32m INFO[0m [2mmidnight_bench[0m[2m:[0m [3mstage[0m[2m=[0m"finalise.compute_queries.start" [3mrss_mb[0m[2m=[0m354 [3mhwm_mb[0m[2m=[0m366
[2m2026-09-15T07:01:01.405389Z[0m [32m INFO[0m [2mmidnight_bench[0m[2m:[0m [3mstage[0m[2m=[0m"finalise.multi_open.start" [3mrss_mb[0m[2m=[0m354 [3mhwm_mb[0m[2m=[0m366
[2m2026-09-15T07:01:01.500709Z[0m [32m INFO[0m [2mmidnight_bench[0m[2m:[0m [3mstage[0m[2m=[0m"finalise.multi_open.end" [3mrss_mb[0m[2m=[0m354 [3mhwm_mb[0m[2m=[0m366
[2m2026-09-15T07:01:01.501541Z[0m [32m INFO[0m [2mmidnight_bench[0m[2m:[0m [3mstage[0m[2m=[0m"create_proof.finalise_proof.end" [3mrss_mb[0m[2m=[0m331 [3mhwm_mb[0m[2m=[0m366
[2m2026-09-15T07:01:01.517273Z[0m [32m INFO[0m [2mactix_web::middleware::logger[0m[2m:[0m 192.168.65.1 POST /prove HTTP/1.1; took 0.719300s
[2m2026-09-15T07:01:01.518666Z[0m [32m INFO[0m [2mmidnight_proof_server::endpoints[0m[2m:[0m Starting to process request for /prove...
[2m2026-09-15T07:01:01.595980Z[0m [32m INFO[0m [2mmidnight_bench[0m[2m:[0m [3mstage[0m[2m=[0m"create_proof.compute_trace.start" [3mrss_mb[0m[2m=[0m320 [3mhwm_mb[0m[2m=[0m366
[2m2026-09-15T07:01:01.596011Z[0m [32m INFO[0m [2mmidnight_bench[0m[2m:[0m [3mstage[0m[2m=[0m"trace.compute_instances.start" [3mrss_mb[0m[2m=[0m320 [3mhwm_mb[0m[2m=[0m366
[2m2026-09-15T07:01:01.664568Z[0m [32m INFO[0m [2mmidnight_bench[0m[2m:[0m [3mstage[0m[2m=[0m"trace.compute_instances.end" [3mrss_mb[0m[2m=[0m320 [3mhwm_mb[0m[2m=[0m366
[2m2026-09-15T07:01:01.664602Z[0m [32m INFO[0m [2mmidnight_bench[0m[2m:[0m [3mstage[0m[2m=[0m"trace.parse_advices.start" [3mrss_mb[0m[2m=[0m320 [3mhwm_mb[0m[2m=[0m366
[2m2026-09-15T07:01:01.688885Z[0m [32m INFO[0m [2mmidnight_bench[0m[2m:[0m [3mstage[0m[2m=[0m"trace.parse_advices.end" [3mrss_mb[0m[2m=[0m325 [3mhwm_mb[0m[2m=[0m366
[2m2026-09-15T07:01:01.688923Z[0m [32m INFO[0m [2mmidnight_bench[0m[2m:[0m [3mstage[0m[2m=[0m"trace.lookups_permuted.start" [3mrss_mb[0m[2m=[0m325 [3mhwm_mb[0m[2m=[0m366
[2m2026-09-15T07:01:01.778377Z[0m [32m INFO[0m [2mmidnight_bench[0m[2m:[0m [3mstage[0m[2m=[0m"trace.lookups_permuted.end" [3mrss_mb[0m[2m=[0m330 [3mhwm_mb[0m[2m=[0m366
[2m2026-09-15T07:01:01.778456Z[0m [32m INFO[0m [2mmidnight_bench[0m[2m:[0m [3mstage[0m[2m=[0m"trace.permutations_commit.start" [3mrss_mb[0m[2m=[0m330 [3mhwm_mb[0m[2m=[0m366
[2m2026-09-15T07:01:01.863486Z[0m [32m INFO[0m [2mmidnight_bench[0m[2m:[0m [3mstage[0m[2m=[0m"trace.permutations_commit.end" [3mrss_mb[0m[2m=[0m337 [3mhwm_mb[0m[2m=[0m366
[2m2026-09-15T07:01:01.863513Z[0m [32m INFO[0m [2mmidnight_bench[0m[2m:[0m [3mstage[0m[2m=[0m"trace.lookups_product.start" [3mrss_mb[0m[2m=[0m337 [3mhwm_mb[0m[2m=[0m366
[2m2026-09-15T07:01:01.916064Z[0m [32m INFO[0m [2mmidnight_bench[0m[2m:[0m [3mstage[0m[2m=[0m"trace.lookups_product.end" [3mrss_mb[0m[2m=[0m337 [3mhwm_mb[0m[2m=[0m366
[2m2026-09-15T07:01:01.942942Z[0m [32m INFO[0m [2mmidnight_bench[0m[2m:[0m [3mstage[0m[2m=[0m"create_proof.compute_trace.end" [3mrss_mb[0m[2m=[0m338 [3mhwm_mb[0m[2m=[0m366
[2m2026-09-15T07:01:01.942965Z[0m [32m INFO[0m [2mmidnight_bench[0m[2m:[0m [3mstage[0m[2m=[0m"create_proof.finalise_proof.start" [3mrss_mb[0m[2m=[0m338 [3mhwm_mb[0m[2m=[0m366
[2m2026-09-15T07:01:01.942974Z[0m [32m INFO[0m [2mmidnight_bench[0m[2m:[0m [3mstage[0m[2m=[0m"finalise.compute_h_poly.start" [3mrss_mb[0m[2m=[0m338 [3mhwm_mb[0m[2m=[0m366
[2m2026-09-15T07:01:01.958960Z[0m [32m INFO[0m [2mmidnight_bench[0m[2m:[0m [3mstage[0m[2m=[0m"finalise.compute_h_poly.materialise_fixed_cosets.start" [3mrss_mb[0m[2m=[0m338 [3mhwm_mb[0m[2m=[0m366
[2m2026-09-15T07:01:01.986061Z[0m [32m INFO[0m [2mmidnight_bench[0m[2m:[0m [3mstage[0m[2m=[0m"finalise.compute_h_poly.materialise_fixed_cosets.end" [3mrss_mb[0m[2m=[0m338 [3mhwm_mb[0m[2m=[0m366
[2m2026-09-15T07:01:01.986089Z[0m [32m INFO[0m [2mmidnight_bench[0m[2m:[0m [3mstage[0m[2m=[0m"finalise.compute_h_poly.materialise_perm_cosets.start" [3mrss_mb[0m[2m=[0m338 [3mhwm_mb[0m[2m=[0m366
[2m2026-09-15T07:01:01.999536Z[0m [32m INFO[0m [2mmidnight_bench[0m[2m:[0m [3mstage[0m[2m=[0m"finalise.compute_h_poly.materialise_perm_cosets.end" [3mrss_mb[0m[2m=[0m339 [3mhwm_mb[0m[2m=[0m366
[2m2026-09-15T07:01:02.128229Z[0m [32m INFO[0m [2mmidnight_bench[0m[2m:[0m [3mstage[0m[2m=[0m"finalise.compute_h_poly.drop_cosets.end" [3mrss_mb[0m[2m=[0m339 [3mhwm_mb[0m[2m=[0m366
[2m2026-09-15T07:01:02.128258Z[0m [32m INFO[0m [2mmidnight_bench[0m[2m:[0m [3mstage[0m[2m=[0m"finalise.compute_h_poly.end" [3mrss_mb[0m[2m=[0m339 [3mhwm_mb[0m[2m=[0m366
[2m2026-09-15T07:01:02.128265Z[0m [32m INFO[0m [2mmidnight_bench[0m[2m:[0m [3mstage[0m[2m=[0m"finalise.vanishing_construct.start" [3mrss_mb[0m[2m=[0m339 [3mhwm_mb[0m[2m=[0m366
[2m2026-09-15T07:01:02.221530Z[0m [32m INFO[0m [2mmidnight_bench[0m[2m:[0m [3mstage[0m[2m=[0m"finalise.vanishing_construct.end" [3mrss_mb[0m[2m=[0m339 [3mhwm_mb[0m[2m=[0m366
[2m2026-09-15T07:01:02.250054Z[0m [32m INFO[0m [2mmidnight_bench[0m[2m:[0m [3mstage[0m[2m=[0m"finalise.compute_queries.start" [3mrss_mb[0m[2m=[0m339 [3mhwm_mb[0m[2m=[0m366
[2m2026-09-15T07:01:02.250147Z[0m [32m INFO[0m [2mmidnight_bench[0m[2m:[0m [3mstage[0m[2m=[0m"finalise.multi_open.start" [3mrss_mb[0m[2m=[0m339 [3mhwm_mb[0m[2m=[0m366
[2m2026-09-15T07:01:02.337552Z[0m [32m INFO[0m [2mmidnight_bench[0m[2m:[0m [3mstage[0m[2m=[0m"finalise.multi_open.end" [3mrss_mb[0m[2m=[0m339 [3mhwm_mb[0m[2m=[0m366
[2m2026-09-15T07:01:02.338229Z[0m [32m INFO[0m [2mmidnight_bench[0m[2m:[0m [3mstage[0m[2m=[0m"create_proof.finalise_proof.end" [3mrss_mb[0m[2m=[0m317 [3mhwm_mb[0m[2m=[0m366
[2m2026-09-15T07:01:02.353995Z[0m [32m INFO[0m [2mactix_web::middleware::logger[0m[2m:[0m 192.168.65.1 POST /prove HTTP/1.1; took 0.835346s
[2m2026-09-15T07:01:02.355811Z[0m [32m INFO[0m [2mmidnight_proof_server::endpoints[0m[2m:[0m Starting to process request for /prove...
[2m2026-09-15T07:01:02.423544Z[0m [32m INFO[0m [2mmidnight_bench[0m[2m:[0m [3mstage[0m[2m=[0m"create_proof.compute_trace.start" [3mrss_mb[0m[2m=[0m306 [3mhwm_mb[0m[2m=[0m366
[2m2026-09-15T07:01:02.423575Z[0m [32m INFO[0m [2mmidnight_bench[0m[2m:[0m [3mstage[0m[2m=[0m"trace.compute_instances.start" [3mrss_mb[0m[2m=[0m306 [3mhwm_mb[0m[2m=[0m366
[2m2026-09-15T07:01:02.428500Z[0m [32m INFO[0m [2mmidnight_bench[0m[2m:[0m [3mstage[0m[2m=[0m"trace.compute_instances.end" [3mrss_mb[0m[2m=[0m306 [3mhwm_mb[0m[2m=[0m366
[2m2026-09-15T07:01:02.428529Z[0m [32m INFO[0m [2mmidnight_bench[0m[2m:[0m [3mstage[0m[2m=[0m"trace.parse_advices.start" [3mrss_mb[0m[2m=[0m306 [3mhwm_mb[0m[2m=[0m366
[2m2026-09-15T07:01:02.434222Z[0m [32m INFO[0m [2mmidnight_bench[0m[2m:[0m [3mstage[0m[2m=[0m"trace.parse_advices.end" [3mrss_mb[0m[2m=[0m311 [3mhwm_mb[0m[2m=[0m366
[2m2026-09-15T07:01:02.434246Z[0m [32m INFO[0m [2mmidnight_bench[0m[2m:[0m [3mstage[0m[2m=[0m"trace.lookups_permuted.start" [3mrss_mb[0m[2m=[0m311 [3mhwm_mb[0m[2m=[0m366
[2m2026-09-15T07:01:02.477239Z[0m [32m INFO[0m [2mmidnight_bench[0m[2m:[0m [3mstage[0m[2m=[0m"trace.lookups_permuted.end" [3mrss_mb[0m[2m=[0m316 [3mhwm_mb[0m[2m=[0m366
[2m2026-09-15T07:01:02.477273Z[0m [32m INFO[0m [2mmidnight_bench[0m[2m:[0m [3mstage[0m[2m=[0m"trace.permutations_commit.start" [3mrss_mb[0m[2m=[0m316 [3mhwm_mb[0m[2m=[0m366
[2m2026-09-15T07:01:02.540257Z[0m [32m INFO[0m [2mmidnight_bench[0m[2m:[0m [3mstage[0m[2m=[0m"trace.permutations_commit.end" [3mrss_mb[0m[2m=[0m323 [3mhwm_mb[0m[2m=[0m366
[2m2026-09-15T07:01:02.540285Z[0m [32m INFO[0m [2mmidnight_bench[0m[2m:[0m [3mstage[0m[2m=[0m"trace.lookups_product.start" [3mrss_mb[0m[2m=[0m323 [3mhwm_mb[0m[2m=[0m366
[2m2026-09-15T07:01:02.591271Z[0m [32m INFO[0m [2mmidnight_bench[0m[2m:[0m [3mstage[0m[2m=[0m"trace.lookups_product.end" [3mrss_mb[0m[2m=[0m323 [3mhwm_mb[0m[2m=[0m366
[2m2026-09-15T07:01:02.619749Z[0m [32m INFO[0m [2mmidnight_bench[0m[2m:[0m [3mstage[0m[2m=[0m"create_proof.compute_trace.end" [3mrss_mb[0m[2m=[0m324 [3mhwm_mb[0m[2m=[0m366
[2m2026-09-15T07:01:02.619772Z[0m [32m INFO[0m [2mmidnight_bench[0m[2m:[0m [3mstage[0m[2m=[0m"create_proof.finalise_proof.start" [3mrss_mb[0m[2m=[0m324 [3mhwm_mb[0m[2m=[0m366
[2m2026-09-15T07:01:02.619780Z[0m [32m INFO[0m [2mmidnight_bench[0m[2m:[0m [3mstage[0m[2m=[0m"finalise.compute_h_poly.start" [3mrss_mb[0m[2m=[0m324 [3mhwm_mb[0m[2m=[0m366
[2m2026-09-15T07:01:02.637415Z[0m [32m INFO[0m [2mmidnight_bench[0m[2m:[0m [3mstage[0m[2m=[0m"finalise.compute_h_poly.materialise_fixed_cosets.start" [3mrss_mb[0m[2m=[0m324 [3mhwm_mb[0m[2m=[0m366
[2m2026-09-15T07:01:02.671848Z[0m [32m INFO[0m [2mmidnight_bench[0m[2m:[0m [3mstage[0m[2m=[0m"finalise.compute_h_poly.materialise_fixed_cosets.end" [3mrss_mb[0m[2m=[0m324 [3mhwm_mb[0m[2m=[0m366
[2m2026-09-15T07:01:02.671877Z[0m [32m INFO[0m [2mmidnight_bench[0m[2m:[0m [3mstage[0m[2m=[0m"finalise.compute_h_poly.materialise_perm_cosets.start" [3mrss_mb[0m[2m=[0m324 [3mhwm_mb[0m[2m=[0m366
[2m2026-09-15T07:01:02.683127Z[0m [32m INFO[0m [2mmidnight_bench[0m[2m:[0m [3mstage[0m[2m=[0m"finalise.compute_h_poly.materialise_perm_cosets.end" [3mrss_mb[0m[2m=[0m325 [3mhwm_mb[0m[2m=[0m366
[2m2026-09-15T07:01:02.799422Z[0m [32m INFO[0m [2mmidnight_bench[0m[2m:[0m [3mstage[0m[2m=[0m"finalise.compute_h_poly.drop_cosets.end" [3mrss_mb[0m[2m=[0m326 [3mhwm_mb[0m[2m=[0m366
[2m2026-09-15T07:01:02.799456Z[0m [32m INFO[0m [2mmidnight_bench[0m[2m:[0m [3mstage[0m[2m=[0m"finalise.compute_h_poly.end" [3mrss_mb[0m[2m=[0m326 [3mhwm_mb[0m[2m=[0m366
[2m2026-09-15T07:01:02.799465Z[0m [32m INFO[0m [2mmidnight_bench[0m[2m:[0m [3mstage[0m[2m=[0m"finalise.vanishing_construct.start" [3mrss_mb[0m[2m=[0m326 [3mhwm_mb[0m[2m=[0m366
[2m2026-09-15T07:01:02.884498Z[0m [32m INFO[0m [2mmidnight_bench[0m[2m:[0m [3mstage[0m[2m=[0m"finalise.vanishing_construct.end" [3mrss_mb[0m[2m=[0m326 [3mhwm_mb[0m[2m=[0m366
[2m2026-09-15T07:01:02.910457Z[0m [32m INFO[0m [2mmidnight_bench[0m[2m:[0m [3mstage[0m[2m=[0m"finalise.compute_queries.start" [3mrss_mb[0m[2m=[0m326 [3mhwm_mb[0m[2m=[0m366
[2m2026-09-15T07:01:02.910569Z[0m [32m INFO[0m [2mmidnight_bench[0m[2m:[0m [3mstage[0m[2m=[0m"finalise.multi_open.start" [3mrss_mb[0m[2m=[0m326 [3mhwm_mb[0m[2m=[0m366
[2m2026-09-15T07:01:02.999011Z[0m [32m INFO[0m [2mmidnight_bench[0m[2m:[0m [3mstage[0m[2m=[0m"finalise.multi_open.end" [3mrss_mb[0m[2m=[0m326 [3mhwm_mb[0m[2m=[0m366
[2m2026-09-15T07:01:02.999729Z[0m [32m INFO[0m [2mmidnight_bench[0m[2m:[0m [3mstage[0m[2m=[0m"create_proof.finalise_proof.end" [3mrss_mb[0m[2m=[0m304 [3mhwm_mb[0m[2m=[0m366
[2m2026-09-15T07:01:03.015848Z[0m [32m INFO[0m [2mactix_web::middleware::logger[0m[2m:[0m 192.168.65.1 POST /prove HTTP/1.1; took 0.660056s
[2m2026-09-15T07:01:03.017712Z[0m [32m INFO[0m [2mmidnight_proof_server::endpoints[0m[2m:[0m Starting to process request for /prove...
[2m2026-09-15T07:01:03.090058Z[0m [32m INFO[0m [2mmidnight_bench[0m[2m:[0m [3mstage[0m[2m=[0m"create_proof.compute_trace.start" [3mrss_mb[0m[2m=[0m309 [3mhwm_mb[0m[2m=[0m366
[2m2026-09-15T07:01:03.090087Z[0m [32m INFO[0m [2mmidnight_bench[0m[2m:[0m [3mstage[0m[2m=[0m"trace.compute_instances.start" [3mrss_mb[0m[2m=[0m309 [3mhwm_mb[0m[2m=[0m366
[2m2026-09-15T07:01:03.094326Z[0m [32m INFO[0m [2mmidnight_bench[0m[2m:[0m [3mstage[0m[2m=[0m"trace.compute_instances.end" [3mrss_mb[0m[2m=[0m309 [3mhwm_mb[0m[2m=[0m366
[2m2026-09-15T07:01:03.094345Z[0m [32m INFO[0m [2mmidnight_bench[0m[2m:[0m [3mstage[0m[2m=[0m"trace.parse_advices.start" [3mrss_mb[0m[2m=[0m309 [3mhwm_mb[0m[2m=[0m366
[2m2026-09-15T07:01:03.100621Z[0m [32m INFO[0m [2mmidnight_bench[0m[2m:[0m [3mstage[0m[2m=[0m"trace.parse_advices.end" [3mrss_mb[0m[2m=[0m313 [3mhwm_mb[0m[2m=[0m366
[2m2026-09-15T07:01:03.100648Z[0m [32m INFO[0m [2mmidnight_bench[0m[2m:[0m [3mstage[0m[2m=[0m"trace.lookups_permuted.start" [3mrss_mb[0m[2m=[0m313 [3mhwm_mb[0m[2m=[0m366
[2m2026-09-15T07:01:03.157329Z[0m [32m INFO[0m [2mmidnight_bench[0m[2m:[0m [3mstage[0m[2m=[0m"trace.lookups_permuted.end" [3mrss_mb[0m[2m=[0m318 [3mhwm_mb[0m[2m=[0m366
[2m2026-09-15T07:01:03.157382Z[0m [32m INFO[0m [2mmidnight_bench[0m[2m:[0m [3mstage[0m[2m=[0m"trace.permutations_commit.start" [3mrss_mb[0m[2m=[0m318 [3mhwm_mb[0m[2m=[0m366
[2m2026-09-15T07:01:03.264983Z[0m [32m INFO[0m [2mmidnight_bench[0m[2m:[0m [3mstage[0m[2m=[0m"trace.permutations_commit.end" [3mrss_mb[0m[2m=[0m326 [3mhwm_mb[0m[2m=[0m366
[2m2026-09-15T07:01:03.265020Z[0m [32m INFO[0m [2mmidnight_bench[0m[2m:[0m [3mstage[0m[2m=[0m"trace.lookups_product.start" [3mrss_mb[0m[2m=[0m326 [3mhwm_mb[0m[2m=[0m366
[2m2026-09-15T07:01:03.316163Z[0m [32m INFO[0m [2mmidnight_bench[0m[2m:[0m [3mstage[0m[2m=[0m"trace.lookups_product.end" [3mrss_mb[0m[2m=[0m326 [3mhwm_mb[0m[2m=[0m366
[2m2026-09-15T07:01:03.338332Z[0m [32m INFO[0m [2mmidnight_bench[0m[2m:[0m [3mstage[0m[2m=[0m"create_proof.compute_trace.end" [3mrss_mb[0m[2m=[0m326 [3mhwm_mb[0m[2m=[0m366
[2m2026-09-15T07:01:03.338356Z[0m [32m INFO[0m [2mmidnight_bench[0m[2m:[0m [3mstage[0m[2m=[0m"create_proof.finalise_proof.start" [3mrss_mb[0m[2m=[0m326 [3mhwm_mb[0m[2m=[0m366
[2m2026-09-15T07:01:03.338367Z[0m [32m INFO[0m [2mmidnight_bench[0m[2m:[0m [3mstage[0m[2m=[0m"finalise.compute_h_poly.start" [3mrss_mb[0m[2m=[0m326 [3mhwm_mb[0m[2m=[0m366
[2m2026-09-15T07:01:03.353080Z[0m [32m INFO[0m [2mmidnight_bench[0m[2m:[0m [3mstage[0m[2m=[0m"finalise.compute_h_poly.materialise_fixed_cosets.start" [3mrss_mb[0m[2m=[0m326 [3mhwm_mb[0m[2m=[0m366
[2m2026-09-15T07:01:03.377025Z[0m [32m INFO[0m [2mmidnight_bench[0m[2m:[0m [3mstage[0m[2m=[0m"finalise.compute_h_poly.materialise_fixed_cosets.end" [3mrss_mb[0m[2m=[0m328 [3mhwm_mb[0m[2m=[0m366
[2m2026-09-15T07:01:03.377051Z[0m [32m INFO[0m [2mmidnight_bench[0m[2m:[0m [3mstage[0m[2m=[0m"finalise.compute_h_poly.materialise_perm_cosets.start" [3mrss_mb[0m[2m=[0m328 [3mhwm_mb[0m[2m=[0m366
[2m2026-09-15T07:01:03.389205Z[0m [32m INFO[0m [2mmidnight_bench[0m[2m:[0m [3mstage[0m[2m=[0m"finalise.compute_h_poly.materialise_perm_cosets.end" [3mrss_mb[0m[2m=[0m328 [3mhwm_mb[0m[2m=[0m366
[2m2026-09-15T07:01:03.518127Z[0m [32m INFO[0m [2mmidnight_bench[0m[2m:[0m [3mstage[0m[2m=[0m"finalise.compute_h_poly.drop_cosets.end" [3mrss_mb[0m[2m=[0m329 [3mhwm_mb[0m[2m=[0m366
[2m2026-09-15T07:01:03.518161Z[0m [32m INFO[0m [2mmidnight_bench[0m[2m:[0m [3mstage[0m[2m=[0m"finalise.compute_h_poly.end" [3mrss_mb[0m[2m=[0m329 [3mhwm_mb[0m[2m=[0m366
[2m2026-09-15T07:01:03.518168Z[0m [32m INFO[0m [2mmidnight_bench[0m[2m:[0m [3mstage[0m[2m=[0m"finalise.vanishing_construct.start" [3mrss_mb[0m[2m=[0m329 [3mhwm_mb[0m[2m=[0m366
[2m2026-09-15T07:01:03.616279Z[0m [32m INFO[0m [2mmidnight_bench[0m[2m:[0m [3mstage[0m[2m=[0m"finalise.vanishing_construct.end" [3mrss_mb[0m[2m=[0m329 [3mhwm_mb[0m[2m=[0m366
[2m2026-09-15T07:01:03.651310Z[0m [32m INFO[0m [2mmidnight_bench[0m[2m:[0m [3mstage[0m[2m=[0m"finalise.compute_queries.start" [3mrss_mb[0m[2m=[0m329 [3mhwm_mb[0m[2m=[0m366
[2m2026-09-15T07:01:03.651398Z[0m [32m INFO[0m [2mmidnight_bench[0m[2m:[0m [3mstage[0m[2m=[0m"finalise.multi_open.start" [3mrss_mb[0m[2m=[0m329 [3mhwm_mb[0m[2m=[0m366
[2m2026-09-15T07:01:03.785261Z[0m [32m INFO[0m [2mmidnight_bench[0m[2m:[0m [3mstage[0m[2m=[0m"finalise.multi_open.end" [3mrss_mb[0m[2m=[0m329 [3mhwm_mb[0m[2m=[0m366
[2m2026-09-15T07:01:03.787058Z[0m [32m INFO[0m [2mmidnight_bench[0m[2m:[0m [3mstage[0m[2m=[0m"create_proof.finalise_proof.end" [3mrss_mb[0m[2m=[0m306 [3mhwm_mb[0m[2m=[0m366
[2m2026-09-15T07:01:03.826129Z[0m [32m INFO[0m [2mactix_web::middleware::logger[0m[2m:[0m 192.168.65.1 POST /prove HTTP/1.1; took 0.808438s
[2m2026-09-15T07:01:03.831004Z[0m [32m INFO[0m [2mmidnight_proof_server::endpoints[0m[2m:[0m Starting to process request for /prove...
[2m2026-09-15T07:01:03.924874Z[0m [32m INFO[0m [2mmidnight_bench[0m[2m:[0m [3mstage[0m[2m=[0m"create_proof.compute_trace.start" [3mrss_mb[0m[2m=[0m307 [3mhwm_mb[0m[2m=[0m366
[2m2026-09-15T07:01:03.924919Z[0m [32m INFO[0m [2mmidnight_bench[0m[2m:[0m [3mstage[0m[2m=[0m"trace.compute_instances.start" [3mrss_mb[0m[2m=[0m307 [3mhwm_mb[0m[2m=[0m366
[2m2026-09-15T07:01:03.932058Z[0m [32m INFO[0m [2mmidnight_bench[0m[2m:[0m [3mstage[0m[2m=[0m"trace.compute_instances.end" [3mrss_mb[0m[2m=[0m307 [3mhwm_mb[0m[2m=[0m366
[2m2026-09-15T07:01:03.932084Z[0m [32m INFO[0m [2mmidnight_bench[0m[2m:[0m [3mstage[0m[2m=[0m"trace.parse_advices.start" [3mrss_mb[0m[2m=[0m307 [3mhwm_mb[0m[2m=[0m366
[2m2026-09-15T07:01:03.940015Z[0m [32m INFO[0m [2mmidnight_bench[0m[2m:[0m [3mstage[0m[2m=[0m"trace.parse_advices.end" [3mrss_mb[0m[2m=[0m312 [3mhwm_mb[0m[2m=[0m366
[2m2026-09-15T07:01:03.940040Z[0m [32m INFO[0m [2mmidnight_bench[0m[2m:[0m [3mstage[0m[2m=[0m"trace.lookups_permuted.start" [3mrss_mb[0m[2m=[0m312 [3mhwm_mb[0m[2m=[0m366
[2m2026-09-15T07:01:04.000254Z[0m [32m INFO[0m [2mmidnight_bench[0m[2m:[0m [3mstage[0m[2m=[0m"trace.lookups_permuted.end" [3mrss_mb[0m[2m=[0m317 [3mhwm_mb[0m[2m=[0m366
[2m2026-09-15T07:01:04.000281Z[0m [32m INFO[0m [2mmidnight_bench[0m[2m:[0m [3mstage[0m[2m=[0m"trace.permutations_commit.start" [3mrss_mb[0m[2m=[0m317 [3mhwm_mb[0m[2m=[0m366
[2m2026-09-15T07:01:04.095617Z[0m [32m INFO[0m [2mmidnight_bench[0m[2m:[0m [3mstage[0m[2m=[0m"trace.permutations_commit.end" [3mrss_mb[0m[2m=[0m324 [3mhwm_mb[0m[2m=[0m366
[2m2026-09-15T07:01:04.095643Z[0m [32m INFO[0m [2mmidnight_bench[0m[2m:[0m [3mstage[0m[2m=[0m"trace.lookups_product.start" [3mrss_mb[0m[2m=[0m324 [3mhwm_mb[0m[2m=[0m366
[2m2026-09-15T07:01:04.146266Z[0m [32m INFO[0m [2mmidnight_bench[0m[2m:[0m [3mstage[0m[2m=[0m"trace.lookups_product.end" [3mrss_mb[0m[2m=[0m325 [3mhwm_mb[0m[2m=[0m366
[2m2026-09-15T07:01:04.175562Z[0m [32m INFO[0m [2mmidnight_bench[0m[2m:[0m [3mstage[0m[2m=[0m"create_proof.compute_trace.end" [3mrss_mb[0m[2m=[0m326 [3mhwm_mb[0m[2m=[0m366
[2m2026-09-15T07:01:04.175583Z[0m [32m INFO[0m [2mmidnight_bench[0m[2m:[0m [3mstage[0m[2m=[0m"create_proof.finalise_proof.start" [3mrss_mb[0m[2m=[0m326 [3mhwm_mb[0m[2m=[0m366
[2m2026-09-15T07:01:04.175590Z[0m [32m INFO[0m [2mmidnight_bench[0m[2m:[0m [3mstage[0m[2m=[0m"finalise.compute_h_poly.start" [3mrss_mb[0m[2m=[0m326 [3mhwm_mb[0m[2m=[0m366
[2m2026-09-15T07:01:04.191290Z[0m [32m INFO[0m [2mmidnight_bench[0m[2m:[0m [3mstage[0m[2m=[0m"finalise.compute_h_poly.materialise_fixed_cosets.start" [3mrss_mb[0m[2m=[0m326 [3mhwm_mb[0m[2m=[0m366
[2m2026-09-15T07:01:04.220253Z[0m [32m INFO[0m [2mmidnight_bench[0m[2m:[0m [3mstage[0m[2m=[0m"finalise.compute_h_poly.materialise_fixed_cosets.end" [3mrss_mb[0m[2m=[0m326 [3mhwm_mb[0m[2m=[0m366
[2m2026-09-15T07:01:04.220284Z[0m [32m INFO[0m [2mmidnight_bench[0m[2m:[0m [3mstage[0m[2m=[0m"finalise.compute_h_poly.materialise_perm_cosets.start" [3mrss_mb[0m[2m=[0m326 [3mhwm_mb[0m[2m=[0m366
[2m2026-09-15T07:01:04.240203Z[0m [32m INFO[0m [2mmidnight_bench[0m[2m:[0m [3mstage[0m[2m=[0m"finalise.compute_h_poly.materialise_perm_cosets.end" [3mrss_mb[0m[2m=[0m326 [3mhwm_mb[0m[2m=[0m366
[2m2026-09-15T07:01:04.409896Z[0m [32m INFO[0m [2mmidnight_bench[0m[2m:[0m [3mstage[0m[2m=[0m"finalise.compute_h_poly.drop_cosets.end" [3mrss_mb[0m[2m=[0m326 [3mhwm_mb[0m[2m=[0m366
[2m2026-09-15T07:01:04.409933Z[0m [32m INFO[0m [2mmidnight_bench[0m[2m:[0m [3mstage[0m[2m=[0m"finalise.compute_h_poly.end" [3mrss_mb[0m[2m=[0m326 [3mhwm_mb[0m[2m=[0m366
[2m2026-09-15T07:01:04.409941Z[0m [32m INFO[0m [2mmidnight_bench[0m[2m:[0m [3mstage[0m[2m=[0m"finalise.vanishing_construct.start" [3mrss_mb[0m[2m=[0m326 [3mhwm_mb[0m[2m=[0m366
[2m2026-09-15T07:01:04.522909Z[0m [32m INFO[0m [2mmidnight_bench[0m[2m:[0m [3mstage[0m[2m=[0m"finalise.vanishing_construct.end" [3mrss_mb[0m[2m=[0m326 [3mhwm_mb[0m[2m=[0m366
[2m2026-09-15T07:01:04.558914Z[0m [32m INFO[0m [2mmidnight_bench[0m[2m:[0m [3mstage[0m[2m=[0m"finalise.compute_queries.start" [3mrss_mb[0m[2m=[0m326 [3mhwm_mb[0m[2m=[0m366
[2m2026-09-15T07:01:04.559008Z[0m [32m INFO[0m [2mmidnight_bench[0m[2m:[0m [3mstage[0m[2m=[0m"finalise.multi_open.start" [3mrss_mb[0m[2m=[0m326 [3mhwm_mb[0m[2m=[0m366
[2m2026-09-15T07:01:04.666090Z[0m [32m INFO[0m [2mmidnight_bench[0m[2m:[0m [3mstage[0m[2m=[0m"finalise.multi_open.end" [3mrss_mb[0m[2m=[0m326 [3mhwm_mb[0m[2m=[0m366
[2m2026-09-15T07:01:04.666904Z[0m [32m INFO[0m [2mmidnight_bench[0m[2m:[0m [3mstage[0m[2m=[0m"create_proof.finalise_proof.end" [3mrss_mb[0m[2m=[0m304 [3mhwm_mb[0m[2m=[0m366
[2m2026-09-15T07:01:04.684043Z[0m [32m INFO[0m [2mactix_web::middleware::logger[0m[2m:[0m 192.168.65.1 POST /prove HTTP/1.1; took 0.853061s
