[2m2026-09-15T07:01:30.579521Z[0m [32m INFO[0m [2mactix_server::builder[0m[2m:[0m starting 12 workers
[2m2026-09-15T07:01:30.579542Z[0m [32m INFO[0m [2mactix_server::server[0m[2m:[0m Actix runtime found; starting in Actix runtime
[2m2026-09-15T07:01:30.579544Z[0m [32m INFO[0m [2mactix_server::server[0m[2m:[0m starting service: "actix-web-service-0.0.0.0:6311", workers: 12, listening on: 0.0.0.0:6311
[2m2026-09-15T07:01:30.591150Z[0m [32m INFO[0m [2mactix_web::middleware::logger[0m[2m:[0m 192.168.65.1 GET /health HTTP/1.1; took 0.000045s
[2m2026-09-15T07:01:30.592337Z[0m [32m INFO[0m [2mactix_web::middleware::logger[0m[2m:[0m 192.168.65.1 GET /ready HTTP/1.1; took 0.000039s
[2m2026-09-15T07:01:30.593694Z[0m [32m INFO[0m [2mmidnight_proof_server::endpoints[0m[2m:[0m Starting to process request for /prove...
[2m2026-09-15T07:01:30.801630Z[0m [32m INFO[0m [2mmidnight_bench[0m[2m:[0m [3mstage[0m[2m=[0m"create_proof.compute_trace.start" [3mrss_mb[0m[2m=[0m90 [3mhwm_mb[0m[2m=[0m96
[2m2026-09-15T07:01:30.801660Z[0m [32m INFO[0m [2mmidnight_bench[0m[2m:[0m [3mstage[0m[2m=[0m"trace.compute_instances.start" [3mrss_mb[0m[2m=[0m90 [3mhwm_mb[0m[2m=[0m96
[2m2026-09-15T07:01:30.806897Z[0m [32m INFO[0m [2mmidnight_bench[0m[2m:[0m [3mstage[0m[2m=[0m"trace.compute_instances.end" [3mrss_mb[0m[2m=[0m90 [3mhwm_mb[0m[2m=[0m96
[2m2026-09-15T07:01:30.806922Z[0m [32m INFO[0m [2mmidnight_bench[0m[2m:[0m [3mstage[0m[2m=[0m"trace.parse_advices.start" [3mrss_mb[0m[2m=[0m90 [3mhwm_mb[0m[2m=[0m96
[2m2026-09-15T07:01:30.812993Z[0m [32m INFO[0m [2mmidnight_bench[0m[2m:[0m [3mstage[0m[2m=[0m"trace.parse_advices.end" [3mrss_mb[0m[2m=[0m91 [3mhwm_mb[0m[2m=[0m96
[2m2026-09-15T07:01:30.813025Z[0m [32m INFO[0m [2mmidnight_bench[0m[2m:[0m [3mstage[0m[2m=[0m"trace.lookups_permuted.start" [3mrss_mb[0m[2m=[0m91 [3mhwm_mb[0m[2m=[0m96
[2m2026-09-15T07:01:30.855947Z[0m [32m INFO[0m [2mmidnight_bench[0m[2m:[0m [3mstage[0m[2m=[0m"trace.lookups_permuted.end" [3mrss_mb[0m[2m=[0m95 [3mhwm_mb[0m[2m=[0m96
[2m2026-09-15T07:01:30.855976Z[0m [32m INFO[0m [2mmidnight_bench[0m[2m:[0m [3mstage[0m[2m=[0m"trace.permutations_commit.start" [3mrss_mb[0m[2m=[0m95 [3mhwm_mb[0m[2m=[0m96
[2m2026-09-15T07:01:30.925483Z[0m [32m INFO[0m [2mmidnight_bench[0m[2m:[0m [3mstage[0m[2m=[0m"trace.permutations_commit.end" [3mrss_mb[0m[2m=[0m105 [3mhwm_mb[0m[2m=[0m105
[2m2026-09-15T07:01:30.925515Z[0m [32m INFO[0m [2mmidnight_bench[0m[2m:[0m [3mstage[0m[2m=[0m"trace.lookups_product.start" [3mrss_mb[0m[2m=[0m105 [3mhwm_mb[0m[2m=[0m105
[2m2026-09-15T07:01:30.975478Z[0m [32m INFO[0m [2mmidnight_bench[0m[2m:[0m [3mstage[0m[2m=[0m"trace.lookups_product.end" [3mrss_mb[0m[2m=[0m105 [3mhwm_mb[0m[2m=[0m105
[2m2026-09-15T07:01:31.004929Z[0m [32m INFO[0m [2mmidnight_bench[0m[2m:[0m [3mstage[0m[2m=[0m"create_proof.compute_trace.end" [3mrss_mb[0m[2m=[0m105 [3mhwm_mb[0m[2m=[0m105
[2m2026-09-15T07:01:31.004953Z[0m [32m INFO[0m [2mmidnight_bench[0m[2m:[0m [3mstage[0m[2m=[0m"create_proof.finalise_proof.start" [3mrss_mb[0m[2m=[0m105 [3mhwm_mb[0m[2m=[0m105
[2m2026-09-15T07:01:31.004960Z[0m [32m INFO[0m [2mmidnight_bench[0m[2m:[0m [3mstage[0m[2m=[0m"finalise.compute_h_poly.start" [3mrss_mb[0m[2m=[0m105 [3mhwm_mb[0m[2m=[0m105
[2m2026-09-15T07:01:31.004967Z[0m [32m INFO[0m [2mmidnight_bench[0m[2m:[0m [3mstage[0m[2m=[0m"finalise.compute_h_poly.spill_advice_cosets.start" [3mrss_mb[0m[2m=[0m105 [3mhwm_mb[0m[2m=[0m105
[2m2026-09-15T07:01:31.037374Z[0m [32m INFO[0m [2mmidnight_bench[0m[2m:[0m [3mstage[0m[2m=[0m"finalise.compute_h_poly.spill_advice_cosets.end" [3mrss_mb[0m[2m=[0m115 [3mhwm_mb[0m[2m=[0m115
[2m2026-09-15T07:01:31.037402Z[0m [32m INFO[0m [2mmidnight_bench[0m[2m:[0m [3mstage[0m[2m=[0m"finalise.compute_h_poly.spill_instance_cosets.start" [3mrss_mb[0m[2m=[0m115 [3mhwm_mb[0m[2m=[0m115
[2m2026-09-15T07:01:31.050631Z[0m [32m INFO[0m [2mmidnight_bench[0m[2m:[0m [3mstage[0m[2m=[0m"finalise.compute_h_poly.spill_instance_cosets.end" [3mrss_mb[0m[2m=[0m119 [3mhwm_mb[0m[2m=[0m119
[2m2026-09-15T07:01:31.050650Z[0m [32m INFO[0m [2mmidnight_bench[0m[2m:[0m [3mstage[0m[2m=[0m"finalise.compute_h_poly.spill_fixed_cosets.start" [3mrss_mb[0m[2m=[0m119 [3mhwm_mb[0m[2m=[0m119
[2m2026-09-15T07:01:31.157929Z[0m [32m INFO[0m [2mmidnight_bench[0m[2m:[0m [3mstage[0m[2m=[0m"finalise.compute_h_poly.spill_fixed_cosets.end" [3mrss_mb[0m[2m=[0m153 [3mhwm_mb[0m[2m=[0m153
[2m2026-09-15T07:01:31.157957Z[0m [32m INFO[0m [2mmidnight_bench[0m[2m:[0m [3mstage[0m[2m=[0m"finalise.compute_h_poly.spill_perm_cosets.start" [3mrss_mb[0m[2m=[0m153 [3mhwm_mb[0m[2m=[0m153
[2m2026-09-15T07:01:31.207649Z[0m [32m INFO[0m [2mmidnight_bench[0m[2m:[0m [3mstage[0m[2m=[0m"finalise.compute_h_poly.spill_perm_cosets.end" [3mrss_mb[0m[2m=[0m169 [3mhwm_mb[0m[2m=[0m169
[2m2026-09-15T07:01:31.343749Z[0m [32m INFO[0m [2mmidnight_bench[0m[2m:[0m [3mstage[0m[2m=[0m"finalise.compute_h_poly.drop_cosets.end" [3mrss_mb[0m[2m=[0m169 [3mhwm_mb[0m[2m=[0m169
[2m2026-09-15T07:01:31.347811Z[0m [32m INFO[0m [2mmidnight_bench[0m[2m:[0m [3mstage[0m[2m=[0m"finalise.compute_h_poly.end" [3mrss_mb[0m[2m=[0m105 [3mhwm_mb[0m[2m=[0m168
[2m2026-09-15T07:01:31.347829Z[0m [32m INFO[0m [2mmidnight_bench[0m[2m:[0m [3mstage[0m[2m=[0m"finalise.vanishing_construct.start" [3mrss_mb[0m[2m=[0m105 [3mhwm_mb[0m[2m=[0m168
[2m2026-09-15T07:01:31.444964Z[0m [32m INFO[0m [2mmidnight_bench[0m[2m:[0m [3mstage[0m[2m=[0m"finalise.vanishing_construct.end" [3mrss_mb[0m[2m=[0m105 [3mhwm_mb[0m[2m=[0m168
[2m2026-09-15T07:01:31.471633Z[0m [32m INFO[0m [2mmidnight_bench[0m[2m:[0m [3mstage[0m[2m=[0m"finalise.compute_queries.start" [3mrss_mb[0m[2m=[0m105 [3mhwm_mb[0m[2m=[0m168
[2m2026-09-15T07:01:31.471732Z[0m [32m INFO[0m [2mmidnight_bench[0m[2m:[0m [3mstage[0m[2m=[0m"finalise.multi_open.start" [3mrss_mb[0m[2m=[0m105 [3mhwm_mb[0m[2m=[0m168
[2m2026-09-15T07:01:31.564930Z[0m [32m INFO[0m [2mmidnight_bench[0m[2m:[0m [3mstage[0m[2m=[0m"finalise.multi_open.end" [3mrss_mb[0m[2m=[0m106 [3mhwm_mb[0m[2m=[0m168
[2m2026-09-15T07:01:31.565524Z[0m [32m INFO[0m [2mmidnight_bench[0m[2m:[0m [3mstage[0m[2m=[0m"create_proof.finalise_proof.end" [3mrss_mb[0m[2m=[0m93 [3mhwm_mb[0m[2m=[0m168
[2m2026-09-15T07:01:31.582952Z[0m [32m INFO[0m [2mactix_web::middleware::logger[0m[2m:[0m 192.168.65.1 POST /prove HTTP/1.1; took 0.989316s
[2m2026-09-15T07:01:31.611118Z[0m [32m INFO[0m [2mmidnight_proof_server::endpoints[0m[2m:[0m Starting to process request for /prove...
[2m2026-09-15T07:01:31.685379Z[0m [32m INFO[0m [2mmidnight_bench[0m[2m:[0m [3mstage[0m[2m=[0m"create_proof.compute_trace.start" [3mrss_mb[0m[2m=[0m88 [3mhwm_mb[0m[2m=[0m168
[2m2026-09-15T07:01:31.685415Z[0m [32m INFO[0m [2mmidnight_bench[0m[2m:[0m [3mstage[0m[2m=[0m"trace.compute_instances.start" [3mrss_mb[0m[2m=[0m88 [3mhwm_mb[0m[2m=[0m168
[2m2026-09-15T07:01:31.691547Z[0m [32m INFO[0m [2mmidnight_bench[0m[2m:[0m [3mstage[0m[2m=[0m"trace.compute_instances.end" [3mrss_mb[0m[2m=[0m88 [3mhwm_mb[0m[2m=[0m168
[2m2026-09-15T07:01:31.691569Z[0m [32m INFO[0m [2mmidnight_bench[0m[2m:[0m [3mstage[0m[2m=[0m"trace.parse_advices.start" [3mrss_mb[0m[2m=[0m88 [3mhwm_mb[0m[2m=[0m168
[2m2026-09-15T07:01:31.697418Z[0m [32m INFO[0m [2mmidnight_bench[0m[2m:[0m [3mstage[0m[2m=[0m"trace.parse_advices.end" [3mrss_mb[0m[2m=[0m94 [3mhwm_mb[0m[2m=[0m168
[2m2026-09-15T07:01:31.697441Z[0m [32m INFO[0m [2mmidnight_bench[0m[2m:[0m [3mstage[0m[2m=[0m"trace.lookups_permuted.start" [3mrss_mb[0m[2m=[0m94 [3mhwm_mb[0m[2m=[0m168
[2m2026-09-15T07:01:31.743361Z[0m [32m INFO[0m [2mmidnight_bench[0m[2m:[0m [3mstage[0m[2m=[0m"trace.lookups_permuted.end" [3mrss_mb[0m[2m=[0m99 [3mhwm_mb[0m[2m=[0m168
[2m2026-09-15T07:01:31.743394Z[0m [32m INFO[0m [2mmidnight_bench[0m[2m:[0m [3mstage[0m[2m=[0m"trace.permutations_commit.start" [3mrss_mb[0m[2m=[0m99 [3mhwm_mb[0m[2m=[0m168
[2m2026-09-15T07:01:31.813090Z[0m [32m INFO[0m [2mmidnight_bench[0m[2m:[0m [3mstage[0m[2m=[0m"trace.permutations_commit.end" [3mrss_mb[0m[2m=[0m106 [3mhwm_mb[0m[2m=[0m168
[2m2026-09-15T07:01:31.813118Z[0m [32m INFO[0m [2mmidnight_bench[0m[2m:[0m [3mstage[0m[2m=[0m"trace.lookups_product.start" [3mrss_mb[0m[2m=[0m106 [3mhwm_mb[0m[2m=[0m168
[2m2026-09-15T07:01:31.864387Z[0m [32m INFO[0m [2mmidnight_bench[0m[2m:[0m [3mstage[0m[2m=[0m"trace.lookups_product.end" [3mrss_mb[0m[2m=[0m107 [3mhwm_mb[0m[2m=[0m168
[2m2026-09-15T07:01:31.893668Z[0m [32m INFO[0m [2mmidnight_bench[0m[2m:[0m [3mstage[0m[2m=[0m"create_proof.compute_trace.end" [3mrss_mb[0m[2m=[0m107 [3mhwm_mb[0m[2m=[0m168
[2m2026-09-15T07:01:31.893705Z[0m [32m INFO[0m [2mmidnight_bench[0m[2m:[0m [3mstage[0m[2m=[0m"create_proof.finalise_proof.start" [3mrss_mb[0m[2m=[0m107 [3mhwm_mb[0m[2m=[0m168
[2m2026-09-15T07:01:31.893723Z[0m [32m INFO[0m [2mmidnight_bench[0m[2m:[0m [3mstage[0m[2m=[0m"finalise.compute_h_poly.start" [3mrss_mb[0m[2m=[0m107 [3mhwm_mb[0m[2m=[0m168
[2m2026-09-15T07:01:31.893739Z[0m [32m INFO[0m [2mmidnight_bench[0m[2m:[0m [3mstage[0m[2m=[0m"finalise.compute_h_poly.spill_advice_cosets.start" [3mrss_mb[0m[2m=[0m107 [3mhwm_mb[0m[2m=[0m168
[2m2026-09-15T07:01:31.928157Z[0m [32m INFO[0m [2mmidnight_bench[0m[2m:[0m [3mstage[0m[2m=[0m"finalise.compute_h_poly.spill_advice_cosets.end" [3mrss_mb[0m[2m=[0m117 [3mhwm_mb[0m[2m=[0m168
[2m2026-09-15T07:01:31.928185Z[0m [32m INFO[0m [2mmidnight_bench[0m[2m:[0m [3mstage[0m[2m=[0m"finalise.compute_h_poly.spill_instance_cosets.start" [3mrss_mb[0m[2m=[0m117 [3mhwm_mb[0m[2m=[0m168
[2m2026-09-15T07:01:31.941579Z[0m [32m INFO[0m [2mmidnight_bench[0m[2m:[0m [3mstage[0m[2m=[0m"finalise.compute_h_poly.spill_instance_cosets.end" [3mrss_mb[0m[2m=[0m121 [3mhwm_mb[0m[2m=[0m168
[2m2026-09-15T07:01:31.941603Z[0m [32m INFO[0m [2mmidnight_bench[0m[2m:[0m [3mstage[0m[2m=[0m"finalise.compute_h_poly.spill_fixed_cosets.start" [3mrss_mb[0m[2m=[0m121 [3mhwm_mb[0m[2m=[0m168
[2m2026-09-15T07:01:32.054055Z[0m [32m INFO[0m [2mmidnight_bench[0m[2m:[0m [3mstage[0m[2m=[0m"finalise.compute_h_poly.spill_fixed_cosets.end" [3mrss_mb[0m[2m=[0m155 [3mhwm_mb[0m[2m=[0m168
[2m2026-09-15T07:01:32.054082Z[0m [32m INFO[0m [2mmidnight_bench[0m[2m:[0m [3mstage[0m[2m=[0m"finalise.compute_h_poly.spill_perm_cosets.start" [3mrss_mb[0m[2m=[0m155 [3mhwm_mb[0m[2m=[0m168
[2m2026-09-15T07:01:32.104306Z[0m [32m INFO[0m [2mmidnight_bench[0m[2m:[0m [3mstage[0m[2m=[0m"finalise.compute_h_poly.spill_perm_cosets.end" [3mrss_mb[0m[2m=[0m171 [3mhwm_mb[0m[2m=[0m171
[2m2026-09-15T07:01:32.237910Z[0m [32m INFO[0m [2mmidnight_bench[0m[2m:[0m [3mstage[0m[2m=[0m"finalise.compute_h_poly.drop_cosets.end" [3mrss_mb[0m[2m=[0m172 [3mhwm_mb[0m[2m=[0m172
[2m2026-09-15T07:01:32.241744Z[0m [32m INFO[0m [2mmidnight_bench[0m[2m:[0m [3mstage[0m[2m=[0m"finalise.compute_h_poly.end" [3mrss_mb[0m[2m=[0m108 [3mhwm_mb[0m[2m=[0m171
[2m2026-09-15T07:01:32.241769Z[0m [32m INFO[0m [2mmidnight_bench[0m[2m:[0m [3mstage[0m[2m=[0m"finalise.vanishing_construct.start" [3mrss_mb[0m[2m=[0m108 [3mhwm_mb[0m[2m=[0m171
[2m2026-09-15T07:01:32.335485Z[0m [32m INFO[0m [2mmidnight_bench[0m[2m:[0m [3mstage[0m[2m=[0m"finalise.vanishing_construct.end" [3mrss_mb[0m[2m=[0m108 [3mhwm_mb[0m[2m=[0m171
[2m2026-09-15T07:01:32.361010Z[0m [32m INFO[0m [2mmidnight_bench[0m[2m:[0m [3mstage[0m[2m=[0m"finalise.compute_queries.start" [3mrss_mb[0m[2m=[0m108 [3mhwm_mb[0m[2m=[0m171
[2m2026-09-15T07:01:32.361113Z[0m [32m INFO[0m [2mmidnight_bench[0m[2m:[0m [3mstage[0m[2m=[0m"finalise.multi_open.start" [3mrss_mb[0m[2m=[0m108 [3mhwm_mb[0m[2m=[0m171
[2m2026-09-15T07:01:32.453840Z[0m [32m INFO[0m [2mmidnight_bench[0m[2m:[0m [3mstage[0m[2m=[0m"finalise.multi_open.end" [3mrss_mb[0m[2m=[0m109 [3mhwm_mb[0m[2m=[0m171
[2m2026-09-15T07:01:32.454505Z[0m [32m INFO[0m [2mmidnight_bench[0m[2m:[0m [3mstage[0m[2m=[0m"create_proof.finalise_proof.end" [3mrss_mb[0m[2m=[0m93 [3mhwm_mb[0m[2m=[0m171
[2m2026-09-15T07:01:32.469983Z[0m [32m INFO[0m [2mactix_web::middleware::logger[0m[2m:[0m 192.168.65.1 POST /prove HTTP/1.1; took 0.858889s
[2m2026-09-15T07:01:32.471531Z[0m [32m INFO[0m [2mmidnight_proof_server::endpoints[0m[2m:[0m Starting to process request for /prove...
[2m2026-09-15T07:01:32.547551Z[0m [32m INFO[0m [2mmidnight_bench[0m[2m:[0m [3mstage[0m[2m=[0m"create_proof.compute_trace.start" [3mrss_mb[0m[2m=[0m106 [3mhwm_mb[0m[2m=[0m171
[2m2026-09-15T07:01:32.547584Z[0m [32m INFO[0m [2mmidnight_bench[0m[2m:[0m [3mstage[0m[2m=[0m"trace.compute_instances.start" [3mrss_mb[0m[2m=[0m106 [3mhwm_mb[0m[2m=[0m171
[2m2026-09-15T07:01:32.552078Z[0m [32m INFO[0m [2mmidnight_bench[0m[2m:[0m [3mstage[0m[2m=[0m"trace.compute_instances.end" [3mrss_mb[0m[2m=[0m106 [3mhwm_mb[0m[2m=[0m171
[2m2026-09-15T07:01:32.552098Z[0m [32m INFO[0m [2mmidnight_bench[0m[2m:[0m [3mstage[0m[2m=[0m"trace.parse_advices.start" [3mrss_mb[0m[2m=[0m106 [3mhwm_mb[0m[2m=[0m171
[2m2026-09-15T07:01:32.557634Z[0m [32m INFO[0m [2mmidnight_bench[0m[2m:[0m [3mstage[0m[2m=[0m"trace.parse_advices.end" [3mrss_mb[0m[2m=[0m108 [3mhwm_mb[0m[2m=[0m171
[2m2026-09-15T07:01:32.557658Z[0m [32m INFO[0m [2mmidnight_bench[0m[2m:[0m [3mstage[0m[2m=[0m"trace.lookups_permuted.start" [3mrss_mb[0m[2m=[0m108 [3mhwm_mb[0m[2m=[0m171
[2m2026-09-15T07:01:32.603108Z[0m [32m INFO[0m [2mmidnight_bench[0m[2m:[0m [3mstage[0m[2m=[0m"trace.lookups_permuted.end" [3mrss_mb[0m[2m=[0m114 [3mhwm_mb[0m[2m=[0m171
[2m2026-09-15T07:01:32.603145Z[0m [32m INFO[0m [2mmidnight_bench[0m[2m:[0m [3mstage[0m[2m=[0m"trace.permutations_commit.start" [3mrss_mb[0m[2m=[0m114 [3mhwm_mb[0m[2m=[0m171
[2m2026-09-15T07:01:32.674688Z[0m [32m INFO[0m [2mmidnight_bench[0m[2m:[0m [3mstage[0m[2m=[0m"trace.permutations_commit.end" [3mrss_mb[0m[2m=[0m121 [3mhwm_mb[0m[2m=[0m171
[2m2026-09-15T07:01:32.674710Z[0m [32m INFO[0m [2mmidnight_bench[0m[2m:[0m [3mstage[0m[2m=[0m"trace.lookups_product.start" [3mrss_mb[0m[2m=[0m121 [3mhwm_mb[0m[2m=[0m171
[2m2026-09-15T07:01:32.725348Z[0m [32m INFO[0m [2mmidnight_bench[0m[2m:[0m [3mstage[0m[2m=[0m"trace.lookups_product.end" [3mrss_mb[0m[2m=[0m121 [3mhwm_mb[0m[2m=[0m171
[2m2026-09-15T07:01:32.750498Z[0m [32m INFO[0m [2mmidnight_bench[0m[2m:[0m [3mstage[0m[2m=[0m"create_proof.compute_trace.end" [3mrss_mb[0m[2m=[0m122 [3mhwm_mb[0m[2m=[0m171
[2m2026-09-15T07:01:32.750524Z[0m [32m INFO[0m [2mmidnight_bench[0m[2m:[0m [3mstage[0m[2m=[0m"create_proof.finalise_proof.start" [3mrss_mb[0m[2m=[0m122 [3mhwm_mb[0m[2m=[0m171
[2m2026-09-15T07:01:32.750533Z[0m [32m INFO[0m [2mmidnight_bench[0m[2m:[0m [3mstage[0m[2m=[0m"finalise.compute_h_poly.start" [3mrss_mb[0m[2m=[0m122 [3mhwm_mb[0m[2m=[0m171
[2m2026-09-15T07:01:32.750540Z[0m [32m INFO[0m [2mmidnight_bench[0m[2m:[0m [3mstage[0m[2m=[0m"finalise.compute_h_poly.spill_advice_cosets.start" [3mrss_mb[0m[2m=[0m122 [3mhwm_mb[0m[2m=[0m171
[2m2026-09-15T07:01:32.782372Z[0m [32m INFO[0m [2mmidnight_bench[0m[2m:[0m [3mstage[0m[2m=[0m"finalise.compute_h_poly.spill_advice_cosets.end" [3mrss_mb[0m[2m=[0m132 [3mhwm_mb[0m[2m=[0m171
[2m2026-09-15T07:01:32.782397Z[0m [32m INFO[0m [2mmidnight_bench[0m[2m:[0m [3mstage[0m[2m=[0m"finalise.compute_h_poly.spill_instance_cosets.start" [3mrss_mb[0m[2m=[0m132 [3mhwm_mb[0m[2m=[0m171
[2m2026-09-15T07:01:32.795534Z[0m [32m INFO[0m [2mmidnight_bench[0m[2m:[0m [3mstage[0m[2m=[0m"finalise.compute_h_poly.spill_instance_cosets.end" [3mrss_mb[0m[2m=[0m136 [3mhwm_mb[0m[2m=[0m171
[2m2026-09-15T07:01:32.795557Z[0m [32m INFO[0m [2mmidnight_bench[0m[2m:[0m [3mstage[0m[2m=[0m"finalise.compute_h_poly.spill_fixed_cosets.start" [3mrss_mb[0m[2m=[0m136 [3mhwm_mb[0m[2m=[0m171
[2m2026-09-15T07:01:32.900719Z[0m [32m INFO[0m [2mmidnight_bench[0m[2m:[0m [3mstage[0m[2m=[0m"finalise.compute_h_poly.spill_fixed_cosets.end" [3mrss_mb[0m[2m=[0m170 [3mhwm_mb[0m[2m=[0m171
[2m2026-09-15T07:01:32.900749Z[0m [32m INFO[0m [2mmidnight_bench[0m[2m:[0m [3mstage[0m[2m=[0m"finalise.compute_h_poly.spill_perm_cosets.start" [3mrss_mb[0m[2m=[0m170 [3mhwm_mb[0m[2m=[0m171
[2m2026-09-15T07:01:32.951064Z[0m [32m INFO[0m [2mmidnight_bench[0m[2m:[0m [3mstage[0m[2m=[0m"finalise.compute_h_poly.spill_perm_cosets.end" [3mrss_mb[0m[2m=[0m186 [3mhwm_mb[0m[2m=[0m186
[2m2026-09-15T07:01:33.088857Z[0m [32m INFO[0m [2mmidnight_bench[0m[2m:[0m [3mstage[0m[2m=[0m"finalise.compute_h_poly.drop_cosets.end" [3mrss_mb[0m[2m=[0m186 [3mhwm_mb[0m[2m=[0m186
[2m2026-09-15T07:01:33.092771Z[0m [32m INFO[0m [2mmidnight_bench[0m[2m:[0m [3mstage[0m[2m=[0m"finalise.compute_h_poly.end" [3mrss_mb[0m[2m=[0m122 [3mhwm_mb[0m[2m=[0m185
[2m2026-09-15T07:01:33.092788Z[0m [32m INFO[0m [2mmidnight_bench[0m[2m:[0m [3mstage[0m[2m=[0m"finalise.vanishing_construct.start" [3mrss_mb[0m[2m=[0m122 [3mhwm_mb[0m[2m=[0m185
[2m2026-09-15T07:01:33.202222Z[0m [32m INFO[0m [2mmidnight_bench[0m[2m:[0m [3mstage[0m[2m=[0m"finalise.vanishing_construct.end" [3mrss_mb[0m[2m=[0m122 [3mhwm_mb[0m[2m=[0m185
[2m2026-09-15T07:01:33.230423Z[0m [32m INFO[0m [2mmidnight_bench[0m[2m:[0m [3mstage[0m[2m=[0m"finalise.compute_queries.start" [3mrss_mb[0m[2m=[0m122 [3mhwm_mb[0m[2m=[0m185
[2m2026-09-15T07:01:33.230518Z[0m [32m INFO[0m [2mmidnight_bench[0m[2m:[0m [3mstage[0m[2m=[0m"finalise.multi_open.start" [3mrss_mb[0m[2m=[0m122 [3mhwm_mb[0m[2m=[0m185
[2m2026-09-15T07:01:33.316765Z[0m [32m INFO[0m [2mmidnight_bench[0m[2m:[0m [3mstage[0m[2m=[0m"finalise.multi_open.end" [3mrss_mb[0m[2m=[0m122 [3mhwm_mb[0m[2m=[0m185
[2m2026-09-15T07:01:33.317735Z[0m [32m INFO[0m [2mmidnight_bench[0m[2m:[0m [3mstage[0m[2m=[0m"create_proof.finalise_proof.end" [3mrss_mb[0m[2m=[0m100 [3mhwm_mb[0m[2m=[0m185
[2m2026-09-15T07:01:33.332673Z[0m [32m INFO[0m [2mactix_web::middleware::logger[0m[2m:[0m 192.168.65.1 POST /prove HTTP/1.1; took 0.861159s
[2m2026-09-15T07:01:33.335004Z[0m [32m INFO[0m [2mmidnight_proof_server::endpoints[0m[2m:[0m Starting to process request for /prove...
[2m2026-09-15T07:01:33.410429Z[0m [32m INFO[0m [2mmidnight_bench[0m[2m:[0m [3mstage[0m[2m=[0m"create_proof.compute_trace.start" [3mrss_mb[0m[2m=[0m118 [3mhwm_mb[0m[2m=[0m185
[2m2026-09-15T07:01:33.410457Z[0m [32m INFO[0m [2mmidnight_bench[0m[2m:[0m [3mstage[0m[2m=[0m"trace.compute_instances.start" [3mrss_mb[0m[2m=[0m118 [3mhwm_mb[0m[2m=[0m185
[2m2026-09-15T07:01:33.415603Z[0m [32m INFO[0m [2mmidnight_bench[0m[2m:[0m [3mstage[0m[2m=[0m"trace.compute_instances.end" [3mrss_mb[0m[2m=[0m118 [3mhwm_mb[0m[2m=[0m185
[2m2026-09-15T07:01:33.415624Z[0m [32m INFO[0m [2mmidnight_bench[0m[2m:[0m [3mstage[0m[2m=[0m"trace.parse_advices.start" [3mrss_mb[0m[2m=[0m118 [3mhwm_mb[0m[2m=[0m185
[2m2026-09-15T07:01:33.422247Z[0m [32m INFO[0m [2mmidnight_bench[0m[2m:[0m [3mstage[0m[2m=[0m"trace.parse_advices.end" [3mrss_mb[0m[2m=[0m122 [3mhwm_mb[0m[2m=[0m185
[2m2026-09-15T07:01:33.422271Z[0m [32m INFO[0m [2mmidnight_bench[0m[2m:[0m [3mstage[0m[2m=[0m"trace.lookups_permuted.start" [3mrss_mb[0m[2m=[0m122 [3mhwm_mb[0m[2m=[0m185
[2m2026-09-15T07:01:33.466895Z[0m [32m INFO[0m [2mmidnight_bench[0m[2m:[0m [3mstage[0m[2m=[0m"trace.lookups_permuted.end" [3mrss_mb[0m[2m=[0m128 [3mhwm_mb[0m[2m=[0m185
[2m2026-09-15T07:01:33.466920Z[0m [32m INFO[0m [2mmidnight_bench[0m[2m:[0m [3mstage[0m[2m=[0m"trace.permutations_commit.start" [3mrss_mb[0m[2m=[0m128 [3mhwm_mb[0m[2m=[0m185
[2m2026-09-15T07:01:33.534643Z[0m [32m INFO[0m [2mmidnight_bench[0m[2m:[0m [3mstage[0m[2m=[0m"trace.permutations_commit.end" [3mrss_mb[0m[2m=[0m135 [3mhwm_mb[0m[2m=[0m185
[2m2026-09-15T07:01:33.534667Z[0m [32m INFO[0m [2mmidnight_bench[0m[2m:[0m [3mstage[0m[2m=[0m"trace.lookups_product.start" [3mrss_mb[0m[2m=[0m135 [3mhwm_mb[0m[2m=[0m185
[2m2026-09-15T07:01:33.585833Z[0m [32m INFO[0m [2mmidnight_bench[0m[2m:[0m [3mstage[0m[2m=[0m"trace.lookups_product.end" [3mrss_mb[0m[2m=[0m135 [3mhwm_mb[0m[2m=[0m185
[2m2026-09-15T07:01:33.611409Z[0m [32m INFO[0m [2mmidnight_bench[0m[2m:[0m [3mstage[0m[2m=[0m"create_proof.compute_trace.end" [3mrss_mb[0m[2m=[0m136 [3mhwm_mb[0m[2m=[0m185
[2m2026-09-15T07:01:33.611431Z[0m [32m INFO[0m [2mmidnight_bench[0m[2m:[0m [3mstage[0m[2m=[0m"create_proof.finalise_proof.start" [3mrss_mb[0m[2m=[0m136 [3mhwm_mb[0m[2m=[0m185
[2m2026-09-15T07:01:33.611440Z[0m [32m INFO[0m [2mmidnight_bench[0m[2m:[0m [3mstage[0m[2m=[0m"finalise.compute_h_poly.start" [3mrss_mb[0m[2m=[0m136 [3mhwm_mb[0m[2m=[0m185
[2m2026-09-15T07:01:33.611447Z[0m [32m INFO[0m [2mmidnight_bench[0m[2m:[0m [3mstage[0m[2m=[0m"finalise.compute_h_poly.spill_advice_cosets.start" [3mrss_mb[0m[2m=[0m136 [3mhwm_mb[0m[2m=[0m185
[2m2026-09-15T07:01:33.642214Z[0m [32m INFO[0m [2mmidnight_bench[0m[2m:[0m [3mstage[0m[2m=[0m"finalise.compute_h_poly.spill_advice_cosets.end" [3mrss_mb[0m[2m=[0m146 [3mhwm_mb[0m[2m=[0m185
[2m2026-09-15T07:01:33.642243Z[0m [32m INFO[0m [2mmidnight_bench[0m[2m:[0m [3mstage[0m[2m=[0m"finalise.compute_h_poly.spill_instance_cosets.start" [3mrss_mb[0m[2m=[0m146 [3mhwm_mb[0m[2m=[0m185
[2m2026-09-15T07:01:33.655078Z[0m [32m INFO[0m [2mmidnight_bench[0m[2m:[0m [3mstage[0m[2m=[0m"finalise.compute_h_poly.spill_instance_cosets.end" [3mrss_mb[0m[2m=[0m150 [3mhwm_mb[0m[2m=[0m185
[2m2026-09-15T07:01:33.655101Z[0m [32m INFO[0m [2mmidnight_bench[0m[2m:[0m [3mstage[0m[2m=[0m"finalise.compute_h_poly.spill_fixed_cosets.start" [3mrss_mb[0m[2m=[0m150 [3mhwm_mb[0m[2m=[0m185
[2m2026-09-15T07:01:33.758111Z[0m [32m INFO[0m [2mmidnight_bench[0m[2m:[0m [3mstage[0m[2m=[0m"finalise.compute_h_poly.spill_fixed_cosets.end" [3mrss_mb[0m[2m=[0m184 [3mhwm_mb[0m[2m=[0m185
[2m2026-09-15T07:01:33.758136Z[0m [32m INFO[0m [2mmidnight_bench[0m[2m:[0m [3mstage[0m[2m=[0m"finalise.compute_h_poly.spill_perm_cosets.start" [3mrss_mb[0m[2m=[0m184 [3mhwm_mb[0m[2m=[0m185
[2m2026-09-15T07:01:33.808048Z[0m [32m INFO[0m [2mmidnight_bench[0m[2m:[0m [3mstage[0m[2m=[0m"finalise.compute_h_poly.spill_perm_cosets.end" [3mrss_mb[0m[2m=[0m200 [3mhwm_mb[0m[2m=[0m200
[2m2026-09-15T07:01:33.939581Z[0m [32m INFO[0m [2mmidnight_bench[0m[2m:[0m [3mstage[0m[2m=[0m"finalise.compute_h_poly.drop_cosets.end" [3mrss_mb[0m[2m=[0m200 [3mhwm_mb[0m[2m=[0m200
[2m2026-09-15T07:01:33.943569Z[0m [32m INFO[0m [2mmidnight_bench[0m[2m:[0m [3mstage[0m[2m=[0m"finalise.compute_h_poly.end" [3mrss_mb[0m[2m=[0m136 [3mhwm_mb[0m[2m=[0m200
[2m2026-09-15T07:01:33.943595Z[0m [32m INFO[0m [2mmidnight_bench[0m[2m:[0m [3mstage[0m[2m=[0m"finalise.vanishing_construct.start" [3mrss_mb[0m[2m=[0m136 [3mhwm_mb[0m[2m=[0m200
[2m2026-09-15T07:01:34.033920Z[0m [32m INFO[0m [2mmidnight_bench[0m[2m:[0m [3mstage[0m[2m=[0m"finalise.vanishing_construct.end" [3mrss_mb[0m[2m=[0m136 [3mhwm_mb[0m[2m=[0m200
[2m2026-09-15T07:01:34.060839Z[0m [32m INFO[0m [2mmidnight_bench[0m[2m:[0m [3mstage[0m[2m=[0m"finalise.compute_queries.start" [3mrss_mb[0m[2m=[0m136 [3mhwm_mb[0m[2m=[0m200
[2m2026-09-15T07:01:34.060941Z[0m [32m INFO[0m [2mmidnight_bench[0m[2m:[0m [3mstage[0m[2m=[0m"finalise.multi_open.start" [3mrss_mb[0m[2m=[0m136 [3mhwm_mb[0m[2m=[0m200
[2m2026-09-15T07:01:34.153551Z[0m [32m INFO[0m [2mmidnight_bench[0m[2m:[0m [3mstage[0m[2m=[0m"finalise.multi_open.end" [3mrss_mb[0m[2m=[0m136 [3mhwm_mb[0m[2m=[0m200
[2m2026-09-15T07:01:34.154544Z[0m [32m INFO[0m [2mmidnight_bench[0m[2m:[0m [3mstage[0m[2m=[0m"create_proof.finalise_proof.end" [3mrss_mb[0m[2m=[0m114 [3mhwm_mb[0m[2m=[0m200
[2m2026-09-15T07:01:34.171123Z[0m [32m INFO[0m [2mactix_web::middleware::logger[0m[2m:[0m 192.168.65.1 POST /prove HTTP/1.1; took 0.836137s
[2m2026-09-15T07:01:34.172584Z[0m [32m INFO[0m [2mmidnight_proof_server::endpoints[0m[2m:[0m Starting to process request for /prove...
[2m2026-09-15T07:01:34.246034Z[0m [32m INFO[0m [2mmidnight_bench[0m[2m:[0m [3mstage[0m[2m=[0m"create_proof.compute_trace.start" [3mrss_mb[0m[2m=[0m132 [3mhwm_mb[0m[2m=[0m200
[2m2026-09-15T07:01:34.246058Z[0m [32m INFO[0m [2mmidnight_bench[0m[2m:[0m [3mstage[0m[2m=[0m"trace.compute_instances.start" [3mrss_mb[0m[2m=[0m132 [3mhwm_mb[0m[2m=[0m200
[2m2026-09-15T07:01:34.251359Z[0m [32m INFO[0m [2mmidnight_bench[0m[2m:[0m [3mstage[0m[2m=[0m"trace.compute_instances.end" [3mrss_mb[0m[2m=[0m132 [3mhwm_mb[0m[2m=[0m200
[2m2026-09-15T07:01:34.251380Z[0m [32m INFO[0m [2mmidnight_bench[0m[2m:[0m [3mstage[0m[2m=[0m"trace.parse_advices.start" [3mrss_mb[0m[2m=[0m132 [3mhwm_mb[0m[2m=[0m200
[2m2026-09-15T07:01:34.257072Z[0m [32m INFO[0m [2mmidnight_bench[0m[2m:[0m [3mstage[0m[2m=[0m"trace.parse_advices.end" [3mrss_mb[0m[2m=[0m136 [3mhwm_mb[0m[2m=[0m200
[2m2026-09-15T07:01:34.257098Z[0m [32m INFO[0m [2mmidnight_bench[0m[2m:[0m [3mstage[0m[2m=[0m"trace.lookups_permuted.start" [3mrss_mb[0m[2m=[0m136 [3mhwm_mb[0m[2m=[0m200
[2m2026-09-15T07:01:34.303564Z[0m [32m INFO[0m [2mmidnight_bench[0m[2m:[0m [3mstage[0m[2m=[0m"trace.lookups_permuted.end" [3mrss_mb[0m[2m=[0m142 [3mhwm_mb[0m[2m=[0m200
[2m2026-09-15T07:01:34.303594Z[0m [32m INFO[0m [2mmidnight_bench[0m[2m:[0m [3mstage[0m[2m=[0m"trace.permutations_commit.start" [3mrss_mb[0m[2m=[0m142 [3mhwm_mb[0m[2m=[0m200
[2m2026-09-15T07:01:34.371783Z[0m [32m INFO[0m [2mmidnight_bench[0m[2m:[0m [3mstage[0m[2m=[0m"trace.permutations_commit.end" [3mrss_mb[0m[2m=[0m149 [3mhwm_mb[0m[2m=[0m200
[2m2026-09-15T07:01:34.371809Z[0m [32m INFO[0m [2mmidnight_bench[0m[2m:[0m [3mstage[0m[2m=[0m"trace.lookups_product.start" [3mrss_mb[0m[2m=[0m149 [3mhwm_mb[0m[2m=[0m200
[2m2026-09-15T07:01:34.425481Z[0m [32m INFO[0m [2mmidnight_bench[0m[2m:[0m [3mstage[0m[2m=[0m"trace.lookups_product.end" [3mrss_mb[0m[2m=[0m149 [3mhwm_mb[0m[2m=[0m200
[2m2026-09-15T07:01:34.448571Z[0m [32m INFO[0m [2mmidnight_bench[0m[2m:[0m [3mstage[0m[2m=[0m"create_proof.compute_trace.end" [3mrss_mb[0m[2m=[0m150 [3mhwm_mb[0m[2m=[0m200
[2m2026-09-15T07:01:34.448590Z[0m [32m INFO[0m [2mmidnight_bench[0m[2m:[0m [3mstage[0m[2m=[0m"create_proof.finalise_proof.start" [3mrss_mb[0m[2m=[0m150 [3mhwm_mb[0m[2m=[0m200
[2m2026-09-15T07:01:34.448597Z[0m [32m INFO[0m [2mmidnight_bench[0m[2m:[0m [3mstage[0m[2m=[0m"finalise.compute_h_poly.start" [3mrss_mb[0m[2m=[0m150 [3mhwm_mb[0m[2m=[0m200
[2m2026-09-15T07:01:34.448604Z[0m [32m INFO[0m [2mmidnight_bench[0m[2m:[0m [3mstage[0m[2m=[0m"finalise.compute_h_poly.spill_advice_cosets.start" [3mrss_mb[0m[2m=[0m150 [3mhwm_mb[0m[2m=[0m200
[2m2026-09-15T07:01:34.483235Z[0m [32m INFO[0m [2mmidnight_bench[0m[2m:[0m [3mstage[0m[2m=[0m"finalise.compute_h_poly.spill_advice_cosets.end" [3mrss_mb[0m[2m=[0m160 [3mhwm_mb[0m[2m=[0m200
[2m2026-09-15T07:01:34.483265Z[0m [32m INFO[0m [2mmidnight_bench[0m[2m:[0m [3mstage[0m[2m=[0m"finalise.compute_h_poly.spill_instance_cosets.start" [3mrss_mb[0m[2m=[0m160 [3mhwm_mb[0m[2m=[0m200
[2m2026-09-15T07:01:34.497065Z[0m [32m INFO[0m [2mmidnight_bench[0m[2m:[0m [3mstage[0m[2m=[0m"finalise.compute_h_poly.spill_instance_cosets.end" [3mrss_mb[0m[2m=[0m164 [3mhwm_mb[0m[2m=[0m200
[2m2026-09-15T07:01:34.497092Z[0m [32m INFO[0m [2mmidnight_bench[0m[2m:[0m [3mstage[0m[2m=[0m"finalise.compute_h_poly.spill_fixed_cosets.start" [3mrss_mb[0m[2m=[0m164 [3mhwm_mb[0m[2m=[0m200
[2m2026-09-15T07:01:34.601478Z[0m [32m INFO[0m [2mmidnight_bench[0m[2m:[0m [3mstage[0m[2m=[0m"finalise.compute_h_poly.spill_fixed_cosets.end" [3mrss_mb[0m[2m=[0m198 [3mhwm_mb[0m[2m=[0m200
[2m2026-09-15T07:01:34.601502Z[0m [32m INFO[0m [2mmidnight_bench[0m[2m:[0m [3mstage[0m[2m=[0m"finalise.compute_h_poly.spill_perm_cosets.start" [3mrss_mb[0m[2m=[0m198 [3mhwm_mb[0m[2m=[0m200
[2m2026-09-15T07:01:34.648572Z[0m [32m INFO[0m [2mmidnight_bench[0m[2m:[0m [3mstage[0m[2m=[0m"finalise.compute_h_poly.spill_perm_cosets.end" [3mrss_mb[0m[2m=[0m214 [3mhwm_mb[0m[2m=[0m214
[2m2026-09-15T07:01:34.782584Z[0m [32m INFO[0m [2mmidnight_bench[0m[2m:[0m [3mstage[0m[2m=[0m"finalise.compute_h_poly.drop_cosets.end" [3mrss_mb[0m[2m=[0m214 [3mhwm_mb[0m[2m=[0m214
[2m2026-09-15T07:01:34.786268Z[0m [32m INFO[0m [2mmidnight_bench[0m[2m:[0m [3mstage[0m[2m=[0m"finalise.compute_h_poly.end" [3mrss_mb[0m[2m=[0m150 [3mhwm_mb[0m[2m=[0m213
[2m2026-09-15T07:01:34.786283Z[0m [32m INFO[0m [2mmidnight_bench[0m[2m:[0m [3mstage[0m[2m=[0m"finalise.vanishing_construct.start" [3mrss_mb[0m[2m=[0m150 [3mhwm_mb[0m[2m=[0m213
[2m2026-09-15T07:01:34.874587Z[0m [32m INFO[0m [2mmidnight_bench[0m[2m:[0m [3mstage[0m[2m=[0m"finalise.vanishing_construct.end" [3mrss_mb[0m[2m=[0m150 [3mhwm_mb[0m[2m=[0m213
[2m2026-09-15T07:01:34.901506Z[0m [32m INFO[0m [2mmidnight_bench[0m[2m:[0m [3mstage[0m[2m=[0m"finalise.compute_queries.start" [3mrss_mb[0m[2m=[0m150 [3mhwm_mb[0m[2m=[0m213
[2m2026-09-15T07:01:34.901595Z[0m [32m INFO[0m [2mmidnight_bench[0m[2m:[0m [3mstage[0m[2m=[0m"finalise.multi_open.start" [3mrss_mb[0m[2m=[0m150 [3mhwm_mb[0m[2m=[0m213
[2m2026-09-15T07:01:34.991414Z[0m [32m INFO[0m [2mmidnight_bench[0m[2m:[0m [3mstage[0m[2m=[0m"finalise.multi_open.end" [3mrss_mb[0m[2m=[0m150 [3mhwm_mb[0m[2m=[0m213
[2m2026-09-15T07:01:34.992472Z[0m [32m INFO[0m [2mmidnight_bench[0m[2m:[0m [3mstage[0m[2m=[0m"create_proof.finalise_proof.end" [3mrss_mb[0m[2m=[0m128 [3mhwm_mb[0m[2m=[0m213
[2m2026-09-15T07:01:35.007556Z[0m [32m INFO[0m [2mactix_web::middleware::logger[0m[2m:[0m 192.168.65.1 POST /prove HTTP/1.1; took 0.834987s
[2m2026-09-15T07:01:35.009727Z[0m [32m INFO[0m [2mmidnight_proof_server::endpoints[0m[2m:[0m Starting to process request for /prove...
[2m2026-09-15T07:01:35.085520Z[0m [32m INFO[0m [2mmidnight_bench[0m[2m:[0m [3mstage[0m[2m=[0m"create_proof.compute_trace.start" [3mrss_mb[0m[2m=[0m146 [3mhwm_mb[0m[2m=[0m213
[2m2026-09-15T07:01:35.085552Z[0m [32m INFO[0m [2mmidnight_bench[0m[2m:[0m [3mstage[0m[2m=[0m"trace.compute_instances.start" [3mrss_mb[0m[2m=[0m146 [3mhwm_mb[0m[2m=[0m213
[2m2026-09-15T07:01:35.089998Z[0m [32m INFO[0m [2mmidnight_bench[0m[2m:[0m [3mstage[0m[2m=[0m"trace.compute_instances.end" [3mrss_mb[0m[2m=[0m146 [3mhwm_mb[0m[2m=[0m213
[2m2026-09-15T07:01:35.090037Z[0m [32m INFO[0m [2mmidnight_bench[0m[2m:[0m [3mstage[0m[2m=[0m"trace.parse_advices.start" [3mrss_mb[0m[2m=[0m146 [3mhwm_mb[0m[2m=[0m213
[2m2026-09-15T07:01:35.095528Z[0m [32m INFO[0m [2mmidnight_bench[0m[2m:[0m [3mstage[0m[2m=[0m"trace.parse_advices.end" [3mrss_mb[0m[2m=[0m151 [3mhwm_mb[0m[2m=[0m213
[2m2026-09-15T07:01:35.095550Z[0m [32m INFO[0m [2mmidnight_bench[0m[2m:[0m [3mstage[0m[2m=[0m"trace.lookups_permuted.start" [3mrss_mb[0m[2m=[0m151 [3mhwm_mb[0m[2m=[0m213
[2m2026-09-15T07:01:35.140212Z[0m [32m INFO[0m [2mmidnight_bench[0m[2m:[0m [3mstage[0m[2m=[0m"trace.lookups_permuted.end" [3mrss_mb[0m[2m=[0m156 [3mhwm_mb[0m[2m=[0m213
[2m2026-09-15T07:01:35.140239Z[0m [32m INFO[0m [2mmidnight_bench[0m[2m:[0m [3mstage[0m[2m=[0m"trace.permutations_commit.start" [3mrss_mb[0m[2m=[0m156 [3mhwm_mb[0m[2m=[0m213
[2m2026-09-15T07:01:35.208047Z[0m [32m INFO[0m [2mmidnight_bench[0m[2m:[0m [3mstage[0m[2m=[0m"trace.permutations_commit.end" [3mrss_mb[0m[2m=[0m163 [3mhwm_mb[0m[2m=[0m213
[2m2026-09-15T07:01:35.208072Z[0m [32m INFO[0m [2mmidnight_bench[0m[2m:[0m [3mstage[0m[2m=[0m"trace.lookups_product.start" [3mrss_mb[0m[2m=[0m163 [3mhwm_mb[0m[2m=[0m213
[2m2026-09-15T07:01:35.258390Z[0m [32m INFO[0m [2mmidnight_bench[0m[2m:[0m [3mstage[0m[2m=[0m"trace.lookups_product.end" [3mrss_mb[0m[2m=[0m163 [3mhwm_mb[0m[2m=[0m213
[2m2026-09-15T07:01:35.284169Z[0m [32m INFO[0m [2mmidnight_bench[0m[2m:[0m [3mstage[0m[2m=[0m"create_proof.compute_trace.end" [3mrss_mb[0m[2m=[0m164 [3mhwm_mb[0m[2m=[0m213
[2m2026-09-15T07:01:35.284189Z[0m [32m INFO[0m [2mmidnight_bench[0m[2m:[0m [3mstage[0m[2m=[0m"create_proof.finalise_proof.start" [3mrss_mb[0m[2m=[0m164 [3mhwm_mb[0m[2m=[0m213
[2m2026-09-15T07:01:35.284196Z[0m [32m INFO[0m [2mmidnight_bench[0m[2m:[0m [3mstage[0m[2m=[0m"finalise.compute_h_poly.start" [3mrss_mb[0m[2m=[0m164 [3mhwm_mb[0m[2m=[0m213
[2m2026-09-15T07:01:35.284204Z[0m [32m INFO[0m [2mmidnight_bench[0m[2m:[0m [3mstage[0m[2m=[0m"finalise.compute_h_poly.spill_advice_cosets.start" [3mrss_mb[0m[2m=[0m164 [3mhwm_mb[0m[2m=[0m213
[2m2026-09-15T07:01:35.317253Z[0m [32m INFO[0m [2mmidnight_bench[0m[2m:[0m [3mstage[0m[2m=[0m"finalise.compute_h_poly.spill_advice_cosets.end" [3mrss_mb[0m[2m=[0m174 [3mhwm_mb[0m[2m=[0m213
[2m2026-09-15T07:01:35.317280Z[0m [32m INFO[0m [2mmidnight_bench[0m[2m:[0m [3mstage[0m[2m=[0m"finalise.compute_h_poly.spill_instance_cosets.start" [3mrss_mb[0m[2m=[0m174 [3mhwm_mb[0m[2m=[0m213
[2m2026-09-15T07:01:35.328842Z[0m [32m INFO[0m [2mmidnight_bench[0m[2m:[0m [3mstage[0m[2m=[0m"finalise.compute_h_poly.spill_instance_cosets.end" [3mrss_mb[0m[2m=[0m178 [3mhwm_mb[0m[2m=[0m213
[2m2026-09-15T07:01:35.328866Z[0m [32m INFO[0m [2mmidnight_bench[0m[2m:[0m [3mstage[0m[2m=[0m"finalise.compute_h_poly.spill_fixed_cosets.start" [3mrss_mb[0m[2m=[0m178 [3mhwm_mb[0m[2m=[0m213
[2m2026-09-15T07:01:35.430421Z[0m [32m INFO[0m [2mmidnight_bench[0m[2m:[0m [3mstage[0m[2m=[0m"finalise.compute_h_poly.spill_fixed_cosets.end" [3mrss_mb[0m[2m=[0m212 [3mhwm_mb[0m[2m=[0m213
[2m2026-09-15T07:01:35.430447Z[0m [32m INFO[0m [2mmidnight_bench[0m[2m:[0m [3mstage[0m[2m=[0m"finalise.compute_h_poly.spill_perm_cosets.start" [3mrss_mb[0m[2m=[0m212 [3mhwm_mb[0m[2m=[0m213
[2m2026-09-15T07:01:35.483924Z[0m [32m INFO[0m [2mmidnight_bench[0m[2m:[0m [3mstage[0m[2m=[0m"finalise.compute_h_poly.spill_perm_cosets.end" [3mrss_mb[0m[2m=[0m228 [3mhwm_mb[0m[2m=[0m228
[2m2026-09-15T07:01:35.617005Z[0m [32m INFO[0m [2mmidnight_bench[0m[2m:[0m [3mstage[0m[2m=[0m"finalise.compute_h_poly.drop_cosets.end" [3mrss_mb[0m[2m=[0m228 [3mhwm_mb[0m[2m=[0m228
[2m2026-09-15T07:01:35.620942Z[0m [32m INFO[0m [2mmidnight_bench[0m[2m:[0m [3mstage[0m[2m=[0m"finalise.compute_h_poly.end" [3mrss_mb[0m[2m=[0m164 [3mhwm_mb[0m[2m=[0m227
[2m2026-09-15T07:01:35.620962Z[0m [32m INFO[0m [2mmidnight_bench[0m[2m:[0m [3mstage[0m[2m=[0m"finalise.vanishing_construct.start" [3mrss_mb[0m[2m=[0m164 [3mhwm_mb[0m[2m=[0m227
[2m2026-09-15T07:01:35.711650Z[0m [32m INFO[0m [2mmidnight_bench[0m[2m:[0m [3mstage[0m[2m=[0m"finalise.vanishing_construct.end" [3mrss_mb[0m[2m=[0m164 [3mhwm_mb[0m[2m=[0m227
[2m2026-09-15T07:01:35.739470Z[0m [32m INFO[0m [2mmidnight_bench[0m[2m:[0m [3mstage[0m[2m=[0m"finalise.compute_queries.start" [3mrss_mb[0m[2m=[0m164 [3mhwm_mb[0m[2m=[0m227
[2m2026-09-15T07:01:35.739564Z[0m [32m INFO[0m [2mmidnight_bench[0m[2m:[0m [3mstage[0m[2m=[0m"finalise.multi_open.start" [3mrss_mb[0m[2m=[0m164 [3mhwm_mb[0m[2m=[0m227
[2m2026-09-15T07:01:35.831914Z[0m [32m INFO[0m [2mmidnight_bench[0m[2m:[0m [3mstage[0m[2m=[0m"finalise.multi_open.end" [3mrss_mb[0m[2m=[0m164 [3mhwm_mb[0m[2m=[0m227
[2m2026-09-15T07:01:35.832906Z[0m [32m INFO[0m [2mmidnight_bench[0m[2m:[0m [3mstage[0m[2m=[0m"create_proof.finalise_proof.end" [3mrss_mb[0m[2m=[0m142 [3mhwm_mb[0m[2m=[0m227
[2m2026-09-15T07:01:35.848209Z[0m [32m INFO[0m [2mactix_web::middleware::logger[0m[2m:[0m 192.168.65.1 POST /prove HTTP/1.1; took 0.838499s
[2m2026-09-15T07:01:35.850372Z[0m [32m INFO[0m [2mmidnight_proof_server::endpoints[0m[2m:[0m Starting to process request for /prove...
[2m2026-09-15T07:01:35.928055Z[0m [32m INFO[0m [2mmidnight_bench[0m[2m:[0m [3mstage[0m[2m=[0m"create_proof.compute_trace.start" [3mrss_mb[0m[2m=[0m160 [3mhwm_mb[0m[2m=[0m227
[2m2026-09-15T07:01:35.928087Z[0m [32m INFO[0m [2mmidnight_bench[0m[2m:[0m [3mstage[0m[2m=[0m"trace.compute_instances.start" [3mrss_mb[0m[2m=[0m160 [3mhwm_mb[0m[2m=[0m227
[2m2026-09-15T07:01:35.933602Z[0m [32m INFO[0m [2mmidnight_bench[0m[2m:[0m [3mstage[0m[2m=[0m"trace.compute_instances.end" [3mrss_mb[0m[2m=[0m160 [3mhwm_mb[0m[2m=[0m227
[2m2026-09-15T07:01:35.933622Z[0m [32m INFO[0m [2mmidnight_bench[0m[2m:[0m [3mstage[0m[2m=[0m"trace.parse_advices.start" [3mrss_mb[0m[2m=[0m160 [3mhwm_mb[0m[2m=[0m227
[2m2026-09-15T07:01:35.939255Z[0m [32m INFO[0m [2mmidnight_bench[0m[2m:[0m [3mstage[0m[2m=[0m"trace.parse_advices.end" [3mrss_mb[0m[2m=[0m164 [3mhwm_mb[0m[2m=[0m227
[2m2026-09-15T07:01:35.939276Z[0m [32m INFO[0m [2mmidnight_bench[0m[2m:[0m [3mstage[0m[2m=[0m"trace.lookups_permuted.start" [3mrss_mb[0m[2m=[0m164 [3mhwm_mb[0m[2m=[0m227
[2m2026-09-15T07:01:35.986568Z[0m [32m INFO[0m [2mmidnight_bench[0m[2m:[0m [3mstage[0m[2m=[0m"trace.lookups_permuted.end" [3mrss_mb[0m[2m=[0m170 [3mhwm_mb[0m[2m=[0m227
[2m2026-09-15T07:01:35.986594Z[0m [32m INFO[0m [2mmidnight_bench[0m[2m:[0m [3mstage[0m[2m=[0m"trace.permutations_commit.start" [3mrss_mb[0m[2m=[0m170 [3mhwm_mb[0m[2m=[0m227
[2m2026-09-15T07:01:36.059194Z[0m [32m INFO[0m [2mmidnight_bench[0m[2m:[0m [3mstage[0m[2m=[0m"trace.permutations_commit.end" [3mrss_mb[0m[2m=[0m177 [3mhwm_mb[0m[2m=[0m227
[2m2026-09-15T07:01:36.059218Z[0m [32m INFO[0m [2mmidnight_bench[0m[2m:[0m [3mstage[0m[2m=[0m"trace.lookups_product.start" [3mrss_mb[0m[2m=[0m177 [3mhwm_mb[0m[2m=[0m227
[2m2026-09-15T07:01:36.113306Z[0m [32m INFO[0m [2mmidnight_bench[0m[2m:[0m [3mstage[0m[2m=[0m"trace.lookups_product.end" [3mrss_mb[0m[2m=[0m177 [3mhwm_mb[0m[2m=[0m227
[2m2026-09-15T07:01:36.139399Z[0m [32m INFO[0m [2mmidnight_bench[0m[2m:[0m [3mstage[0m[2m=[0m"create_proof.compute_trace.end" [3mrss_mb[0m[2m=[0m178 [3mhwm_mb[0m[2m=[0m227
[2m2026-09-15T07:01:36.139427Z[0m [32m INFO[0m [2mmidnight_bench[0m[2m:[0m [3mstage[0m[2m=[0m"create_proof.finalise_proof.start" [3mrss_mb[0m[2m=[0m178 [3mhwm_mb[0m[2m=[0m227
[2m2026-09-15T07:01:36.139435Z[0m [32m INFO[0m [2mmidnight_bench[0m[2m:[0m [3mstage[0m[2m=[0m"finalise.compute_h_poly.start" [3mrss_mb[0m[2m=[0m178 [3mhwm_mb[0m[2m=[0m227
[2m2026-09-15T07:01:36.139443Z[0m [32m INFO[0m [2mmidnight_bench[0m[2m:[0m [3mstage[0m[2m=[0m"finalise.compute_h_poly.spill_advice_cosets.start" [3mrss_mb[0m[2m=[0m178 [3mhwm_mb[0m[2m=[0m227
[2m2026-09-15T07:01:36.174819Z[0m [32m INFO[0m [2mmidnight_bench[0m[2m:[0m [3mstage[0m[2m=[0m"finalise.compute_h_poly.spill_advice_cosets.end" [3mrss_mb[0m[2m=[0m188 [3mhwm_mb[0m[2m=[0m227
[2m2026-09-15T07:01:36.174848Z[0m [32m INFO[0m [2mmidnight_bench[0m[2m:[0m [3mstage[0m[2m=[0m"finalise.compute_h_poly.spill_instance_cosets.start" [3mrss_mb[0m[2m=[0m188 [3mhwm_mb[0m[2m=[0m227
[2m2026-09-15T07:01:36.189374Z[0m [32m INFO[0m [2mmidnight_bench[0m[2m:[0m [3mstage[0m[2m=[0m"finalise.compute_h_poly.spill_instance_cosets.end" [3mrss_mb[0m[2m=[0m192 [3mhwm_mb[0m[2m=[0m227
[2m2026-09-15T07:01:36.189402Z[0m [32m INFO[0m [2mmidnight_bench[0m[2m:[0m [3mstage[0m[2m=[0m"finalise.compute_h_poly.spill_fixed_cosets.start" [3mrss_mb[0m[2m=[0m192 [3mhwm_mb[0m[2m=[0m227
[2m2026-09-15T07:01:36.298150Z[0m [32m INFO[0m [2mmidnight_bench[0m[2m:[0m [3mstage[0m[2m=[0m"finalise.compute_h_poly.spill_fixed_cosets.end" [3mrss_mb[0m[2m=[0m226 [3mhwm_mb[0m[2m=[0m227
[2m2026-09-15T07:01:36.298176Z[0m [32m INFO[0m [2mmidnight_bench[0m[2m:[0m [3mstage[0m[2m=[0m"finalise.compute_h_poly.spill_perm_cosets.start" [3mrss_mb[0m[2m=[0m226 [3mhwm_mb[0m[2m=[0m227
[2m2026-09-15T07:01:36.348176Z[0m [32m INFO[0m [2mmidnight_bench[0m[2m:[0m [3mstage[0m[2m=[0m"finalise.compute_h_poly.spill_perm_cosets.end" [3mrss_mb[0m[2m=[0m242 [3mhwm_mb[0m[2m=[0m242
[2m2026-09-15T07:01:36.481717Z[0m [32m INFO[0m [2mmidnight_bench[0m[2m:[0m [3mstage[0m[2m=[0m"finalise.compute_h_poly.drop_cosets.end" [3mrss_mb[0m[2m=[0m242 [3mhwm_mb[0m[2m=[0m242
[2m2026-09-15T07:01:36.485397Z[0m [32m INFO[0m [2mmidnight_bench[0m[2m:[0m [3mstage[0m[2m=[0m"finalise.compute_h_poly.end" [3mrss_mb[0m[2m=[0m178 [3mhwm_mb[0m[2m=[0m241
[2m2026-09-15T07:01:36.485415Z[0m [32m INFO[0m [2mmidnight_bench[0m[2m:[0m [3mstage[0m[2m=[0m"finalise.vanishing_construct.start" [3mrss_mb[0m[2m=[0m178 [3mhwm_mb[0m[2m=[0m241
[2m2026-09-15T07:01:36.580951Z[0m [32m INFO[0m [2mmidnight_bench[0m[2m:[0m [3mstage[0m[2m=[0m"finalise.vanishing_construct.end" [3mrss_mb[0m[2m=[0m178 [3mhwm_mb[0m[2m=[0m241
[2m2026-09-15T07:01:36.610381Z[0m [32m INFO[0m [2mmidnight_bench[0m[2m:[0m [3mstage[0m[2m=[0m"finalise.compute_queries.start" [3mrss_mb[0m[2m=[0m178 [3mhwm_mb[0m[2m=[0m241
[2m2026-09-15T07:01:36.610477Z[0m [32m INFO[0m [2mmidnight_bench[0m[2m:[0m [3mstage[0m[2m=[0m"finalise.multi_open.start" [3mrss_mb[0m[2m=[0m178 [3mhwm_mb[0m[2m=[0m241
[2m2026-09-15T07:01:36.702779Z[0m [32m INFO[0m [2mmidnight_bench[0m[2m:[0m [3mstage[0m[2m=[0m"finalise.multi_open.end" [3mrss_mb[0m[2m=[0m178 [3mhwm_mb[0m[2m=[0m241
[2m2026-09-15T07:01:36.703751Z[0m [32m INFO[0m [2mmidnight_bench[0m[2m:[0m [3mstage[0m[2m=[0m"create_proof.finalise_proof.end" [3mrss_mb[0m[2m=[0m156 [3mhwm_mb[0m[2m=[0m241
[2m2026-09-15T07:01:36.719867Z[0m [32m INFO[0m [2mactix_web::middleware::logger[0m[2m:[0m 192.168.65.1 POST /prove HTTP/1.1; took 0.869513s
[2m2026-09-15T07:01:36.721627Z[0m [32m INFO[0m [2mmidnight_proof_server::endpoints[0m[2m:[0m Starting to process request for /prove...
[2m2026-09-15T07:01:36.796854Z[0m [32m INFO[0m [2mmidnight_bench[0m[2m:[0m [3mstage[0m[2m=[0m"create_proof.compute_trace.start" [3mrss_mb[0m[2m=[0m174 [3mhwm_mb[0m[2m=[0m241
[2m2026-09-15T07:01:36.796886Z[0m [32m INFO[0m [2mmidnight_bench[0m[2m:[0m [3mstage[0m[2m=[0m"trace.compute_instances.start" [3mrss_mb[0m[2m=[0m174 [3mhwm_mb[0m[2m=[0m241
[2m2026-09-15T07:01:36.801895Z[0m [32m INFO[0m [2mmidnight_bench[0m[2m:[0m [3mstage[0m[2m=[0m"trace.compute_instances.end" [3mrss_mb[0m[2m=[0m174 [3mhwm_mb[0m[2m=[0m241
[2m2026-09-15T07:01:36.801916Z[0m [32m INFO[0m [2mmidnight_bench[0m[2m:[0m [3mstage[0m[2m=[0m"trace.parse_advices.start" [3mrss_mb[0m[2m=[0m174 [3mhwm_mb[0m[2m=[0m241
[2m2026-09-15T07:01:36.808057Z[0m [32m INFO[0m [2mmidnight_bench[0m[2m:[0m [3mstage[0m[2m=[0m"trace.parse_advices.end" [3mrss_mb[0m[2m=[0m178 [3mhwm_mb[0m[2m=[0m241
[2m2026-09-15T07:01:36.808078Z[0m [32m INFO[0m [2mmidnight_bench[0m[2m:[0m [3mstage[0m[2m=[0m"trace.lookups_permuted.start" [3mrss_mb[0m[2m=[0m178 [3mhwm_mb[0m[2m=[0m241
[2m2026-09-15T07:01:36.851728Z[0m [32m INFO[0m [2mmidnight_bench[0m[2m:[0m [3mstage[0m[2m=[0m"trace.lookups_permuted.end" [3mrss_mb[0m[2m=[0m184 [3mhwm_mb[0m[2m=[0m241
[2m2026-09-15T07:01:36.851757Z[0m [32m INFO[0m [2mmidnight_bench[0m[2m:[0m [3mstage[0m[2m=[0m"trace.permutations_commit.start" [3mrss_mb[0m[2m=[0m184 [3mhwm_mb[0m[2m=[0m241
[2m2026-09-15T07:01:36.920127Z[0m [32m INFO[0m [2mmidnight_bench[0m[2m:[0m [3mstage[0m[2m=[0m"trace.permutations_commit.end" [3mrss_mb[0m[2m=[0m191 [3mhwm_mb[0m[2m=[0m241
[2m2026-09-15T07:01:36.920153Z[0m [32m INFO[0m [2mmidnight_bench[0m[2m:[0m [3mstage[0m[2m=[0m"trace.lookups_product.start" [3mrss_mb[0m[2m=[0m191 [3mhwm_mb[0m[2m=[0m241
[2m2026-09-15T07:01:36.972968Z[0m [32m INFO[0m [2mmidnight_bench[0m[2m:[0m [3mstage[0m[2m=[0m"trace.lookups_product.end" [3mrss_mb[0m[2m=[0m191 [3mhwm_mb[0m[2m=[0m241
[2m2026-09-15T07:01:37.002311Z[0m [32m INFO[0m [2mmidnight_bench[0m[2m:[0m [3mstage[0m[2m=[0m"create_proof.compute_trace.end" [3mrss_mb[0m[2m=[0m192 [3mhwm_mb[0m[2m=[0m241
[2m2026-09-15T07:01:37.002338Z[0m [32m INFO[0m [2mmidnight_bench[0m[2m:[0m [3mstage[0m[2m=[0m"create_proof.finalise_proof.start" [3mrss_mb[0m[2m=[0m192 [3mhwm_mb[0m[2m=[0m241
[2m2026-09-15T07:01:37.002346Z[0m [32m INFO[0m [2mmidnight_bench[0m[2m:[0m [3mstage[0m[2m=[0m"finalise.compute_h_poly.start" [3mrss_mb[0m[2m=[0m192 [3mhwm_mb[0m[2m=[0m241
[2m2026-09-15T07:01:37.002353Z[0m [32m INFO[0m [2mmidnight_bench[0m[2m:[0m [3mstage[0m[2m=[0m"finalise.compute_h_poly.spill_advice_cosets.start" [3mrss_mb[0m[2m=[0m192 [3mhwm_mb[0m[2m=[0m241
[2m2026-09-15T07:01:37.035147Z[0m [32m INFO[0m [2mmidnight_bench[0m[2m:[0m [3mstage[0m[2m=[0m"finalise.compute_h_poly.spill_advice_cosets.end" [3mrss_mb[0m[2m=[0m202 [3mhwm_mb[0m[2m=[0m241
[2m2026-09-15T07:01:37.035177Z[0m [32m INFO[0m [2mmidnight_bench[0m[2m:[0m [3mstage[0m[2m=[0m"finalise.compute_h_poly.spill_instance_cosets.start" [3mrss_mb[0m[2m=[0m202 [3mhwm_mb[0m[2m=[0m241
[2m2026-09-15T07:01:37.050636Z[0m [32m INFO[0m [2mmidnight_bench[0m[2m:[0m [3mstage[0m[2m=[0m"finalise.compute_h_poly.spill_instance_cosets.end" [3mrss_mb[0m[2m=[0m206 [3mhwm_mb[0m[2m=[0m241
[2m2026-09-15T07:01:37.050661Z[0m [32m INFO[0m [2mmidnight_bench[0m[2m:[0m [3mstage[0m[2m=[0m"finalise.compute_h_poly.spill_fixed_cosets.start" [3mrss_mb[0m[2m=[0m206 [3mhwm_mb[0m[2m=[0m241
[2m2026-09-15T07:01:37.160268Z[0m [32m INFO[0m [2mmidnight_bench[0m[2m:[0m [3mstage[0m[2m=[0m"finalise.compute_h_poly.spill_fixed_cosets.end" [3mrss_mb[0m[2m=[0m240 [3mhwm_mb[0m[2m=[0m241
[2m2026-09-15T07:01:37.160312Z[0m [32m INFO[0m [2mmidnight_bench[0m[2m:[0m [3mstage[0m[2m=[0m"finalise.compute_h_poly.spill_perm_cosets.start" [3mrss_mb[0m[2m=[0m240 [3mhwm_mb[0m[2m=[0m241
[2m2026-09-15T07:01:37.212153Z[0m [32m INFO[0m [2mmidnight_bench[0m[2m:[0m [3mstage[0m[2m=[0m"finalise.compute_h_poly.spill_perm_cosets.end" [3mrss_mb[0m[2m=[0m256 [3mhwm_mb[0m[2m=[0m256
[2m2026-09-15T07:01:37.348727Z[0m [32m INFO[0m [2mmidnight_bench[0m[2m:[0m [3mstage[0m[2m=[0m"finalise.compute_h_poly.drop_cosets.end" [3mrss_mb[0m[2m=[0m256 [3mhwm_mb[0m[2m=[0m256
[2m2026-09-15T07:01:37.352588Z[0m [32m INFO[0m [2mmidnight_bench[0m[2m:[0m [3mstage[0m[2m=[0m"finalise.compute_h_poly.end" [3mrss_mb[0m[2m=[0m192 [3mhwm_mb[0m[2m=[0m256
[2m2026-09-15T07:01:37.352608Z[0m [32m INFO[0m [2mmidnight_bench[0m[2m:[0m [3mstage[0m[2m=[0m"finalise.vanishing_construct.start" [3mrss_mb[0m[2m=[0m192 [3mhwm_mb[0m[2m=[0m256
[2m2026-09-15T07:01:37.445719Z[0m [32m INFO[0m [2mmidnight_bench[0m[2m:[0m [3mstage[0m[2m=[0m"finalise.vanishing_construct.end" [3mrss_mb[0m[2m=[0m192 [3mhwm_mb[0m[2m=[0m256
[2m2026-09-15T07:01:37.478168Z[0m [32m INFO[0m [2mmidnight_bench[0m[2m:[0m [3mstage[0m[2m=[0m"finalise.compute_queries.start" [3mrss_mb[0m[2m=[0m192 [3mhwm_mb[0m[2m=[0m256
[2m2026-09-15T07:01:37.478264Z[0m [32m INFO[0m [2mmidnight_bench[0m[2m:[0m [3mstage[0m[2m=[0m"finalise.multi_open.start" [3mrss_mb[0m[2m=[0m192 [3mhwm_mb[0m[2m=[0m256
[2m2026-09-15T07:01:37.572140Z[0m [32m INFO[0m [2mmidnight_bench[0m[2m:[0m [3mstage[0m[2m=[0m"finalise.multi_open.end" [3mrss_mb[0m[2m=[0m192 [3mhwm_mb[0m[2m=[0m256
[2m2026-09-15T07:01:37.573077Z[0m [32m INFO[0m [2mmidnight_bench[0m[2m:[0m [3mstage[0m[2m=[0m"create_proof.finalise_proof.end" [3mrss_mb[0m[2m=[0m170 [3mhwm_mb[0m[2m=[0m256
[2m2026-09-15T07:01:37.588514Z[0m [32m INFO[0m [2mactix_web::middleware::logger[0m[2m:[0m 192.168.65.1 POST /prove HTTP/1.1; took 0.866904s
[2m2026-09-15T07:01:37.590275Z[0m [32m INFO[0m [2mmidnight_proof_server::endpoints[0m[2m:[0m Starting to process request for /prove...
[2m2026-09-15T07:01:37.667314Z[0m [32m INFO[0m [2mmidnight_bench[0m[2m:[0m [3mstage[0m[2m=[0m"create_proof.compute_trace.start" [3mrss_mb[0m[2m=[0m187 [3mhwm_mb[0m[2m=[0m256
[2m2026-09-15T07:01:37.667361Z[0m [32m INFO[0m [2mmidnight_bench[0m[2m:[0m [3mstage[0m[2m=[0m"trace.compute_instances.start" [3mrss_mb[0m[2m=[0m187 [3mhwm_mb[0m[2m=[0m256
[2m2026-09-15T07:01:37.672159Z[0m [32m INFO[0m [2mmidnight_bench[0m[2m:[0m [3mstage[0m[2m=[0m"trace.compute_instances.end" [3mrss_mb[0m[2m=[0m187 [3mhwm_mb[0m[2m=[0m256
[2m2026-09-15T07:01:37.672177Z[0m [32m INFO[0m [2mmidnight_bench[0m[2m:[0m [3mstage[0m[2m=[0m"trace.parse_advices.start" [3mrss_mb[0m[2m=[0m187 [3mhwm_mb[0m[2m=[0m256
[2m2026-09-15T07:01:37.678266Z[0m [32m INFO[0m [2mmidnight_bench[0m[2m:[0m [3mstage[0m[2m=[0m"trace.parse_advices.end" [3mrss_mb[0m[2m=[0m192 [3mhwm_mb[0m[2m=[0m256
[2m2026-09-15T07:01:37.678289Z[0m [32m INFO[0m [2mmidnight_bench[0m[2m:[0m [3mstage[0m[2m=[0m"trace.lookups_permuted.start" [3mrss_mb[0m[2m=[0m192 [3mhwm_mb[0m[2m=[0m256
[2m2026-09-15T07:01:37.723670Z[0m [32m INFO[0m [2mmidnight_bench[0m[2m:[0m [3mstage[0m[2m=[0m"trace.lookups_permuted.end" [3mrss_mb[0m[2m=[0m198 [3mhwm_mb[0m[2m=[0m256
[2m2026-09-15T07:01:37.723698Z[0m [32m INFO[0m [2mmidnight_bench[0m[2m:[0m [3mstage[0m[2m=[0m"trace.permutations_commit.start" [3mrss_mb[0m[2m=[0m198 [3mhwm_mb[0m[2m=[0m256
[2m2026-09-15T07:01:37.791680Z[0m [32m INFO[0m [2mmidnight_bench[0m[2m:[0m [3mstage[0m[2m=[0m"trace.permutations_commit.end" [3mrss_mb[0m[2m=[0m205 [3mhwm_mb[0m[2m=[0m256
[2m2026-09-15T07:01:37.791703Z[0m [32m INFO[0m [2mmidnight_bench[0m[2m:[0m [3mstage[0m[2m=[0m"trace.lookups_product.start" [3mrss_mb[0m[2m=[0m205 [3mhwm_mb[0m[2m=[0m256
[2m2026-09-15T07:01:37.843810Z[0m [32m INFO[0m [2mmidnight_bench[0m[2m:[0m [3mstage[0m[2m=[0m"trace.lookups_product.end" [3mrss_mb[0m[2m=[0m205 [3mhwm_mb[0m[2m=[0m256
[2m2026-09-15T07:01:37.868377Z[0m [32m INFO[0m [2mmidnight_bench[0m[2m:[0m [3mstage[0m[2m=[0m"create_proof.compute_trace.end" [3mrss_mb[0m[2m=[0m205 [3mhwm_mb[0m[2m=[0m256
[2m2026-09-15T07:01:37.868402Z[0m [32m INFO[0m [2mmidnight_bench[0m[2m:[0m [3mstage[0m[2m=[0m"create_proof.finalise_proof.start" [3mrss_mb[0m[2m=[0m205 [3mhwm_mb[0m[2m=[0m256
[2m2026-09-15T07:01:37.868410Z[0m [32m INFO[0m [2mmidnight_bench[0m[2m:[0m [3mstage[0m[2m=[0m"finalise.compute_h_poly.start" [3mrss_mb[0m[2m=[0m205 [3mhwm_mb[0m[2m=[0m256
[2m2026-09-15T07:01:37.868418Z[0m [32m INFO[0m [2mmidnight_bench[0m[2m:[0m [3mstage[0m[2m=[0m"finalise.compute_h_poly.spill_advice_cosets.start" [3mrss_mb[0m[2m=[0m205 [3mhwm_mb[0m[2m=[0m256
[2m2026-09-15T07:01:37.901626Z[0m [32m INFO[0m [2mmidnight_bench[0m[2m:[0m [3mstage[0m[2m=[0m"finalise.compute_h_poly.spill_advice_cosets.end" [3mrss_mb[0m[2m=[0m215 [3mhwm_mb[0m[2m=[0m256
[2m2026-09-15T07:01:37.901658Z[0m [32m INFO[0m [2mmidnight_bench[0m[2m:[0m [3mstage[0m[2m=[0m"finalise.compute_h_poly.spill_instance_cosets.start" [3mrss_mb[0m[2m=[0m215 [3mhwm_mb[0m[2m=[0m256
[2m2026-09-15T07:01:37.915168Z[0m [32m INFO[0m [2mmidnight_bench[0m[2m:[0m [3mstage[0m[2m=[0m"finalise.compute_h_poly.spill_instance_cosets.end" [3mrss_mb[0m[2m=[0m219 [3mhwm_mb[0m[2m=[0m256
[2m2026-09-15T07:01:37.915195Z[0m [32m INFO[0m [2mmidnight_bench[0m[2m:[0m [3mstage[0m[2m=[0m"finalise.compute_h_poly.spill_fixed_cosets.start" [3mrss_mb[0m[2m=[0m219 [3mhwm_mb[0m[2m=[0m256
[2m2026-09-15T07:01:38.035705Z[0m [32m INFO[0m [2mmidnight_bench[0m[2m:[0m [3mstage[0m[2m=[0m"finalise.compute_h_poly.spill_fixed_cosets.end" [3mrss_mb[0m[2m=[0m253 [3mhwm_mb[0m[2m=[0m256
[2m2026-09-15T07:01:38.035731Z[0m [32m INFO[0m [2mmidnight_bench[0m[2m:[0m [3mstage[0m[2m=[0m"finalise.compute_h_poly.spill_perm_cosets.start" [3mrss_mb[0m[2m=[0m253 [3mhwm_mb[0m[2m=[0m256
[2m2026-09-15T07:01:38.086583Z[0m [32m INFO[0m [2mmidnight_bench[0m[2m:[0m [3mstage[0m[2m=[0m"finalise.compute_h_poly.spill_perm_cosets.end" [3mrss_mb[0m[2m=[0m269 [3mhwm_mb[0m[2m=[0m269
[2m2026-09-15T07:01:38.234977Z[0m [32m INFO[0m [2mmidnight_bench[0m[2m:[0m [3mstage[0m[2m=[0m"finalise.compute_h_poly.drop_cosets.end" [3mrss_mb[0m[2m=[0m270 [3mhwm_mb[0m[2m=[0m270
[2m2026-09-15T07:01:38.239133Z[0m [32m INFO[0m [2mmidnight_bench[0m[2m:[0m [3mstage[0m[2m=[0m"finalise.compute_h_poly.end" [3mrss_mb[0m[2m=[0m206 [3mhwm_mb[0m[2m=[0m269
[2m2026-09-15T07:01:38.239198Z[0m [32m INFO[0m [2mmidnight_bench[0m[2m:[0m [3mstage[0m[2m=[0m"finalise.vanishing_construct.start" [3mrss_mb[0m[2m=[0m206 [3mhwm_mb[0m[2m=[0m269
[2m2026-09-15T07:01:38.360337Z[0m [32m INFO[0m [2mmidnight_bench[0m[2m:[0m [3mstage[0m[2m=[0m"finalise.vanishing_construct.end" [3mrss_mb[0m[2m=[0m206 [3mhwm_mb[0m[2m=[0m269
[2m2026-09-15T07:01:38.409954Z[0m [32m INFO[0m [2mmidnight_bench[0m[2m:[0m [3mstage[0m[2m=[0m"finalise.compute_queries.start" [3mrss_mb[0m[2m=[0m206 [3mhwm_mb[0m[2m=[0m269
[2m2026-09-15T07:01:38.410062Z[0m [32m INFO[0m [2mmidnight_bench[0m[2m:[0m [3mstage[0m[2m=[0m"finalise.multi_open.start" [3mrss_mb[0m[2m=[0m206 [3mhwm_mb[0m[2m=[0m269
[2m2026-09-15T07:01:38.527186Z[0m [32m INFO[0m [2mmidnight_bench[0m[2m:[0m [3mstage[0m[2m=[0m"finalise.multi_open.end" [3mrss_mb[0m[2m=[0m206 [3mhwm_mb[0m[2m=[0m269
[2m2026-09-15T07:01:38.527902Z[0m [32m INFO[0m [2mmidnight_bench[0m[2m:[0m [3mstage[0m[2m=[0m"create_proof.finalise_proof.end" [3mrss_mb[0m[2m=[0m184 [3mhwm_mb[0m[2m=[0m269
[2m2026-09-15T07:01:38.547859Z[0m [32m INFO[0m [2mactix_web::middleware::logger[0m[2m:[0m 192.168.65.1 POST /prove HTTP/1.1; took 0.957611s
[2m2026-09-15T07:01:38.551926Z[0m [32m INFO[0m [2mmidnight_proof_server::endpoints[0m[2m:[0m Starting to process request for /prove...
[2m2026-09-15T07:01:38.642523Z[0m [32m INFO[0m [2mmidnight_bench[0m[2m:[0m [3mstage[0m[2m=[0m"create_proof.compute_trace.start" [3mrss_mb[0m[2m=[0m201 [3mhwm_mb[0m[2m=[0m269
[2m2026-09-15T07:01:38.642556Z[0m [32m INFO[0m [2mmidnight_bench[0m[2m:[0m [3mstage[0m[2m=[0m"trace.compute_instances.start" [3mrss_mb[0m[2m=[0m201 [3mhwm_mb[0m[2m=[0m269
[2m2026-09-15T07:01:38.648391Z[0m [32m INFO[0m [2mmidnight_bench[0m[2m:[0m [3mstage[0m[2m=[0m"trace.compute_instances.end" [3mrss_mb[0m[2m=[0m201 [3mhwm_mb[0m[2m=[0m269
[2m2026-09-15T07:01:38.648413Z[0m [32m INFO[0m [2mmidnight_bench[0m[2m:[0m [3mstage[0m[2m=[0m"trace.parse_advices.start" [3mrss_mb[0m[2m=[0m201 [3mhwm_mb[0m[2m=[0m269
[2m2026-09-15T07:01:38.654351Z[0m [32m INFO[0m [2mmidnight_bench[0m[2m:[0m [3mstage[0m[2m=[0m"trace.parse_advices.end" [3mrss_mb[0m[2m=[0m206 [3mhwm_mb[0m[2m=[0m269
[2m2026-09-15T07:01:38.654373Z[0m [32m INFO[0m [2mmidnight_bench[0m[2m:[0m [3mstage[0m[2m=[0m"trace.lookups_permuted.start" [3mrss_mb[0m[2m=[0m206 [3mhwm_mb[0m[2m=[0m269
[2m2026-09-15T07:01:38.698480Z[0m [32m INFO[0m [2mmidnight_bench[0m[2m:[0m [3mstage[0m[2m=[0m"trace.lookups_permuted.end" [3mrss_mb[0m[2m=[0m212 [3mhwm_mb[0m[2m=[0m269
[2m2026-09-15T07:01:38.698512Z[0m [32m INFO[0m [2mmidnight_bench[0m[2m:[0m [3mstage[0m[2m=[0m"trace.permutations_commit.start" [3mrss_mb[0m[2m=[0m212 [3mhwm_mb[0m[2m=[0m269
[2m2026-09-15T07:01:38.766810Z[0m [32m INFO[0m [2mmidnight_bench[0m[2m:[0m [3mstage[0m[2m=[0m"trace.permutations_commit.end" [3mrss_mb[0m[2m=[0m219 [3mhwm_mb[0m[2m=[0m269
[2m2026-09-15T07:01:38.766835Z[0m [32m INFO[0m [2mmidnight_bench[0m[2m:[0m [3mstage[0m[2m=[0m"trace.lookups_product.start" [3mrss_mb[0m[2m=[0m219 [3mhwm_mb[0m[2m=[0m269
[2m2026-09-15T07:01:38.817070Z[0m [32m INFO[0m [2mmidnight_bench[0m[2m:[0m [3mstage[0m[2m=[0m"trace.lookups_product.end" [3mrss_mb[0m[2m=[0m219 [3mhwm_mb[0m[2m=[0m269
[2m2026-09-15T07:01:38.842778Z[0m [32m INFO[0m [2mmidnight_bench[0m[2m:[0m [3mstage[0m[2m=[0m"create_proof.compute_trace.end" [3mrss_mb[0m[2m=[0m219 [3mhwm_mb[0m[2m=[0m269
[2m2026-09-15T07:01:38.842801Z[0m [32m INFO[0m [2mmidnight_bench[0m[2m:[0m [3mstage[0m[2m=[0m"create_proof.finalise_proof.start" [3mrss_mb[0m[2m=[0m219 [3mhwm_mb[0m[2m=[0m269
[2m2026-09-15T07:01:38.842808Z[0m [32m INFO[0m [2mmidnight_bench[0m[2m:[0m [3mstage[0m[2m=[0m"finalise.compute_h_poly.start" [3mrss_mb[0m[2m=[0m219 [3mhwm_mb[0m[2m=[0m269
[2m2026-09-15T07:01:38.842815Z[0m [32m INFO[0m [2mmidnight_bench[0m[2m:[0m [3mstage[0m[2m=[0m"finalise.compute_h_poly.spill_advice_cosets.start" [3mrss_mb[0m[2m=[0m219 [3mhwm_mb[0m[2m=[0m269
[2m2026-09-15T07:01:38.875891Z[0m [32m INFO[0m [2mmidnight_bench[0m[2m:[0m [3mstage[0m[2m=[0m"finalise.compute_h_poly.spill_advice_cosets.end" [3mrss_mb[0m[2m=[0m229 [3mhwm_mb[0m[2m=[0m269
[2m2026-09-15T07:01:38.875919Z[0m [32m INFO[0m [2mmidnight_bench[0m[2m:[0m [3mstage[0m[2m=[0m"finalise.compute_h_poly.spill_instance_cosets.start" [3mrss_mb[0m[2m=[0m229 [3mhwm_mb[0m[2m=[0m269
[2m2026-09-15T07:01:38.888799Z[0m [32m INFO[0m [2mmidnight_bench[0m[2m:[0m [3mstage[0m[2m=[0m"finalise.compute_h_poly.spill_instance_cosets.end" [3mrss_mb[0m[2m=[0m233 [3mhwm_mb[0m[2m=[0m269
[2m2026-09-15T07:01:38.888818Z[0m [32m INFO[0m [2mmidnight_bench[0m[2m:[0m [3mstage[0m[2m=[0m"finalise.compute_h_poly.spill_fixed_cosets.start" [3mrss_mb[0m[2m=[0m233 [3mhwm_mb[0m[2m=[0m269
[2m2026-09-15T07:01:38.997785Z[0m [32m INFO[0m [2mmidnight_bench[0m[2m:[0m [3mstage[0m[2m=[0m"finalise.compute_h_poly.spill_fixed_cosets.end" [3mrss_mb[0m[2m=[0m267 [3mhwm_mb[0m[2m=[0m269
[2m2026-09-15T07:01:38.997809Z[0m [32m INFO[0m [2mmidnight_bench[0m[2m:[0m [3mstage[0m[2m=[0m"finalise.compute_h_poly.spill_perm_cosets.start" [3mrss_mb[0m[2m=[0m267 [3mhwm_mb[0m[2m=[0m269
[2m2026-09-15T07:01:39.051123Z[0m [32m INFO[0m [2mmidnight_bench[0m[2m:[0m [3mstage[0m[2m=[0m"finalise.compute_h_poly.spill_perm_cosets.end" [3mrss_mb[0m[2m=[0m283 [3mhwm_mb[0m[2m=[0m283
[2m2026-09-15T07:01:39.188237Z[0m [32m INFO[0m [2mmidnight_bench[0m[2m:[0m [3mstage[0m[2m=[0m"finalise.compute_h_poly.drop_cosets.end" [3mrss_mb[0m[2m=[0m284 [3mhwm_mb[0m[2m=[0m284
[2m2026-09-15T07:01:39.191787Z[0m [32m INFO[0m [2mmidnight_bench[0m[2m:[0m [3mstage[0m[2m=[0m"finalise.compute_h_poly.end" [3mrss_mb[0m[2m=[0m220 [3mhwm_mb[0m[2m=[0m283
[2m2026-09-15T07:01:39.191808Z[0m [32m INFO[0m [2mmidnight_bench[0m[2m:[0m [3mstage[0m[2m=[0m"finalise.vanishing_construct.start" [3mrss_mb[0m[2m=[0m220 [3mhwm_mb[0m[2m=[0m283
[2m2026-09-15T07:01:39.279222Z[0m [32m INFO[0m [2mmidnight_bench[0m[2m:[0m [3mstage[0m[2m=[0m"finalise.vanishing_construct.end" [3mrss_mb[0m[2m=[0m220 [3mhwm_mb[0m[2m=[0m283
[2m2026-09-15T07:01:39.306877Z[0m [32m INFO[0m [2mmidnight_bench[0m[2m:[0m [3mstage[0m[2m=[0m"finalise.compute_queries.start" [3mrss_mb[0m[2m=[0m220 [3mhwm_mb[0m[2m=[0m283
[2m2026-09-15T07:01:39.306969Z[0m [32m INFO[0m [2mmidnight_bench[0m[2m:[0m [3mstage[0m[2m=[0m"finalise.multi_open.start" [3mrss_mb[0m[2m=[0m220 [3mhwm_mb[0m[2m=[0m283
[2m2026-09-15T07:01:39.394765Z[0m [32m INFO[0m [2mmidnight_bench[0m[2m:[0m [3mstage[0m[2m=[0m"finalise.multi_open.end" [3mrss_mb[0m[2m=[0m220 [3mhwm_mb[0m[2m=[0m283
[2m2026-09-15T07:01:39.395823Z[0m [32m INFO[0m [2mmidnight_bench[0m[2m:[0m [3mstage[0m[2m=[0m"create_proof.finalise_proof.end" [3mrss_mb[0m[2m=[0m198 [3mhwm_mb[0m[2m=[0m283
[2m2026-09-15T07:01:39.411561Z[0m [32m INFO[0m [2mactix_web::middleware::logger[0m[2m:[0m 192.168.65.1 POST /prove HTTP/1.1; took 0.859668s
[2m2026-09-15T07:01:39.413760Z[0m [32m INFO[0m [2mmidnight_proof_server::endpoints[0m[2m:[0m Starting to process request for /prove...
[2m2026-09-15T07:01:39.489081Z[0m [32m INFO[0m [2mmidnight_bench[0m[2m:[0m [3mstage[0m[2m=[0m"create_proof.compute_trace.start" [3mrss_mb[0m[2m=[0m217 [3mhwm_mb[0m[2m=[0m283
[2m2026-09-15T07:01:39.489109Z[0m [32m INFO[0m [2mmidnight_bench[0m[2m:[0m [3mstage[0m[2m=[0m"trace.compute_instances.start" [3mrss_mb[0m[2m=[0m217 [3mhwm_mb[0m[2m=[0m283
[2m2026-09-15T07:01:39.497009Z[0m [32m INFO[0m [2mmidnight_bench[0m[2m:[0m [3mstage[0m[2m=[0m"trace.compute_instances.end" [3mrss_mb[0m[2m=[0m217 [3mhwm_mb[0m[2m=[0m283
[2m2026-09-15T07:01:39.497045Z[0m [32m INFO[0m [2mmidnight_bench[0m[2m:[0m [3mstage[0m[2m=[0m"trace.parse_advices.start" [3mrss_mb[0m[2m=[0m217 [3mhwm_mb[0m[2m=[0m283
[2m2026-09-15T07:01:39.503190Z[0m [32m INFO[0m [2mmidnight_bench[0m[2m:[0m [3mstage[0m[2m=[0m"trace.parse_advices.end" [3mrss_mb[0m[2m=[0m221 [3mhwm_mb[0m[2m=[0m283
[2m2026-09-15T07:01:39.503215Z[0m [32m INFO[0m [2mmidnight_bench[0m[2m:[0m [3mstage[0m[2m=[0m"trace.lookups_permuted.start" [3mrss_mb[0m[2m=[0m221 [3mhwm_mb[0m[2m=[0m283
[2m2026-09-15T07:01:39.551504Z[0m [32m INFO[0m [2mmidnight_bench[0m[2m:[0m [3mstage[0m[2m=[0m"trace.lookups_permuted.end" [3mrss_mb[0m[2m=[0m227 [3mhwm_mb[0m[2m=[0m283
[2m2026-09-15T07:01:39.551533Z[0m [32m INFO[0m [2mmidnight_bench[0m[2m:[0m [3mstage[0m[2m=[0m"trace.permutations_commit.start" [3mrss_mb[0m[2m=[0m227 [3mhwm_mb[0m[2m=[0m283
[2m2026-09-15T07:01:39.620913Z[0m [32m INFO[0m [2mmidnight_bench[0m[2m:[0m [3mstage[0m[2m=[0m"trace.permutations_commit.end" [3mrss_mb[0m[2m=[0m234 [3mhwm_mb[0m[2m=[0m283
[2m2026-09-15T07:01:39.620939Z[0m [32m INFO[0m [2mmidnight_bench[0m[2m:[0m [3mstage[0m[2m=[0m"trace.lookups_product.start" [3mrss_mb[0m[2m=[0m234 [3mhwm_mb[0m[2m=[0m283
[2m2026-09-15T07:01:39.675003Z[0m [32m INFO[0m [2mmidnight_bench[0m[2m:[0m [3mstage[0m[2m=[0m"trace.lookups_product.end" [3mrss_mb[0m[2m=[0m234 [3mhwm_mb[0m[2m=[0m283
[2m2026-09-15T07:01:39.703004Z[0m [32m INFO[0m [2mmidnight_bench[0m[2m:[0m [3mstage[0m[2m=[0m"create_proof.compute_trace.end" [3mrss_mb[0m[2m=[0m235 [3mhwm_mb[0m[2m=[0m283
[2m2026-09-15T07:01:39.703042Z[0m [32m INFO[0m [2mmidnight_bench[0m[2m:[0m [3mstage[0m[2m=[0m"create_proof.finalise_proof.start" [3mrss_mb[0m[2m=[0m235 [3mhwm_mb[0m[2m=[0m283
[2m2026-09-15T07:01:39.703052Z[0m [32m INFO[0m [2mmidnight_bench[0m[2m:[0m [3mstage[0m[2m=[0m"finalise.compute_h_poly.start" [3mrss_mb[0m[2m=[0m235 [3mhwm_mb[0m[2m=[0m283
[2m2026-09-15T07:01:39.703059Z[0m [32m INFO[0m [2mmidnight_bench[0m[2m:[0m [3mstage[0m[2m=[0m"finalise.compute_h_poly.spill_advice_cosets.start" [3mrss_mb[0m[2m=[0m235 [3mhwm_mb[0m[2m=[0m283
[2m2026-09-15T07:01:39.735860Z[0m [32m INFO[0m [2mmidnight_bench[0m[2m:[0m [3mstage[0m[2m=[0m"finalise.compute_h_poly.spill_advice_cosets.end" [3mrss_mb[0m[2m=[0m245 [3mhwm_mb[0m[2m=[0m283
[2m2026-09-15T07:01:39.735899Z[0m [32m INFO[0m [2mmidnight_bench[0m[2m:[0m [3mstage[0m[2m=[0m"finalise.compute_h_poly.spill_instance_cosets.start" [3mrss_mb[0m[2m=[0m245 [3mhwm_mb[0m[2m=[0m283
[2m2026-09-15T07:01:39.750073Z[0m [32m INFO[0m [2mmidnight_bench[0m[2m:[0m [3mstage[0m[2m=[0m"finalise.compute_h_poly.spill_instance_cosets.end" [3mrss_mb[0m[2m=[0m249 [3mhwm_mb[0m[2m=[0m283
[2m2026-09-15T07:01:39.750101Z[0m [32m INFO[0m [2mmidnight_bench[0m[2m:[0m [3mstage[0m[2m=[0m"finalise.compute_h_poly.spill_fixed_cosets.start" [3mrss_mb[0m[2m=[0m249 [3mhwm_mb[0m[2m=[0m283
[2m2026-09-15T07:01:39.857603Z[0m [32m INFO[0m [2mmidnight_bench[0m[2m:[0m [3mstage[0m[2m=[0m"finalise.compute_h_poly.spill_fixed_cosets.end" [3mrss_mb[0m[2m=[0m283 [3mhwm_mb[0m[2m=[0m283
[2m2026-09-15T07:01:39.857632Z[0m [32m INFO[0m [2mmidnight_bench[0m[2m:[0m [3mstage[0m[2m=[0m"finalise.compute_h_poly.spill_perm_cosets.start" [3mrss_mb[0m[2m=[0m283 [3mhwm_mb[0m[2m=[0m283
[2m2026-09-15T07:01:39.908595Z[0m [32m INFO[0m [2mmidnight_bench[0m[2m:[0m [3mstage[0m[2m=[0m"finalise.compute_h_poly.spill_perm_cosets.end" [3mrss_mb[0m[2m=[0m299 [3mhwm_mb[0m[2m=[0m299
[2m2026-09-15T07:01:40.037922Z[0m [32m INFO[0m [2mmidnight_bench[0m[2m:[0m [3mstage[0m[2m=[0m"finalise.compute_h_poly.drop_cosets.end" [3mrss_mb[0m[2m=[0m299 [3mhwm_mb[0m[2m=[0m299
[2m2026-09-15T07:01:40.041449Z[0m [32m INFO[0m [2mmidnight_bench[0m[2m:[0m [3mstage[0m[2m=[0m"finalise.compute_h_poly.end" [3mrss_mb[0m[2m=[0m235 [3mhwm_mb[0m[2m=[0m298
[2m2026-09-15T07:01:40.041467Z[0m [32m INFO[0m [2mmidnight_bench[0m[2m:[0m [3mstage[0m[2m=[0m"finalise.vanishing_construct.start" [3mrss_mb[0m[2m=[0m235 [3mhwm_mb[0m[2m=[0m298
[2m2026-09-15T07:01:40.141413Z[0m [32m INFO[0m [2mmidnight_bench[0m[2m:[0m [3mstage[0m[2m=[0m"finalise.vanishing_construct.end" [3mrss_mb[0m[2m=[0m235 [3mhwm_mb[0m[2m=[0m298
[2m2026-09-15T07:01:40.169619Z[0m [32m INFO[0m [2mmidnight_bench[0m[2m:[0m [3mstage[0m[2m=[0m"finalise.compute_queries.start" [3mrss_mb[0m[2m=[0m235 [3mhwm_mb[0m[2m=[0m298
[2m2026-09-15T07:01:40.169716Z[0m [32m INFO[0m [2mmidnight_bench[0m[2m:[0m [3mstage[0m[2m=[0m"finalise.multi_open.start" [3mrss_mb[0m[2m=[0m235 [3mhwm_mb[0m[2m=[0m298
[2m2026-09-15T07:01:40.262445Z[0m [32m INFO[0m [2mmidnight_bench[0m[2m:[0m [3mstage[0m[2m=[0m"finalise.multi_open.end" [3mrss_mb[0m[2m=[0m235 [3mhwm_mb[0m[2m=[0m298
[2m2026-09-15T07:01:40.263403Z[0m [32m INFO[0m [2mmidnight_bench[0m[2m:[0m [3mstage[0m[2m=[0m"create_proof.finalise_proof.end" [3mrss_mb[0m[2m=[0m213 [3mhwm_mb[0m[2m=[0m298
[2m2026-09-15T07:01:40.279627Z[0m [32m INFO[0m [2mactix_web::middleware::logger[0m[2m:[0m 192.168.65.1 POST /prove HTTP/1.1; took 0.865886s
[2m2026-09-15T07:01:40.281196Z[0m [32m INFO[0m [2mmidnight_proof_server::endpoints[0m[2m:[0m Starting to process request for /prove...
[2m2026-09-15T07:01:40.354833Z[0m [32m INFO[0m [2mmidnight_bench[0m[2m:[0m [3mstage[0m[2m=[0m"create_proof.compute_trace.start" [3mrss_mb[0m[2m=[0m217 [3mhwm_mb[0m[2m=[0m298
[2m2026-09-15T07:01:40.354858Z[0m [32m INFO[0m [2mmidnight_bench[0m[2m:[0m [3mstage[0m[2m=[0m"trace.compute_instances.start" [3mrss_mb[0m[2m=[0m217 [3mhwm_mb[0m[2m=[0m298
[2m2026-09-15T07:01:40.360793Z[0m [32m INFO[0m [2mmidnight_bench[0m[2m:[0m [3mstage[0m[2m=[0m"trace.compute_instances.end" [3mrss_mb[0m[2m=[0m217 [3mhwm_mb[0m[2m=[0m298
[2m2026-09-15T07:01:40.360811Z[0m [32m INFO[0m [2mmidnight_bench[0m[2m:[0m [3mstage[0m[2m=[0m"trace.parse_advices.start" [3mrss_mb[0m[2m=[0m217 [3mhwm_mb[0m[2m=[0m298
[2m2026-09-15T07:01:40.366949Z[0m [32m INFO[0m [2mmidnight_bench[0m[2m:[0m [3mstage[0m[2m=[0m"trace.parse_advices.end" [3mrss_mb[0m[2m=[0m222 [3mhwm_mb[0m[2m=[0m298
[2m2026-09-15T07:01:40.366968Z[0m [32m INFO[0m [2mmidnight_bench[0m[2m:[0m [3mstage[0m[2m=[0m"trace.lookups_permuted.start" [3mrss_mb[0m[2m=[0m222 [3mhwm_mb[0m[2m=[0m298
[2m2026-09-15T07:01:40.414696Z[0m [32m INFO[0m [2mmidnight_bench[0m[2m:[0m [3mstage[0m[2m=[0m"trace.lookups_permuted.end" [3mrss_mb[0m[2m=[0m227 [3mhwm_mb[0m[2m=[0m298
[2m2026-09-15T07:01:40.414728Z[0m [32m INFO[0m [2mmidnight_bench[0m[2m:[0m [3mstage[0m[2m=[0m"trace.permutations_commit.start" [3mrss_mb[0m[2m=[0m227 [3mhwm_mb[0m[2m=[0m298
[2m2026-09-15T07:01:40.489406Z[0m [32m INFO[0m [2mmidnight_bench[0m[2m:[0m [3mstage[0m[2m=[0m"trace.permutations_commit.end" [3mrss_mb[0m[2m=[0m234 [3mhwm_mb[0m[2m=[0m298
[2m2026-09-15T07:01:40.489433Z[0m [32m INFO[0m [2mmidnight_bench[0m[2m:[0m [3mstage[0m[2m=[0m"trace.lookups_product.start" [3mrss_mb[0m[2m=[0m234 [3mhwm_mb[0m[2m=[0m298
[2m2026-09-15T07:01:40.543362Z[0m [32m INFO[0m [2mmidnight_bench[0m[2m:[0m [3mstage[0m[2m=[0m"trace.lookups_product.end" [3mrss_mb[0m[2m=[0m234 [3mhwm_mb[0m[2m=[0m298
[2m2026-09-15T07:01:40.568936Z[0m [32m INFO[0m [2mmidnight_bench[0m[2m:[0m [3mstage[0m[2m=[0m"create_proof.compute_trace.end" [3mrss_mb[0m[2m=[0m235 [3mhwm_mb[0m[2m=[0m298
[2m2026-09-15T07:01:40.568957Z[0m [32m INFO[0m [2mmidnight_bench[0m[2m:[0m [3mstage[0m[2m=[0m"create_proof.finalise_proof.start" [3mrss_mb[0m[2m=[0m235 [3mhwm_mb[0m[2m=[0m298
[2m2026-09-15T07:01:40.568965Z[0m [32m INFO[0m [2mmidnight_bench[0m[2m:[0m [3mstage[0m[2m=[0m"finalise.compute_h_poly.start" [3mrss_mb[0m[2m=[0m235 [3mhwm_mb[0m[2m=[0m298
[2m2026-09-15T07:01:40.568972Z[0m [32m INFO[0m [2mmidnight_bench[0m[2m:[0m [3mstage[0m[2m=[0m"finalise.compute_h_poly.spill_advice_cosets.start" [3mrss_mb[0m[2m=[0m235 [3mhwm_mb[0m[2m=[0m298
[2m2026-09-15T07:01:40.602238Z[0m [32m INFO[0m [2mmidnight_bench[0m[2m:[0m [3mstage[0m[2m=[0m"finalise.compute_h_poly.spill_advice_cosets.end" [3mrss_mb[0m[2m=[0m245 [3mhwm_mb[0m[2m=[0m298
[2m2026-09-15T07:01:40.602274Z[0m [32m INFO[0m [2mmidnight_bench[0m[2m:[0m [3mstage[0m[2m=[0m"finalise.compute_h_poly.spill_instance_cosets.start" [3mrss_mb[0m[2m=[0m245 [3mhwm_mb[0m[2m=[0m298
[2m2026-09-15T07:01:40.617640Z[0m [32m INFO[0m [2mmidnight_bench[0m[2m:[0m [3mstage[0m[2m=[0m"finalise.compute_h_poly.spill_instance_cosets.end" [3mrss_mb[0m[2m=[0m249 [3mhwm_mb[0m[2m=[0m298
[2m2026-09-15T07:01:40.617668Z[0m [32m INFO[0m [2mmidnight_bench[0m[2m:[0m [3mstage[0m[2m=[0m"finalise.compute_h_poly.spill_fixed_cosets.start" [3mrss_mb[0m[2m=[0m249 [3mhwm_mb[0m[2m=[0m298
[2m2026-09-15T07:01:40.729928Z[0m [32m INFO[0m [2mmidnight_bench[0m[2m:[0m [3mstage[0m[2m=[0m"finalise.compute_h_poly.spill_fixed_cosets.end" [3mrss_mb[0m[2m=[0m283 [3mhwm_mb[0m[2m=[0m298
[2m2026-09-15T07:01:40.729958Z[0m [32m INFO[0m [2mmidnight_bench[0m[2m:[0m [3mstage[0m[2m=[0m"finalise.compute_h_poly.spill_perm_cosets.start" [3mrss_mb[0m[2m=[0m283 [3mhwm_mb[0m[2m=[0m298
[2m2026-09-15T07:01:40.784505Z[0m [32m INFO[0m [2mmidnight_bench[0m[2m:[0m [3mstage[0m[2m=[0m"finalise.compute_h_poly.spill_perm_cosets.end" [3mrss_mb[0m[2m=[0m299 [3mhwm_mb[0m[2m=[0m299
[2m2026-09-15T07:01:40.923153Z[0m [32m INFO[0m [2mmidnight_bench[0m[2m:[0m [3mstage[0m[2m=[0m"finalise.compute_h_poly.drop_cosets.end" [3mrss_mb[0m[2m=[0m299 [3mhwm_mb[0m[2m=[0m299
[2m2026-09-15T07:01:40.927211Z[0m [32m INFO[0m [2mmidnight_bench[0m[2m:[0m [3mstage[0m[2m=[0m"finalise.compute_h_poly.end" [3mrss_mb[0m[2m=[0m235 [3mhwm_mb[0m[2m=[0m298
[2m2026-09-15T07:01:40.927236Z[0m [32m INFO[0m [2mmidnight_bench[0m[2m:[0m [3mstage[0m[2m=[0m"finalise.vanishing_construct.start" [3mrss_mb[0m[2m=[0m235 [3mhwm_mb[0m[2m=[0m298
[2m2026-09-15T07:01:41.014365Z[0m [32m INFO[0m [2mmidnight_bench[0m[2m:[0m [3mstage[0m[2m=[0m"finalise.vanishing_construct.end" [3mrss_mb[0m[2m=[0m235 [3mhwm_mb[0m[2m=[0m298
[2m2026-09-15T07:01:41.041972Z[0m [32m INFO[0m [2mmidnight_bench[0m[2m:[0m [3mstage[0m[2m=[0m"finalise.compute_queries.start" [3mrss_mb[0m[2m=[0m235 [3mhwm_mb[0m[2m=[0m298
[2m2026-09-15T07:01:41.042093Z[0m [32m INFO[0m [2mmidnight_bench[0m[2m:[0m [3mstage[0m[2m=[0m"finalise.multi_open.start" [3mrss_mb[0m[2m=[0m235 [3mhwm_mb[0m[2m=[0m298
[2m2026-09-15T07:01:41.131916Z[0m [32m INFO[0m [2mmidnight_bench[0m[2m:[0m [3mstage[0m[2m=[0m"finalise.multi_open.end" [3mrss_mb[0m[2m=[0m235 [3mhwm_mb[0m[2m=[0m298
[2m2026-09-15T07:01:41.132848Z[0m [32m INFO[0m [2mmidnight_bench[0m[2m:[0m [3mstage[0m[2m=[0m"create_proof.finalise_proof.end" [3mrss_mb[0m[2m=[0m213 [3mhwm_mb[0m[2m=[0m298
[2m2026-09-15T07:01:41.148842Z[0m [32m INFO[0m [2mactix_web::middleware::logger[0m[2m:[0m 192.168.65.1 POST /prove HTTP/1.1; took 0.867664s
[2m2026-09-15T07:01:41.151121Z[0m [32m INFO[0m [2mmidnight_proof_server::endpoints[0m[2m:[0m Starting to process request for /prove...
[2m2026-09-15T07:01:41.224357Z[0m [32m INFO[0m [2mmidnight_bench[0m[2m:[0m [3mstage[0m[2m=[0m"create_proof.compute_trace.start" [3mrss_mb[0m[2m=[0m229 [3mhwm_mb[0m[2m=[0m298
[2m2026-09-15T07:01:41.224382Z[0m [32m INFO[0m [2mmidnight_bench[0m[2m:[0m [3mstage[0m[2m=[0m"trace.compute_instances.start" [3mrss_mb[0m[2m=[0m229 [3mhwm_mb[0m[2m=[0m298
[2m2026-09-15T07:01:41.229459Z[0m [32m INFO[0m [2mmidnight_bench[0m[2m:[0m [3mstage[0m[2m=[0m"trace.compute_instances.end" [3mrss_mb[0m[2m=[0m229 [3mhwm_mb[0m[2m=[0m298
[2m2026-09-15T07:01:41.229481Z[0m [32m INFO[0m [2mmidnight_bench[0m[2m:[0m [3mstage[0m[2m=[0m"trace.parse_advices.start" [3mrss_mb[0m[2m=[0m229 [3mhwm_mb[0m[2m=[0m298
[2m2026-09-15T07:01:41.235454Z[0m [32m INFO[0m [2mmidnight_bench[0m[2m:[0m [3mstage[0m[2m=[0m"trace.parse_advices.end" [3mrss_mb[0m[2m=[0m234 [3mhwm_mb[0m[2m=[0m298
[2m2026-09-15T07:01:41.235476Z[0m [32m INFO[0m [2mmidnight_bench[0m[2m:[0m [3mstage[0m[2m=[0m"trace.lookups_permuted.start" [3mrss_mb[0m[2m=[0m234 [3mhwm_mb[0m[2m=[0m298
[2m2026-09-15T07:01:41.279855Z[0m [32m INFO[0m [2mmidnight_bench[0m[2m:[0m [3mstage[0m[2m=[0m"trace.lookups_permuted.end" [3mrss_mb[0m[2m=[0m239 [3mhwm_mb[0m[2m=[0m298
[2m2026-09-15T07:01:41.279889Z[0m [32m INFO[0m [2mmidnight_bench[0m[2m:[0m [3mstage[0m[2m=[0m"trace.permutations_commit.start" [3mrss_mb[0m[2m=[0m239 [3mhwm_mb[0m[2m=[0m298
[2m2026-09-15T07:01:41.353921Z[0m [32m INFO[0m [2mmidnight_bench[0m[2m:[0m [3mstage[0m[2m=[0m"trace.permutations_commit.end" [3mrss_mb[0m[2m=[0m246 [3mhwm_mb[0m[2m=[0m298
[2m2026-09-15T07:01:41.353945Z[0m [32m INFO[0m [2mmidnight_bench[0m[2m:[0m [3mstage[0m[2m=[0m"trace.lookups_product.start" [3mrss_mb[0m[2m=[0m246 [3mhwm_mb[0m[2m=[0m298
[2m2026-09-15T07:01:41.414256Z[0m [32m INFO[0m [2mmidnight_bench[0m[2m:[0m [3mstage[0m[2m=[0m"trace.lookups_product.end" [3mrss_mb[0m[2m=[0m246 [3mhwm_mb[0m[2m=[0m298
[2m2026-09-15T07:01:41.441168Z[0m [32m INFO[0m [2mmidnight_bench[0m[2m:[0m [3mstage[0m[2m=[0m"create_proof.compute_trace.end" [3mrss_mb[0m[2m=[0m247 [3mhwm_mb[0m[2m=[0m298
[2m2026-09-15T07:01:41.441197Z[0m [32m INFO[0m [2mmidnight_bench[0m[2m:[0m [3mstage[0m[2m=[0m"create_proof.finalise_proof.start" [3mrss_mb[0m[2m=[0m247 [3mhwm_mb[0m[2m=[0m298
[2m2026-09-15T07:01:41.441205Z[0m [32m INFO[0m [2mmidnight_bench[0m[2m:[0m [3mstage[0m[2m=[0m"finalise.compute_h_poly.start" [3mrss_mb[0m[2m=[0m247 [3mhwm_mb[0m[2m=[0m298
[2m2026-09-15T07:01:41.441213Z[0m [32m INFO[0m [2mmidnight_bench[0m[2m:[0m [3mstage[0m[2m=[0m"finalise.compute_h_poly.spill_advice_cosets.start" [3mrss_mb[0m[2m=[0m247 [3mhwm_mb[0m[2m=[0m298
[2m2026-09-15T07:01:41.473766Z[0m [32m INFO[0m [2mmidnight_bench[0m[2m:[0m [3mstage[0m[2m=[0m"finalise.compute_h_poly.spill_advice_cosets.end" [3mrss_mb[0m[2m=[0m257 [3mhwm_mb[0m[2m=[0m298
[2m2026-09-15T07:01:41.473793Z[0m [32m INFO[0m [2mmidnight_bench[0m[2m:[0m [3mstage[0m[2m=[0m"finalise.compute_h_poly.spill_instance_cosets.start" [3mrss_mb[0m[2m=[0m257 [3mhwm_mb[0m[2m=[0m298
[2m2026-09-15T07:01:41.487395Z[0m [32m INFO[0m [2mmidnight_bench[0m[2m:[0m [3mstage[0m[2m=[0m"finalise.compute_h_poly.spill_instance_cosets.end" [3mrss_mb[0m[2m=[0m261 [3mhwm_mb[0m[2m=[0m298
[2m2026-09-15T07:01:41.487418Z[0m [32m INFO[0m [2mmidnight_bench[0m[2m:[0m [3mstage[0m[2m=[0m"finalise.compute_h_poly.spill_fixed_cosets.start" [3mrss_mb[0m[2m=[0m261 [3mhwm_mb[0m[2m=[0m298
[2m2026-09-15T07:01:41.597254Z[0m [32m INFO[0m [2mmidnight_bench[0m[2m:[0m [3mstage[0m[2m=[0m"finalise.compute_h_poly.spill_fixed_cosets.end" [3mrss_mb[0m[2m=[0m295 [3mhwm_mb[0m[2m=[0m298
[2m2026-09-15T07:01:41.597280Z[0m [32m INFO[0m [2mmidnight_bench[0m[2m:[0m [3mstage[0m[2m=[0m"finalise.compute_h_poly.spill_perm_cosets.start" [3mrss_mb[0m[2m=[0m295 [3mhwm_mb[0m[2m=[0m298
[2m2026-09-15T07:01:41.651470Z[0m [32m INFO[0m [2mmidnight_bench[0m[2m:[0m [3mstage[0m[2m=[0m"finalise.compute_h_poly.spill_perm_cosets.end" [3mrss_mb[0m[2m=[0m311 [3mhwm_mb[0m[2m=[0m311
[2m2026-09-15T07:01:41.781684Z[0m [32m INFO[0m [2mmidnight_bench[0m[2m:[0m [3mstage[0m[2m=[0m"finalise.compute_h_poly.drop_cosets.end" [3mrss_mb[0m[2m=[0m311 [3mhwm_mb[0m[2m=[0m311
[2m2026-09-15T07:01:41.784971Z[0m [32m INFO[0m [2mmidnight_bench[0m[2m:[0m [3mstage[0m[2m=[0m"finalise.compute_h_poly.end" [3mrss_mb[0m[2m=[0m247 [3mhwm_mb[0m[2m=[0m311
[2m2026-09-15T07:01:41.784988Z[0m [32m INFO[0m [2mmidnight_bench[0m[2m:[0m [3mstage[0m[2m=[0m"finalise.vanishing_construct.start" [3mrss_mb[0m[2m=[0m247 [3mhwm_mb[0m[2m=[0m311
[2m2026-09-15T07:01:41.874528Z[0m [32m INFO[0m [2mmidnight_bench[0m[2m:[0m [3mstage[0m[2m=[0m"finalise.vanishing_construct.end" [3mrss_mb[0m[2m=[0m247 [3mhwm_mb[0m[2m=[0m311
[2m2026-09-15T07:01:41.902658Z[0m [32m INFO[0m [2mmidnight_bench[0m[2m:[0m [3mstage[0m[2m=[0m"finalise.compute_queries.start" [3mrss_mb[0m[2m=[0m247 [3mhwm_mb[0m[2m=[0m311
[2m2026-09-15T07:01:41.902754Z[0m [32m INFO[0m [2mmidnight_bench[0m[2m:[0m [3mstage[0m[2m=[0m"finalise.multi_open.start" [3mrss_mb[0m[2m=[0m247 [3mhwm_mb[0m[2m=[0m311
[2m2026-09-15T07:01:41.991963Z[0m [32m INFO[0m [2mmidnight_bench[0m[2m:[0m [3mstage[0m[2m=[0m"finalise.multi_open.end" [3mrss_mb[0m[2m=[0m247 [3mhwm_mb[0m[2m=[0m311
[2m2026-09-15T07:01:41.992922Z[0m [32m INFO[0m [2mmidnight_bench[0m[2m:[0m [3mstage[0m[2m=[0m"create_proof.finalise_proof.end" [3mrss_mb[0m[2m=[0m225 [3mhwm_mb[0m[2m=[0m311
[2m2026-09-15T07:01:42.008662Z[0m [32m INFO[0m [2mactix_web::middleware::logger[0m[2m:[0m 192.168.65.1 POST /prove HTTP/1.1; took 0.857558s
[2m2026-09-15T07:01:42.010213Z[0m [32m INFO[0m [2mmidnight_proof_server::endpoints[0m[2m:[0m Starting to process request for /prove...
[2m2026-09-15T07:01:42.083787Z[0m [32m INFO[0m [2mmidnight_bench[0m[2m:[0m [3mstage[0m[2m=[0m"create_proof.compute_trace.start" [3mrss_mb[0m[2m=[0m230 [3mhwm_mb[0m[2m=[0m311
[2m2026-09-15T07:01:42.083820Z[0m [32m INFO[0m [2mmidnight_bench[0m[2m:[0m [3mstage[0m[2m=[0m"trace.compute_instances.start" [3mrss_mb[0m[2m=[0m230 [3mhwm_mb[0m[2m=[0m311
[2m2026-09-15T07:01:42.088729Z[0m [32m INFO[0m [2mmidnight_bench[0m[2m:[0m [3mstage[0m[2m=[0m"trace.compute_instances.end" [3mrss_mb[0m[2m=[0m230 [3mhwm_mb[0m[2m=[0m311
[2m2026-09-15T07:01:42.088747Z[0m [32m INFO[0m [2mmidnight_bench[0m[2m:[0m [3mstage[0m[2m=[0m"trace.parse_advices.start" [3mrss_mb[0m[2m=[0m230 [3mhwm_mb[0m[2m=[0m311
[2m2026-09-15T07:01:42.094534Z[0m [32m INFO[0m [2mmidnight_bench[0m[2m:[0m [3mstage[0m[2m=[0m"trace.parse_advices.end" [3mrss_mb[0m[2m=[0m234 [3mhwm_mb[0m[2m=[0m311
[2m2026-09-15T07:01:42.094557Z[0m [32m INFO[0m [2mmidnight_bench[0m[2m:[0m [3mstage[0m[2m=[0m"trace.lookups_permuted.start" [3mrss_mb[0m[2m=[0m234 [3mhwm_mb[0m[2m=[0m311
[2m2026-09-15T07:01:42.140825Z[0m [32m INFO[0m [2mmidnight_bench[0m[2m:[0m [3mstage[0m[2m=[0m"trace.lookups_permuted.end" [3mrss_mb[0m[2m=[0m240 [3mhwm_mb[0m[2m=[0m311
[2m2026-09-15T07:01:42.140862Z[0m [32m INFO[0m [2mmidnight_bench[0m[2m:[0m [3mstage[0m[2m=[0m"trace.permutations_commit.start" [3mrss_mb[0m[2m=[0m240 [3mhwm_mb[0m[2m=[0m311
[2m2026-09-15T07:01:42.204497Z[0m [32m INFO[0m [2mmidnight_bench[0m[2m:[0m [3mstage[0m[2m=[0m"trace.permutations_commit.end" [3mrss_mb[0m[2m=[0m247 [3mhwm_mb[0m[2m=[0m311
[2m2026-09-15T07:01:42.204519Z[0m [32m INFO[0m [2mmidnight_bench[0m[2m:[0m [3mstage[0m[2m=[0m"trace.lookups_product.start" [3mrss_mb[0m[2m=[0m247 [3mhwm_mb[0m[2m=[0m311
[2m2026-09-15T07:01:42.253894Z[0m [32m INFO[0m [2mmidnight_bench[0m[2m:[0m [3mstage[0m[2m=[0m"trace.lookups_product.end" [3mrss_mb[0m[2m=[0m247 [3mhwm_mb[0m[2m=[0m311
[2m2026-09-15T07:01:42.277873Z[0m [32m INFO[0m [2mmidnight_bench[0m[2m:[0m [3mstage[0m[2m=[0m"create_proof.compute_trace.end" [3mrss_mb[0m[2m=[0m248 [3mhwm_mb[0m[2m=[0m311
[2m2026-09-15T07:01:42.277891Z[0m [32m INFO[0m [2mmidnight_bench[0m[2m:[0m [3mstage[0m[2m=[0m"create_proof.finalise_proof.start" [3mrss_mb[0m[2m=[0m248 [3mhwm_mb[0m[2m=[0m311
[2m2026-09-15T07:01:42.277898Z[0m [32m INFO[0m [2mmidnight_bench[0m[2m:[0m [3mstage[0m[2m=[0m"finalise.compute_h_poly.start" [3mrss_mb[0m[2m=[0m248 [3mhwm_mb[0m[2m=[0m311
[2m2026-09-15T07:01:42.277905Z[0m [32m INFO[0m [2mmidnight_bench[0m[2m:[0m [3mstage[0m[2m=[0m"finalise.compute_h_poly.spill_advice_cosets.start" [3mrss_mb[0m[2m=[0m248 [3mhwm_mb[0m[2m=[0m311
[2m2026-09-15T07:01:42.311720Z[0m [32m INFO[0m [2mmidnight_bench[0m[2m:[0m [3mstage[0m[2m=[0m"finalise.compute_h_poly.spill_advice_cosets.end" [3mrss_mb[0m[2m=[0m258 [3mhwm_mb[0m[2m=[0m311
[2m2026-09-15T07:01:42.311746Z[0m [32m INFO[0m [2mmidnight_bench[0m[2m:[0m [3mstage[0m[2m=[0m"finalise.compute_h_poly.spill_instance_cosets.start" [3mrss_mb[0m[2m=[0m258 [3mhwm_mb[0m[2m=[0m311
[2m2026-09-15T07:01:42.325700Z[0m [32m INFO[0m [2mmidnight_bench[0m[2m:[0m [3mstage[0m[2m=[0m"finalise.compute_h_poly.spill_instance_cosets.end" [3mrss_mb[0m[2m=[0m262 [3mhwm_mb[0m[2m=[0m311
[2m2026-09-15T07:01:42.325720Z[0m [32m INFO[0m [2mmidnight_bench[0m[2m:[0m [3mstage[0m[2m=[0m"finalise.compute_h_poly.spill_fixed_cosets.start" [3mrss_mb[0m[2m=[0m262 [3mhwm_mb[0m[2m=[0m311
[2m2026-09-15T07:01:42.429553Z[0m [32m INFO[0m [2mmidnight_bench[0m[2m:[0m [3mstage[0m[2m=[0m"finalise.compute_h_poly.spill_fixed_cosets.end" [3mrss_mb[0m[2m=[0m296 [3mhwm_mb[0m[2m=[0m311
[2m2026-09-15T07:01:42.429587Z[0m [32m INFO[0m [2mmidnight_bench[0m[2m:[0m [3mstage[0m[2m=[0m"finalise.compute_h_poly.spill_perm_cosets.start" [3mrss_mb[0m[2m=[0m296 [3mhwm_mb[0m[2m=[0m311
[2m2026-09-15T07:01:42.480841Z[0m [32m INFO[0m [2mmidnight_bench[0m[2m:[0m [3mstage[0m[2m=[0m"finalise.compute_h_poly.spill_perm_cosets.end" [3mrss_mb[0m[2m=[0m312 [3mhwm_mb[0m[2m=[0m312
[2m2026-09-15T07:01:42.613855Z[0m [32m INFO[0m [2mmidnight_bench[0m[2m:[0m [3mstage[0m[2m=[0m"finalise.compute_h_poly.drop_cosets.end" [3mrss_mb[0m[2m=[0m312 [3mhwm_mb[0m[2m=[0m312
[2m2026-09-15T07:01:42.617589Z[0m [32m INFO[0m [2mmidnight_bench[0m[2m:[0m [3mstage[0m[2m=[0m"finalise.compute_h_poly.end" [3mrss_mb[0m[2m=[0m248 [3mhwm_mb[0m[2m=[0m311
[2m2026-09-15T07:01:42.617611Z[0m [32m INFO[0m [2mmidnight_bench[0m[2m:[0m [3mstage[0m[2m=[0m"finalise.vanishing_construct.start" [3mrss_mb[0m[2m=[0m248 [3mhwm_mb[0m[2m=[0m311
[2m2026-09-15T07:01:42.707832Z[0m [32m INFO[0m [2mmidnight_bench[0m[2m:[0m [3mstage[0m[2m=[0m"finalise.vanishing_construct.end" [3mrss_mb[0m[2m=[0m248 [3mhwm_mb[0m[2m=[0m311
[2m2026-09-15T07:01:42.736516Z[0m [32m INFO[0m [2mmidnight_bench[0m[2m:[0m [3mstage[0m[2m=[0m"finalise.compute_queries.start" [3mrss_mb[0m[2m=[0m248 [3mhwm_mb[0m[2m=[0m311
[2m2026-09-15T07:01:42.736611Z[0m [32m INFO[0m [2mmidnight_bench[0m[2m:[0m [3mstage[0m[2m=[0m"finalise.multi_open.start" [3mrss_mb[0m[2m=[0m248 [3mhwm_mb[0m[2m=[0m311
[2m2026-09-15T07:01:42.828788Z[0m [32m INFO[0m [2mmidnight_bench[0m[2m:[0m [3mstage[0m[2m=[0m"finalise.multi_open.end" [3mrss_mb[0m[2m=[0m248 [3mhwm_mb[0m[2m=[0m311
[2m2026-09-15T07:01:42.829681Z[0m [32m INFO[0m [2mmidnight_bench[0m[2m:[0m [3mstage[0m[2m=[0m"create_proof.finalise_proof.end" [3mrss_mb[0m[2m=[0m226 [3mhwm_mb[0m[2m=[0m311
[2m2026-09-15T07:01:42.844883Z[0m [32m INFO[0m [2mactix_web::middleware::logger[0m[2m:[0m 192.168.65.1 POST /prove HTTP/1.1; took 0.834687s
[2m2026-09-15T07:01:42.847379Z[0m [32m INFO[0m [2mmidnight_proof_server::endpoints[0m[2m:[0m Starting to process request for /prove...
[2m2026-09-15T07:01:42.918079Z[0m [32m INFO[0m [2mmidnight_bench[0m[2m:[0m [3mstage[0m[2m=[0m"create_proof.compute_trace.start" [3mrss_mb[0m[2m=[0m235 [3mhwm_mb[0m[2m=[0m311
[2m2026-09-15T07:01:42.918111Z[0m [32m INFO[0m [2mmidnight_bench[0m[2m:[0m [3mstage[0m[2m=[0m"trace.compute_instances.start" [3mrss_mb[0m[2m=[0m235 [3mhwm_mb[0m[2m=[0m311
[2m2026-09-15T07:01:42.923454Z[0m [32m INFO[0m [2mmidnight_bench[0m[2m:[0m [3mstage[0m[2m=[0m"trace.compute_instances.end" [3mrss_mb[0m[2m=[0m235 [3mhwm_mb[0m[2m=[0m311
[2m2026-09-15T07:01:42.923477Z[0m [32m INFO[0m [2mmidnight_bench[0m[2m:[0m [3mstage[0m[2m=[0m"trace.parse_advices.start" [3mrss_mb[0m[2m=[0m235 [3mhwm_mb[0m[2m=[0m311
[2m2026-09-15T07:01:42.929609Z[0m [32m INFO[0m [2mmidnight_bench[0m[2m:[0m [3mstage[0m[2m=[0m"trace.parse_advices.end" [3mrss_mb[0m[2m=[0m240 [3mhwm_mb[0m[2m=[0m311
[2m2026-09-15T07:01:42.929631Z[0m [32m INFO[0m [2mmidnight_bench[0m[2m:[0m [3mstage[0m[2m=[0m"trace.lookups_permuted.start" [3mrss_mb[0m[2m=[0m240 [3mhwm_mb[0m[2m=[0m311
[2m2026-09-15T07:01:42.973203Z[0m [32m INFO[0m [2mmidnight_bench[0m[2m:[0m [3mstage[0m[2m=[0m"trace.lookups_permuted.end" [3mrss_mb[0m[2m=[0m245 [3mhwm_mb[0m[2m=[0m311
[2m2026-09-15T07:01:42.973238Z[0m [32m INFO[0m [2mmidnight_bench[0m[2m:[0m [3mstage[0m[2m=[0m"trace.permutations_commit.start" [3mrss_mb[0m[2m=[0m245 [3mhwm_mb[0m[2m=[0m311
[2m2026-09-15T07:01:43.039916Z[0m [32m INFO[0m [2mmidnight_bench[0m[2m:[0m [3mstage[0m[2m=[0m"trace.permutations_commit.end" [3mrss_mb[0m[2m=[0m252 [3mhwm_mb[0m[2m=[0m311
[2m2026-09-15T07:01:43.039940Z[0m [32m INFO[0m [2mmidnight_bench[0m[2m:[0m [3mstage[0m[2m=[0m"trace.lookups_product.start" [3mrss_mb[0m[2m=[0m252 [3mhwm_mb[0m[2m=[0m311
[2m2026-09-15T07:01:43.090183Z[0m [32m INFO[0m [2mmidnight_bench[0m[2m:[0m [3mstage[0m[2m=[0m"trace.lookups_product.end" [3mrss_mb[0m[2m=[0m252 [3mhwm_mb[0m[2m=[0m311
[2m2026-09-15T07:01:43.112791Z[0m [32m INFO[0m [2mmidnight_bench[0m[2m:[0m [3mstage[0m[2m=[0m"create_proof.compute_trace.end" [3mrss_mb[0m[2m=[0m253 [3mhwm_mb[0m[2m=[0m311
[2m2026-09-15T07:01:43.112813Z[0m [32m INFO[0m [2mmidnight_bench[0m[2m:[0m [3mstage[0m[2m=[0m"create_proof.finalise_proof.start" [3mrss_mb[0m[2m=[0m253 [3mhwm_mb[0m[2m=[0m311
[2m2026-09-15T07:01:43.112822Z[0m [32m INFO[0m [2mmidnight_bench[0m[2m:[0m [3mstage[0m[2m=[0m"finalise.compute_h_poly.start" [3mrss_mb[0m[2m=[0m253 [3mhwm_mb[0m[2m=[0m311
[2m2026-09-15T07:01:43.112829Z[0m [32m INFO[0m [2mmidnight_bench[0m[2m:[0m [3mstage[0m[2m=[0m"finalise.compute_h_poly.spill_advice_cosets.start" [3mrss_mb[0m[2m=[0m253 [3mhwm_mb[0m[2m=[0m311
[2m2026-09-15T07:01:43.145469Z[0m [32m INFO[0m [2mmidnight_bench[0m[2m:[0m [3mstage[0m[2m=[0m"finalise.compute_h_poly.spill_advice_cosets.end" [3mrss_mb[0m[2m=[0m263 [3mhwm_mb[0m[2m=[0m311
[2m2026-09-15T07:01:43.145496Z[0m [32m INFO[0m [2mmidnight_bench[0m[2m:[0m [3mstage[0m[2m=[0m"finalise.compute_h_poly.spill_instance_cosets.start" [3mrss_mb[0m[2m=[0m263 [3mhwm_mb[0m[2m=[0m311
[2m2026-09-15T07:01:43.160525Z[0m [32m INFO[0m [2mmidnight_bench[0m[2m:[0m [3mstage[0m[2m=[0m"finalise.compute_h_poly.spill_instance_cosets.end" [3mrss_mb[0m[2m=[0m267 [3mhwm_mb[0m[2m=[0m311
[2m2026-09-15T07:01:43.160552Z[0m [32m INFO[0m [2mmidnight_bench[0m[2m:[0m [3mstage[0m[2m=[0m"finalise.compute_h_poly.spill_fixed_cosets.start" [3mrss_mb[0m[2m=[0m267 [3mhwm_mb[0m[2m=[0m311
[2m2026-09-15T07:01:43.265667Z[0m [32m INFO[0m [2mmidnight_bench[0m[2m:[0m [3mstage[0m[2m=[0m"finalise.compute_h_poly.spill_fixed_cosets.end" [3mrss_mb[0m[2m=[0m301 [3mhwm_mb[0m[2m=[0m311
[2m2026-09-15T07:01:43.265691Z[0m [32m INFO[0m [2mmidnight_bench[0m[2m:[0m [3mstage[0m[2m=[0m"finalise.compute_h_poly.spill_perm_cosets.start" [3mrss_mb[0m[2m=[0m301 [3mhwm_mb[0m[2m=[0m311
[2m2026-09-15T07:01:43.319045Z[0m [32m INFO[0m [2mmidnight_bench[0m[2m:[0m [3mstage[0m[2m=[0m"finalise.compute_h_poly.spill_perm_cosets.end" [3mrss_mb[0m[2m=[0m317 [3mhwm_mb[0m[2m=[0m317
[2m2026-09-15T07:01:43.458410Z[0m [32m INFO[0m [2mmidnight_bench[0m[2m:[0m [3mstage[0m[2m=[0m"finalise.compute_h_poly.drop_cosets.end" [3mrss_mb[0m[2m=[0m317 [3mhwm_mb[0m[2m=[0m317
[2m2026-09-15T07:01:43.461911Z[0m [32m INFO[0m [2mmidnight_bench[0m[2m:[0m [3mstage[0m[2m=[0m"finalise.compute_h_poly.end" [3mrss_mb[0m[2m=[0m253 [3mhwm_mb[0m[2m=[0m317
[2m2026-09-15T07:01:43.461933Z[0m [32m INFO[0m [2mmidnight_bench[0m[2m:[0m [3mstage[0m[2m=[0m"finalise.vanishing_construct.start" [3mrss_mb[0m[2m=[0m253 [3mhwm_mb[0m[2m=[0m317
[2m2026-09-15T07:01:43.561296Z[0m [32m INFO[0m [2mmidnight_bench[0m[2m:[0m [3mstage[0m[2m=[0m"finalise.vanishing_construct.end" [3mrss_mb[0m[2m=[0m253 [3mhwm_mb[0m[2m=[0m317
[2m2026-09-15T07:01:43.587984Z[0m [32m INFO[0m [2mmidnight_bench[0m[2m:[0m [3mstage[0m[2m=[0m"finalise.compute_queries.start" [3mrss_mb[0m[2m=[0m253 [3mhwm_mb[0m[2m=[0m317
[2m2026-09-15T07:01:43.588078Z[0m [32m INFO[0m [2mmidnight_bench[0m[2m:[0m [3mstage[0m[2m=[0m"finalise.multi_open.start" [3mrss_mb[0m[2m=[0m253 [3mhwm_mb[0m[2m=[0m317
[2m2026-09-15T07:01:43.679618Z[0m [32m INFO[0m [2mmidnight_bench[0m[2m:[0m [3mstage[0m[2m=[0m"finalise.multi_open.end" [3mrss_mb[0m[2m=[0m253 [3mhwm_mb[0m[2m=[0m317
[2m2026-09-15T07:01:43.680570Z[0m [32m INFO[0m [2mmidnight_bench[0m[2m:[0m [3mstage[0m[2m=[0m"create_proof.finalise_proof.end" [3mrss_mb[0m[2m=[0m231 [3mhwm_mb[0m[2m=[0m317
[2m2026-09-15T07:01:43.696532Z[0m [32m INFO[0m [2mactix_web::middleware::logger[0m[2m:[0m 192.168.65.1 POST /prove HTTP/1.1; took 0.849170s
[2m2026-09-15T07:01:43.698222Z[0m [32m INFO[0m [2mmidnight_proof_server::endpoints[0m[2m:[0m Starting to process request for /prove...
[2m2026-09-15T07:01:43.770465Z[0m [32m INFO[0m [2mmidnight_bench[0m[2m:[0m [3mstage[0m[2m=[0m"create_proof.compute_trace.start" [3mrss_mb[0m[2m=[0m217 [3mhwm_mb[0m[2m=[0m317
[2m2026-09-15T07:01:43.770494Z[0m [32m INFO[0m [2mmidnight_bench[0m[2m:[0m [3mstage[0m[2m=[0m"trace.compute_instances.start" [3mrss_mb[0m[2m=[0m217 [3mhwm_mb[0m[2m=[0m317
[2m2026-09-15T07:01:43.776617Z[0m [32m INFO[0m [2mmidnight_bench[0m[2m:[0m [3mstage[0m[2m=[0m"trace.compute_instances.end" [3mrss_mb[0m[2m=[0m217 [3mhwm_mb[0m[2m=[0m317
[2m2026-09-15T07:01:43.776639Z[0m [32m INFO[0m [2mmidnight_bench[0m[2m:[0m [3mstage[0m[2m=[0m"trace.parse_advices.start" [3mrss_mb[0m[2m=[0m217 [3mhwm_mb[0m[2m=[0m317
[2m2026-09-15T07:01:43.782822Z[0m [32m INFO[0m [2mmidnight_bench[0m[2m:[0m [3mstage[0m[2m=[0m"trace.parse_advices.end" [3mrss_mb[0m[2m=[0m221 [3mhwm_mb[0m[2m=[0m317
[2m2026-09-15T07:01:43.782842Z[0m [32m INFO[0m [2mmidnight_bench[0m[2m:[0m [3mstage[0m[2m=[0m"trace.lookups_permuted.start" [3mrss_mb[0m[2m=[0m221 [3mhwm_mb[0m[2m=[0m317
[2m2026-09-15T07:01:43.827470Z[0m [32m INFO[0m [2mmidnight_bench[0m[2m:[0m [3mstage[0m[2m=[0m"trace.lookups_permuted.end" [3mrss_mb[0m[2m=[0m227 [3mhwm_mb[0m[2m=[0m317
[2m2026-09-15T07:01:43.827496Z[0m [32m INFO[0m [2mmidnight_bench[0m[2m:[0m [3mstage[0m[2m=[0m"trace.permutations_commit.start" [3mrss_mb[0m[2m=[0m227 [3mhwm_mb[0m[2m=[0m317
[2m2026-09-15T07:01:43.896850Z[0m [32m INFO[0m [2mmidnight_bench[0m[2m:[0m [3mstage[0m[2m=[0m"trace.permutations_commit.end" [3mrss_mb[0m[2m=[0m234 [3mhwm_mb[0m[2m=[0m317
[2m2026-09-15T07:01:43.896873Z[0m [32m INFO[0m [2mmidnight_bench[0m[2m:[0m [3mstage[0m[2m=[0m"trace.lookups_product.start" [3mrss_mb[0m[2m=[0m234 [3mhwm_mb[0m[2m=[0m317
[2m2026-09-15T07:01:43.947599Z[0m [32m INFO[0m [2mmidnight_bench[0m[2m:[0m [3mstage[0m[2m=[0m"trace.lookups_product.end" [3mrss_mb[0m[2m=[0m234 [3mhwm_mb[0m[2m=[0m317
[2m2026-09-15T07:01:43.974460Z[0m [32m INFO[0m [2mmidnight_bench[0m[2m:[0m [3mstage[0m[2m=[0m"create_proof.compute_trace.end" [3mrss_mb[0m[2m=[0m235 [3mhwm_mb[0m[2m=[0m317
[2m2026-09-15T07:01:43.974483Z[0m [32m INFO[0m [2mmidnight_bench[0m[2m:[0m [3mstage[0m[2m=[0m"create_proof.finalise_proof.start" [3mrss_mb[0m[2m=[0m235 [3mhwm_mb[0m[2m=[0m317
[2m2026-09-15T07:01:43.974491Z[0m [32m INFO[0m [2mmidnight_bench[0m[2m:[0m [3mstage[0m[2m=[0m"finalise.compute_h_poly.start" [3mrss_mb[0m[2m=[0m235 [3mhwm_mb[0m[2m=[0m317
[2m2026-09-15T07:01:43.974498Z[0m [32m INFO[0m [2mmidnight_bench[0m[2m:[0m [3mstage[0m[2m=[0m"finalise.compute_h_poly.spill_advice_cosets.start" [3mrss_mb[0m[2m=[0m235 [3mhwm_mb[0m[2m=[0m317
[2m2026-09-15T07:01:44.008325Z[0m [32m INFO[0m [2mmidnight_bench[0m[2m:[0m [3mstage[0m[2m=[0m"finalise.compute_h_poly.spill_advice_cosets.end" [3mrss_mb[0m[2m=[0m245 [3mhwm_mb[0m[2m=[0m317
[2m2026-09-15T07:01:44.008355Z[0m [32m INFO[0m [2mmidnight_bench[0m[2m:[0m [3mstage[0m[2m=[0m"finalise.compute_h_poly.spill_instance_cosets.start" [3mrss_mb[0m[2m=[0m245 [3mhwm_mb[0m[2m=[0m317
[2m2026-09-15T07:01:44.021468Z[0m [32m INFO[0m [2mmidnight_bench[0m[2m:[0m [3mstage[0m[2m=[0m"finalise.compute_h_poly.spill_instance_cosets.end" [3mrss_mb[0m[2m=[0m249 [3mhwm_mb[0m[2m=[0m317
[2m2026-09-15T07:01:44.021491Z[0m [32m INFO[0m [2mmidnight_bench[0m[2m:[0m [3mstage[0m[2m=[0m"finalise.compute_h_poly.spill_fixed_cosets.start" [3mrss_mb[0m[2m=[0m249 [3mhwm_mb[0m[2m=[0m317
[2m2026-09-15T07:01:44.265452Z[0m [32m INFO[0m [2mmidnight_bench[0m[2m:[0m [3mstage[0m[2m=[0m"finalise.compute_h_poly.spill_fixed_cosets.end" [3mrss_mb[0m[2m=[0m283 [3mhwm_mb[0m[2m=[0m317
[2m2026-09-15T07:01:44.265479Z[0m [32m INFO[0m [2mmidnight_bench[0m[2m:[0m [3mstage[0m[2m=[0m"finalise.compute_h_poly.spill_perm_cosets.start" [3mrss_mb[0m[2m=[0m283 [3mhwm_mb[0m[2m=[0m317
[2m2026-09-15T07:01:44.321440Z[0m [32m INFO[0m [2mmidnight_bench[0m[2m:[0m [3mstage[0m[2m=[0m"finalise.compute_h_poly.spill_perm_cosets.end" [3mrss_mb[0m[2m=[0m299 [3mhwm_mb[0m[2m=[0m317
[2m2026-09-15T07:01:44.473064Z[0m [32m INFO[0m [2mmidnight_bench[0m[2m:[0m [3mstage[0m[2m=[0m"finalise.compute_h_poly.drop_cosets.end" [3mrss_mb[0m[2m=[0m299 [3mhwm_mb[0m[2m=[0m317
[2m2026-09-15T07:01:44.476657Z[0m [32m INFO[0m [2mmidnight_bench[0m[2m:[0m [3mstage[0m[2m=[0m"finalise.compute_h_poly.end" [3mrss_mb[0m[2m=[0m235 [3mhwm_mb[0m[2m=[0m317
[2m2026-09-15T07:01:44.476677Z[0m [32m INFO[0m [2mmidnight_bench[0m[2m:[0m [3mstage[0m[2m=[0m"finalise.vanishing_construct.start" [3mrss_mb[0m[2m=[0m235 [3mhwm_mb[0m[2m=[0m317
[2m2026-09-15T07:01:44.578701Z[0m [32m INFO[0m [2mmidnight_bench[0m[2m:[0m [3mstage[0m[2m=[0m"finalise.vanishing_construct.end" [3mrss_mb[0m[2m=[0m235 [3mhwm_mb[0m[2m=[0m317
[2m2026-09-15T07:01:44.607321Z[0m [32m INFO[0m [2mmidnight_bench[0m[2m:[0m [3mstage[0m[2m=[0m"finalise.compute_queries.start" [3mrss_mb[0m[2m=[0m235 [3mhwm_mb[0m[2m=[0m317
[2m2026-09-15T07:01:44.607413Z[0m [32m INFO[0m [2mmidnight_bench[0m[2m:[0m [3mstage[0m[2m=[0m"finalise.multi_open.start" [3mrss_mb[0m[2m=[0m235 [3mhwm_mb[0m[2m=[0m317
[2m2026-09-15T07:01:44.707776Z[0m [32m INFO[0m [2mmidnight_bench[0m[2m:[0m [3mstage[0m[2m=[0m"finalise.multi_open.end" [3mrss_mb[0m[2m=[0m235 [3mhwm_mb[0m[2m=[0m317
[2m2026-09-15T07:01:44.708741Z[0m [32m INFO[0m [2mmidnight_bench[0m[2m:[0m [3mstage[0m[2m=[0m"create_proof.finalise_proof.end" [3mrss_mb[0m[2m=[0m213 [3mhwm_mb[0m[2m=[0m317
[2m2026-09-15T07:01:44.724388Z[0m [32m INFO[0m [2mactix_web::middleware::logger[0m[2m:[0m 192.168.65.1 POST /prove HTTP/1.1; took 1.026181s
[2m2026-09-15T07:01:44.726093Z[0m [32m INFO[0m [2mmidnight_proof_server::endpoints[0m[2m:[0m Starting to process request for /prove...
[2m2026-09-15T07:01:44.800776Z[0m [32m INFO[0m [2mmidnight_bench[0m[2m:[0m [3mstage[0m[2m=[0m"create_proof.compute_trace.start" [3mrss_mb[0m[2m=[0m218 [3mhwm_mb[0m[2m=[0m317
[2m2026-09-15T07:01:44.800804Z[0m [32m INFO[0m [2mmidnight_bench[0m[2m:[0m [3mstage[0m[2m=[0m"trace.compute_instances.start" [3mrss_mb[0m[2m=[0m218 [3mhwm_mb[0m[2m=[0m317
[2m2026-09-15T07:01:44.807132Z[0m [32m INFO[0m [2mmidnight_bench[0m[2m:[0m [3mstage[0m[2m=[0m"trace.compute_instances.end" [3mrss_mb[0m[2m=[0m218 [3mhwm_mb[0m[2m=[0m317
[2m2026-09-15T07:01:44.807157Z[0m [32m INFO[0m [2mmidnight_bench[0m[2m:[0m [3mstage[0m[2m=[0m"trace.parse_advices.start" [3mrss_mb[0m[2m=[0m218 [3mhwm_mb[0m[2m=[0m317
[2m2026-09-15T07:01:44.813063Z[0m [32m INFO[0m [2mmidnight_bench[0m[2m:[0m [3mstage[0m[2m=[0m"trace.parse_advices.end" [3mrss_mb[0m[2m=[0m223 [3mhwm_mb[0m[2m=[0m317
[2m2026-09-15T07:01:44.813088Z[0m [32m INFO[0m [2mmidnight_bench[0m[2m:[0m [3mstage[0m[2m=[0m"trace.lookups_permuted.start" [3mrss_mb[0m[2m=[0m223 [3mhwm_mb[0m[2m=[0m317
[2m2026-09-15T07:01:44.858187Z[0m [32m INFO[0m [2mmidnight_bench[0m[2m:[0m [3mstage[0m[2m=[0m"trace.lookups_permuted.end" [3mrss_mb[0m[2m=[0m229 [3mhwm_mb[0m[2m=[0m317
[2m2026-09-15T07:01:44.858215Z[0m [32m INFO[0m [2mmidnight_bench[0m[2m:[0m [3mstage[0m[2m=[0m"trace.permutations_commit.start" [3mrss_mb[0m[2m=[0m229 [3mhwm_mb[0m[2m=[0m317
[2m2026-09-15T07:01:44.930381Z[0m [32m INFO[0m [2mmidnight_bench[0m[2m:[0m [3mstage[0m[2m=[0m"trace.permutations_commit.end" [3mrss_mb[0m[2m=[0m236 [3mhwm_mb[0m[2m=[0m317
[2m2026-09-15T07:01:44.930407Z[0m [32m INFO[0m [2mmidnight_bench[0m[2m:[0m [3mstage[0m[2m=[0m"trace.lookups_product.start" [3mrss_mb[0m[2m=[0m236 [3mhwm_mb[0m[2m=[0m317
[2m2026-09-15T07:01:44.982800Z[0m [32m INFO[0m [2mmidnight_bench[0m[2m:[0m [3mstage[0m[2m=[0m"trace.lookups_product.end" [3mrss_mb[0m[2m=[0m236 [3mhwm_mb[0m[2m=[0m317
[2m2026-09-15T07:01:45.006829Z[0m [32m INFO[0m [2mmidnight_bench[0m[2m:[0m [3mstage[0m[2m=[0m"create_proof.compute_trace.end" [3mrss_mb[0m[2m=[0m236 [3mhwm_mb[0m[2m=[0m317
[2m2026-09-15T07:01:45.006872Z[0m [32m INFO[0m [2mmidnight_bench[0m[2m:[0m [3mstage[0m[2m=[0m"create_proof.finalise_proof.start" [3mrss_mb[0m[2m=[0m236 [3mhwm_mb[0m[2m=[0m317
[2m2026-09-15T07:01:45.006881Z[0m [32m INFO[0m [2mmidnight_bench[0m[2m:[0m [3mstage[0m[2m=[0m"finalise.compute_h_poly.start" [3mrss_mb[0m[2m=[0m236 [3mhwm_mb[0m[2m=[0m317
[2m2026-09-15T07:01:45.006889Z[0m [32m INFO[0m [2mmidnight_bench[0m[2m:[0m [3mstage[0m[2m=[0m"finalise.compute_h_poly.spill_advice_cosets.start" [3mrss_mb[0m[2m=[0m236 [3mhwm_mb[0m[2m=[0m317
[2m2026-09-15T07:01:45.040809Z[0m [32m INFO[0m [2mmidnight_bench[0m[2m:[0m [3mstage[0m[2m=[0m"finalise.compute_h_poly.spill_advice_cosets.end" [3mrss_mb[0m[2m=[0m246 [3mhwm_mb[0m[2m=[0m317
[2m2026-09-15T07:01:45.040835Z[0m [32m INFO[0m [2mmidnight_bench[0m[2m:[0m [3mstage[0m[2m=[0m"finalise.compute_h_poly.spill_instance_cosets.start" [3mrss_mb[0m[2m=[0m246 [3mhwm_mb[0m[2m=[0m317
[2m2026-09-15T07:01:45.055651Z[0m [32m INFO[0m [2mmidnight_bench[0m[2m:[0m [3mstage[0m[2m=[0m"finalise.compute_h_poly.spill_instance_cosets.end" [3mrss_mb[0m[2m=[0m250 [3mhwm_mb[0m[2m=[0m317
[2m2026-09-15T07:01:45.055672Z[0m [32m INFO[0m [2mmidnight_bench[0m[2m:[0m [3mstage[0m[2m=[0m"finalise.compute_h_poly.spill_fixed_cosets.start" [3mrss_mb[0m[2m=[0m250 [3mhwm_mb[0m[2m=[0m317
[2m2026-09-15T07:01:45.157897Z[0m [32m INFO[0m [2mmidnight_bench[0m[2m:[0m [3mstage[0m[2m=[0m"finalise.compute_h_poly.spill_fixed_cosets.end" [3mrss_mb[0m[2m=[0m284 [3mhwm_mb[0m[2m=[0m317
[2m2026-09-15T07:01:45.157930Z[0m [32m INFO[0m [2mmidnight_bench[0m[2m:[0m [3mstage[0m[2m=[0m"finalise.compute_h_poly.spill_perm_cosets.start" [3mrss_mb[0m[2m=[0m284 [3mhwm_mb[0m[2m=[0m317
[2m2026-09-15T07:01:45.212980Z[0m [32m INFO[0m [2mmidnight_bench[0m[2m:[0m [3mstage[0m[2m=[0m"finalise.compute_h_poly.spill_perm_cosets.end" [3mrss_mb[0m[2m=[0m300 [3mhwm_mb[0m[2m=[0m317
[2m2026-09-15T07:01:45.347902Z[0m [32m INFO[0m [2mmidnight_bench[0m[2m:[0m [3mstage[0m[2m=[0m"finalise.compute_h_poly.drop_cosets.end" [3mrss_mb[0m[2m=[0m301 [3mhwm_mb[0m[2m=[0m317
[2m2026-09-15T07:01:45.351847Z[0m [32m INFO[0m [2mmidnight_bench[0m[2m:[0m [3mstage[0m[2m=[0m"finalise.compute_h_poly.end" [3mrss_mb[0m[2m=[0m237 [3mhwm_mb[0m[2m=[0m317
[2m2026-09-15T07:01:45.351870Z[0m [32m INFO[0m [2mmidnight_bench[0m[2m:[0m [3mstage[0m[2m=[0m"finalise.vanishing_construct.start" [3mrss_mb[0m[2m=[0m237 [3mhwm_mb[0m[2m=[0m317
[2m2026-09-15T07:01:45.444125Z[0m [32m INFO[0m [2mmidnight_bench[0m[2m:[0m [3mstage[0m[2m=[0m"finalise.vanishing_construct.end" [3mrss_mb[0m[2m=[0m237 [3mhwm_mb[0m[2m=[0m317
[2m2026-09-15T07:01:45.473438Z[0m [32m INFO[0m [2mmidnight_bench[0m[2m:[0m [3mstage[0m[2m=[0m"finalise.compute_queries.start" [3mrss_mb[0m[2m=[0m237 [3mhwm_mb[0m[2m=[0m317
[2m2026-09-15T07:01:45.473531Z[0m [32m INFO[0m [2mmidnight_bench[0m[2m:[0m [3mstage[0m[2m=[0m"finalise.multi_open.start" [3mrss_mb[0m[2m=[0m237 [3mhwm_mb[0m[2m=[0m317
[2m2026-09-15T07:01:45.567265Z[0m [32m INFO[0m [2mmidnight_bench[0m[2m:[0m [3mstage[0m[2m=[0m"finalise.multi_open.end" [3mrss_mb[0m[2m=[0m237 [3mhwm_mb[0m[2m=[0m317
[2m2026-09-15T07:01:45.568278Z[0m [32m INFO[0m [2mmidnight_bench[0m[2m:[0m [3mstage[0m[2m=[0m"create_proof.finalise_proof.end" [3mrss_mb[0m[2m=[0m214 [3mhwm_mb[0m[2m=[0m317
[2m2026-09-15T07:01:45.584820Z[0m [32m INFO[0m [2mactix_web::middleware::logger[0m[2m:[0m 192.168.65.1 POST /prove HTTP/1.1; took 0.858747s
[2m2026-09-15T07:01:45.586218Z[0m [32m INFO[0m [2mmidnight_proof_server::endpoints[0m[2m:[0m Starting to process request for /prove...
[2m2026-09-15T07:01:45.661747Z[0m [32m INFO[0m [2mmidnight_bench[0m[2m:[0m [3mstage[0m[2m=[0m"create_proof.compute_trace.start" [3mrss_mb[0m[2m=[0m218 [3mhwm_mb[0m[2m=[0m317
[2m2026-09-15T07:01:45.661781Z[0m [32m INFO[0m [2mmidnight_bench[0m[2m:[0m [3mstage[0m[2m=[0m"trace.compute_instances.start" [3mrss_mb[0m[2m=[0m218 [3mhwm_mb[0m[2m=[0m317
[2m2026-09-15T07:01:45.667355Z[0m [32m INFO[0m [2mmidnight_bench[0m[2m:[0m [3mstage[0m[2m=[0m"trace.compute_instances.end" [3mrss_mb[0m[2m=[0m218 [3mhwm_mb[0m[2m=[0m317
[2m2026-09-15T07:01:45.667374Z[0m [32m INFO[0m [2mmidnight_bench[0m[2m:[0m [3mstage[0m[2m=[0m"trace.parse_advices.start" [3mrss_mb[0m[2m=[0m218 [3mhwm_mb[0m[2m=[0m317
[2m2026-09-15T07:01:45.673376Z[0m [32m INFO[0m [2mmidnight_bench[0m[2m:[0m [3mstage[0m[2m=[0m"trace.parse_advices.end" [3mrss_mb[0m[2m=[0m223 [3mhwm_mb[0m[2m=[0m317
[2m2026-09-15T07:01:45.673397Z[0m [32m INFO[0m [2mmidnight_bench[0m[2m:[0m [3mstage[0m[2m=[0m"trace.lookups_permuted.start" [3mrss_mb[0m[2m=[0m223 [3mhwm_mb[0m[2m=[0m317
[2m2026-09-15T07:01:45.721437Z[0m [32m INFO[0m [2mmidnight_bench[0m[2m:[0m [3mstage[0m[2m=[0m"trace.lookups_permuted.end" [3mrss_mb[0m[2m=[0m229 [3mhwm_mb[0m[2m=[0m317
[2m2026-09-15T07:01:45.721473Z[0m [32m INFO[0m [2mmidnight_bench[0m[2m:[0m [3mstage[0m[2m=[0m"trace.permutations_commit.start" [3mrss_mb[0m[2m=[0m229 [3mhwm_mb[0m[2m=[0m317
[2m2026-09-15T07:01:45.788960Z[0m [32m INFO[0m [2mmidnight_bench[0m[2m:[0m [3mstage[0m[2m=[0m"trace.permutations_commit.end" [3mrss_mb[0m[2m=[0m236 [3mhwm_mb[0m[2m=[0m317
[2m2026-09-15T07:01:45.788983Z[0m [32m INFO[0m [2mmidnight_bench[0m[2m:[0m [3mstage[0m[2m=[0m"trace.lookups_product.start" [3mrss_mb[0m[2m=[0m236 [3mhwm_mb[0m[2m=[0m317
[2m2026-09-15T07:01:45.839315Z[0m [32m INFO[0m [2mmidnight_bench[0m[2m:[0m [3mstage[0m[2m=[0m"trace.lookups_product.end" [3mrss_mb[0m[2m=[0m236 [3mhwm_mb[0m[2m=[0m317
[2m2026-09-15T07:01:45.862746Z[0m [32m INFO[0m [2mmidnight_bench[0m[2m:[0m [3mstage[0m[2m=[0m"create_proof.compute_trace.end" [3mrss_mb[0m[2m=[0m236 [3mhwm_mb[0m[2m=[0m317
[2m2026-09-15T07:01:45.862769Z[0m [32m INFO[0m [2mmidnight_bench[0m[2m:[0m [3mstage[0m[2m=[0m"create_proof.finalise_proof.start" [3mrss_mb[0m[2m=[0m236 [3mhwm_mb[0m[2m=[0m317
[2m2026-09-15T07:01:45.862778Z[0m [32m INFO[0m [2mmidnight_bench[0m[2m:[0m [3mstage[0m[2m=[0m"finalise.compute_h_poly.start" [3mrss_mb[0m[2m=[0m236 [3mhwm_mb[0m[2m=[0m317
[2m2026-09-15T07:01:45.862785Z[0m [32m INFO[0m [2mmidnight_bench[0m[2m:[0m [3mstage[0m[2m=[0m"finalise.compute_h_poly.spill_advice_cosets.start" [3mrss_mb[0m[2m=[0m236 [3mhwm_mb[0m[2m=[0m317
[2m2026-09-15T07:01:45.896758Z[0m [32m INFO[0m [2mmidnight_bench[0m[2m:[0m [3mstage[0m[2m=[0m"finalise.compute_h_poly.spill_advice_cosets.end" [3mrss_mb[0m[2m=[0m246 [3mhwm_mb[0m[2m=[0m317
[2m2026-09-15T07:01:45.896786Z[0m [32m INFO[0m [2mmidnight_bench[0m[2m:[0m [3mstage[0m[2m=[0m"finalise.compute_h_poly.spill_instance_cosets.start" [3mrss_mb[0m[2m=[0m246 [3mhwm_mb[0m[2m=[0m317
[2m2026-09-15T07:01:45.910323Z[0m [32m INFO[0m [2mmidnight_bench[0m[2m:[0m [3mstage[0m[2m=[0m"finalise.compute_h_poly.spill_instance_cosets.end" [3mrss_mb[0m[2m=[0m250 [3mhwm_mb[0m[2m=[0m317
[2m2026-09-15T07:01:45.910345Z[0m [32m INFO[0m [2mmidnight_bench[0m[2m:[0m [3mstage[0m[2m=[0m"finalise.compute_h_poly.spill_fixed_cosets.start" [3mrss_mb[0m[2m=[0m250 [3mhwm_mb[0m[2m=[0m317
[2m2026-09-15T07:01:46.020602Z[0m [32m INFO[0m [2mmidnight_bench[0m[2m:[0m [3mstage[0m[2m=[0m"finalise.compute_h_poly.spill_fixed_cosets.end" [3mrss_mb[0m[2m=[0m284 [3mhwm_mb[0m[2m=[0m317
[2m2026-09-15T07:01:46.020629Z[0m [32m INFO[0m [2mmidnight_bench[0m[2m:[0m [3mstage[0m[2m=[0m"finalise.compute_h_poly.spill_perm_cosets.start" [3mrss_mb[0m[2m=[0m284 [3mhwm_mb[0m[2m=[0m317
[2m2026-09-15T07:01:46.074030Z[0m [32m INFO[0m [2mmidnight_bench[0m[2m:[0m [3mstage[0m[2m=[0m"finalise.compute_h_poly.spill_perm_cosets.end" [3mrss_mb[0m[2m=[0m300 [3mhwm_mb[0m[2m=[0m317
[2m2026-09-15T07:01:46.216543Z[0m [32m INFO[0m [2mmidnight_bench[0m[2m:[0m [3mstage[0m[2m=[0m"finalise.compute_h_poly.drop_cosets.end" [3mrss_mb[0m[2m=[0m301 [3mhwm_mb[0m[2m=[0m317
[2m2026-09-15T07:01:46.220360Z[0m [32m INFO[0m [2mmidnight_bench[0m[2m:[0m [3mstage[0m[2m=[0m"finalise.compute_h_poly.end" [3mrss_mb[0m[2m=[0m237 [3mhwm_mb[0m[2m=[0m317
[2m2026-09-15T07:01:46.220383Z[0m [32m INFO[0m [2mmidnight_bench[0m[2m:[0m [3mstage[0m[2m=[0m"finalise.vanishing_construct.start" [3mrss_mb[0m[2m=[0m237 [3mhwm_mb[0m[2m=[0m317
[2m2026-09-15T07:01:46.326748Z[0m [32m INFO[0m [2mmidnight_bench[0m[2m:[0m [3mstage[0m[2m=[0m"finalise.vanishing_construct.end" [3mrss_mb[0m[2m=[0m237 [3mhwm_mb[0m[2m=[0m317
[2m2026-09-15T07:01:46.359523Z[0m [32m INFO[0m [2mmidnight_bench[0m[2m:[0m [3mstage[0m[2m=[0m"finalise.compute_queries.start" [3mrss_mb[0m[2m=[0m237 [3mhwm_mb[0m[2m=[0m317
[2m2026-09-15T07:01:46.359676Z[0m [32m INFO[0m [2mmidnight_bench[0m[2m:[0m [3mstage[0m[2m=[0m"finalise.multi_open.start" [3mrss_mb[0m[2m=[0m237 [3mhwm_mb[0m[2m=[0m317
[2m2026-09-15T07:01:46.499929Z[0m [32m INFO[0m [2mmidnight_bench[0m[2m:[0m [3mstage[0m[2m=[0m"finalise.multi_open.end" [3mrss_mb[0m[2m=[0m237 [3mhwm_mb[0m[2m=[0m317
[2m2026-09-15T07:01:46.500980Z[0m [32m INFO[0m [2mmidnight_bench[0m[2m:[0m [3mstage[0m[2m=[0m"create_proof.finalise_proof.end" [3mrss_mb[0m[2m=[0m214 [3mhwm_mb[0m[2m=[0m317
[2m2026-09-15T07:01:46.528190Z[0m [32m INFO[0m [2mactix_web::middleware::logger[0m[2m:[0m 192.168.65.1 POST /prove HTTP/1.1; took 0.942009s
[2m2026-09-15T07:01:46.555182Z[0m [32m INFO[0m [2mmidnight_proof_server::endpoints[0m[2m:[0m Starting to process request for /prove...
[2m2026-09-15T07:01:46.640986Z[0m [32m INFO[0m [2mmidnight_bench[0m[2m:[0m [3mstage[0m[2m=[0m"create_proof.compute_trace.start" [3mrss_mb[0m[2m=[0m219 [3mhwm_mb[0m[2m=[0m317
[2m2026-09-15T07:01:46.641030Z[0m [32m INFO[0m [2mmidnight_bench[0m[2m:[0m [3mstage[0m[2m=[0m"trace.compute_instances.start" [3mrss_mb[0m[2m=[0m219 [3mhwm_mb[0m[2m=[0m317
[2m2026-09-15T07:01:46.647445Z[0m [32m INFO[0m [2mmidnight_bench[0m[2m:[0m [3mstage[0m[2m=[0m"trace.compute_instances.end" [3mrss_mb[0m[2m=[0m219 [3mhwm_mb[0m[2m=[0m317
[2m2026-09-15T07:01:46.647470Z[0m [32m INFO[0m [2mmidnight_bench[0m[2m:[0m [3mstage[0m[2m=[0m"trace.parse_advices.start" [3mrss_mb[0m[2m=[0m219 [3mhwm_mb[0m[2m=[0m317
[2m2026-09-15T07:01:46.655966Z[0m [32m INFO[0m [2mmidnight_bench[0m[2m:[0m [3mstage[0m[2m=[0m"trace.parse_advices.end" [3mrss_mb[0m[2m=[0m223 [3mhwm_mb[0m[2m=[0m317
[2m2026-09-15T07:01:46.655991Z[0m [32m INFO[0m [2mmidnight_bench[0m[2m:[0m [3mstage[0m[2m=[0m"trace.lookups_permuted.start" [3mrss_mb[0m[2m=[0m223 [3mhwm_mb[0m[2m=[0m317
[2m2026-09-15T07:01:46.704118Z[0m [32m INFO[0m [2mmidnight_bench[0m[2m:[0m [3mstage[0m[2m=[0m"trace.lookups_permuted.end" [3mrss_mb[0m[2m=[0m229 [3mhwm_mb[0m[2m=[0m317
[2m2026-09-15T07:01:46.704169Z[0m [32m INFO[0m [2mmidnight_bench[0m[2m:[0m [3mstage[0m[2m=[0m"trace.permutations_commit.start" [3mrss_mb[0m[2m=[0m229 [3mhwm_mb[0m[2m=[0m317
[2m2026-09-15T07:01:46.775461Z[0m [32m INFO[0m [2mmidnight_bench[0m[2m:[0m [3mstage[0m[2m=[0m"trace.permutations_commit.end" [3mrss_mb[0m[2m=[0m236 [3mhwm_mb[0m[2m=[0m317
[2m2026-09-15T07:01:46.775496Z[0m [32m INFO[0m [2mmidnight_bench[0m[2m:[0m [3mstage[0m[2m=[0m"trace.lookups_product.start" [3mrss_mb[0m[2m=[0m236 [3mhwm_mb[0m[2m=[0m317
[2m2026-09-15T07:01:46.827821Z[0m [32m INFO[0m [2mmidnight_bench[0m[2m:[0m [3mstage[0m[2m=[0m"trace.lookups_product.end" [3mrss_mb[0m[2m=[0m236 [3mhwm_mb[0m[2m=[0m317
[2m2026-09-15T07:01:46.853850Z[0m [32m INFO[0m [2mmidnight_bench[0m[2m:[0m [3mstage[0m[2m=[0m"create_proof.compute_trace.end" [3mrss_mb[0m[2m=[0m237 [3mhwm_mb[0m[2m=[0m317
[2m2026-09-15T07:01:46.853875Z[0m [32m INFO[0m [2mmidnight_bench[0m[2m:[0m [3mstage[0m[2m=[0m"create_proof.finalise_proof.start" [3mrss_mb[0m[2m=[0m237 [3mhwm_mb[0m[2m=[0m317
[2m2026-09-15T07:01:46.853883Z[0m [32m INFO[0m [2mmidnight_bench[0m[2m:[0m [3mstage[0m[2m=[0m"finalise.compute_h_poly.start" [3mrss_mb[0m[2m=[0m237 [3mhwm_mb[0m[2m=[0m317
[2m2026-09-15T07:01:46.853892Z[0m [32m INFO[0m [2mmidnight_bench[0m[2m:[0m [3mstage[0m[2m=[0m"finalise.compute_h_poly.spill_advice_cosets.start" [3mrss_mb[0m[2m=[0m237 [3mhwm_mb[0m[2m=[0m317
[2m2026-09-15T07:01:46.886101Z[0m [32m INFO[0m [2mmidnight_bench[0m[2m:[0m [3mstage[0m[2m=[0m"finalise.compute_h_poly.spill_advice_cosets.end" [3mrss_mb[0m[2m=[0m247 [3mhwm_mb[0m[2m=[0m317
[2m2026-09-15T07:01:46.886130Z[0m [32m INFO[0m [2mmidnight_bench[0m[2m:[0m [3mstage[0m[2m=[0m"finalise.compute_h_poly.spill_instance_cosets.start" [3mrss_mb[0m[2m=[0m247 [3mhwm_mb[0m[2m=[0m317
[2m2026-09-15T07:01:46.900226Z[0m [32m INFO[0m [2mmidnight_bench[0m[2m:[0m [3mstage[0m[2m=[0m"finalise.compute_h_poly.spill_instance_cosets.end" [3mrss_mb[0m[2m=[0m251 [3mhwm_mb[0m[2m=[0m317
[2m2026-09-15T07:01:46.900249Z[0m [32m INFO[0m [2mmidnight_bench[0m[2m:[0m [3mstage[0m[2m=[0m"finalise.compute_h_poly.spill_fixed_cosets.start" [3mrss_mb[0m[2m=[0m251 [3mhwm_mb[0m[2m=[0m317
[2m2026-09-15T07:01:47.001082Z[0m [32m INFO[0m [2mmidnight_bench[0m[2m:[0m [3mstage[0m[2m=[0m"finalise.compute_h_poly.spill_fixed_cosets.end" [3mrss_mb[0m[2m=[0m285 [3mhwm_mb[0m[2m=[0m317
[2m2026-09-15T07:01:47.001109Z[0m [32m INFO[0m [2mmidnight_bench[0m[2m:[0m [3mstage[0m[2m=[0m"finalise.compute_h_poly.spill_perm_cosets.start" [3mrss_mb[0m[2m=[0m285 [3mhwm_mb[0m[2m=[0m317
[2m2026-09-15T07:01:47.053604Z[0m [32m INFO[0m [2mmidnight_bench[0m[2m:[0m [3mstage[0m[2m=[0m"finalise.compute_h_poly.spill_perm_cosets.end" [3mrss_mb[0m[2m=[0m301 [3mhwm_mb[0m[2m=[0m317
[2m2026-09-15T07:01:47.188735Z[0m [32m INFO[0m [2mmidnight_bench[0m[2m:[0m [3mstage[0m[2m=[0m"finalise.compute_h_poly.drop_cosets.end" [3mrss_mb[0m[2m=[0m301 [3mhwm_mb[0m[2m=[0m317
[2m2026-09-15T07:01:47.192110Z[0m [32m INFO[0m [2mmidnight_bench[0m[2m:[0m [3mstage[0m[2m=[0m"finalise.compute_h_poly.end" [3mrss_mb[0m[2m=[0m237 [3mhwm_mb[0m[2m=[0m317
[2m2026-09-15T07:01:47.192126Z[0m [32m INFO[0m [2mmidnight_bench[0m[2m:[0m [3mstage[0m[2m=[0m"finalise.vanishing_construct.start" [3mrss_mb[0m[2m=[0m237 [3mhwm_mb[0m[2m=[0m317
[2m2026-09-15T07:01:47.281403Z[0m [32m INFO[0m [2mmidnight_bench[0m[2m:[0m [3mstage[0m[2m=[0m"finalise.vanishing_construct.end" [3mrss_mb[0m[2m=[0m237 [3mhwm_mb[0m[2m=[0m317
[2m2026-09-15T07:01:47.308564Z[0m [32m INFO[0m [2mmidnight_bench[0m[2m:[0m [3mstage[0m[2m=[0m"finalise.compute_queries.start" [3mrss_mb[0m[2m=[0m237 [3mhwm_mb[0m[2m=[0m317
[2m2026-09-15T07:01:47.308664Z[0m [32m INFO[0m [2mmidnight_bench[0m[2m:[0m [3mstage[0m[2m=[0m"finalise.multi_open.start" [3mrss_mb[0m[2m=[0m237 [3mhwm_mb[0m[2m=[0m317
[2m2026-09-15T07:01:47.404062Z[0m [32m INFO[0m [2mmidnight_bench[0m[2m:[0m [3mstage[0m[2m=[0m"finalise.multi_open.end" [3mrss_mb[0m[2m=[0m237 [3mhwm_mb[0m[2m=[0m317
[2m2026-09-15T07:01:47.405192Z[0m [32m INFO[0m [2mmidnight_bench[0m[2m:[0m [3mstage[0m[2m=[0m"create_proof.finalise_proof.end" [3mrss_mb[0m[2m=[0m215 [3mhwm_mb[0m[2m=[0m317
[2m2026-09-15T07:01:47.421533Z[0m [32m INFO[0m [2mactix_web::middleware::logger[0m[2m:[0m 192.168.65.1 POST /prove HTTP/1.1; took 0.866376s
[2m2026-09-15T07:01:47.423274Z[0m [32m INFO[0m [2mmidnight_proof_server::endpoints[0m[2m:[0m Starting to process request for /prove...
[2m2026-09-15T07:01:47.497278Z[0m [32m INFO[0m [2mmidnight_bench[0m[2m:[0m [3mstage[0m[2m=[0m"create_proof.compute_trace.start" [3mrss_mb[0m[2m=[0m219 [3mhwm_mb[0m[2m=[0m317
[2m2026-09-15T07:01:47.497306Z[0m [32m INFO[0m [2mmidnight_bench[0m[2m:[0m [3mstage[0m[2m=[0m"trace.compute_instances.start" [3mrss_mb[0m[2m=[0m219 [3mhwm_mb[0m[2m=[0m317
[2m2026-09-15T07:01:47.501530Z[0m [32m INFO[0m [2mmidnight_bench[0m[2m:[0m [3mstage[0m[2m=[0m"trace.compute_instances.end" [3mrss_mb[0m[2m=[0m219 [3mhwm_mb[0m[2m=[0m317
[2m2026-09-15T07:01:47.501548Z[0m [32m INFO[0m [2mmidnight_bench[0m[2m:[0m [3mstage[0m[2m=[0m"trace.parse_advices.start" [3mrss_mb[0m[2m=[0m219 [3mhwm_mb[0m[2m=[0m317
[2m2026-09-15T07:01:47.507681Z[0m [32m INFO[0m [2mmidnight_bench[0m[2m:[0m [3mstage[0m[2m=[0m"trace.parse_advices.end" [3mrss_mb[0m[2m=[0m223 [3mhwm_mb[0m[2m=[0m317
[2m2026-09-15T07:01:47.507705Z[0m [32m INFO[0m [2mmidnight_bench[0m[2m:[0m [3mstage[0m[2m=[0m"trace.lookups_permuted.start" [3mrss_mb[0m[2m=[0m223 [3mhwm_mb[0m[2m=[0m317
[2m2026-09-15T07:01:47.554003Z[0m [32m INFO[0m [2mmidnight_bench[0m[2m:[0m [3mstage[0m[2m=[0m"trace.lookups_permuted.end" [3mrss_mb[0m[2m=[0m229 [3mhwm_mb[0m[2m=[0m317
[2m2026-09-15T07:01:47.554043Z[0m [32m INFO[0m [2mmidnight_bench[0m[2m:[0m [3mstage[0m[2m=[0m"trace.permutations_commit.start" [3mrss_mb[0m[2m=[0m229 [3mhwm_mb[0m[2m=[0m317
[2m2026-09-15T07:01:47.627988Z[0m [32m INFO[0m [2mmidnight_bench[0m[2m:[0m [3mstage[0m[2m=[0m"trace.permutations_commit.end" [3mrss_mb[0m[2m=[0m236 [3mhwm_mb[0m[2m=[0m317
[2m2026-09-15T07:01:47.628010Z[0m [32m INFO[0m [2mmidnight_bench[0m[2m:[0m [3mstage[0m[2m=[0m"trace.lookups_product.start" [3mrss_mb[0m[2m=[0m236 [3mhwm_mb[0m[2m=[0m317
[2m2026-09-15T07:01:47.679419Z[0m [32m INFO[0m [2mmidnight_bench[0m[2m:[0m [3mstage[0m[2m=[0m"trace.lookups_product.end" [3mrss_mb[0m[2m=[0m236 [3mhwm_mb[0m[2m=[0m317
[2m2026-09-15T07:01:47.703878Z[0m [32m INFO[0m [2mmidnight_bench[0m[2m:[0m [3mstage[0m[2m=[0m"create_proof.compute_trace.end" [3mrss_mb[0m[2m=[0m237 [3mhwm_mb[0m[2m=[0m317
[2m2026-09-15T07:01:47.703908Z[0m [32m INFO[0m [2mmidnight_bench[0m[2m:[0m [3mstage[0m[2m=[0m"create_proof.finalise_proof.start" [3mrss_mb[0m[2m=[0m237 [3mhwm_mb[0m[2m=[0m317
[2m2026-09-15T07:01:47.703917Z[0m [32m INFO[0m [2mmidnight_bench[0m[2m:[0m [3mstage[0m[2m=[0m"finalise.compute_h_poly.start" [3mrss_mb[0m[2m=[0m237 [3mhwm_mb[0m[2m=[0m317
[2m2026-09-15T07:01:47.703924Z[0m [32m INFO[0m [2mmidnight_bench[0m[2m:[0m [3mstage[0m[2m=[0m"finalise.compute_h_poly.spill_advice_cosets.start" [3mrss_mb[0m[2m=[0m237 [3mhwm_mb[0m[2m=[0m317
[2m2026-09-15T07:01:47.732994Z[0m [32m INFO[0m [2mmidnight_bench[0m[2m:[0m [3mstage[0m[2m=[0m"finalise.compute_h_poly.spill_advice_cosets.end" [3mrss_mb[0m[2m=[0m247 [3mhwm_mb[0m[2m=[0m317
[2m2026-09-15T07:01:47.733033Z[0m [32m INFO[0m [2mmidnight_bench[0m[2m:[0m [3mstage[0m[2m=[0m"finalise.compute_h_poly.spill_instance_cosets.start" [3mrss_mb[0m[2m=[0m247 [3mhwm_mb[0m[2m=[0m317
[2m2026-09-15T07:01:47.747581Z[0m [32m INFO[0m [2mmidnight_bench[0m[2m:[0m [3mstage[0m[2m=[0m"finalise.compute_h_poly.spill_instance_cosets.end" [3mrss_mb[0m[2m=[0m251 [3mhwm_mb[0m[2m=[0m317
[2m2026-09-15T07:01:47.747601Z[0m [32m INFO[0m [2mmidnight_bench[0m[2m:[0m [3mstage[0m[2m=[0m"finalise.compute_h_poly.spill_fixed_cosets.start" [3mrss_mb[0m[2m=[0m251 [3mhwm_mb[0m[2m=[0m317
[2m2026-09-15T07:01:47.846855Z[0m [32m INFO[0m [2mmidnight_bench[0m[2m:[0m [3mstage[0m[2m=[0m"finalise.compute_h_poly.spill_fixed_cosets.end" [3mrss_mb[0m[2m=[0m285 [3mhwm_mb[0m[2m=[0m317
[2m2026-09-15T07:01:47.846902Z[0m [32m INFO[0m [2mmidnight_bench[0m[2m:[0m [3mstage[0m[2m=[0m"finalise.compute_h_poly.spill_perm_cosets.start" [3mrss_mb[0m[2m=[0m285 [3mhwm_mb[0m[2m=[0m317
[2m2026-09-15T07:01:47.901134Z[0m [32m INFO[0m [2mmidnight_bench[0m[2m:[0m [3mstage[0m[2m=[0m"finalise.compute_h_poly.spill_perm_cosets.end" [3mrss_mb[0m[2m=[0m301 [3mhwm_mb[0m[2m=[0m317
[2m2026-09-15T07:01:48.034762Z[0m [32m INFO[0m [2mmidnight_bench[0m[2m:[0m [3mstage[0m[2m=[0m"finalise.compute_h_poly.drop_cosets.end" [3mrss_mb[0m[2m=[0m301 [3mhwm_mb[0m[2m=[0m317
[2m2026-09-15T07:01:48.038084Z[0m [32m INFO[0m [2mmidnight_bench[0m[2m:[0m [3mstage[0m[2m=[0m"finalise.compute_h_poly.end" [3mrss_mb[0m[2m=[0m237 [3mhwm_mb[0m[2m=[0m317
[2m2026-09-15T07:01:48.038100Z[0m [32m INFO[0m [2mmidnight_bench[0m[2m:[0m [3mstage[0m[2m=[0m"finalise.vanishing_construct.start" [3mrss_mb[0m[2m=[0m237 [3mhwm_mb[0m[2m=[0m317
[2m2026-09-15T07:01:48.138890Z[0m [32m INFO[0m [2mmidnight_bench[0m[2m:[0m [3mstage[0m[2m=[0m"finalise.vanishing_construct.end" [3mrss_mb[0m[2m=[0m237 [3mhwm_mb[0m[2m=[0m317
[2m2026-09-15T07:01:48.169835Z[0m [32m INFO[0m [2mmidnight_bench[0m[2m:[0m [3mstage[0m[2m=[0m"finalise.compute_queries.start" [3mrss_mb[0m[2m=[0m237 [3mhwm_mb[0m[2m=[0m317
[2m2026-09-15T07:01:48.169926Z[0m [32m INFO[0m [2mmidnight_bench[0m[2m:[0m [3mstage[0m[2m=[0m"finalise.multi_open.start" [3mrss_mb[0m[2m=[0m237 [3mhwm_mb[0m[2m=[0m317
[2m2026-09-15T07:01:48.267283Z[0m [32m INFO[0m [2mmidnight_bench[0m[2m:[0m [3mstage[0m[2m=[0m"finalise.multi_open.end" [3mrss_mb[0m[2m=[0m237 [3mhwm_mb[0m[2m=[0m317
[2m2026-09-15T07:01:48.268308Z[0m [32m INFO[0m [2mmidnight_bench[0m[2m:[0m [3mstage[0m[2m=[0m"create_proof.finalise_proof.end" [3mrss_mb[0m[2m=[0m215 [3mhwm_mb[0m[2m=[0m317
[2m2026-09-15T07:01:48.283924Z[0m [32m INFO[0m [2mactix_web::middleware::logger[0m[2m:[0m 192.168.65.1 POST /prove HTTP/1.1; took 0.860668s
[2m2026-09-15T07:01:48.285729Z[0m [32m INFO[0m [2mmidnight_proof_server::endpoints[0m[2m:[0m Starting to process request for /prove...
[2m2026-09-15T07:01:48.356508Z[0m [32m INFO[0m [2mmidnight_bench[0m[2m:[0m [3mstage[0m[2m=[0m"create_proof.compute_trace.start" [3mrss_mb[0m[2m=[0m220 [3mhwm_mb[0m[2m=[0m317
[2m2026-09-15T07:01:48.356539Z[0m [32m INFO[0m [2mmidnight_bench[0m[2m:[0m [3mstage[0m[2m=[0m"trace.compute_instances.start" [3mrss_mb[0m[2m=[0m220 [3mhwm_mb[0m[2m=[0m317
[2m2026-09-15T07:01:48.361902Z[0m [32m INFO[0m [2mmidnight_bench[0m[2m:[0m [3mstage[0m[2m=[0m"trace.compute_instances.end" [3mrss_mb[0m[2m=[0m220 [3mhwm_mb[0m[2m=[0m317
[2m2026-09-15T07:01:48.361930Z[0m [32m INFO[0m [2mmidnight_bench[0m[2m:[0m [3mstage[0m[2m=[0m"trace.parse_advices.start" [3mrss_mb[0m[2m=[0m220 [3mhwm_mb[0m[2m=[0m317
[2m2026-09-15T07:01:48.367900Z[0m [32m INFO[0m [2mmidnight_bench[0m[2m:[0m [3mstage[0m[2m=[0m"trace.parse_advices.end" [3mrss_mb[0m[2m=[0m225 [3mhwm_mb[0m[2m=[0m317
[2m2026-09-15T07:01:48.367920Z[0m [32m INFO[0m [2mmidnight_bench[0m[2m:[0m [3mstage[0m[2m=[0m"trace.lookups_permuted.start" [3mrss_mb[0m[2m=[0m225 [3mhwm_mb[0m[2m=[0m317
[2m2026-09-15T07:01:48.415951Z[0m [32m INFO[0m [2mmidnight_bench[0m[2m:[0m [3mstage[0m[2m=[0m"trace.lookups_permuted.end" [3mrss_mb[0m[2m=[0m230 [3mhwm_mb[0m[2m=[0m317
[2m2026-09-15T07:01:48.415981Z[0m [32m INFO[0m [2mmidnight_bench[0m[2m:[0m [3mstage[0m[2m=[0m"trace.permutations_commit.start" [3mrss_mb[0m[2m=[0m230 [3mhwm_mb[0m[2m=[0m317
[2m2026-09-15T07:01:48.494699Z[0m [32m INFO[0m [2mmidnight_bench[0m[2m:[0m [3mstage[0m[2m=[0m"trace.permutations_commit.end" [3mrss_mb[0m[2m=[0m238 [3mhwm_mb[0m[2m=[0m317
[2m2026-09-15T07:01:48.494724Z[0m [32m INFO[0m [2mmidnight_bench[0m[2m:[0m [3mstage[0m[2m=[0m"trace.lookups_product.start" [3mrss_mb[0m[2m=[0m238 [3mhwm_mb[0m[2m=[0m317
[2m2026-09-15T07:01:48.546799Z[0m [32m INFO[0m [2mmidnight_bench[0m[2m:[0m [3mstage[0m[2m=[0m"trace.lookups_product.end" [3mrss_mb[0m[2m=[0m238 [3mhwm_mb[0m[2m=[0m317
[2m2026-09-15T07:01:48.575392Z[0m [32m INFO[0m [2mmidnight_bench[0m[2m:[0m [3mstage[0m[2m=[0m"create_proof.compute_trace.end" [3mrss_mb[0m[2m=[0m238 [3mhwm_mb[0m[2m=[0m317
[2m2026-09-15T07:01:48.575418Z[0m [32m INFO[0m [2mmidnight_bench[0m[2m:[0m [3mstage[0m[2m=[0m"create_proof.finalise_proof.start" [3mrss_mb[0m[2m=[0m238 [3mhwm_mb[0m[2m=[0m317
[2m2026-09-15T07:01:48.575431Z[0m [32m INFO[0m [2mmidnight_bench[0m[2m:[0m [3mstage[0m[2m=[0m"finalise.compute_h_poly.start" [3mrss_mb[0m[2m=[0m238 [3mhwm_mb[0m[2m=[0m317
[2m2026-09-15T07:01:48.575440Z[0m [32m INFO[0m [2mmidnight_bench[0m[2m:[0m [3mstage[0m[2m=[0m"finalise.compute_h_poly.spill_advice_cosets.start" [3mrss_mb[0m[2m=[0m238 [3mhwm_mb[0m[2m=[0m317
[2m2026-09-15T07:01:48.611451Z[0m [32m INFO[0m [2mmidnight_bench[0m[2m:[0m [3mstage[0m[2m=[0m"finalise.compute_h_poly.spill_advice_cosets.end" [3mrss_mb[0m[2m=[0m248 [3mhwm_mb[0m[2m=[0m317
[2m2026-09-15T07:01:48.611483Z[0m [32m INFO[0m [2mmidnight_bench[0m[2m:[0m [3mstage[0m[2m=[0m"finalise.compute_h_poly.spill_instance_cosets.start" [3mrss_mb[0m[2m=[0m248 [3mhwm_mb[0m[2m=[0m317
[2m2026-09-15T07:01:48.625623Z[0m [32m INFO[0m [2mmidnight_bench[0m[2m:[0m [3mstage[0m[2m=[0m"finalise.compute_h_poly.spill_instance_cosets.end" [3mrss_mb[0m[2m=[0m252 [3mhwm_mb[0m[2m=[0m317
[2m2026-09-15T07:01:48.625648Z[0m [32m INFO[0m [2mmidnight_bench[0m[2m:[0m [3mstage[0m[2m=[0m"finalise.compute_h_poly.spill_fixed_cosets.start" [3mrss_mb[0m[2m=[0m252 [3mhwm_mb[0m[2m=[0m317
[2m2026-09-15T07:01:48.742440Z[0m [32m INFO[0m [2mmidnight_bench[0m[2m:[0m [3mstage[0m[2m=[0m"finalise.compute_h_poly.spill_fixed_cosets.end" [3mrss_mb[0m[2m=[0m286 [3mhwm_mb[0m[2m=[0m317
[2m2026-09-15T07:01:48.742467Z[0m [32m INFO[0m [2mmidnight_bench[0m[2m:[0m [3mstage[0m[2m=[0m"finalise.compute_h_poly.spill_perm_cosets.start" [3mrss_mb[0m[2m=[0m286 [3mhwm_mb[0m[2m=[0m317
[2m2026-09-15T07:01:48.795926Z[0m [32m INFO[0m [2mmidnight_bench[0m[2m:[0m [3mstage[0m[2m=[0m"finalise.compute_h_poly.spill_perm_cosets.end" [3mrss_mb[0m[2m=[0m302 [3mhwm_mb[0m[2m=[0m317
[2m2026-09-15T07:01:48.937108Z[0m [32m INFO[0m [2mmidnight_bench[0m[2m:[0m [3mstage[0m[2m=[0m"finalise.compute_h_poly.drop_cosets.end" [3mrss_mb[0m[2m=[0m303 [3mhwm_mb[0m[2m=[0m317
[2m2026-09-15T07:01:48.940762Z[0m [32m INFO[0m [2mmidnight_bench[0m[2m:[0m [3mstage[0m[2m=[0m"finalise.compute_h_poly.end" [3mrss_mb[0m[2m=[0m239 [3mhwm_mb[0m[2m=[0m317
[2m2026-09-15T07:01:48.940781Z[0m [32m INFO[0m [2mmidnight_bench[0m[2m:[0m [3mstage[0m[2m=[0m"finalise.vanishing_construct.start" [3mrss_mb[0m[2m=[0m239 [3mhwm_mb[0m[2m=[0m317
[2m2026-09-15T07:01:49.032228Z[0m [32m INFO[0m [2mmidnight_bench[0m[2m:[0m [3mstage[0m[2m=[0m"finalise.vanishing_construct.end" [3mrss_mb[0m[2m=[0m239 [3mhwm_mb[0m[2m=[0m317
[2m2026-09-15T07:01:49.061432Z[0m [32m INFO[0m [2mmidnight_bench[0m[2m:[0m [3mstage[0m[2m=[0m"finalise.compute_queries.start" [3mrss_mb[0m[2m=[0m239 [3mhwm_mb[0m[2m=[0m317
[2m2026-09-15T07:01:49.061522Z[0m [32m INFO[0m [2mmidnight_bench[0m[2m:[0m [3mstage[0m[2m=[0m"finalise.multi_open.start" [3mrss_mb[0m[2m=[0m239 [3mhwm_mb[0m[2m=[0m317
[2m2026-09-15T07:01:49.153713Z[0m [32m INFO[0m [2mmidnight_bench[0m[2m:[0m [3mstage[0m[2m=[0m"finalise.multi_open.end" [3mrss_mb[0m[2m=[0m239 [3mhwm_mb[0m[2m=[0m317
[2m2026-09-15T07:01:49.154817Z[0m [32m INFO[0m [2mmidnight_bench[0m[2m:[0m [3mstage[0m[2m=[0m"create_proof.finalise_proof.end" [3mrss_mb[0m[2m=[0m216 [3mhwm_mb[0m[2m=[0m317
[2m2026-09-15T07:01:49.170697Z[0m [32m INFO[0m [2mactix_web::middleware::logger[0m[2m:[0m 192.168.65.1 POST /prove HTTP/1.1; took 0.884987s
[2m2026-09-15T07:01:49.172804Z[0m [32m INFO[0m [2mmidnight_proof_server::endpoints[0m[2m:[0m Starting to process request for /prove...
[2m2026-09-15T07:01:49.246680Z[0m [32m INFO[0m [2mmidnight_bench[0m[2m:[0m [3mstage[0m[2m=[0m"create_proof.compute_trace.start" [3mrss_mb[0m[2m=[0m221 [3mhwm_mb[0m[2m=[0m317
[2m2026-09-15T07:01:49.246714Z[0m [32m INFO[0m [2mmidnight_bench[0m[2m:[0m [3mstage[0m[2m=[0m"trace.compute_instances.start" [3mrss_mb[0m[2m=[0m221 [3mhwm_mb[0m[2m=[0m317
[2m2026-09-15T07:01:49.252298Z[0m [32m INFO[0m [2mmidnight_bench[0m[2m:[0m [3mstage[0m[2m=[0m"trace.compute_instances.end" [3mrss_mb[0m[2m=[0m221 [3mhwm_mb[0m[2m=[0m317
[2m2026-09-15T07:01:49.252324Z[0m [32m INFO[0m [2mmidnight_bench[0m[2m:[0m [3mstage[0m[2m=[0m"trace.parse_advices.start" [3mrss_mb[0m[2m=[0m221 [3mhwm_mb[0m[2m=[0m317
[2m2026-09-15T07:01:49.258221Z[0m [32m INFO[0m [2mmidnight_bench[0m[2m:[0m [3mstage[0m[2m=[0m"trace.parse_advices.end" [3mrss_mb[0m[2m=[0m226 [3mhwm_mb[0m[2m=[0m317
[2m2026-09-15T07:01:49.258243Z[0m [32m INFO[0m [2mmidnight_bench[0m[2m:[0m [3mstage[0m[2m=[0m"trace.lookups_permuted.start" [3mrss_mb[0m[2m=[0m226 [3mhwm_mb[0m[2m=[0m317
[2m2026-09-15T07:01:49.306466Z[0m [32m INFO[0m [2mmidnight_bench[0m[2m:[0m [3mstage[0m[2m=[0m"trace.lookups_permuted.end" [3mrss_mb[0m[2m=[0m231 [3mhwm_mb[0m[2m=[0m317
[2m2026-09-15T07:01:49.306501Z[0m [32m INFO[0m [2mmidnight_bench[0m[2m:[0m [3mstage[0m[2m=[0m"trace.permutations_commit.start" [3mrss_mb[0m[2m=[0m231 [3mhwm_mb[0m[2m=[0m317
[2m2026-09-15T07:01:49.378245Z[0m [32m INFO[0m [2mmidnight_bench[0m[2m:[0m [3mstage[0m[2m=[0m"trace.permutations_commit.end" [3mrss_mb[0m[2m=[0m239 [3mhwm_mb[0m[2m=[0m317
[2m2026-09-15T07:01:49.378273Z[0m [32m INFO[0m [2mmidnight_bench[0m[2m:[0m [3mstage[0m[2m=[0m"trace.lookups_product.start" [3mrss_mb[0m[2m=[0m239 [3mhwm_mb[0m[2m=[0m317
[2m2026-09-15T07:01:49.433260Z[0m [32m INFO[0m [2mmidnight_bench[0m[2m:[0m [3mstage[0m[2m=[0m"trace.lookups_product.end" [3mrss_mb[0m[2m=[0m239 [3mhwm_mb[0m[2m=[0m317
[2m2026-09-15T07:01:49.461049Z[0m [32m INFO[0m [2mmidnight_bench[0m[2m:[0m [3mstage[0m[2m=[0m"create_proof.compute_trace.end" [3mrss_mb[0m[2m=[0m239 [3mhwm_mb[0m[2m=[0m317
[2m2026-09-15T07:01:49.461075Z[0m [32m INFO[0m [2mmidnight_bench[0m[2m:[0m [3mstage[0m[2m=[0m"create_proof.finalise_proof.start" [3mrss_mb[0m[2m=[0m239 [3mhwm_mb[0m[2m=[0m317
[2m2026-09-15T07:01:49.461085Z[0m [32m INFO[0m [2mmidnight_bench[0m[2m:[0m [3mstage[0m[2m=[0m"finalise.compute_h_poly.start" [3mrss_mb[0m[2m=[0m239 [3mhwm_mb[0m[2m=[0m317
[2m2026-09-15T07:01:49.461092Z[0m [32m INFO[0m [2mmidnight_bench[0m[2m:[0m [3mstage[0m[2m=[0m"finalise.compute_h_poly.spill_advice_cosets.start" [3mrss_mb[0m[2m=[0m239 [3mhwm_mb[0m[2m=[0m317
[2m2026-09-15T07:01:49.493881Z[0m [32m INFO[0m [2mmidnight_bench[0m[2m:[0m [3mstage[0m[2m=[0m"finalise.compute_h_poly.spill_advice_cosets.end" [3mrss_mb[0m[2m=[0m249 [3mhwm_mb[0m[2m=[0m317
[2m2026-09-15T07:01:49.493910Z[0m [32m INFO[0m [2mmidnight_bench[0m[2m:[0m [3mstage[0m[2m=[0m"finalise.compute_h_poly.spill_instance_cosets.start" [3mrss_mb[0m[2m=[0m249 [3mhwm_mb[0m[2m=[0m317
[2m2026-09-15T07:01:49.507132Z[0m [32m INFO[0m [2mmidnight_bench[0m[2m:[0m [3mstage[0m[2m=[0m"finalise.compute_h_poly.spill_instance_cosets.end" [3mrss_mb[0m[2m=[0m253 [3mhwm_mb[0m[2m=[0m317
[2m2026-09-15T07:01:49.507158Z[0m [32m INFO[0m [2mmidnight_bench[0m[2m:[0m [3mstage[0m[2m=[0m"finalise.compute_h_poly.spill_fixed_cosets.start" [3mrss_mb[0m[2m=[0m253 [3mhwm_mb[0m[2m=[0m317
[2m2026-09-15T07:01:49.613535Z[0m [32m INFO[0m [2mmidnight_bench[0m[2m:[0m [3mstage[0m[2m=[0m"finalise.compute_h_poly.spill_fixed_cosets.end" [3mrss_mb[0m[2m=[0m287 [3mhwm_mb[0m[2m=[0m317
[2m2026-09-15T07:01:49.613570Z[0m [32m INFO[0m [2mmidnight_bench[0m[2m:[0m [3mstage[0m[2m=[0m"finalise.compute_h_poly.spill_perm_cosets.start" [3mrss_mb[0m[2m=[0m287 [3mhwm_mb[0m[2m=[0m317
[2m2026-09-15T07:01:49.668309Z[0m [32m INFO[0m [2mmidnight_bench[0m[2m:[0m [3mstage[0m[2m=[0m"finalise.compute_h_poly.spill_perm_cosets.end" [3mrss_mb[0m[2m=[0m303 [3mhwm_mb[0m[2m=[0m317
[2m2026-09-15T07:01:49.802987Z[0m [32m INFO[0m [2mmidnight_bench[0m[2m:[0m [3mstage[0m[2m=[0m"finalise.compute_h_poly.drop_cosets.end" [3mrss_mb[0m[2m=[0m304 [3mhwm_mb[0m[2m=[0m317
[2m2026-09-15T07:01:49.806419Z[0m [32m INFO[0m [2mmidnight_bench[0m[2m:[0m [3mstage[0m[2m=[0m"finalise.compute_h_poly.end" [3mrss_mb[0m[2m=[0m240 [3mhwm_mb[0m[2m=[0m317
[2m2026-09-15T07:01:49.806437Z[0m [32m INFO[0m [2mmidnight_bench[0m[2m:[0m [3mstage[0m[2m=[0m"finalise.vanishing_construct.start" [3mrss_mb[0m[2m=[0m240 [3mhwm_mb[0m[2m=[0m317
[2m2026-09-15T07:01:49.903173Z[0m [32m INFO[0m [2mmidnight_bench[0m[2m:[0m [3mstage[0m[2m=[0m"finalise.vanishing_construct.end" [3mrss_mb[0m[2m=[0m240 [3mhwm_mb[0m[2m=[0m317
[2m2026-09-15T07:01:49.930719Z[0m [32m INFO[0m [2mmidnight_bench[0m[2m:[0m [3mstage[0m[2m=[0m"finalise.compute_queries.start" [3mrss_mb[0m[2m=[0m240 [3mhwm_mb[0m[2m=[0m317
[2m2026-09-15T07:01:49.930816Z[0m [32m INFO[0m [2mmidnight_bench[0m[2m:[0m [3mstage[0m[2m=[0m"finalise.multi_open.start" [3mrss_mb[0m[2m=[0m240 [3mhwm_mb[0m[2m=[0m317
[2m2026-09-15T07:01:50.024393Z[0m [32m INFO[0m [2mmidnight_bench[0m[2m:[0m [3mstage[0m[2m=[0m"finalise.multi_open.end" [3mrss_mb[0m[2m=[0m240 [3mhwm_mb[0m[2m=[0m317
[2m2026-09-15T07:01:50.025306Z[0m [32m INFO[0m [2mmidnight_bench[0m[2m:[0m [3mstage[0m[2m=[0m"create_proof.finalise_proof.end" [3mrss_mb[0m[2m=[0m217 [3mhwm_mb[0m[2m=[0m317
[2m2026-09-15T07:01:50.040971Z[0m [32m INFO[0m [2mactix_web::middleware::logger[0m[2m:[0m 192.168.65.1 POST /prove HTTP/1.1; took 0.868185s
[2m2026-09-15T07:01:50.042434Z[0m [32m INFO[0m [2mmidnight_proof_server::endpoints[0m[2m:[0m Starting to process request for /prove...
[2m2026-09-15T07:01:50.117668Z[0m [32m INFO[0m [2mmidnight_bench[0m[2m:[0m [3mstage[0m[2m=[0m"create_proof.compute_trace.start" [3mrss_mb[0m[2m=[0m233 [3mhwm_mb[0m[2m=[0m317
[2m2026-09-15T07:01:50.117704Z[0m [32m INFO[0m [2mmidnight_bench[0m[2m:[0m [3mstage[0m[2m=[0m"trace.compute_instances.start" [3mrss_mb[0m[2m=[0m233 [3mhwm_mb[0m[2m=[0m317
[2m2026-09-15T07:01:50.123281Z[0m [32m INFO[0m [2mmidnight_bench[0m[2m:[0m [3mstage[0m[2m=[0m"trace.compute_instances.end" [3mrss_mb[0m[2m=[0m233 [3mhwm_mb[0m[2m=[0m317
[2m2026-09-15T07:01:50.123298Z[0m [32m INFO[0m [2mmidnight_bench[0m[2m:[0m [3mstage[0m[2m=[0m"trace.parse_advices.start" [3mrss_mb[0m[2m=[0m233 [3mhwm_mb[0m[2m=[0m317
[2m2026-09-15T07:01:50.129215Z[0m [32m INFO[0m [2mmidnight_bench[0m[2m:[0m [3mstage[0m[2m=[0m"trace.parse_advices.end" [3mrss_mb[0m[2m=[0m238 [3mhwm_mb[0m[2m=[0m317
[2m2026-09-15T07:01:50.129235Z[0m [32m INFO[0m [2mmidnight_bench[0m[2m:[0m [3mstage[0m[2m=[0m"trace.lookups_permuted.start" [3mrss_mb[0m[2m=[0m238 [3mhwm_mb[0m[2m=[0m317
[2m2026-09-15T07:01:50.177193Z[0m [32m INFO[0m [2mmidnight_bench[0m[2m:[0m [3mstage[0m[2m=[0m"trace.lookups_permuted.end" [3mrss_mb[0m[2m=[0m243 [3mhwm_mb[0m[2m=[0m317
[2m2026-09-15T07:01:50.177222Z[0m [32m INFO[0m [2mmidnight_bench[0m[2m:[0m [3mstage[0m[2m=[0m"trace.permutations_commit.start" [3mrss_mb[0m[2m=[0m243 [3mhwm_mb[0m[2m=[0m317
[2m2026-09-15T07:01:50.251206Z[0m [32m INFO[0m [2mmidnight_bench[0m[2m:[0m [3mstage[0m[2m=[0m"trace.permutations_commit.end" [3mrss_mb[0m[2m=[0m251 [3mhwm_mb[0m[2m=[0m317
[2m2026-09-15T07:01:50.251234Z[0m [32m INFO[0m [2mmidnight_bench[0m[2m:[0m [3mstage[0m[2m=[0m"trace.lookups_product.start" [3mrss_mb[0m[2m=[0m251 [3mhwm_mb[0m[2m=[0m317
[2m2026-09-15T07:01:50.301969Z[0m [32m INFO[0m [2mmidnight_bench[0m[2m:[0m [3mstage[0m[2m=[0m"trace.lookups_product.end" [3mrss_mb[0m[2m=[0m251 [3mhwm_mb[0m[2m=[0m317
[2m2026-09-15T07:01:50.327252Z[0m [32m INFO[0m [2mmidnight_bench[0m[2m:[0m [3mstage[0m[2m=[0m"create_proof.compute_trace.end" [3mrss_mb[0m[2m=[0m252 [3mhwm_mb[0m[2m=[0m317
[2m2026-09-15T07:01:50.327275Z[0m [32m INFO[0m [2mmidnight_bench[0m[2m:[0m [3mstage[0m[2m=[0m"create_proof.finalise_proof.start" [3mrss_mb[0m[2m=[0m252 [3mhwm_mb[0m[2m=[0m317
[2m2026-09-15T07:01:50.327282Z[0m [32m INFO[0m [2mmidnight_bench[0m[2m:[0m [3mstage[0m[2m=[0m"finalise.compute_h_poly.start" [3mrss_mb[0m[2m=[0m252 [3mhwm_mb[0m[2m=[0m317
[2m2026-09-15T07:01:50.327290Z[0m [32m INFO[0m [2mmidnight_bench[0m[2m:[0m [3mstage[0m[2m=[0m"finalise.compute_h_poly.spill_advice_cosets.start" [3mrss_mb[0m[2m=[0m252 [3mhwm_mb[0m[2m=[0m317
[2m2026-09-15T07:01:50.358414Z[0m [32m INFO[0m [2mmidnight_bench[0m[2m:[0m [3mstage[0m[2m=[0m"finalise.compute_h_poly.spill_advice_cosets.end" [3mrss_mb[0m[2m=[0m262 [3mhwm_mb[0m[2m=[0m317
[2m2026-09-15T07:01:50.358441Z[0m [32m INFO[0m [2mmidnight_bench[0m[2m:[0m [3mstage[0m[2m=[0m"finalise.compute_h_poly.spill_instance_cosets.start" [3mrss_mb[0m[2m=[0m262 [3mhwm_mb[0m[2m=[0m317
[2m2026-09-15T07:01:50.381255Z[0m [32m INFO[0m [2mmidnight_bench[0m[2m:[0m [3mstage[0m[2m=[0m"finalise.compute_h_poly.spill_instance_cosets.end" [3mrss_mb[0m[2m=[0m266 [3mhwm_mb[0m[2m=[0m317
[2m2026-09-15T07:01:50.381282Z[0m [32m INFO[0m [2mmidnight_bench[0m[2m:[0m [3mstage[0m[2m=[0m"finalise.compute_h_poly.spill_fixed_cosets.start" [3mrss_mb[0m[2m=[0m266 [3mhwm_mb[0m[2m=[0m317
[2m2026-09-15T07:01:50.488165Z[0m [32m INFO[0m [2mmidnight_bench[0m[2m:[0m [3mstage[0m[2m=[0m"finalise.compute_h_poly.spill_fixed_cosets.end" [3mrss_mb[0m[2m=[0m300 [3mhwm_mb[0m[2m=[0m317
[2m2026-09-15T07:01:50.488192Z[0m [32m INFO[0m [2mmidnight_bench[0m[2m:[0m [3mstage[0m[2m=[0m"finalise.compute_h_poly.spill_perm_cosets.start" [3mrss_mb[0m[2m=[0m300 [3mhwm_mb[0m[2m=[0m317
[2m2026-09-15T07:01:50.541270Z[0m [32m INFO[0m [2mmidnight_bench[0m[2m:[0m [3mstage[0m[2m=[0m"finalise.compute_h_poly.spill_perm_cosets.end" [3mrss_mb[0m[2m=[0m316 [3mhwm_mb[0m[2m=[0m317
[2m2026-09-15T07:01:50.678615Z[0m [32m INFO[0m [2mmidnight_bench[0m[2m:[0m [3mstage[0m[2m=[0m"finalise.compute_h_poly.drop_cosets.end" [3mrss_mb[0m[2m=[0m316 [3mhwm_mb[0m[2m=[0m317
[2m2026-09-15T07:01:50.682004Z[0m [32m INFO[0m [2mmidnight_bench[0m[2m:[0m [3mstage[0m[2m=[0m"finalise.compute_h_poly.end" [3mrss_mb[0m[2m=[0m252 [3mhwm_mb[0m[2m=[0m317
[2m2026-09-15T07:01:50.682046Z[0m [32m INFO[0m [2mmidnight_bench[0m[2m:[0m [3mstage[0m[2m=[0m"finalise.vanishing_construct.start" [3mrss_mb[0m[2m=[0m252 [3mhwm_mb[0m[2m=[0m317
[2m2026-09-15T07:01:50.777000Z[0m [32m INFO[0m [2mmidnight_bench[0m[2m:[0m [3mstage[0m[2m=[0m"finalise.vanishing_construct.end" [3mrss_mb[0m[2m=[0m252 [3mhwm_mb[0m[2m=[0m317
[2m2026-09-15T07:01:50.805529Z[0m [32m INFO[0m [2mmidnight_bench[0m[2m:[0m [3mstage[0m[2m=[0m"finalise.compute_queries.start" [3mrss_mb[0m[2m=[0m252 [3mhwm_mb[0m[2m=[0m317
[2m2026-09-15T07:01:50.805611Z[0m [32m INFO[0m [2mmidnight_bench[0m[2m:[0m [3mstage[0m[2m=[0m"finalise.multi_open.start" [3mrss_mb[0m[2m=[0m252 [3mhwm_mb[0m[2m=[0m317
[2m2026-09-15T07:01:50.895861Z[0m [32m INFO[0m [2mmidnight_bench[0m[2m:[0m [3mstage[0m[2m=[0m"finalise.multi_open.end" [3mrss_mb[0m[2m=[0m252 [3mhwm_mb[0m[2m=[0m317
[2m2026-09-15T07:01:50.896934Z[0m [32m INFO[0m [2mmidnight_bench[0m[2m:[0m [3mstage[0m[2m=[0m"create_proof.finalise_proof.end" [3mrss_mb[0m[2m=[0m230 [3mhwm_mb[0m[2m=[0m317
[2m2026-09-15T07:01:50.913002Z[0m [32m INFO[0m [2mactix_web::middleware::logger[0m[2m:[0m 192.168.65.1 POST /prove HTTP/1.1; took 0.870587s
[2m2026-09-15T07:01:50.915313Z[0m [32m INFO[0m [2mmidnight_proof_server::endpoints[0m[2m:[0m Starting to process request for /prove...
[2m2026-09-15T07:01:50.989590Z[0m [32m INFO[0m [2mmidnight_bench[0m[2m:[0m [3mstage[0m[2m=[0m"create_proof.compute_trace.start" [3mrss_mb[0m[2m=[0m233 [3mhwm_mb[0m[2m=[0m317
[2m2026-09-15T07:01:50.989634Z[0m [32m INFO[0m [2mmidnight_bench[0m[2m:[0m [3mstage[0m[2m=[0m"trace.compute_instances.start" [3mrss_mb[0m[2m=[0m233 [3mhwm_mb[0m[2m=[0m317
[2m2026-09-15T07:01:50.996138Z[0m [32m INFO[0m [2mmidnight_bench[0m[2m:[0m [3mstage[0m[2m=[0m"trace.compute_instances.end" [3mrss_mb[0m[2m=[0m233 [3mhwm_mb[0m[2m=[0m317
[2m2026-09-15T07:01:50.996162Z[0m [32m INFO[0m [2mmidnight_bench[0m[2m:[0m [3mstage[0m[2m=[0m"trace.parse_advices.start" [3mrss_mb[0m[2m=[0m233 [3mhwm_mb[0m[2m=[0m317
[2m2026-09-15T07:01:51.002369Z[0m [32m INFO[0m [2mmidnight_bench[0m[2m:[0m [3mstage[0m[2m=[0m"trace.parse_advices.end" [3mrss_mb[0m[2m=[0m238 [3mhwm_mb[0m[2m=[0m317
[2m2026-09-15T07:01:51.002389Z[0m [32m INFO[0m [2mmidnight_bench[0m[2m:[0m [3mstage[0m[2m=[0m"trace.lookups_permuted.start" [3mrss_mb[0m[2m=[0m238 [3mhwm_mb[0m[2m=[0m317
[2m2026-09-15T07:01:51.048742Z[0m [32m INFO[0m [2mmidnight_bench[0m[2m:[0m [3mstage[0m[2m=[0m"trace.lookups_permuted.end" [3mrss_mb[0m[2m=[0m244 [3mhwm_mb[0m[2m=[0m317
[2m2026-09-15T07:01:51.048772Z[0m [32m INFO[0m [2mmidnight_bench[0m[2m:[0m [3mstage[0m[2m=[0m"trace.permutations_commit.start" [3mrss_mb[0m[2m=[0m244 [3mhwm_mb[0m[2m=[0m317
[2m2026-09-15T07:01:51.120145Z[0m [32m INFO[0m [2mmidnight_bench[0m[2m:[0m [3mstage[0m[2m=[0m"trace.permutations_commit.end" [3mrss_mb[0m[2m=[0m251 [3mhwm_mb[0m[2m=[0m317
[2m2026-09-15T07:01:51.120171Z[0m [32m INFO[0m [2mmidnight_bench[0m[2m:[0m [3mstage[0m[2m=[0m"trace.lookups_product.start" [3mrss_mb[0m[2m=[0m251 [3mhwm_mb[0m[2m=[0m317
[2m2026-09-15T07:01:51.172372Z[0m [32m INFO[0m [2mmidnight_bench[0m[2m:[0m [3mstage[0m[2m=[0m"trace.lookups_product.end" [3mrss_mb[0m[2m=[0m252 [3mhwm_mb[0m[2m=[0m317
[2m2026-09-15T07:01:51.201975Z[0m [32m INFO[0m [2mmidnight_bench[0m[2m:[0m [3mstage[0m[2m=[0m"create_proof.compute_trace.end" [3mrss_mb[0m[2m=[0m252 [3mhwm_mb[0m[2m=[0m317
[2m2026-09-15T07:01:51.201998Z[0m [32m INFO[0m [2mmidnight_bench[0m[2m:[0m [3mstage[0m[2m=[0m"create_proof.finalise_proof.start" [3mrss_mb[0m[2m=[0m252 [3mhwm_mb[0m[2m=[0m317
[2m2026-09-15T07:01:51.202008Z[0m [32m INFO[0m [2mmidnight_bench[0m[2m:[0m [3mstage[0m[2m=[0m"finalise.compute_h_poly.start" [3mrss_mb[0m[2m=[0m252 [3mhwm_mb[0m[2m=[0m317
[2m2026-09-15T07:01:51.202029Z[0m [32m INFO[0m [2mmidnight_bench[0m[2m:[0m [3mstage[0m[2m=[0m"finalise.compute_h_poly.spill_advice_cosets.start" [3mrss_mb[0m[2m=[0m252 [3mhwm_mb[0m[2m=[0m317
[2m2026-09-15T07:01:51.233257Z[0m [32m INFO[0m [2mmidnight_bench[0m[2m:[0m [3mstage[0m[2m=[0m"finalise.compute_h_poly.spill_advice_cosets.end" [3mrss_mb[0m[2m=[0m262 [3mhwm_mb[0m[2m=[0m317
[2m2026-09-15T07:01:51.233297Z[0m [32m INFO[0m [2mmidnight_bench[0m[2m:[0m [3mstage[0m[2m=[0m"finalise.compute_h_poly.spill_instance_cosets.start" [3mrss_mb[0m[2m=[0m262 [3mhwm_mb[0m[2m=[0m317
[2m2026-09-15T07:01:51.246279Z[0m [32m INFO[0m [2mmidnight_bench[0m[2m:[0m [3mstage[0m[2m=[0m"finalise.compute_h_poly.spill_instance_cosets.end" [3mrss_mb[0m[2m=[0m266 [3mhwm_mb[0m[2m=[0m317
[2m2026-09-15T07:01:51.246301Z[0m [32m INFO[0m [2mmidnight_bench[0m[2m:[0m [3mstage[0m[2m=[0m"finalise.compute_h_poly.spill_fixed_cosets.start" [3mrss_mb[0m[2m=[0m266 [3mhwm_mb[0m[2m=[0m317
[2m2026-09-15T07:01:51.350007Z[0m [32m INFO[0m [2mmidnight_bench[0m[2m:[0m [3mstage[0m[2m=[0m"finalise.compute_h_poly.spill_fixed_cosets.end" [3mrss_mb[0m[2m=[0m300 [3mhwm_mb[0m[2m=[0m317
[2m2026-09-15T07:01:51.350053Z[0m [32m INFO[0m [2mmidnight_bench[0m[2m:[0m [3mstage[0m[2m=[0m"finalise.compute_h_poly.spill_perm_cosets.start" [3mrss_mb[0m[2m=[0m300 [3mhwm_mb[0m[2m=[0m317
[2m2026-09-15T07:01:51.404204Z[0m [32m INFO[0m [2mmidnight_bench[0m[2m:[0m [3mstage[0m[2m=[0m"finalise.compute_h_poly.spill_perm_cosets.end" [3mrss_mb[0m[2m=[0m316 [3mhwm_mb[0m[2m=[0m317
[2m2026-09-15T07:01:51.540650Z[0m [32m INFO[0m [2mmidnight_bench[0m[2m:[0m [3mstage[0m[2m=[0m"finalise.compute_h_poly.drop_cosets.end" [3mrss_mb[0m[2m=[0m317 [3mhwm_mb[0m[2m=[0m317
[2m2026-09-15T07:01:51.543971Z[0m [32m INFO[0m [2mmidnight_bench[0m[2m:[0m [3mstage[0m[2m=[0m"finalise.compute_h_poly.end" [3mrss_mb[0m[2m=[0m253 [3mhwm_mb[0m[2m=[0m317
[2m2026-09-15T07:01:51.543987Z[0m [32m INFO[0m [2mmidnight_bench[0m[2m:[0m [3mstage[0m[2m=[0m"finalise.vanishing_construct.start" [3mrss_mb[0m[2m=[0m253 [3mhwm_mb[0m[2m=[0m317
[2m2026-09-15T07:01:51.661902Z[0m [32m INFO[0m [2mmidnight_bench[0m[2m:[0m [3mstage[0m[2m=[0m"finalise.vanishing_construct.end" [3mrss_mb[0m[2m=[0m253 [3mhwm_mb[0m[2m=[0m317
[2m2026-09-15T07:01:51.693766Z[0m [32m INFO[0m [2mmidnight_bench[0m[2m:[0m [3mstage[0m[2m=[0m"finalise.compute_queries.start" [3mrss_mb[0m[2m=[0m253 [3mhwm_mb[0m[2m=[0m317
[2m2026-09-15T07:01:51.693863Z[0m [32m INFO[0m [2mmidnight_bench[0m[2m:[0m [3mstage[0m[2m=[0m"finalise.multi_open.start" [3mrss_mb[0m[2m=[0m253 [3mhwm_mb[0m[2m=[0m317
[2m2026-09-15T07:01:51.785492Z[0m [32m INFO[0m [2mmidnight_bench[0m[2m:[0m [3mstage[0m[2m=[0m"finalise.multi_open.end" [3mrss_mb[0m[2m=[0m253 [3mhwm_mb[0m[2m=[0m317
[2m2026-09-15T07:01:51.786406Z[0m [32m INFO[0m [2mmidnight_bench[0m[2m:[0m [3mstage[0m[2m=[0m"create_proof.finalise_proof.end" [3mrss_mb[0m[2m=[0m230 [3mhwm_mb[0m[2m=[0m317
[2m2026-09-15T07:01:51.802006Z[0m [32m INFO[0m [2mactix_web::middleware::logger[0m[2m:[0m 192.168.65.1 POST /prove HTTP/1.1; took 0.886709s
[2m2026-09-15T07:01:51.803311Z[0m [32m INFO[0m [2mmidnight_proof_server::endpoints[0m[2m:[0m Starting to process request for /prove...
[2m2026-09-15T07:01:51.876837Z[0m [32m INFO[0m [2mmidnight_bench[0m[2m:[0m [3mstage[0m[2m=[0m"create_proof.compute_trace.start" [3mrss_mb[0m[2m=[0m238 [3mhwm_mb[0m[2m=[0m317
[2m2026-09-15T07:01:51.876871Z[0m [32m INFO[0m [2mmidnight_bench[0m[2m:[0m [3mstage[0m[2m=[0m"trace.compute_instances.start" [3mrss_mb[0m[2m=[0m238 [3mhwm_mb[0m[2m=[0m317
[2m2026-09-15T07:01:51.881940Z[0m [32m INFO[0m [2mmidnight_bench[0m[2m:[0m [3mstage[0m[2m=[0m"trace.compute_instances.end" [3mrss_mb[0m[2m=[0m238 [3mhwm_mb[0m[2m=[0m317
[2m2026-09-15T07:01:51.881960Z[0m [32m INFO[0m [2mmidnight_bench[0m[2m:[0m [3mstage[0m[2m=[0m"trace.parse_advices.start" [3mrss_mb[0m[2m=[0m238 [3mhwm_mb[0m[2m=[0m317
[2m2026-09-15T07:01:51.887666Z[0m [32m INFO[0m [2mmidnight_bench[0m[2m:[0m [3mstage[0m[2m=[0m"trace.parse_advices.end" [3mrss_mb[0m[2m=[0m243 [3mhwm_mb[0m[2m=[0m317
[2m2026-09-15T07:01:51.887687Z[0m [32m INFO[0m [2mmidnight_bench[0m[2m:[0m [3mstage[0m[2m=[0m"trace.lookups_permuted.start" [3mrss_mb[0m[2m=[0m243 [3mhwm_mb[0m[2m=[0m317
[2m2026-09-15T07:01:51.930655Z[0m [32m INFO[0m [2mmidnight_bench[0m[2m:[0m [3mstage[0m[2m=[0m"trace.lookups_permuted.end" [3mrss_mb[0m[2m=[0m248 [3mhwm_mb[0m[2m=[0m317
[2m2026-09-15T07:01:51.930693Z[0m [32m INFO[0m [2mmidnight_bench[0m[2m:[0m [3mstage[0m[2m=[0m"trace.permutations_commit.start" [3mrss_mb[0m[2m=[0m248 [3mhwm_mb[0m[2m=[0m317
[2m2026-09-15T07:01:51.997561Z[0m [32m INFO[0m [2mmidnight_bench[0m[2m:[0m [3mstage[0m[2m=[0m"trace.permutations_commit.end" [3mrss_mb[0m[2m=[0m256 [3mhwm_mb[0m[2m=[0m317
[2m2026-09-15T07:01:51.997585Z[0m [32m INFO[0m [2mmidnight_bench[0m[2m:[0m [3mstage[0m[2m=[0m"trace.lookups_product.start" [3mrss_mb[0m[2m=[0m256 [3mhwm_mb[0m[2m=[0m317
[2m2026-09-15T07:01:52.048310Z[0m [32m INFO[0m [2mmidnight_bench[0m[2m:[0m [3mstage[0m[2m=[0m"trace.lookups_product.end" [3mrss_mb[0m[2m=[0m256 [3mhwm_mb[0m[2m=[0m317
[2m2026-09-15T07:01:52.073286Z[0m [32m INFO[0m [2mmidnight_bench[0m[2m:[0m [3mstage[0m[2m=[0m"create_proof.compute_trace.end" [3mrss_mb[0m[2m=[0m256 [3mhwm_mb[0m[2m=[0m317
[2m2026-09-15T07:01:52.073309Z[0m [32m INFO[0m [2mmidnight_bench[0m[2m:[0m [3mstage[0m[2m=[0m"create_proof.finalise_proof.start" [3mrss_mb[0m[2m=[0m256 [3mhwm_mb[0m[2m=[0m317
[2m2026-09-15T07:01:52.073318Z[0m [32m INFO[0m [2mmidnight_bench[0m[2m:[0m [3mstage[0m[2m=[0m"finalise.compute_h_poly.start" [3mrss_mb[0m[2m=[0m256 [3mhwm_mb[0m[2m=[0m317
[2m2026-09-15T07:01:52.073325Z[0m [32m INFO[0m [2mmidnight_bench[0m[2m:[0m [3mstage[0m[2m=[0m"finalise.compute_h_poly.spill_advice_cosets.start" [3mrss_mb[0m[2m=[0m256 [3mhwm_mb[0m[2m=[0m317
[2m2026-09-15T07:01:52.105163Z[0m [32m INFO[0m [2mmidnight_bench[0m[2m:[0m [3mstage[0m[2m=[0m"finalise.compute_h_poly.spill_advice_cosets.end" [3mrss_mb[0m[2m=[0m266 [3mhwm_mb[0m[2m=[0m317
[2m2026-09-15T07:01:52.105191Z[0m [32m INFO[0m [2mmidnight_bench[0m[2m:[0m [3mstage[0m[2m=[0m"finalise.compute_h_poly.spill_instance_cosets.start" [3mrss_mb[0m[2m=[0m266 [3mhwm_mb[0m[2m=[0m317
[2m2026-09-15T07:01:52.119685Z[0m [32m INFO[0m [2mmidnight_bench[0m[2m:[0m [3mstage[0m[2m=[0m"finalise.compute_h_poly.spill_instance_cosets.end" [3mrss_mb[0m[2m=[0m270 [3mhwm_mb[0m[2m=[0m317
[2m2026-09-15T07:01:52.119709Z[0m [32m INFO[0m [2mmidnight_bench[0m[2m:[0m [3mstage[0m[2m=[0m"finalise.compute_h_poly.spill_fixed_cosets.start" [3mrss_mb[0m[2m=[0m270 [3mhwm_mb[0m[2m=[0m317
[2m2026-09-15T07:01:52.215285Z[0m [32m INFO[0m [2mmidnight_bench[0m[2m:[0m [3mstage[0m[2m=[0m"finalise.compute_h_poly.spill_fixed_cosets.end" [3mrss_mb[0m[2m=[0m304 [3mhwm_mb[0m[2m=[0m317
[2m2026-09-15T07:01:52.215314Z[0m [32m INFO[0m [2mmidnight_bench[0m[2m:[0m [3mstage[0m[2m=[0m"finalise.compute_h_poly.spill_perm_cosets.start" [3mrss_mb[0m[2m=[0m304 [3mhwm_mb[0m[2m=[0m317
[2m2026-09-15T07:01:52.261552Z[0m [32m INFO[0m [2mmidnight_bench[0m[2m:[0m [3mstage[0m[2m=[0m"finalise.compute_h_poly.spill_perm_cosets.end" [3mrss_mb[0m[2m=[0m320 [3mhwm_mb[0m[2m=[0m320
[2m2026-09-15T07:01:52.387643Z[0m [32m INFO[0m [2mmidnight_bench[0m[2m:[0m [3mstage[0m[2m=[0m"finalise.compute_h_poly.drop_cosets.end" [3mrss_mb[0m[2m=[0m321 [3mhwm_mb[0m[2m=[0m321
[2m2026-09-15T07:01:52.391127Z[0m [32m INFO[0m [2mmidnight_bench[0m[2m:[0m [3mstage[0m[2m=[0m"finalise.compute_h_poly.end" [3mrss_mb[0m[2m=[0m257 [3mhwm_mb[0m[2m=[0m320
[2m2026-09-15T07:01:52.391151Z[0m [32m INFO[0m [2mmidnight_bench[0m[2m:[0m [3mstage[0m[2m=[0m"finalise.vanishing_construct.start" [3mrss_mb[0m[2m=[0m257 [3mhwm_mb[0m[2m=[0m320
[2m2026-09-15T07:01:52.486201Z[0m [32m INFO[0m [2mmidnight_bench[0m[2m:[0m [3mstage[0m[2m=[0m"finalise.vanishing_construct.end" [3mrss_mb[0m[2m=[0m257 [3mhwm_mb[0m[2m=[0m320
[2m2026-09-15T07:01:52.514733Z[0m [32m INFO[0m [2mmidnight_bench[0m[2m:[0m [3mstage[0m[2m=[0m"finalise.compute_queries.start" [3mrss_mb[0m[2m=[0m257 [3mhwm_mb[0m[2m=[0m320
[2m2026-09-15T07:01:52.514833Z[0m [32m INFO[0m [2mmidnight_bench[0m[2m:[0m [3mstage[0m[2m=[0m"finalise.multi_open.start" [3mrss_mb[0m[2m=[0m257 [3mhwm_mb[0m[2m=[0m320
[2m2026-09-15T07:01:52.605798Z[0m [32m INFO[0m [2mmidnight_bench[0m[2m:[0m [3mstage[0m[2m=[0m"finalise.multi_open.end" [3mrss_mb[0m[2m=[0m257 [3mhwm_mb[0m[2m=[0m320
[2m2026-09-15T07:01:52.606712Z[0m [32m INFO[0m [2mmidnight_bench[0m[2m:[0m [3mstage[0m[2m=[0m"create_proof.finalise_proof.end" [3mrss_mb[0m[2m=[0m234 [3mhwm_mb[0m[2m=[0m320
[2m2026-09-15T07:01:52.621711Z[0m [32m INFO[0m [2mactix_web::middleware::logger[0m[2m:[0m 192.168.65.1 POST /prove HTTP/1.1; took 0.818416s
[2m2026-09-15T07:01:52.623315Z[0m [32m INFO[0m [2mmidnight_proof_server::endpoints[0m[2m:[0m Starting to process request for /prove...
[2m2026-09-15T07:01:52.697501Z[0m [32m INFO[0m [2mmidnight_bench[0m[2m:[0m [3mstage[0m[2m=[0m"create_proof.compute_trace.start" [3mrss_mb[0m[2m=[0m222 [3mhwm_mb[0m[2m=[0m320
[2m2026-09-15T07:01:52.697527Z[0m [32m INFO[0m [2mmidnight_bench[0m[2m:[0m [3mstage[0m[2m=[0m"trace.compute_instances.start" [3mrss_mb[0m[2m=[0m222 [3mhwm_mb[0m[2m=[0m320
[2m2026-09-15T07:01:52.703100Z[0m [32m INFO[0m [2mmidnight_bench[0m[2m:[0m [3mstage[0m[2m=[0m"trace.compute_instances.end" [3mrss_mb[0m[2m=[0m222 [3mhwm_mb[0m[2m=[0m320
[2m2026-09-15T07:01:52.703120Z[0m [32m INFO[0m [2mmidnight_bench[0m[2m:[0m [3mstage[0m[2m=[0m"trace.parse_advices.start" [3mrss_mb[0m[2m=[0m222 [3mhwm_mb[0m[2m=[0m320
[2m2026-09-15T07:01:52.708819Z[0m [32m INFO[0m [2mmidnight_bench[0m[2m:[0m [3mstage[0m[2m=[0m"trace.parse_advices.end" [3mrss_mb[0m[2m=[0m227 [3mhwm_mb[0m[2m=[0m320
[2m2026-09-15T07:01:52.708847Z[0m [32m INFO[0m [2mmidnight_bench[0m[2m:[0m [3mstage[0m[2m=[0m"trace.lookups_permuted.start" [3mrss_mb[0m[2m=[0m227 [3mhwm_mb[0m[2m=[0m320
[2m2026-09-15T07:01:52.758297Z[0m [32m INFO[0m [2mmidnight_bench[0m[2m:[0m [3mstage[0m[2m=[0m"trace.lookups_permuted.end" [3mrss_mb[0m[2m=[0m232 [3mhwm_mb[0m[2m=[0m320
[2m2026-09-15T07:01:52.758325Z[0m [32m INFO[0m [2mmidnight_bench[0m[2m:[0m [3mstage[0m[2m=[0m"trace.permutations_commit.start" [3mrss_mb[0m[2m=[0m232 [3mhwm_mb[0m[2m=[0m320
[2m2026-09-15T07:01:52.829206Z[0m [32m INFO[0m [2mmidnight_bench[0m[2m:[0m [3mstage[0m[2m=[0m"trace.permutations_commit.end" [3mrss_mb[0m[2m=[0m240 [3mhwm_mb[0m[2m=[0m320
[2m2026-09-15T07:01:52.829232Z[0m [32m INFO[0m [2mmidnight_bench[0m[2m:[0m [3mstage[0m[2m=[0m"trace.lookups_product.start" [3mrss_mb[0m[2m=[0m240 [3mhwm_mb[0m[2m=[0m320
[2m2026-09-15T07:01:52.885031Z[0m [32m INFO[0m [2mmidnight_bench[0m[2m:[0m [3mstage[0m[2m=[0m"trace.lookups_product.end" [3mrss_mb[0m[2m=[0m240 [3mhwm_mb[0m[2m=[0m320
[2m2026-09-15T07:01:52.910939Z[0m [32m INFO[0m [2mmidnight_bench[0m[2m:[0m [3mstage[0m[2m=[0m"create_proof.compute_trace.end" [3mrss_mb[0m[2m=[0m240 [3mhwm_mb[0m[2m=[0m320
[2m2026-09-15T07:01:52.910961Z[0m [32m INFO[0m [2mmidnight_bench[0m[2m:[0m [3mstage[0m[2m=[0m"create_proof.finalise_proof.start" [3mrss_mb[0m[2m=[0m240 [3mhwm_mb[0m[2m=[0m320
[2m2026-09-15T07:01:52.910968Z[0m [32m INFO[0m [2mmidnight_bench[0m[2m:[0m [3mstage[0m[2m=[0m"finalise.compute_h_poly.start" [3mrss_mb[0m[2m=[0m240 [3mhwm_mb[0m[2m=[0m320
[2m2026-09-15T07:01:52.910976Z[0m [32m INFO[0m [2mmidnight_bench[0m[2m:[0m [3mstage[0m[2m=[0m"finalise.compute_h_poly.spill_advice_cosets.start" [3mrss_mb[0m[2m=[0m240 [3mhwm_mb[0m[2m=[0m320
[2m2026-09-15T07:01:52.942059Z[0m [32m INFO[0m [2mmidnight_bench[0m[2m:[0m [3mstage[0m[2m=[0m"finalise.compute_h_poly.spill_advice_cosets.end" [3mrss_mb[0m[2m=[0m250 [3mhwm_mb[0m[2m=[0m320
[2m2026-09-15T07:01:52.942084Z[0m [32m INFO[0m [2mmidnight_bench[0m[2m:[0m [3mstage[0m[2m=[0m"finalise.compute_h_poly.spill_instance_cosets.start" [3mrss_mb[0m[2m=[0m250 [3mhwm_mb[0m[2m=[0m320
[2m2026-09-15T07:01:52.955451Z[0m [32m INFO[0m [2mmidnight_bench[0m[2m:[0m [3mstage[0m[2m=[0m"finalise.compute_h_poly.spill_instance_cosets.end" [3mrss_mb[0m[2m=[0m254 [3mhwm_mb[0m[2m=[0m320
[2m2026-09-15T07:01:52.955473Z[0m [32m INFO[0m [2mmidnight_bench[0m[2m:[0m [3mstage[0m[2m=[0m"finalise.compute_h_poly.spill_fixed_cosets.start" [3mrss_mb[0m[2m=[0m254 [3mhwm_mb[0m[2m=[0m320
[2m2026-09-15T07:01:53.057932Z[0m [32m INFO[0m [2mmidnight_bench[0m[2m:[0m [3mstage[0m[2m=[0m"finalise.compute_h_poly.spill_fixed_cosets.end" [3mrss_mb[0m[2m=[0m288 [3mhwm_mb[0m[2m=[0m320
[2m2026-09-15T07:01:53.057961Z[0m [32m INFO[0m [2mmidnight_bench[0m[2m:[0m [3mstage[0m[2m=[0m"finalise.compute_h_poly.spill_perm_cosets.start" [3mrss_mb[0m[2m=[0m288 [3mhwm_mb[0m[2m=[0m320
[2m2026-09-15T07:01:53.108541Z[0m [32m INFO[0m [2mmidnight_bench[0m[2m:[0m [3mstage[0m[2m=[0m"finalise.compute_h_poly.spill_perm_cosets.end" [3mrss_mb[0m[2m=[0m304 [3mhwm_mb[0m[2m=[0m320
[2m2026-09-15T07:01:53.260226Z[0m [32m INFO[0m [2mmidnight_bench[0m[2m:[0m [3mstage[0m[2m=[0m"finalise.compute_h_poly.drop_cosets.end" [3mrss_mb[0m[2m=[0m305 [3mhwm_mb[0m[2m=[0m320
[2m2026-09-15T07:01:53.264426Z[0m [32m INFO[0m [2mmidnight_bench[0m[2m:[0m [3mstage[0m[2m=[0m"finalise.compute_h_poly.end" [3mrss_mb[0m[2m=[0m241 [3mhwm_mb[0m[2m=[0m320
[2m2026-09-15T07:01:53.264449Z[0m [32m INFO[0m [2mmidnight_bench[0m[2m:[0m [3mstage[0m[2m=[0m"finalise.vanishing_construct.start" [3mrss_mb[0m[2m=[0m241 [3mhwm_mb[0m[2m=[0m320
[2m2026-09-15T07:01:53.355580Z[0m [32m INFO[0m [2mmidnight_bench[0m[2m:[0m [3mstage[0m[2m=[0m"finalise.vanishing_construct.end" [3mrss_mb[0m[2m=[0m241 [3mhwm_mb[0m[2m=[0m320
[2m2026-09-15T07:01:53.430758Z[0m [32m INFO[0m [2mmidnight_bench[0m[2m:[0m [3mstage[0m[2m=[0m"finalise.compute_queries.start" [3mrss_mb[0m[2m=[0m241 [3mhwm_mb[0m[2m=[0m320
[2m2026-09-15T07:01:53.430851Z[0m [32m INFO[0m [2mmidnight_bench[0m[2m:[0m [3mstage[0m[2m=[0m"finalise.multi_open.start" [3mrss_mb[0m[2m=[0m241 [3mhwm_mb[0m[2m=[0m320
[2m2026-09-15T07:01:53.530365Z[0m [32m INFO[0m [2mmidnight_bench[0m[2m:[0m [3mstage[0m[2m=[0m"finalise.multi_open.end" [3mrss_mb[0m[2m=[0m241 [3mhwm_mb[0m[2m=[0m320
[2m2026-09-15T07:01:53.531337Z[0m [32m INFO[0m [2mmidnight_bench[0m[2m:[0m [3mstage[0m[2m=[0m"create_proof.finalise_proof.end" [3mrss_mb[0m[2m=[0m218 [3mhwm_mb[0m[2m=[0m320
[2m2026-09-15T07:01:53.547452Z[0m [32m INFO[0m [2mactix_web::middleware::logger[0m[2m:[0m 192.168.65.1 POST /prove HTTP/1.1; took 0.924156s
[2m2026-09-15T07:01:53.549141Z[0m [32m INFO[0m [2mmidnight_proof_server::endpoints[0m[2m:[0m Starting to process request for /prove...
[2m2026-09-15T07:01:53.622982Z[0m [32m INFO[0m [2mmidnight_bench[0m[2m:[0m [3mstage[0m[2m=[0m"create_proof.compute_trace.start" [3mrss_mb[0m[2m=[0m237 [3mhwm_mb[0m[2m=[0m320
[2m2026-09-15T07:01:53.623009Z[0m [32m INFO[0m [2mmidnight_bench[0m[2m:[0m [3mstage[0m[2m=[0m"trace.compute_instances.start" [3mrss_mb[0m[2m=[0m237 [3mhwm_mb[0m[2m=[0m320
[2m2026-09-15T07:01:53.628582Z[0m [32m INFO[0m [2mmidnight_bench[0m[2m:[0m [3mstage[0m[2m=[0m"trace.compute_instances.end" [3mrss_mb[0m[2m=[0m237 [3mhwm_mb[0m[2m=[0m320
[2m2026-09-15T07:01:53.628606Z[0m [32m INFO[0m [2mmidnight_bench[0m[2m:[0m [3mstage[0m[2m=[0m"trace.parse_advices.start" [3mrss_mb[0m[2m=[0m237 [3mhwm_mb[0m[2m=[0m320
[2m2026-09-15T07:01:53.634463Z[0m [32m INFO[0m [2mmidnight_bench[0m[2m:[0m [3mstage[0m[2m=[0m"trace.parse_advices.end" [3mrss_mb[0m[2m=[0m242 [3mhwm_mb[0m[2m=[0m320
[2m2026-09-15T07:01:53.634486Z[0m [32m INFO[0m [2mmidnight_bench[0m[2m:[0m [3mstage[0m[2m=[0m"trace.lookups_permuted.start" [3mrss_mb[0m[2m=[0m242 [3mhwm_mb[0m[2m=[0m320
[2m2026-09-15T07:01:53.680999Z[0m [32m INFO[0m [2mmidnight_bench[0m[2m:[0m [3mstage[0m[2m=[0m"trace.lookups_permuted.end" [3mrss_mb[0m[2m=[0m247 [3mhwm_mb[0m[2m=[0m320
[2m2026-09-15T07:01:53.681029Z[0m [32m INFO[0m [2mmidnight_bench[0m[2m:[0m [3mstage[0m[2m=[0m"trace.permutations_commit.start" [3mrss_mb[0m[2m=[0m247 [3mhwm_mb[0m[2m=[0m320
[2m2026-09-15T07:01:53.751920Z[0m [32m INFO[0m [2mmidnight_bench[0m[2m:[0m [3mstage[0m[2m=[0m"trace.permutations_commit.end" [3mrss_mb[0m[2m=[0m255 [3mhwm_mb[0m[2m=[0m320
[2m2026-09-15T07:01:53.751944Z[0m [32m INFO[0m [2mmidnight_bench[0m[2m:[0m [3mstage[0m[2m=[0m"trace.lookups_product.start" [3mrss_mb[0m[2m=[0m255 [3mhwm_mb[0m[2m=[0m320
[2m2026-09-15T07:01:53.803459Z[0m [32m INFO[0m [2mmidnight_bench[0m[2m:[0m [3mstage[0m[2m=[0m"trace.lookups_product.end" [3mrss_mb[0m[2m=[0m255 [3mhwm_mb[0m[2m=[0m320
[2m2026-09-15T07:01:53.830900Z[0m [32m INFO[0m [2mmidnight_bench[0m[2m:[0m [3mstage[0m[2m=[0m"create_proof.compute_trace.end" [3mrss_mb[0m[2m=[0m255 [3mhwm_mb[0m[2m=[0m320
[2m2026-09-15T07:01:53.830925Z[0m [32m INFO[0m [2mmidnight_bench[0m[2m:[0m [3mstage[0m[2m=[0m"create_proof.finalise_proof.start" [3mrss_mb[0m[2m=[0m255 [3mhwm_mb[0m[2m=[0m320
[2m2026-09-15T07:01:53.830934Z[0m [32m INFO[0m [2mmidnight_bench[0m[2m:[0m [3mstage[0m[2m=[0m"finalise.compute_h_poly.start" [3mrss_mb[0m[2m=[0m255 [3mhwm_mb[0m[2m=[0m320
[2m2026-09-15T07:01:53.830942Z[0m [32m INFO[0m [2mmidnight_bench[0m[2m:[0m [3mstage[0m[2m=[0m"finalise.compute_h_poly.spill_advice_cosets.start" [3mrss_mb[0m[2m=[0m255 [3mhwm_mb[0m[2m=[0m320
[2m2026-09-15T07:01:53.862618Z[0m [32m INFO[0m [2mmidnight_bench[0m[2m:[0m [3mstage[0m[2m=[0m"finalise.compute_h_poly.spill_advice_cosets.end" [3mrss_mb[0m[2m=[0m265 [3mhwm_mb[0m[2m=[0m320
[2m2026-09-15T07:01:53.862644Z[0m [32m INFO[0m [2mmidnight_bench[0m[2m:[0m [3mstage[0m[2m=[0m"finalise.compute_h_poly.spill_instance_cosets.start" [3mrss_mb[0m[2m=[0m265 [3mhwm_mb[0m[2m=[0m320
[2m2026-09-15T07:01:53.877102Z[0m [32m INFO[0m [2mmidnight_bench[0m[2m:[0m [3mstage[0m[2m=[0m"finalise.compute_h_poly.spill_instance_cosets.end" [3mrss_mb[0m[2m=[0m269 [3mhwm_mb[0m[2m=[0m320
[2m2026-09-15T07:01:53.877125Z[0m [32m INFO[0m [2mmidnight_bench[0m[2m:[0m [3mstage[0m[2m=[0m"finalise.compute_h_poly.spill_fixed_cosets.start" [3mrss_mb[0m[2m=[0m269 [3mhwm_mb[0m[2m=[0m320
[2m2026-09-15T07:01:53.982760Z[0m [32m INFO[0m [2mmidnight_bench[0m[2m:[0m [3mstage[0m[2m=[0m"finalise.compute_h_poly.spill_fixed_cosets.end" [3mrss_mb[0m[2m=[0m303 [3mhwm_mb[0m[2m=[0m320
[2m2026-09-15T07:01:53.982792Z[0m [32m INFO[0m [2mmidnight_bench[0m[2m:[0m [3mstage[0m[2m=[0m"finalise.compute_h_poly.spill_perm_cosets.start" [3mrss_mb[0m[2m=[0m303 [3mhwm_mb[0m[2m=[0m320
[2m2026-09-15T07:01:54.037677Z[0m [32m INFO[0m [2mmidnight_bench[0m[2m:[0m [3mstage[0m[2m=[0m"finalise.compute_h_poly.spill_perm_cosets.end" [3mrss_mb[0m[2m=[0m319 [3mhwm_mb[0m[2m=[0m320
[2m2026-09-15T07:01:54.173383Z[0m [32m INFO[0m [2mmidnight_bench[0m[2m:[0m [3mstage[0m[2m=[0m"finalise.compute_h_poly.drop_cosets.end" [3mrss_mb[0m[2m=[0m320 [3mhwm_mb[0m[2m=[0m320
[2m2026-09-15T07:01:54.177052Z[0m [32m INFO[0m [2mmidnight_bench[0m[2m:[0m [3mstage[0m[2m=[0m"finalise.compute_h_poly.end" [3mrss_mb[0m[2m=[0m256 [3mhwm_mb[0m[2m=[0m320
[2m2026-09-15T07:01:54.177077Z[0m [32m INFO[0m [2mmidnight_bench[0m[2m:[0m [3mstage[0m[2m=[0m"finalise.vanishing_construct.start" [3mrss_mb[0m[2m=[0m256 [3mhwm_mb[0m[2m=[0m320
[2m2026-09-15T07:01:54.274791Z[0m [32m INFO[0m [2mmidnight_bench[0m[2m:[0m [3mstage[0m[2m=[0m"finalise.vanishing_construct.end" [3mrss_mb[0m[2m=[0m256 [3mhwm_mb[0m[2m=[0m320
[2m2026-09-15T07:01:54.312997Z[0m [32m INFO[0m [2mmidnight_bench[0m[2m:[0m [3mstage[0m[2m=[0m"finalise.compute_queries.start" [3mrss_mb[0m[2m=[0m256 [3mhwm_mb[0m[2m=[0m320
[2m2026-09-15T07:01:54.313095Z[0m [32m INFO[0m [2mmidnight_bench[0m[2m:[0m [3mstage[0m[2m=[0m"finalise.multi_open.start" [3mrss_mb[0m[2m=[0m256 [3mhwm_mb[0m[2m=[0m320
[2m2026-09-15T07:01:54.448374Z[0m [32m INFO[0m [2mmidnight_bench[0m[2m:[0m [3mstage[0m[2m=[0m"finalise.multi_open.end" [3mrss_mb[0m[2m=[0m256 [3mhwm_mb[0m[2m=[0m320
[2m2026-09-15T07:01:54.449284Z[0m [32m INFO[0m [2mmidnight_bench[0m[2m:[0m [3mstage[0m[2m=[0m"create_proof.finalise_proof.end" [3mrss_mb[0m[2m=[0m233 [3mhwm_mb[0m[2m=[0m320
[2m2026-09-15T07:01:54.473958Z[0m [32m INFO[0m [2mactix_web::middleware::logger[0m[2m:[0m 192.168.65.1 POST /prove HTTP/1.1; took 0.924836s
[2m2026-09-15T07:01:54.477448Z[0m [32m INFO[0m [2mmidnight_proof_server::endpoints[0m[2m:[0m Starting to process request for /prove...
[2m2026-09-15T07:01:54.564485Z[0m [32m INFO[0m [2mmidnight_bench[0m[2m:[0m [3mstage[0m[2m=[0m"create_proof.compute_trace.start" [3mrss_mb[0m[2m=[0m237 [3mhwm_mb[0m[2m=[0m320
[2m2026-09-15T07:01:54.564539Z[0m [32m INFO[0m [2mmidnight_bench[0m[2m:[0m [3mstage[0m[2m=[0m"trace.compute_instances.start" [3mrss_mb[0m[2m=[0m237 [3mhwm_mb[0m[2m=[0m320
[2m2026-09-15T07:01:54.572185Z[0m [32m INFO[0m [2mmidnight_bench[0m[2m:[0m [3mstage[0m[2m=[0m"trace.compute_instances.end" [3mrss_mb[0m[2m=[0m237 [3mhwm_mb[0m[2m=[0m320
[2m2026-09-15T07:01:54.572208Z[0m [32m INFO[0m [2mmidnight_bench[0m[2m:[0m [3mstage[0m[2m=[0m"trace.parse_advices.start" [3mrss_mb[0m[2m=[0m237 [3mhwm_mb[0m[2m=[0m320
[2m2026-09-15T07:01:54.579889Z[0m [32m INFO[0m [2mmidnight_bench[0m[2m:[0m [3mstage[0m[2m=[0m"trace.parse_advices.end" [3mrss_mb[0m[2m=[0m242 [3mhwm_mb[0m[2m=[0m320
[2m2026-09-15T07:01:54.579912Z[0m [32m INFO[0m [2mmidnight_bench[0m[2m:[0m [3mstage[0m[2m=[0m"trace.lookups_permuted.start" [3mrss_mb[0m[2m=[0m242 [3mhwm_mb[0m[2m=[0m320
[2m2026-09-15T07:01:54.637874Z[0m [32m INFO[0m [2mmidnight_bench[0m[2m:[0m [3mstage[0m[2m=[0m"trace.lookups_permuted.end" [3mrss_mb[0m[2m=[0m247 [3mhwm_mb[0m[2m=[0m320
[2m2026-09-15T07:01:54.637938Z[0m [32m INFO[0m [2mmidnight_bench[0m[2m:[0m [3mstage[0m[2m=[0m"trace.permutations_commit.start" [3mrss_mb[0m[2m=[0m247 [3mhwm_mb[0m[2m=[0m320
[2m2026-09-15T07:01:54.722817Z[0m [32m INFO[0m [2mmidnight_bench[0m[2m:[0m [3mstage[0m[2m=[0m"trace.permutations_commit.end" [3mrss_mb[0m[2m=[0m255 [3mhwm_mb[0m[2m=[0m320
[2m2026-09-15T07:01:54.722840Z[0m [32m INFO[0m [2mmidnight_bench[0m[2m:[0m [3mstage[0m[2m=[0m"trace.lookups_product.start" [3mrss_mb[0m[2m=[0m255 [3mhwm_mb[0m[2m=[0m320
[2m2026-09-15T07:01:54.779023Z[0m [32m INFO[0m [2mmidnight_bench[0m[2m:[0m [3mstage[0m[2m=[0m"trace.lookups_product.end" [3mrss_mb[0m[2m=[0m255 [3mhwm_mb[0m[2m=[0m320
[2m2026-09-15T07:01:54.804606Z[0m [32m INFO[0m [2mmidnight_bench[0m[2m:[0m [3mstage[0m[2m=[0m"create_proof.compute_trace.end" [3mrss_mb[0m[2m=[0m255 [3mhwm_mb[0m[2m=[0m320
[2m2026-09-15T07:01:54.804627Z[0m [32m INFO[0m [2mmidnight_bench[0m[2m:[0m [3mstage[0m[2m=[0m"create_proof.finalise_proof.start" [3mrss_mb[0m[2m=[0m255 [3mhwm_mb[0m[2m=[0m320
[2m2026-09-15T07:01:54.804634Z[0m [32m INFO[0m [2mmidnight_bench[0m[2m:[0m [3mstage[0m[2m=[0m"finalise.compute_h_poly.start" [3mrss_mb[0m[2m=[0m255 [3mhwm_mb[0m[2m=[0m320
[2m2026-09-15T07:01:54.804641Z[0m [32m INFO[0m [2mmidnight_bench[0m[2m:[0m [3mstage[0m[2m=[0m"finalise.compute_h_poly.spill_advice_cosets.start" [3mrss_mb[0m[2m=[0m255 [3mhwm_mb[0m[2m=[0m320
[2m2026-09-15T07:01:54.834465Z[0m [32m INFO[0m [2mmidnight_bench[0m[2m:[0m [3mstage[0m[2m=[0m"finalise.compute_h_poly.spill_advice_cosets.end" [3mrss_mb[0m[2m=[0m265 [3mhwm_mb[0m[2m=[0m320
[2m2026-09-15T07:01:54.834511Z[0m [32m INFO[0m [2mmidnight_bench[0m[2m:[0m [3mstage[0m[2m=[0m"finalise.compute_h_poly.spill_instance_cosets.start" [3mrss_mb[0m[2m=[0m265 [3mhwm_mb[0m[2m=[0m320
[2m2026-09-15T07:01:54.849172Z[0m [32m INFO[0m [2mmidnight_bench[0m[2m:[0m [3mstage[0m[2m=[0m"finalise.compute_h_poly.spill_instance_cosets.end" [3mrss_mb[0m[2m=[0m269 [3mhwm_mb[0m[2m=[0m320
[2m2026-09-15T07:01:54.849202Z[0m [32m INFO[0m [2mmidnight_bench[0m[2m:[0m [3mstage[0m[2m=[0m"finalise.compute_h_poly.spill_fixed_cosets.start" [3mrss_mb[0m[2m=[0m269 [3mhwm_mb[0m[2m=[0m320
[2m2026-09-15T07:01:54.952557Z[0m [32m INFO[0m [2mmidnight_bench[0m[2m:[0m [3mstage[0m[2m=[0m"finalise.compute_h_poly.spill_fixed_cosets.end" [3mrss_mb[0m[2m=[0m303 [3mhwm_mb[0m[2m=[0m320
[2m2026-09-15T07:01:54.952584Z[0m [32m INFO[0m [2mmidnight_bench[0m[2m:[0m [3mstage[0m[2m=[0m"finalise.compute_h_poly.spill_perm_cosets.start" [3mrss_mb[0m[2m=[0m303 [3mhwm_mb[0m[2m=[0m320
[2m2026-09-15T07:01:55.006091Z[0m [32m INFO[0m [2mmidnight_bench[0m[2m:[0m [3mstage[0m[2m=[0m"finalise.compute_h_poly.spill_perm_cosets.end" [3mrss_mb[0m[2m=[0m319 [3mhwm_mb[0m[2m=[0m320
[2m2026-09-15T07:01:55.138531Z[0m [32m INFO[0m [2mmidnight_bench[0m[2m:[0m [3mstage[0m[2m=[0m"finalise.compute_h_poly.drop_cosets.end" [3mrss_mb[0m[2m=[0m320 [3mhwm_mb[0m[2m=[0m320
[2m2026-09-15T07:01:55.141789Z[0m [32m INFO[0m [2mmidnight_bench[0m[2m:[0m [3mstage[0m[2m=[0m"finalise.compute_h_poly.end" [3mrss_mb[0m[2m=[0m256 [3mhwm_mb[0m[2m=[0m320
[2m2026-09-15T07:01:55.141806Z[0m [32m INFO[0m [2mmidnight_bench[0m[2m:[0m [3mstage[0m[2m=[0m"finalise.vanishing_construct.start" [3mrss_mb[0m[2m=[0m256 [3mhwm_mb[0m[2m=[0m320
[2m2026-09-15T07:01:55.236816Z[0m [32m INFO[0m [2mmidnight_bench[0m[2m:[0m [3mstage[0m[2m=[0m"finalise.vanishing_construct.end" [3mrss_mb[0m[2m=[0m256 [3mhwm_mb[0m[2m=[0m320
[2m2026-09-15T07:01:55.262950Z[0m [32m INFO[0m [2mmidnight_bench[0m[2m:[0m [3mstage[0m[2m=[0m"finalise.compute_queries.start" [3mrss_mb[0m[2m=[0m256 [3mhwm_mb[0m[2m=[0m320
[2m2026-09-15T07:01:55.263043Z[0m [32m INFO[0m [2mmidnight_bench[0m[2m:[0m [3mstage[0m[2m=[0m"finalise.multi_open.start" [3mrss_mb[0m[2m=[0m256 [3mhwm_mb[0m[2m=[0m320
[2m2026-09-15T07:01:55.350475Z[0m [32m INFO[0m [2mmidnight_bench[0m[2m:[0m [3mstage[0m[2m=[0m"finalise.multi_open.end" [3mrss_mb[0m[2m=[0m256 [3mhwm_mb[0m[2m=[0m320
[2m2026-09-15T07:01:55.351401Z[0m [32m INFO[0m [2mmidnight_bench[0m[2m:[0m [3mstage[0m[2m=[0m"create_proof.finalise_proof.end" [3mrss_mb[0m[2m=[0m233 [3mhwm_mb[0m[2m=[0m320
[2m2026-09-15T07:01:55.366961Z[0m [32m INFO[0m [2mactix_web::middleware::logger[0m[2m:[0m 192.168.65.1 POST /prove HTTP/1.1; took 0.889535s
[2m2026-09-15T07:01:55.369020Z[0m [32m INFO[0m [2mmidnight_proof_server::endpoints[0m[2m:[0m Starting to process request for /prove...
[2m2026-09-15T07:01:55.439258Z[0m [32m INFO[0m [2mmidnight_bench[0m[2m:[0m [3mstage[0m[2m=[0m"create_proof.compute_trace.start" [3mrss_mb[0m[2m=[0m237 [3mhwm_mb[0m[2m=[0m320
[2m2026-09-15T07:01:55.439288Z[0m [32m INFO[0m [2mmidnight_bench[0m[2m:[0m [3mstage[0m[2m=[0m"trace.compute_instances.start" [3mrss_mb[0m[2m=[0m237 [3mhwm_mb[0m[2m=[0m320
[2m2026-09-15T07:01:55.445167Z[0m [32m INFO[0m [2mmidnight_bench[0m[2m:[0m [3mstage[0m[2m=[0m"trace.compute_instances.end" [3mrss_mb[0m[2m=[0m237 [3mhwm_mb[0m[2m=[0m320
[2m2026-09-15T07:01:55.445193Z[0m [32m INFO[0m [2mmidnight_bench[0m[2m:[0m [3mstage[0m[2m=[0m"trace.parse_advices.start" [3mrss_mb[0m[2m=[0m237 [3mhwm_mb[0m[2m=[0m320
[2m2026-09-15T07:01:55.451066Z[0m [32m INFO[0m [2mmidnight_bench[0m[2m:[0m [3mstage[0m[2m=[0m"trace.parse_advices.end" [3mrss_mb[0m[2m=[0m242 [3mhwm_mb[0m[2m=[0m320
[2m2026-09-15T07:01:55.451084Z[0m [32m INFO[0m [2mmidnight_bench[0m[2m:[0m [3mstage[0m[2m=[0m"trace.lookups_permuted.start" [3mrss_mb[0m[2m=[0m242 [3mhwm_mb[0m[2m=[0m320
[2m2026-09-15T07:01:55.496856Z[0m [32m INFO[0m [2mmidnight_bench[0m[2m:[0m [3mstage[0m[2m=[0m"trace.lookups_permuted.end" [3mrss_mb[0m[2m=[0m247 [3mhwm_mb[0m[2m=[0m320
[2m2026-09-15T07:01:55.496883Z[0m [32m INFO[0m [2mmidnight_bench[0m[2m:[0m [3mstage[0m[2m=[0m"trace.permutations_commit.start" [3mrss_mb[0m[2m=[0m247 [3mhwm_mb[0m[2m=[0m320
[2m2026-09-15T07:01:55.565417Z[0m [32m INFO[0m [2mmidnight_bench[0m[2m:[0m [3mstage[0m[2m=[0m"trace.permutations_commit.end" [3mrss_mb[0m[2m=[0m255 [3mhwm_mb[0m[2m=[0m320
[2m2026-09-15T07:01:55.565445Z[0m [32m INFO[0m [2mmidnight_bench[0m[2m:[0m [3mstage[0m[2m=[0m"trace.lookups_product.start" [3mrss_mb[0m[2m=[0m255 [3mhwm_mb[0m[2m=[0m320
[2m2026-09-15T07:01:55.615780Z[0m [32m INFO[0m [2mmidnight_bench[0m[2m:[0m [3mstage[0m[2m=[0m"trace.lookups_product.end" [3mrss_mb[0m[2m=[0m255 [3mhwm_mb[0m[2m=[0m320
[2m2026-09-15T07:01:55.642774Z[0m [32m INFO[0m [2mmidnight_bench[0m[2m:[0m [3mstage[0m[2m=[0m"create_proof.compute_trace.end" [3mrss_mb[0m[2m=[0m255 [3mhwm_mb[0m[2m=[0m320
[2m2026-09-15T07:01:55.642799Z[0m [32m INFO[0m [2mmidnight_bench[0m[2m:[0m [3mstage[0m[2m=[0m"create_proof.finalise_proof.start" [3mrss_mb[0m[2m=[0m255 [3mhwm_mb[0m[2m=[0m320
[2m2026-09-15T07:01:55.642808Z[0m [32m INFO[0m [2mmidnight_bench[0m[2m:[0m [3mstage[0m[2m=[0m"finalise.compute_h_poly.start" [3mrss_mb[0m[2m=[0m255 [3mhwm_mb[0m[2m=[0m320
[2m2026-09-15T07:01:55.642816Z[0m [32m INFO[0m [2mmidnight_bench[0m[2m:[0m [3mstage[0m[2m=[0m"finalise.compute_h_poly.spill_advice_cosets.start" [3mrss_mb[0m[2m=[0m255 [3mhwm_mb[0m[2m=[0m320
[2m2026-09-15T07:01:55.676729Z[0m [32m INFO[0m [2mmidnight_bench[0m[2m:[0m [3mstage[0m[2m=[0m"finalise.compute_h_poly.spill_advice_cosets.end" [3mrss_mb[0m[2m=[0m265 [3mhwm_mb[0m[2m=[0m320
[2m2026-09-15T07:01:55.676755Z[0m [32m INFO[0m [2mmidnight_bench[0m[2m:[0m [3mstage[0m[2m=[0m"finalise.compute_h_poly.spill_instance_cosets.start" [3mrss_mb[0m[2m=[0m265 [3mhwm_mb[0m[2m=[0m320
[2m2026-09-15T07:01:55.692451Z[0m [32m INFO[0m [2mmidnight_bench[0m[2m:[0m [3mstage[0m[2m=[0m"finalise.compute_h_poly.spill_instance_cosets.end" [3mrss_mb[0m[2m=[0m269 [3mhwm_mb[0m[2m=[0m320
[2m2026-09-15T07:01:55.692475Z[0m [32m INFO[0m [2mmidnight_bench[0m[2m:[0m [3mstage[0m[2m=[0m"finalise.compute_h_poly.spill_fixed_cosets.start" [3mrss_mb[0m[2m=[0m269 [3mhwm_mb[0m[2m=[0m320
[2m2026-09-15T07:01:55.807134Z[0m [32m INFO[0m [2mmidnight_bench[0m[2m:[0m [3mstage[0m[2m=[0m"finalise.compute_h_poly.spill_fixed_cosets.end" [3mrss_mb[0m[2m=[0m303 [3mhwm_mb[0m[2m=[0m320
[2m2026-09-15T07:01:55.807158Z[0m [32m INFO[0m [2mmidnight_bench[0m[2m:[0m [3mstage[0m[2m=[0m"finalise.compute_h_poly.spill_perm_cosets.start" [3mrss_mb[0m[2m=[0m303 [3mhwm_mb[0m[2m=[0m320
[2m2026-09-15T07:01:55.865003Z[0m [32m INFO[0m [2mmidnight_bench[0m[2m:[0m [3mstage[0m[2m=[0m"finalise.compute_h_poly.spill_perm_cosets.end" [3mrss_mb[0m[2m=[0m319 [3mhwm_mb[0m[2m=[0m320
[2m2026-09-15T07:01:55.992827Z[0m [32m INFO[0m [2mmidnight_bench[0m[2m:[0m [3mstage[0m[2m=[0m"finalise.compute_h_poly.drop_cosets.end" [3mrss_mb[0m[2m=[0m320 [3mhwm_mb[0m[2m=[0m320
[2m2026-09-15T07:01:55.996338Z[0m [32m INFO[0m [2mmidnight_bench[0m[2m:[0m [3mstage[0m[2m=[0m"finalise.compute_h_poly.end" [3mrss_mb[0m[2m=[0m256 [3mhwm_mb[0m[2m=[0m320
[2m2026-09-15T07:01:55.996355Z[0m [32m INFO[0m [2mmidnight_bench[0m[2m:[0m [3mstage[0m[2m=[0m"finalise.vanishing_construct.start" [3mrss_mb[0m[2m=[0m256 [3mhwm_mb[0m[2m=[0m320
[2m2026-09-15T07:01:56.086419Z[0m [32m INFO[0m [2mmidnight_bench[0m[2m:[0m [3mstage[0m[2m=[0m"finalise.vanishing_construct.end" [3mrss_mb[0m[2m=[0m256 [3mhwm_mb[0m[2m=[0m320
[2m2026-09-15T07:01:56.114003Z[0m [32m INFO[0m [2mmidnight_bench[0m[2m:[0m [3mstage[0m[2m=[0m"finalise.compute_queries.start" [3mrss_mb[0m[2m=[0m256 [3mhwm_mb[0m[2m=[0m320
[2m2026-09-15T07:01:56.114102Z[0m [32m INFO[0m [2mmidnight_bench[0m[2m:[0m [3mstage[0m[2m=[0m"finalise.multi_open.start" [3mrss_mb[0m[2m=[0m256 [3mhwm_mb[0m[2m=[0m320
[2m2026-09-15T07:01:56.203763Z[0m [32m INFO[0m [2mmidnight_bench[0m[2m:[0m [3mstage[0m[2m=[0m"finalise.multi_open.end" [3mrss_mb[0m[2m=[0m256 [3mhwm_mb[0m[2m=[0m320
[2m2026-09-15T07:01:56.204633Z[0m [32m INFO[0m [2mmidnight_bench[0m[2m:[0m [3mstage[0m[2m=[0m"create_proof.finalise_proof.end" [3mrss_mb[0m[2m=[0m233 [3mhwm_mb[0m[2m=[0m320
[2m2026-09-15T07:01:56.220834Z[0m [32m INFO[0m [2mactix_web::middleware::logger[0m[2m:[0m 192.168.65.1 POST /prove HTTP/1.1; took 0.851830s
[2m2026-09-15T07:01:56.222271Z[0m [32m INFO[0m [2mmidnight_proof_server::endpoints[0m[2m:[0m Starting to process request for /prove...
[2m2026-09-15T07:01:56.293468Z[0m [32m INFO[0m [2mmidnight_bench[0m[2m:[0m [3mstage[0m[2m=[0m"create_proof.compute_trace.start" [3mrss_mb[0m[2m=[0m237 [3mhwm_mb[0m[2m=[0m320
[2m2026-09-15T07:01:56.293500Z[0m [32m INFO[0m [2mmidnight_bench[0m[2m:[0m [3mstage[0m[2m=[0m"trace.compute_instances.start" [3mrss_mb[0m[2m=[0m237 [3mhwm_mb[0m[2m=[0m320
[2m2026-09-15T07:01:56.298318Z[0m [32m INFO[0m [2mmidnight_bench[0m[2m:[0m [3mstage[0m[2m=[0m"trace.compute_instances.end" [3mrss_mb[0m[2m=[0m237 [3mhwm_mb[0m[2m=[0m320
[2m2026-09-15T07:01:56.298343Z[0m [32m INFO[0m [2mmidnight_bench[0m[2m:[0m [3mstage[0m[2m=[0m"trace.parse_advices.start" [3mrss_mb[0m[2m=[0m237 [3mhwm_mb[0m[2m=[0m320
[2m2026-09-15T07:01:56.304216Z[0m [32m INFO[0m [2mmidnight_bench[0m[2m:[0m [3mstage[0m[2m=[0m"trace.parse_advices.end" [3mrss_mb[0m[2m=[0m242 [3mhwm_mb[0m[2m=[0m320
[2m2026-09-15T07:01:56.304245Z[0m [32m INFO[0m [2mmidnight_bench[0m[2m:[0m [3mstage[0m[2m=[0m"trace.lookups_permuted.start" [3mrss_mb[0m[2m=[0m242 [3mhwm_mb[0m[2m=[0m320
[2m2026-09-15T07:01:56.354229Z[0m [32m INFO[0m [2mmidnight_bench[0m[2m:[0m [3mstage[0m[2m=[0m"trace.lookups_permuted.end" [3mrss_mb[0m[2m=[0m247 [3mhwm_mb[0m[2m=[0m320
[2m2026-09-15T07:01:56.354258Z[0m [32m INFO[0m [2mmidnight_bench[0m[2m:[0m [3mstage[0m[2m=[0m"trace.permutations_commit.start" [3mrss_mb[0m[2m=[0m247 [3mhwm_mb[0m[2m=[0m320
[2m2026-09-15T07:01:56.425364Z[0m [32m INFO[0m [2mmidnight_bench[0m[2m:[0m [3mstage[0m[2m=[0m"trace.permutations_commit.end" [3mrss_mb[0m[2m=[0m255 [3mhwm_mb[0m[2m=[0m320
[2m2026-09-15T07:01:56.425398Z[0m [32m INFO[0m [2mmidnight_bench[0m[2m:[0m [3mstage[0m[2m=[0m"trace.lookups_product.start" [3mrss_mb[0m[2m=[0m255 [3mhwm_mb[0m[2m=[0m320
[2m2026-09-15T07:01:56.475824Z[0m [32m INFO[0m [2mmidnight_bench[0m[2m:[0m [3mstage[0m[2m=[0m"trace.lookups_product.end" [3mrss_mb[0m[2m=[0m255 [3mhwm_mb[0m[2m=[0m320
[2m2026-09-15T07:01:56.499599Z[0m [32m INFO[0m [2mmidnight_bench[0m[2m:[0m [3mstage[0m[2m=[0m"create_proof.compute_trace.end" [3mrss_mb[0m[2m=[0m255 [3mhwm_mb[0m[2m=[0m320
[2m2026-09-15T07:01:56.499626Z[0m [32m INFO[0m [2mmidnight_bench[0m[2m:[0m [3mstage[0m[2m=[0m"create_proof.finalise_proof.start" [3mrss_mb[0m[2m=[0m255 [3mhwm_mb[0m[2m=[0m320
[2m2026-09-15T07:01:56.499636Z[0m [32m INFO[0m [2mmidnight_bench[0m[2m:[0m [3mstage[0m[2m=[0m"finalise.compute_h_poly.start" [3mrss_mb[0m[2m=[0m255 [3mhwm_mb[0m[2m=[0m320
[2m2026-09-15T07:01:56.499643Z[0m [32m INFO[0m [2mmidnight_bench[0m[2m:[0m [3mstage[0m[2m=[0m"finalise.compute_h_poly.spill_advice_cosets.start" [3mrss_mb[0m[2m=[0m255 [3mhwm_mb[0m[2m=[0m320
[2m2026-09-15T07:01:56.540255Z[0m [32m INFO[0m [2mmidnight_bench[0m[2m:[0m [3mstage[0m[2m=[0m"finalise.compute_h_poly.spill_advice_cosets.end" [3mrss_mb[0m[2m=[0m265 [3mhwm_mb[0m[2m=[0m320
[2m2026-09-15T07:01:56.540286Z[0m [32m INFO[0m [2mmidnight_bench[0m[2m:[0m [3mstage[0m[2m=[0m"finalise.compute_h_poly.spill_instance_cosets.start" [3mrss_mb[0m[2m=[0m265 [3mhwm_mb[0m[2m=[0m320
[2m2026-09-15T07:01:56.552762Z[0m [32m INFO[0m [2mmidnight_bench[0m[2m:[0m [3mstage[0m[2m=[0m"finalise.compute_h_poly.spill_instance_cosets.end" [3mrss_mb[0m[2m=[0m269 [3mhwm_mb[0m[2m=[0m320
[2m2026-09-15T07:01:56.552784Z[0m [32m INFO[0m [2mmidnight_bench[0m[2m:[0m [3mstage[0m[2m=[0m"finalise.compute_h_poly.spill_fixed_cosets.start" [3mrss_mb[0m[2m=[0m269 [3mhwm_mb[0m[2m=[0m320
[2m2026-09-15T07:01:56.663383Z[0m [32m INFO[0m [2mmidnight_bench[0m[2m:[0m [3mstage[0m[2m=[0m"finalise.compute_h_poly.spill_fixed_cosets.end" [3mrss_mb[0m[2m=[0m303 [3mhwm_mb[0m[2m=[0m320
[2m2026-09-15T07:01:56.663473Z[0m [32m INFO[0m [2mmidnight_bench[0m[2m:[0m [3mstage[0m[2m=[0m"finalise.compute_h_poly.spill_perm_cosets.start" [3mrss_mb[0m[2m=[0m303 [3mhwm_mb[0m[2m=[0m320
[2m2026-09-15T07:01:56.716589Z[0m [32m INFO[0m [2mmidnight_bench[0m[2m:[0m [3mstage[0m[2m=[0m"finalise.compute_h_poly.spill_perm_cosets.end" [3mrss_mb[0m[2m=[0m319 [3mhwm_mb[0m[2m=[0m320
[2m2026-09-15T07:01:56.854055Z[0m [32m INFO[0m [2mmidnight_bench[0m[2m:[0m [3mstage[0m[2m=[0m"finalise.compute_h_poly.drop_cosets.end" [3mrss_mb[0m[2m=[0m320 [3mhwm_mb[0m[2m=[0m320
[2m2026-09-15T07:01:56.857734Z[0m [32m INFO[0m [2mmidnight_bench[0m[2m:[0m [3mstage[0m[2m=[0m"finalise.compute_h_poly.end" [3mrss_mb[0m[2m=[0m256 [3mhwm_mb[0m[2m=[0m320
[2m2026-09-15T07:01:56.857755Z[0m [32m INFO[0m [2mmidnight_bench[0m[2m:[0m [3mstage[0m[2m=[0m"finalise.vanishing_construct.start" [3mrss_mb[0m[2m=[0m256 [3mhwm_mb[0m[2m=[0m320
[2m2026-09-15T07:01:56.954726Z[0m [32m INFO[0m [2mmidnight_bench[0m[2m:[0m [3mstage[0m[2m=[0m"finalise.vanishing_construct.end" [3mrss_mb[0m[2m=[0m256 [3mhwm_mb[0m[2m=[0m320
[2m2026-09-15T07:01:56.983081Z[0m [32m INFO[0m [2mmidnight_bench[0m[2m:[0m [3mstage[0m[2m=[0m"finalise.compute_queries.start" [3mrss_mb[0m[2m=[0m256 [3mhwm_mb[0m[2m=[0m320
[2m2026-09-15T07:01:56.983170Z[0m [32m INFO[0m [2mmidnight_bench[0m[2m:[0m [3mstage[0m[2m=[0m"finalise.multi_open.start" [3mrss_mb[0m[2m=[0m256 [3mhwm_mb[0m[2m=[0m320
[2m2026-09-15T07:01:57.077554Z[0m [32m INFO[0m [2mmidnight_bench[0m[2m:[0m [3mstage[0m[2m=[0m"finalise.multi_open.end" [3mrss_mb[0m[2m=[0m256 [3mhwm_mb[0m[2m=[0m320
[2m2026-09-15T07:01:57.078552Z[0m [32m INFO[0m [2mmidnight_bench[0m[2m:[0m [3mstage[0m[2m=[0m"create_proof.finalise_proof.end" [3mrss_mb[0m[2m=[0m233 [3mhwm_mb[0m[2m=[0m320
[2m2026-09-15T07:01:57.094303Z[0m [32m INFO[0m [2mactix_web::middleware::logger[0m[2m:[0m 192.168.65.1 POST /prove HTTP/1.1; took 0.872049s
[2m2026-09-15T07:01:57.095983Z[0m [32m INFO[0m [2mmidnight_proof_server::endpoints[0m[2m:[0m Starting to process request for /prove...
[2m2026-09-15T07:01:57.171855Z[0m [32m INFO[0m [2mmidnight_bench[0m[2m:[0m [3mstage[0m[2m=[0m"create_proof.compute_trace.start" [3mrss_mb[0m[2m=[0m237 [3mhwm_mb[0m[2m=[0m320
[2m2026-09-15T07:01:57.171890Z[0m [32m INFO[0m [2mmidnight_bench[0m[2m:[0m [3mstage[0m[2m=[0m"trace.compute_instances.start" [3mrss_mb[0m[2m=[0m237 [3mhwm_mb[0m[2m=[0m320
[2m2026-09-15T07:01:57.178183Z[0m [32m INFO[0m [2mmidnight_bench[0m[2m:[0m [3mstage[0m[2m=[0m"trace.compute_instances.end" [3mrss_mb[0m[2m=[0m237 [3mhwm_mb[0m[2m=[0m320
[2m2026-09-15T07:01:57.178207Z[0m [32m INFO[0m [2mmidnight_bench[0m[2m:[0m [3mstage[0m[2m=[0m"trace.parse_advices.start" [3mrss_mb[0m[2m=[0m237 [3mhwm_mb[0m[2m=[0m320
[2m2026-09-15T07:01:57.184298Z[0m [32m INFO[0m [2mmidnight_bench[0m[2m:[0m [3mstage[0m[2m=[0m"trace.parse_advices.end" [3mrss_mb[0m[2m=[0m242 [3mhwm_mb[0m[2m=[0m320
[2m2026-09-15T07:01:57.184321Z[0m [32m INFO[0m [2mmidnight_bench[0m[2m:[0m [3mstage[0m[2m=[0m"trace.lookups_permuted.start" [3mrss_mb[0m[2m=[0m242 [3mhwm_mb[0m[2m=[0m320
[2m2026-09-15T07:01:57.229655Z[0m [32m INFO[0m [2mmidnight_bench[0m[2m:[0m [3mstage[0m[2m=[0m"trace.lookups_permuted.end" [3mrss_mb[0m[2m=[0m247 [3mhwm_mb[0m[2m=[0m320
[2m2026-09-15T07:01:57.229683Z[0m [32m INFO[0m [2mmidnight_bench[0m[2m:[0m [3mstage[0m[2m=[0m"trace.permutations_commit.start" [3mrss_mb[0m[2m=[0m247 [3mhwm_mb[0m[2m=[0m320
[2m2026-09-15T07:01:57.297174Z[0m [32m INFO[0m [2mmidnight_bench[0m[2m:[0m [3mstage[0m[2m=[0m"trace.permutations_commit.end" [3mrss_mb[0m[2m=[0m255 [3mhwm_mb[0m[2m=[0m320
[2m2026-09-15T07:01:57.297199Z[0m [32m INFO[0m [2mmidnight_bench[0m[2m:[0m [3mstage[0m[2m=[0m"trace.lookups_product.start" [3mrss_mb[0m[2m=[0m255 [3mhwm_mb[0m[2m=[0m320
[2m2026-09-15T07:01:57.347404Z[0m [32m INFO[0m [2mmidnight_bench[0m[2m:[0m [3mstage[0m[2m=[0m"trace.lookups_product.end" [3mrss_mb[0m[2m=[0m255 [3mhwm_mb[0m[2m=[0m320
[2m2026-09-15T07:01:57.371559Z[0m [32m INFO[0m [2mmidnight_bench[0m[2m:[0m [3mstage[0m[2m=[0m"create_proof.compute_trace.end" [3mrss_mb[0m[2m=[0m255 [3mhwm_mb[0m[2m=[0m320
[2m2026-09-15T07:01:57.371588Z[0m [32m INFO[0m [2mmidnight_bench[0m[2m:[0m [3mstage[0m[2m=[0m"create_proof.finalise_proof.start" [3mrss_mb[0m[2m=[0m255 [3mhwm_mb[0m[2m=[0m320
[2m2026-09-15T07:01:57.371598Z[0m [32m INFO[0m [2mmidnight_bench[0m[2m:[0m [3mstage[0m[2m=[0m"finalise.compute_h_poly.start" [3mrss_mb[0m[2m=[0m255 [3mhwm_mb[0m[2m=[0m320
[2m2026-09-15T07:01:57.371607Z[0m [32m INFO[0m [2mmidnight_bench[0m[2m:[0m [3mstage[0m[2m=[0m"finalise.compute_h_poly.spill_advice_cosets.start" [3mrss_mb[0m[2m=[0m255 [3mhwm_mb[0m[2m=[0m320
[2m2026-09-15T07:01:57.405225Z[0m [32m INFO[0m [2mmidnight_bench[0m[2m:[0m [3mstage[0m[2m=[0m"finalise.compute_h_poly.spill_advice_cosets.end" [3mrss_mb[0m[2m=[0m265 [3mhwm_mb[0m[2m=[0m320
[2m2026-09-15T07:01:57.405250Z[0m [32m INFO[0m [2mmidnight_bench[0m[2m:[0m [3mstage[0m[2m=[0m"finalise.compute_h_poly.spill_instance_cosets.start" [3mrss_mb[0m[2m=[0m265 [3mhwm_mb[0m[2m=[0m320
[2m2026-09-15T07:01:57.418693Z[0m [32m INFO[0m [2mmidnight_bench[0m[2m:[0m [3mstage[0m[2m=[0m"finalise.compute_h_poly.spill_instance_cosets.end" [3mrss_mb[0m[2m=[0m269 [3mhwm_mb[0m[2m=[0m320
[2m2026-09-15T07:01:57.418717Z[0m [32m INFO[0m [2mmidnight_bench[0m[2m:[0m [3mstage[0m[2m=[0m"finalise.compute_h_poly.spill_fixed_cosets.start" [3mrss_mb[0m[2m=[0m269 [3mhwm_mb[0m[2m=[0m320
[2m2026-09-15T07:01:57.521106Z[0m [32m INFO[0m [2mmidnight_bench[0m[2m:[0m [3mstage[0m[2m=[0m"finalise.compute_h_poly.spill_fixed_cosets.end" [3mrss_mb[0m[2m=[0m303 [3mhwm_mb[0m[2m=[0m320
[2m2026-09-15T07:01:57.521132Z[0m [32m INFO[0m [2mmidnight_bench[0m[2m:[0m [3mstage[0m[2m=[0m"finalise.compute_h_poly.spill_perm_cosets.start" [3mrss_mb[0m[2m=[0m303 [3mhwm_mb[0m[2m=[0m320
[2m2026-09-15T07:01:57.574636Z[0m [32m INFO[0m [2mmidnight_bench[0m[2m:[0m [3mstage[0m[2m=[0m"finalise.compute_h_poly.spill_perm_cosets.end" [3mrss_mb[0m[2m=[0m319 [3mhwm_mb[0m[2m=[0m320
[2m2026-09-15T07:01:57.699889Z[0m [32m INFO[0m [2mmidnight_bench[0m[2m:[0m [3mstage[0m[2m=[0m"finalise.compute_h_poly.drop_cosets.end" [3mrss_mb[0m[2m=[0m320 [3mhwm_mb[0m[2m=[0m320
[2m2026-09-15T07:01:57.703230Z[0m [32m INFO[0m [2mmidnight_bench[0m[2m:[0m [3mstage[0m[2m=[0m"finalise.compute_h_poly.end" [3mrss_mb[0m[2m=[0m256 [3mhwm_mb[0m[2m=[0m320
[2m2026-09-15T07:01:57.703245Z[0m [32m INFO[0m [2mmidnight_bench[0m[2m:[0m [3mstage[0m[2m=[0m"finalise.vanishing_construct.start" [3mrss_mb[0m[2m=[0m256 [3mhwm_mb[0m[2m=[0m320
[2m2026-09-15T07:01:57.797958Z[0m [32m INFO[0m [2mmidnight_bench[0m[2m:[0m [3mstage[0m[2m=[0m"finalise.vanishing_construct.end" [3mrss_mb[0m[2m=[0m256 [3mhwm_mb[0m[2m=[0m320
[2m2026-09-15T07:01:57.825812Z[0m [32m INFO[0m [2mmidnight_bench[0m[2m:[0m [3mstage[0m[2m=[0m"finalise.compute_queries.start" [3mrss_mb[0m[2m=[0m256 [3mhwm_mb[0m[2m=[0m320
[2m2026-09-15T07:01:57.825906Z[0m [32m INFO[0m [2mmidnight_bench[0m[2m:[0m [3mstage[0m[2m=[0m"finalise.multi_open.start" [3mrss_mb[0m[2m=[0m256 [3mhwm_mb[0m[2m=[0m320
[2m2026-09-15T07:01:57.915445Z[0m [32m INFO[0m [2mmidnight_bench[0m[2m:[0m [3mstage[0m[2m=[0m"finalise.multi_open.end" [3mrss_mb[0m[2m=[0m256 [3mhwm_mb[0m[2m=[0m320
[2m2026-09-15T07:01:57.916293Z[0m [32m INFO[0m [2mmidnight_bench[0m[2m:[0m [3mstage[0m[2m=[0m"create_proof.finalise_proof.end" [3mrss_mb[0m[2m=[0m233 [3mhwm_mb[0m[2m=[0m320
[2m2026-09-15T07:01:57.931875Z[0m [32m INFO[0m [2mactix_web::middleware::logger[0m[2m:[0m 192.168.65.1 POST /prove HTTP/1.1; took 0.835910s
[2m2026-09-15T07:01:57.933485Z[0m [32m INFO[0m [2mmidnight_proof_server::endpoints[0m[2m:[0m Starting to process request for /prove...
[2m2026-09-15T07:01:58.009673Z[0m [32m INFO[0m [2mmidnight_bench[0m[2m:[0m [3mstage[0m[2m=[0m"create_proof.compute_trace.start" [3mrss_mb[0m[2m=[0m238 [3mhwm_mb[0m[2m=[0m320
[2m2026-09-15T07:01:58.009707Z[0m [32m INFO[0m [2mmidnight_bench[0m[2m:[0m [3mstage[0m[2m=[0m"trace.compute_instances.start" [3mrss_mb[0m[2m=[0m238 [3mhwm_mb[0m[2m=[0m320
[2m2026-09-15T07:01:58.015033Z[0m [32m INFO[0m [2mmidnight_bench[0m[2m:[0m [3mstage[0m[2m=[0m"trace.compute_instances.end" [3mrss_mb[0m[2m=[0m238 [3mhwm_mb[0m[2m=[0m320
[2m2026-09-15T07:01:58.015054Z[0m [32m INFO[0m [2mmidnight_bench[0m[2m:[0m [3mstage[0m[2m=[0m"trace.parse_advices.start" [3mrss_mb[0m[2m=[0m238 [3mhwm_mb[0m[2m=[0m320
[2m2026-09-15T07:01:58.021055Z[0m [32m INFO[0m [2mmidnight_bench[0m[2m:[0m [3mstage[0m[2m=[0m"trace.parse_advices.end" [3mrss_mb[0m[2m=[0m242 [3mhwm_mb[0m[2m=[0m320
[2m2026-09-15T07:01:58.021073Z[0m [32m INFO[0m [2mmidnight_bench[0m[2m:[0m [3mstage[0m[2m=[0m"trace.lookups_permuted.start" [3mrss_mb[0m[2m=[0m242 [3mhwm_mb[0m[2m=[0m320
[2m2026-09-15T07:01:58.067155Z[0m [32m INFO[0m [2mmidnight_bench[0m[2m:[0m [3mstage[0m[2m=[0m"trace.lookups_permuted.end" [3mrss_mb[0m[2m=[0m248 [3mhwm_mb[0m[2m=[0m320
[2m2026-09-15T07:01:58.067187Z[0m [32m INFO[0m [2mmidnight_bench[0m[2m:[0m [3mstage[0m[2m=[0m"trace.permutations_commit.start" [3mrss_mb[0m[2m=[0m248 [3mhwm_mb[0m[2m=[0m320
[2m2026-09-15T07:01:58.137796Z[0m [32m INFO[0m [2mmidnight_bench[0m[2m:[0m [3mstage[0m[2m=[0m"trace.permutations_commit.end" [3mrss_mb[0m[2m=[0m255 [3mhwm_mb[0m[2m=[0m320
[2m2026-09-15T07:01:58.137820Z[0m [32m INFO[0m [2mmidnight_bench[0m[2m:[0m [3mstage[0m[2m=[0m"trace.lookups_product.start" [3mrss_mb[0m[2m=[0m255 [3mhwm_mb[0m[2m=[0m320
[2m2026-09-15T07:01:58.192050Z[0m [32m INFO[0m [2mmidnight_bench[0m[2m:[0m [3mstage[0m[2m=[0m"trace.lookups_product.end" [3mrss_mb[0m[2m=[0m255 [3mhwm_mb[0m[2m=[0m320
[2m2026-09-15T07:01:58.217624Z[0m [32m INFO[0m [2mmidnight_bench[0m[2m:[0m [3mstage[0m[2m=[0m"create_proof.compute_trace.end" [3mrss_mb[0m[2m=[0m256 [3mhwm_mb[0m[2m=[0m320
[2m2026-09-15T07:01:58.217647Z[0m [32m INFO[0m [2mmidnight_bench[0m[2m:[0m [3mstage[0m[2m=[0m"create_proof.finalise_proof.start" [3mrss_mb[0m[2m=[0m256 [3mhwm_mb[0m[2m=[0m320
[2m2026-09-15T07:01:58.217655Z[0m [32m INFO[0m [2mmidnight_bench[0m[2m:[0m [3mstage[0m[2m=[0m"finalise.compute_h_poly.start" [3mrss_mb[0m[2m=[0m256 [3mhwm_mb[0m[2m=[0m320
[2m2026-09-15T07:01:58.217664Z[0m [32m INFO[0m [2mmidnight_bench[0m[2m:[0m [3mstage[0m[2m=[0m"finalise.compute_h_poly.spill_advice_cosets.start" [3mrss_mb[0m[2m=[0m256 [3mhwm_mb[0m[2m=[0m320
[2m2026-09-15T07:01:58.250036Z[0m [32m INFO[0m [2mmidnight_bench[0m[2m:[0m [3mstage[0m[2m=[0m"finalise.compute_h_poly.spill_advice_cosets.end" [3mrss_mb[0m[2m=[0m266 [3mhwm_mb[0m[2m=[0m320
[2m2026-09-15T07:01:58.250060Z[0m [32m INFO[0m [2mmidnight_bench[0m[2m:[0m [3mstage[0m[2m=[0m"finalise.compute_h_poly.spill_instance_cosets.start" [3mrss_mb[0m[2m=[0m266 [3mhwm_mb[0m[2m=[0m320
[2m2026-09-15T07:01:58.263514Z[0m [32m INFO[0m [2mmidnight_bench[0m[2m:[0m [3mstage[0m[2m=[0m"finalise.compute_h_poly.spill_instance_cosets.end" [3mrss_mb[0m[2m=[0m270 [3mhwm_mb[0m[2m=[0m320
[2m2026-09-15T07:01:58.263536Z[0m [32m INFO[0m [2mmidnight_bench[0m[2m:[0m [3mstage[0m[2m=[0m"finalise.compute_h_poly.spill_fixed_cosets.start" [3mrss_mb[0m[2m=[0m270 [3mhwm_mb[0m[2m=[0m320
[2m2026-09-15T07:01:58.371380Z[0m [32m INFO[0m [2mmidnight_bench[0m[2m:[0m [3mstage[0m[2m=[0m"finalise.compute_h_poly.spill_fixed_cosets.end" [3mrss_mb[0m[2m=[0m304 [3mhwm_mb[0m[2m=[0m320
[2m2026-09-15T07:01:58.371419Z[0m [32m INFO[0m [2mmidnight_bench[0m[2m:[0m [3mstage[0m[2m=[0m"finalise.compute_h_poly.spill_perm_cosets.start" [3mrss_mb[0m[2m=[0m304 [3mhwm_mb[0m[2m=[0m320
[2m2026-09-15T07:01:58.422999Z[0m [32m INFO[0m [2mmidnight_bench[0m[2m:[0m [3mstage[0m[2m=[0m"finalise.compute_h_poly.spill_perm_cosets.end" [3mrss_mb[0m[2m=[0m320 [3mhwm_mb[0m[2m=[0m320
[2m2026-09-15T07:01:58.557759Z[0m [32m INFO[0m [2mmidnight_bench[0m[2m:[0m [3mstage[0m[2m=[0m"finalise.compute_h_poly.drop_cosets.end" [3mrss_mb[0m[2m=[0m320 [3mhwm_mb[0m[2m=[0m320
[2m2026-09-15T07:01:58.569328Z[0m [32m INFO[0m [2mmidnight_bench[0m[2m:[0m [3mstage[0m[2m=[0m"finalise.compute_h_poly.end" [3mrss_mb[0m[2m=[0m256 [3mhwm_mb[0m[2m=[0m320
[2m2026-09-15T07:01:58.569350Z[0m [32m INFO[0m [2mmidnight_bench[0m[2m:[0m [3mstage[0m[2m=[0m"finalise.vanishing_construct.start" [3mrss_mb[0m[2m=[0m256 [3mhwm_mb[0m[2m=[0m320
[2m2026-09-15T07:01:58.664785Z[0m [32m INFO[0m [2mmidnight_bench[0m[2m:[0m [3mstage[0m[2m=[0m"finalise.vanishing_construct.end" [3mrss_mb[0m[2m=[0m256 [3mhwm_mb[0m[2m=[0m320
[2m2026-09-15T07:01:58.693195Z[0m [32m INFO[0m [2mmidnight_bench[0m[2m:[0m [3mstage[0m[2m=[0m"finalise.compute_queries.start" [3mrss_mb[0m[2m=[0m256 [3mhwm_mb[0m[2m=[0m320
[2m2026-09-15T07:01:58.693287Z[0m [32m INFO[0m [2mmidnight_bench[0m[2m:[0m [3mstage[0m[2m=[0m"finalise.multi_open.start" [3mrss_mb[0m[2m=[0m256 [3mhwm_mb[0m[2m=[0m320
[2m2026-09-15T07:01:58.784528Z[0m [32m INFO[0m [2mmidnight_bench[0m[2m:[0m [3mstage[0m[2m=[0m"finalise.multi_open.end" [3mrss_mb[0m[2m=[0m256 [3mhwm_mb[0m[2m=[0m320
[2m2026-09-15T07:01:58.785491Z[0m [32m INFO[0m [2mmidnight_bench[0m[2m:[0m [3mstage[0m[2m=[0m"create_proof.finalise_proof.end" [3mrss_mb[0m[2m=[0m234 [3mhwm_mb[0m[2m=[0m320
[2m2026-09-15T07:01:58.801684Z[0m [32m INFO[0m [2mactix_web::middleware::logger[0m[2m:[0m 192.168.65.1 POST /prove HTTP/1.1; took 0.868217s
