[2m2026-09-15T06:32:32.113287Z[0m [32m INFO[0m [2mactix_server::builder[0m[2m:[0m starting 12 workers
[2m2026-09-15T06:32:32.113302Z[0m [32m INFO[0m [2mactix_server::server[0m[2m:[0m Actix runtime found; starting in Actix runtime
[2m2026-09-15T06:32:32.113304Z[0m [32m INFO[0m [2mactix_server::server[0m[2m:[0m starting service: "actix-web-service-0.0.0.0:6311", workers: 12, listening on: 0.0.0.0:6311
[2m2026-09-15T06:32:32.125496Z[0m [32m INFO[0m [2mactix_web::middleware::logger[0m[2m:[0m 192.168.65.1 GET /health HTTP/1.1; took 0.000044s
[2m2026-09-15T06:32:32.126677Z[0m [32m INFO[0m [2mactix_web::middleware::logger[0m[2m:[0m 192.168.65.1 GET /ready HTTP/1.1; took 0.000031s
[2m2026-09-15T06:32:32.127593Z[0m [32m INFO[0m [2mmidnight_proof_server::endpoints[0m[2m:[0m Starting to process request for /prove...
[2m2026-09-15T06:32:32.346026Z[0m [32m INFO[0m [2mmidnight_bench[0m[2m:[0m [3mstage[0m[2m=[0m"create_proof.compute_trace.start" [3mrss_mb[0m[2m=[0m90 [3mhwm_mb[0m[2m=[0m96
[2m2026-09-15T06:32:32.346054Z[0m [32m INFO[0m [2mmidnight_bench[0m[2m:[0m [3mstage[0m[2m=[0m"trace.compute_instances.start" [3mrss_mb[0m[2m=[0m90 [3mhwm_mb[0m[2m=[0m96
[2m2026-09-15T06:32:32.350242Z[0m [32m INFO[0m [2mmidnight_bench[0m[2m:[0m [3mstage[0m[2m=[0m"trace.compute_instances.end" [3mrss_mb[0m[2m=[0m90 [3mhwm_mb[0m[2m=[0m96
[2m2026-09-15T06:32:32.350268Z[0m [32m INFO[0m [2mmidnight_bench[0m[2m:[0m [3mstage[0m[2m=[0m"trace.parse_advices.start" [3mrss_mb[0m[2m=[0m90 [3mhwm_mb[0m[2m=[0m96
[2m2026-09-15T06:32:32.355982Z[0m [32m INFO[0m [2mmidnight_bench[0m[2m:[0m [3mstage[0m[2m=[0m"trace.parse_advices.end" [3mrss_mb[0m[2m=[0m91 [3mhwm_mb[0m[2m=[0m96
[2m2026-09-15T06:32:32.356006Z[0m [32m INFO[0m [2mmidnight_bench[0m[2m:[0m [3mstage[0m[2m=[0m"trace.lookups_permuted.start" [3mrss_mb[0m[2m=[0m91 [3mhwm_mb[0m[2m=[0m96
[2m2026-09-15T06:32:32.398069Z[0m [32m INFO[0m [2mmidnight_bench[0m[2m:[0m [3mstage[0m[2m=[0m"trace.lookups_permuted.end" [3mrss_mb[0m[2m=[0m95 [3mhwm_mb[0m[2m=[0m96
[2m2026-09-15T06:32:32.398095Z[0m [32m INFO[0m [2mmidnight_bench[0m[2m:[0m [3mstage[0m[2m=[0m"trace.permutations_commit.start" [3mrss_mb[0m[2m=[0m95 [3mhwm_mb[0m[2m=[0m96
[2m2026-09-15T06:32:32.467112Z[0m [32m INFO[0m [2mmidnight_bench[0m[2m:[0m [3mstage[0m[2m=[0m"trace.permutations_commit.end" [3mrss_mb[0m[2m=[0m104 [3mhwm_mb[0m[2m=[0m104
[2m2026-09-15T06:32:32.467138Z[0m [32m INFO[0m [2mmidnight_bench[0m[2m:[0m [3mstage[0m[2m=[0m"trace.lookups_product.start" [3mrss_mb[0m[2m=[0m104 [3mhwm_mb[0m[2m=[0m104
[2m2026-09-15T06:32:32.517151Z[0m [32m INFO[0m [2mmidnight_bench[0m[2m:[0m [3mstage[0m[2m=[0m"trace.lookups_product.end" [3mrss_mb[0m[2m=[0m104 [3mhwm_mb[0m[2m=[0m104
[2m2026-09-15T06:32:32.540966Z[0m [32m INFO[0m [2mmidnight_bench[0m[2m:[0m [3mstage[0m[2m=[0m"create_proof.compute_trace.end" [3mrss_mb[0m[2m=[0m105 [3mhwm_mb[0m[2m=[0m105
[2m2026-09-15T06:32:32.540994Z[0m [32m INFO[0m [2mmidnight_bench[0m[2m:[0m [3mstage[0m[2m=[0m"create_proof.finalise_proof.start" [3mrss_mb[0m[2m=[0m105 [3mhwm_mb[0m[2m=[0m105
[2m2026-09-15T06:32:32.541002Z[0m [32m INFO[0m [2mmidnight_bench[0m[2m:[0m [3mstage[0m[2m=[0m"finalise.compute_h_poly.start" [3mrss_mb[0m[2m=[0m105 [3mhwm_mb[0m[2m=[0m105
[2m2026-09-15T06:32:32.541009Z[0m [32m INFO[0m [2mmidnight_bench[0m[2m:[0m [3mstage[0m[2m=[0m"finalise.compute_h_poly.spill_advice_cosets.start" [3mrss_mb[0m[2m=[0m105 [3mhwm_mb[0m[2m=[0m105
[2m2026-09-15T06:32:32.572796Z[0m [32m INFO[0m [2mmidnight_bench[0m[2m:[0m [3mstage[0m[2m=[0m"finalise.compute_h_poly.spill_advice_cosets.end" [3mrss_mb[0m[2m=[0m115 [3mhwm_mb[0m[2m=[0m115
[2m2026-09-15T06:32:32.572827Z[0m [32m INFO[0m [2mmidnight_bench[0m[2m:[0m [3mstage[0m[2m=[0m"finalise.compute_h_poly.spill_instance_cosets.start" [3mrss_mb[0m[2m=[0m115 [3mhwm_mb[0m[2m=[0m115
[2m2026-09-15T06:32:32.585439Z[0m [32m INFO[0m [2mmidnight_bench[0m[2m:[0m [3mstage[0m[2m=[0m"finalise.compute_h_poly.spill_instance_cosets.end" [3mrss_mb[0m[2m=[0m119 [3mhwm_mb[0m[2m=[0m119
[2m2026-09-15T06:32:32.585463Z[0m [32m INFO[0m [2mmidnight_bench[0m[2m:[0m [3mstage[0m[2m=[0m"finalise.compute_h_poly.spill_fixed_cosets.start" [3mrss_mb[0m[2m=[0m119 [3mhwm_mb[0m[2m=[0m119
[2m2026-09-15T06:32:32.684914Z[0m [32m INFO[0m [2mmidnight_bench[0m[2m:[0m [3mstage[0m[2m=[0m"finalise.compute_h_poly.spill_fixed_cosets.end" [3mrss_mb[0m[2m=[0m153 [3mhwm_mb[0m[2m=[0m153
[2m2026-09-15T06:32:32.684944Z[0m [32m INFO[0m [2mmidnight_bench[0m[2m:[0m [3mstage[0m[2m=[0m"finalise.compute_h_poly.spill_perm_cosets.start" [3mrss_mb[0m[2m=[0m153 [3mhwm_mb[0m[2m=[0m153
[2m2026-09-15T06:32:32.729390Z[0m [32m INFO[0m [2mmidnight_bench[0m[2m:[0m [3mstage[0m[2m=[0m"finalise.compute_h_poly.spill_perm_cosets.end" [3mrss_mb[0m[2m=[0m169 [3mhwm_mb[0m[2m=[0m169
[2m2026-09-15T06:32:32.947163Z[0m [32m INFO[0m [2mmidnight_bench[0m[2m:[0m [3mstage[0m[2m=[0m"finalise.compute_h_poly.drop_cosets.end" [3mrss_mb[0m[2m=[0m169 [3mhwm_mb[0m[2m=[0m169
[2m2026-09-15T06:32:32.952281Z[0m [32m INFO[0m [2mmidnight_bench[0m[2m:[0m [3mstage[0m[2m=[0m"finalise.compute_h_poly.end" [3mrss_mb[0m[2m=[0m105 [3mhwm_mb[0m[2m=[0m168
[2m2026-09-15T06:32:32.952311Z[0m [32m INFO[0m [2mmidnight_bench[0m[2m:[0m [3mstage[0m[2m=[0m"finalise.vanishing_construct.start" [3mrss_mb[0m[2m=[0m105 [3mhwm_mb[0m[2m=[0m168
[2m2026-09-15T06:32:33.097744Z[0m [32m INFO[0m [2mmidnight_bench[0m[2m:[0m [3mstage[0m[2m=[0m"finalise.vanishing_construct.end" [3mrss_mb[0m[2m=[0m105 [3mhwm_mb[0m[2m=[0m168
[2m2026-09-15T06:32:33.129607Z[0m [32m INFO[0m [2mmidnight_bench[0m[2m:[0m [3mstage[0m[2m=[0m"finalise.compute_queries.start" [3mrss_mb[0m[2m=[0m105 [3mhwm_mb[0m[2m=[0m168
[2m2026-09-15T06:32:33.129711Z[0m [32m INFO[0m [2mmidnight_bench[0m[2m:[0m [3mstage[0m[2m=[0m"finalise.multi_open.start" [3mrss_mb[0m[2m=[0m106 [3mhwm_mb[0m[2m=[0m168
[2m2026-09-15T06:32:33.223859Z[0m [32m INFO[0m [2mmidnight_bench[0m[2m:[0m [3mstage[0m[2m=[0m"finalise.multi_open.end" [3mrss_mb[0m[2m=[0m106 [3mhwm_mb[0m[2m=[0m168
[2m2026-09-15T06:32:33.224446Z[0m [32m INFO[0m [2mmidnight_bench[0m[2m:[0m [3mstage[0m[2m=[0m"create_proof.finalise_proof.end" [3mrss_mb[0m[2m=[0m93 [3mhwm_mb[0m[2m=[0m168
[2m2026-09-15T06:32:33.241554Z[0m [32m INFO[0m [2mactix_web::middleware::logger[0m[2m:[0m 192.168.65.1 POST /prove HTTP/1.1; took 1.113976s
[2m2026-09-15T06:32:33.266783Z[0m [32m INFO[0m [2mmidnight_proof_server::endpoints[0m[2m:[0m Starting to process request for /prove...
[2m2026-09-15T06:32:33.336906Z[0m [32m INFO[0m [2mmidnight_bench[0m[2m:[0m [3mstage[0m[2m=[0m"create_proof.compute_trace.start" [3mrss_mb[0m[2m=[0m86 [3mhwm_mb[0m[2m=[0m168
[2m2026-09-15T06:32:33.336937Z[0m [32m INFO[0m [2mmidnight_bench[0m[2m:[0m [3mstage[0m[2m=[0m"trace.compute_instances.start" [3mrss_mb[0m[2m=[0m86 [3mhwm_mb[0m[2m=[0m168
[2m2026-09-15T06:32:33.342998Z[0m [32m INFO[0m [2mmidnight_bench[0m[2m:[0m [3mstage[0m[2m=[0m"trace.compute_instances.end" [3mrss_mb[0m[2m=[0m86 [3mhwm_mb[0m[2m=[0m168
[2m2026-09-15T06:32:33.343015Z[0m [32m INFO[0m [2mmidnight_bench[0m[2m:[0m [3mstage[0m[2m=[0m"trace.parse_advices.start" [3mrss_mb[0m[2m=[0m86 [3mhwm_mb[0m[2m=[0m168
[2m2026-09-15T06:32:33.349392Z[0m [32m INFO[0m [2mmidnight_bench[0m[2m:[0m [3mstage[0m[2m=[0m"trace.parse_advices.end" [3mrss_mb[0m[2m=[0m93 [3mhwm_mb[0m[2m=[0m168
[2m2026-09-15T06:32:33.349420Z[0m [32m INFO[0m [2mmidnight_bench[0m[2m:[0m [3mstage[0m[2m=[0m"trace.lookups_permuted.start" [3mrss_mb[0m[2m=[0m93 [3mhwm_mb[0m[2m=[0m168
[2m2026-09-15T06:32:33.393078Z[0m [32m INFO[0m [2mmidnight_bench[0m[2m:[0m [3mstage[0m[2m=[0m"trace.lookups_permuted.end" [3mrss_mb[0m[2m=[0m97 [3mhwm_mb[0m[2m=[0m168
[2m2026-09-15T06:32:33.393106Z[0m [32m INFO[0m [2mmidnight_bench[0m[2m:[0m [3mstage[0m[2m=[0m"trace.permutations_commit.start" [3mrss_mb[0m[2m=[0m97 [3mhwm_mb[0m[2m=[0m168
[2m2026-09-15T06:32:33.464280Z[0m [32m INFO[0m [2mmidnight_bench[0m[2m:[0m [3mstage[0m[2m=[0m"trace.permutations_commit.end" [3mrss_mb[0m[2m=[0m105 [3mhwm_mb[0m[2m=[0m168
[2m2026-09-15T06:32:33.464306Z[0m [32m INFO[0m [2mmidnight_bench[0m[2m:[0m [3mstage[0m[2m=[0m"trace.lookups_product.start" [3mrss_mb[0m[2m=[0m105 [3mhwm_mb[0m[2m=[0m168
[2m2026-09-15T06:32:33.514084Z[0m [32m INFO[0m [2mmidnight_bench[0m[2m:[0m [3mstage[0m[2m=[0m"trace.lookups_product.end" [3mrss_mb[0m[2m=[0m105 [3mhwm_mb[0m[2m=[0m168
[2m2026-09-15T06:32:33.538208Z[0m [32m INFO[0m [2mmidnight_bench[0m[2m:[0m [3mstage[0m[2m=[0m"create_proof.compute_trace.end" [3mrss_mb[0m[2m=[0m105 [3mhwm_mb[0m[2m=[0m168
[2m2026-09-15T06:32:33.538236Z[0m [32m INFO[0m [2mmidnight_bench[0m[2m:[0m [3mstage[0m[2m=[0m"create_proof.finalise_proof.start" [3mrss_mb[0m[2m=[0m105 [3mhwm_mb[0m[2m=[0m168
[2m2026-09-15T06:32:33.538244Z[0m [32m INFO[0m [2mmidnight_bench[0m[2m:[0m [3mstage[0m[2m=[0m"finalise.compute_h_poly.start" [3mrss_mb[0m[2m=[0m105 [3mhwm_mb[0m[2m=[0m168
[2m2026-09-15T06:32:33.538252Z[0m [32m INFO[0m [2mmidnight_bench[0m[2m:[0m [3mstage[0m[2m=[0m"finalise.compute_h_poly.spill_advice_cosets.start" [3mrss_mb[0m[2m=[0m105 [3mhwm_mb[0m[2m=[0m168
[2m2026-09-15T06:32:33.566630Z[0m [32m INFO[0m [2mmidnight_bench[0m[2m:[0m [3mstage[0m[2m=[0m"finalise.compute_h_poly.spill_advice_cosets.end" [3mrss_mb[0m[2m=[0m115 [3mhwm_mb[0m[2m=[0m168
[2m2026-09-15T06:32:33.566658Z[0m [32m INFO[0m [2mmidnight_bench[0m[2m:[0m [3mstage[0m[2m=[0m"finalise.compute_h_poly.spill_instance_cosets.start" [3mrss_mb[0m[2m=[0m115 [3mhwm_mb[0m[2m=[0m168
[2m2026-09-15T06:32:33.579172Z[0m [32m INFO[0m [2mmidnight_bench[0m[2m:[0m [3mstage[0m[2m=[0m"finalise.compute_h_poly.spill_instance_cosets.end" [3mrss_mb[0m[2m=[0m119 [3mhwm_mb[0m[2m=[0m168
[2m2026-09-15T06:32:33.579198Z[0m [32m INFO[0m [2mmidnight_bench[0m[2m:[0m [3mstage[0m[2m=[0m"finalise.compute_h_poly.spill_fixed_cosets.start" [3mrss_mb[0m[2m=[0m119 [3mhwm_mb[0m[2m=[0m168
[2m2026-09-15T06:32:33.676364Z[0m [32m INFO[0m [2mmidnight_bench[0m[2m:[0m [3mstage[0m[2m=[0m"finalise.compute_h_poly.spill_fixed_cosets.end" [3mrss_mb[0m[2m=[0m153 [3mhwm_mb[0m[2m=[0m168
[2m2026-09-15T06:32:33.676389Z[0m [32m INFO[0m [2mmidnight_bench[0m[2m:[0m [3mstage[0m[2m=[0m"finalise.compute_h_poly.spill_perm_cosets.start" [3mrss_mb[0m[2m=[0m153 [3mhwm_mb[0m[2m=[0m168
[2m2026-09-15T06:32:33.721032Z[0m [32m INFO[0m [2mmidnight_bench[0m[2m:[0m [3mstage[0m[2m=[0m"finalise.compute_h_poly.spill_perm_cosets.end" [3mrss_mb[0m[2m=[0m169 [3mhwm_mb[0m[2m=[0m169
[2m2026-09-15T06:32:33.846518Z[0m [32m INFO[0m [2mmidnight_bench[0m[2m:[0m [3mstage[0m[2m=[0m"finalise.compute_h_poly.drop_cosets.end" [3mrss_mb[0m[2m=[0m171 [3mhwm_mb[0m[2m=[0m171
[2m2026-09-15T06:32:33.849968Z[0m [32m INFO[0m [2mmidnight_bench[0m[2m:[0m [3mstage[0m[2m=[0m"finalise.compute_h_poly.end" [3mrss_mb[0m[2m=[0m107 [3mhwm_mb[0m[2m=[0m170
[2m2026-09-15T06:32:33.849988Z[0m [32m INFO[0m [2mmidnight_bench[0m[2m:[0m [3mstage[0m[2m=[0m"finalise.vanishing_construct.start" [3mrss_mb[0m[2m=[0m107 [3mhwm_mb[0m[2m=[0m170
[2m2026-09-15T06:32:33.938282Z[0m [32m INFO[0m [2mmidnight_bench[0m[2m:[0m [3mstage[0m[2m=[0m"finalise.vanishing_construct.end" [3mrss_mb[0m[2m=[0m107 [3mhwm_mb[0m[2m=[0m170
[2m2026-09-15T06:32:33.963993Z[0m [32m INFO[0m [2mmidnight_bench[0m[2m:[0m [3mstage[0m[2m=[0m"finalise.compute_queries.start" [3mrss_mb[0m[2m=[0m107 [3mhwm_mb[0m[2m=[0m170
[2m2026-09-15T06:32:33.964083Z[0m [32m INFO[0m [2mmidnight_bench[0m[2m:[0m [3mstage[0m[2m=[0m"finalise.multi_open.start" [3mrss_mb[0m[2m=[0m107 [3mhwm_mb[0m[2m=[0m170
[2m2026-09-15T06:32:34.053125Z[0m [32m INFO[0m [2mmidnight_bench[0m[2m:[0m [3mstage[0m[2m=[0m"finalise.multi_open.end" [3mrss_mb[0m[2m=[0m107 [3mhwm_mb[0m[2m=[0m170
[2m2026-09-15T06:32:34.054301Z[0m [32m INFO[0m [2mmidnight_bench[0m[2m:[0m [3mstage[0m[2m=[0m"create_proof.finalise_proof.end" [3mrss_mb[0m[2m=[0m93 [3mhwm_mb[0m[2m=[0m170
[2m2026-09-15T06:32:34.071018Z[0m [32m INFO[0m [2mactix_web::middleware::logger[0m[2m:[0m 192.168.65.1 POST /prove HTTP/1.1; took 0.804273s
[2m2026-09-15T06:32:34.073950Z[0m [32m INFO[0m [2mmidnight_proof_server::endpoints[0m[2m:[0m Starting to process request for /prove...
[2m2026-09-15T06:32:34.145819Z[0m [32m INFO[0m [2mmidnight_bench[0m[2m:[0m [3mstage[0m[2m=[0m"create_proof.compute_trace.start" [3mrss_mb[0m[2m=[0m107 [3mhwm_mb[0m[2m=[0m170
[2m2026-09-15T06:32:34.145848Z[0m [32m INFO[0m [2mmidnight_bench[0m[2m:[0m [3mstage[0m[2m=[0m"trace.compute_instances.start" [3mrss_mb[0m[2m=[0m107 [3mhwm_mb[0m[2m=[0m170
[2m2026-09-15T06:32:34.151139Z[0m [32m INFO[0m [2mmidnight_bench[0m[2m:[0m [3mstage[0m[2m=[0m"trace.compute_instances.end" [3mrss_mb[0m[2m=[0m107 [3mhwm_mb[0m[2m=[0m170
[2m2026-09-15T06:32:34.151161Z[0m [32m INFO[0m [2mmidnight_bench[0m[2m:[0m [3mstage[0m[2m=[0m"trace.parse_advices.start" [3mrss_mb[0m[2m=[0m107 [3mhwm_mb[0m[2m=[0m170
[2m2026-09-15T06:32:34.156140Z[0m [32m INFO[0m [2mmidnight_bench[0m[2m:[0m [3mstage[0m[2m=[0m"trace.parse_advices.end" [3mrss_mb[0m[2m=[0m107 [3mhwm_mb[0m[2m=[0m170
[2m2026-09-15T06:32:34.156162Z[0m [32m INFO[0m [2mmidnight_bench[0m[2m:[0m [3mstage[0m[2m=[0m"trace.lookups_permuted.start" [3mrss_mb[0m[2m=[0m107 [3mhwm_mb[0m[2m=[0m170
[2m2026-09-15T06:32:34.200301Z[0m [32m INFO[0m [2mmidnight_bench[0m[2m:[0m [3mstage[0m[2m=[0m"trace.lookups_permuted.end" [3mrss_mb[0m[2m=[0m111 [3mhwm_mb[0m[2m=[0m170
[2m2026-09-15T06:32:34.200325Z[0m [32m INFO[0m [2mmidnight_bench[0m[2m:[0m [3mstage[0m[2m=[0m"trace.permutations_commit.start" [3mrss_mb[0m[2m=[0m111 [3mhwm_mb[0m[2m=[0m170
[2m2026-09-15T06:32:34.268922Z[0m [32m INFO[0m [2mmidnight_bench[0m[2m:[0m [3mstage[0m[2m=[0m"trace.permutations_commit.end" [3mrss_mb[0m[2m=[0m119 [3mhwm_mb[0m[2m=[0m170
[2m2026-09-15T06:32:34.268945Z[0m [32m INFO[0m [2mmidnight_bench[0m[2m:[0m [3mstage[0m[2m=[0m"trace.lookups_product.start" [3mrss_mb[0m[2m=[0m119 [3mhwm_mb[0m[2m=[0m170
[2m2026-09-15T06:32:34.317771Z[0m [32m INFO[0m [2mmidnight_bench[0m[2m:[0m [3mstage[0m[2m=[0m"trace.lookups_product.end" [3mrss_mb[0m[2m=[0m119 [3mhwm_mb[0m[2m=[0m170
[2m2026-09-15T06:32:34.340625Z[0m [32m INFO[0m [2mmidnight_bench[0m[2m:[0m [3mstage[0m[2m=[0m"create_proof.compute_trace.end" [3mrss_mb[0m[2m=[0m119 [3mhwm_mb[0m[2m=[0m170
[2m2026-09-15T06:32:34.340650Z[0m [32m INFO[0m [2mmidnight_bench[0m[2m:[0m [3mstage[0m[2m=[0m"create_proof.finalise_proof.start" [3mrss_mb[0m[2m=[0m119 [3mhwm_mb[0m[2m=[0m170
[2m2026-09-15T06:32:34.340658Z[0m [32m INFO[0m [2mmidnight_bench[0m[2m:[0m [3mstage[0m[2m=[0m"finalise.compute_h_poly.start" [3mrss_mb[0m[2m=[0m119 [3mhwm_mb[0m[2m=[0m170
[2m2026-09-15T06:32:34.340665Z[0m [32m INFO[0m [2mmidnight_bench[0m[2m:[0m [3mstage[0m[2m=[0m"finalise.compute_h_poly.spill_advice_cosets.start" [3mrss_mb[0m[2m=[0m119 [3mhwm_mb[0m[2m=[0m170
[2m2026-09-15T06:32:34.370694Z[0m [32m INFO[0m [2mmidnight_bench[0m[2m:[0m [3mstage[0m[2m=[0m"finalise.compute_h_poly.spill_advice_cosets.end" [3mrss_mb[0m[2m=[0m129 [3mhwm_mb[0m[2m=[0m170
[2m2026-09-15T06:32:34.370721Z[0m [32m INFO[0m [2mmidnight_bench[0m[2m:[0m [3mstage[0m[2m=[0m"finalise.compute_h_poly.spill_instance_cosets.start" [3mrss_mb[0m[2m=[0m129 [3mhwm_mb[0m[2m=[0m170
[2m2026-09-15T06:32:34.382948Z[0m [32m INFO[0m [2mmidnight_bench[0m[2m:[0m [3mstage[0m[2m=[0m"finalise.compute_h_poly.spill_instance_cosets.end" [3mrss_mb[0m[2m=[0m133 [3mhwm_mb[0m[2m=[0m170
[2m2026-09-15T06:32:34.382976Z[0m [32m INFO[0m [2mmidnight_bench[0m[2m:[0m [3mstage[0m[2m=[0m"finalise.compute_h_poly.spill_fixed_cosets.start" [3mrss_mb[0m[2m=[0m133 [3mhwm_mb[0m[2m=[0m170
[2m2026-09-15T06:32:34.490032Z[0m [32m INFO[0m [2mmidnight_bench[0m[2m:[0m [3mstage[0m[2m=[0m"finalise.compute_h_poly.spill_fixed_cosets.end" [3mrss_mb[0m[2m=[0m167 [3mhwm_mb[0m[2m=[0m170
[2m2026-09-15T06:32:34.490058Z[0m [32m INFO[0m [2mmidnight_bench[0m[2m:[0m [3mstage[0m[2m=[0m"finalise.compute_h_poly.spill_perm_cosets.start" [3mrss_mb[0m[2m=[0m167 [3mhwm_mb[0m[2m=[0m170
[2m2026-09-15T06:32:34.539814Z[0m [32m INFO[0m [2mmidnight_bench[0m[2m:[0m [3mstage[0m[2m=[0m"finalise.compute_h_poly.spill_perm_cosets.end" [3mrss_mb[0m[2m=[0m183 [3mhwm_mb[0m[2m=[0m183
[2m2026-09-15T06:32:34.664729Z[0m [32m INFO[0m [2mmidnight_bench[0m[2m:[0m [3mstage[0m[2m=[0m"finalise.compute_h_poly.drop_cosets.end" [3mrss_mb[0m[2m=[0m185 [3mhwm_mb[0m[2m=[0m185
[2m2026-09-15T06:32:34.668207Z[0m [32m INFO[0m [2mmidnight_bench[0m[2m:[0m [3mstage[0m[2m=[0m"finalise.compute_h_poly.end" [3mrss_mb[0m[2m=[0m121 [3mhwm_mb[0m[2m=[0m184
[2m2026-09-15T06:32:34.668226Z[0m [32m INFO[0m [2mmidnight_bench[0m[2m:[0m [3mstage[0m[2m=[0m"finalise.vanishing_construct.start" [3mrss_mb[0m[2m=[0m121 [3mhwm_mb[0m[2m=[0m184
[2m2026-09-15T06:32:34.758481Z[0m [32m INFO[0m [2mmidnight_bench[0m[2m:[0m [3mstage[0m[2m=[0m"finalise.vanishing_construct.end" [3mrss_mb[0m[2m=[0m121 [3mhwm_mb[0m[2m=[0m184
[2m2026-09-15T06:32:34.786088Z[0m [32m INFO[0m [2mmidnight_bench[0m[2m:[0m [3mstage[0m[2m=[0m"finalise.compute_queries.start" [3mrss_mb[0m[2m=[0m121 [3mhwm_mb[0m[2m=[0m184
[2m2026-09-15T06:32:34.786182Z[0m [32m INFO[0m [2mmidnight_bench[0m[2m:[0m [3mstage[0m[2m=[0m"finalise.multi_open.start" [3mrss_mb[0m[2m=[0m121 [3mhwm_mb[0m[2m=[0m184
[2m2026-09-15T06:32:34.874317Z[0m [32m INFO[0m [2mmidnight_bench[0m[2m:[0m [3mstage[0m[2m=[0m"finalise.multi_open.end" [3mrss_mb[0m[2m=[0m121 [3mhwm_mb[0m[2m=[0m184
[2m2026-09-15T06:32:34.874952Z[0m [32m INFO[0m [2mmidnight_bench[0m[2m:[0m [3mstage[0m[2m=[0m"create_proof.finalise_proof.end" [3mrss_mb[0m[2m=[0m107 [3mhwm_mb[0m[2m=[0m184
[2m2026-09-15T06:32:34.891384Z[0m [32m INFO[0m [2mactix_web::middleware::logger[0m[2m:[0m 192.168.65.1 POST /prove HTTP/1.1; took 0.817455s
[2m2026-09-15T06:32:34.892968Z[0m [32m INFO[0m [2mmidnight_proof_server::endpoints[0m[2m:[0m Starting to process request for /prove...
[2m2026-09-15T06:32:34.970699Z[0m [32m INFO[0m [2mmidnight_bench[0m[2m:[0m [3mstage[0m[2m=[0m"create_proof.compute_trace.start" [3mrss_mb[0m[2m=[0m111 [3mhwm_mb[0m[2m=[0m184
[2m2026-09-15T06:32:34.970727Z[0m [32m INFO[0m [2mmidnight_bench[0m[2m:[0m [3mstage[0m[2m=[0m"trace.compute_instances.start" [3mrss_mb[0m[2m=[0m111 [3mhwm_mb[0m[2m=[0m184
[2m2026-09-15T06:32:34.975984Z[0m [32m INFO[0m [2mmidnight_bench[0m[2m:[0m [3mstage[0m[2m=[0m"trace.compute_instances.end" [3mrss_mb[0m[2m=[0m111 [3mhwm_mb[0m[2m=[0m184
[2m2026-09-15T06:32:34.976005Z[0m [32m INFO[0m [2mmidnight_bench[0m[2m:[0m [3mstage[0m[2m=[0m"trace.parse_advices.start" [3mrss_mb[0m[2m=[0m111 [3mhwm_mb[0m[2m=[0m184
[2m2026-09-15T06:32:34.980902Z[0m [32m INFO[0m [2mmidnight_bench[0m[2m:[0m [3mstage[0m[2m=[0m"trace.parse_advices.end" [3mrss_mb[0m[2m=[0m111 [3mhwm_mb[0m[2m=[0m184
[2m2026-09-15T06:32:34.980924Z[0m [32m INFO[0m [2mmidnight_bench[0m[2m:[0m [3mstage[0m[2m=[0m"trace.lookups_permuted.start" [3mrss_mb[0m[2m=[0m111 [3mhwm_mb[0m[2m=[0m184
[2m2026-09-15T06:32:35.023586Z[0m [32m INFO[0m [2mmidnight_bench[0m[2m:[0m [3mstage[0m[2m=[0m"trace.lookups_permuted.end" [3mrss_mb[0m[2m=[0m115 [3mhwm_mb[0m[2m=[0m184
[2m2026-09-15T06:32:35.023611Z[0m [32m INFO[0m [2mmidnight_bench[0m[2m:[0m [3mstage[0m[2m=[0m"trace.permutations_commit.start" [3mrss_mb[0m[2m=[0m115 [3mhwm_mb[0m[2m=[0m184
[2m2026-09-15T06:32:35.095956Z[0m [32m INFO[0m [2mmidnight_bench[0m[2m:[0m [3mstage[0m[2m=[0m"trace.permutations_commit.end" [3mrss_mb[0m[2m=[0m123 [3mhwm_mb[0m[2m=[0m184
[2m2026-09-15T06:32:35.095983Z[0m [32m INFO[0m [2mmidnight_bench[0m[2m:[0m [3mstage[0m[2m=[0m"trace.lookups_product.start" [3mrss_mb[0m[2m=[0m123 [3mhwm_mb[0m[2m=[0m184
[2m2026-09-15T06:32:35.147389Z[0m [32m INFO[0m [2mmidnight_bench[0m[2m:[0m [3mstage[0m[2m=[0m"trace.lookups_product.end" [3mrss_mb[0m[2m=[0m123 [3mhwm_mb[0m[2m=[0m184
[2m2026-09-15T06:32:35.171057Z[0m [32m INFO[0m [2mmidnight_bench[0m[2m:[0m [3mstage[0m[2m=[0m"create_proof.compute_trace.end" [3mrss_mb[0m[2m=[0m123 [3mhwm_mb[0m[2m=[0m184
[2m2026-09-15T06:32:35.171079Z[0m [32m INFO[0m [2mmidnight_bench[0m[2m:[0m [3mstage[0m[2m=[0m"create_proof.finalise_proof.start" [3mrss_mb[0m[2m=[0m123 [3mhwm_mb[0m[2m=[0m184
[2m2026-09-15T06:32:35.171087Z[0m [32m INFO[0m [2mmidnight_bench[0m[2m:[0m [3mstage[0m[2m=[0m"finalise.compute_h_poly.start" [3mrss_mb[0m[2m=[0m123 [3mhwm_mb[0m[2m=[0m184
[2m2026-09-15T06:32:35.171094Z[0m [32m INFO[0m [2mmidnight_bench[0m[2m:[0m [3mstage[0m[2m=[0m"finalise.compute_h_poly.spill_advice_cosets.start" [3mrss_mb[0m[2m=[0m123 [3mhwm_mb[0m[2m=[0m184
[2m2026-09-15T06:32:35.202031Z[0m [32m INFO[0m [2mmidnight_bench[0m[2m:[0m [3mstage[0m[2m=[0m"finalise.compute_h_poly.spill_advice_cosets.end" [3mrss_mb[0m[2m=[0m133 [3mhwm_mb[0m[2m=[0m184
[2m2026-09-15T06:32:35.202068Z[0m [32m INFO[0m [2mmidnight_bench[0m[2m:[0m [3mstage[0m[2m=[0m"finalise.compute_h_poly.spill_instance_cosets.start" [3mrss_mb[0m[2m=[0m133 [3mhwm_mb[0m[2m=[0m184
[2m2026-09-15T06:32:35.213468Z[0m [32m INFO[0m [2mmidnight_bench[0m[2m:[0m [3mstage[0m[2m=[0m"finalise.compute_h_poly.spill_instance_cosets.end" [3mrss_mb[0m[2m=[0m137 [3mhwm_mb[0m[2m=[0m184
[2m2026-09-15T06:32:35.213488Z[0m [32m INFO[0m [2mmidnight_bench[0m[2m:[0m [3mstage[0m[2m=[0m"finalise.compute_h_poly.spill_fixed_cosets.start" [3mrss_mb[0m[2m=[0m137 [3mhwm_mb[0m[2m=[0m184
[2m2026-09-15T06:32:35.316922Z[0m [32m INFO[0m [2mmidnight_bench[0m[2m:[0m [3mstage[0m[2m=[0m"finalise.compute_h_poly.spill_fixed_cosets.end" [3mrss_mb[0m[2m=[0m171 [3mhwm_mb[0m[2m=[0m184
[2m2026-09-15T06:32:35.316949Z[0m [32m INFO[0m [2mmidnight_bench[0m[2m:[0m [3mstage[0m[2m=[0m"finalise.compute_h_poly.spill_perm_cosets.start" [3mrss_mb[0m[2m=[0m171 [3mhwm_mb[0m[2m=[0m184
[2m2026-09-15T06:32:35.364361Z[0m [32m INFO[0m [2mmidnight_bench[0m[2m:[0m [3mstage[0m[2m=[0m"finalise.compute_h_poly.spill_perm_cosets.end" [3mrss_mb[0m[2m=[0m187 [3mhwm_mb[0m[2m=[0m187
[2m2026-09-15T06:32:35.484844Z[0m [32m INFO[0m [2mmidnight_bench[0m[2m:[0m [3mstage[0m[2m=[0m"finalise.compute_h_poly.drop_cosets.end" [3mrss_mb[0m[2m=[0m189 [3mhwm_mb[0m[2m=[0m189
[2m2026-09-15T06:32:35.489524Z[0m [32m INFO[0m [2mmidnight_bench[0m[2m:[0m [3mstage[0m[2m=[0m"finalise.compute_h_poly.end" [3mrss_mb[0m[2m=[0m125 [3mhwm_mb[0m[2m=[0m188
[2m2026-09-15T06:32:35.489554Z[0m [32m INFO[0m [2mmidnight_bench[0m[2m:[0m [3mstage[0m[2m=[0m"finalise.vanishing_construct.start" [3mrss_mb[0m[2m=[0m125 [3mhwm_mb[0m[2m=[0m188
[2m2026-09-15T06:32:35.582512Z[0m [32m INFO[0m [2mmidnight_bench[0m[2m:[0m [3mstage[0m[2m=[0m"finalise.vanishing_construct.end" [3mrss_mb[0m[2m=[0m125 [3mhwm_mb[0m[2m=[0m188
[2m2026-09-15T06:32:35.609091Z[0m [32m INFO[0m [2mmidnight_bench[0m[2m:[0m [3mstage[0m[2m=[0m"finalise.compute_queries.start" [3mrss_mb[0m[2m=[0m125 [3mhwm_mb[0m[2m=[0m188
[2m2026-09-15T06:32:35.609181Z[0m [32m INFO[0m [2mmidnight_bench[0m[2m:[0m [3mstage[0m[2m=[0m"finalise.multi_open.start" [3mrss_mb[0m[2m=[0m125 [3mhwm_mb[0m[2m=[0m188
[2m2026-09-15T06:32:35.699874Z[0m [32m INFO[0m [2mmidnight_bench[0m[2m:[0m [3mstage[0m[2m=[0m"finalise.multi_open.end" [3mrss_mb[0m[2m=[0m125 [3mhwm_mb[0m[2m=[0m188
[2m2026-09-15T06:32:35.700369Z[0m [32m INFO[0m [2mmidnight_bench[0m[2m:[0m [3mstage[0m[2m=[0m"create_proof.finalise_proof.end" [3mrss_mb[0m[2m=[0m111 [3mhwm_mb[0m[2m=[0m188
[2m2026-09-15T06:32:35.716534Z[0m [32m INFO[0m [2mactix_web::middleware::logger[0m[2m:[0m 192.168.65.1 POST /prove HTTP/1.1; took 0.823584s
[2m2026-09-15T06:32:35.718401Z[0m [32m INFO[0m [2mmidnight_proof_server::endpoints[0m[2m:[0m Starting to process request for /prove...
[2m2026-09-15T06:32:35.790566Z[0m [32m INFO[0m [2mmidnight_bench[0m[2m:[0m [3mstage[0m[2m=[0m"create_proof.compute_trace.start" [3mrss_mb[0m[2m=[0m109 [3mhwm_mb[0m[2m=[0m188
[2m2026-09-15T06:32:35.790595Z[0m [32m INFO[0m [2mmidnight_bench[0m[2m:[0m [3mstage[0m[2m=[0m"trace.compute_instances.start" [3mrss_mb[0m[2m=[0m109 [3mhwm_mb[0m[2m=[0m188
[2m2026-09-15T06:32:35.795501Z[0m [32m INFO[0m [2mmidnight_bench[0m[2m:[0m [3mstage[0m[2m=[0m"trace.compute_instances.end" [3mrss_mb[0m[2m=[0m109 [3mhwm_mb[0m[2m=[0m188
[2m2026-09-15T06:32:35.795518Z[0m [32m INFO[0m [2mmidnight_bench[0m[2m:[0m [3mstage[0m[2m=[0m"trace.parse_advices.start" [3mrss_mb[0m[2m=[0m109 [3mhwm_mb[0m[2m=[0m188
[2m2026-09-15T06:32:35.800597Z[0m [32m INFO[0m [2mmidnight_bench[0m[2m:[0m [3mstage[0m[2m=[0m"trace.parse_advices.end" [3mrss_mb[0m[2m=[0m109 [3mhwm_mb[0m[2m=[0m188
[2m2026-09-15T06:32:35.800623Z[0m [32m INFO[0m [2mmidnight_bench[0m[2m:[0m [3mstage[0m[2m=[0m"trace.lookups_permuted.start" [3mrss_mb[0m[2m=[0m109 [3mhwm_mb[0m[2m=[0m188
[2m2026-09-15T06:32:35.843858Z[0m [32m INFO[0m [2mmidnight_bench[0m[2m:[0m [3mstage[0m[2m=[0m"trace.lookups_permuted.end" [3mrss_mb[0m[2m=[0m114 [3mhwm_mb[0m[2m=[0m188
[2m2026-09-15T06:32:35.843893Z[0m [32m INFO[0m [2mmidnight_bench[0m[2m:[0m [3mstage[0m[2m=[0m"trace.permutations_commit.start" [3mrss_mb[0m[2m=[0m114 [3mhwm_mb[0m[2m=[0m188
[2m2026-09-15T06:32:35.912829Z[0m [32m INFO[0m [2mmidnight_bench[0m[2m:[0m [3mstage[0m[2m=[0m"trace.permutations_commit.end" [3mrss_mb[0m[2m=[0m121 [3mhwm_mb[0m[2m=[0m188
[2m2026-09-15T06:32:35.912856Z[0m [32m INFO[0m [2mmidnight_bench[0m[2m:[0m [3mstage[0m[2m=[0m"trace.lookups_product.start" [3mrss_mb[0m[2m=[0m121 [3mhwm_mb[0m[2m=[0m188
[2m2026-09-15T06:32:35.960860Z[0m [32m INFO[0m [2mmidnight_bench[0m[2m:[0m [3mstage[0m[2m=[0m"trace.lookups_product.end" [3mrss_mb[0m[2m=[0m122 [3mhwm_mb[0m[2m=[0m188
[2m2026-09-15T06:32:35.984920Z[0m [32m INFO[0m [2mmidnight_bench[0m[2m:[0m [3mstage[0m[2m=[0m"create_proof.compute_trace.end" [3mrss_mb[0m[2m=[0m122 [3mhwm_mb[0m[2m=[0m188
[2m2026-09-15T06:32:35.984949Z[0m [32m INFO[0m [2mmidnight_bench[0m[2m:[0m [3mstage[0m[2m=[0m"create_proof.finalise_proof.start" [3mrss_mb[0m[2m=[0m122 [3mhwm_mb[0m[2m=[0m188
[2m2026-09-15T06:32:35.984957Z[0m [32m INFO[0m [2mmidnight_bench[0m[2m:[0m [3mstage[0m[2m=[0m"finalise.compute_h_poly.start" [3mrss_mb[0m[2m=[0m122 [3mhwm_mb[0m[2m=[0m188
[2m2026-09-15T06:32:35.984965Z[0m [32m INFO[0m [2mmidnight_bench[0m[2m:[0m [3mstage[0m[2m=[0m"finalise.compute_h_poly.spill_advice_cosets.start" [3mrss_mb[0m[2m=[0m122 [3mhwm_mb[0m[2m=[0m188
[2m2026-09-15T06:32:36.012876Z[0m [32m INFO[0m [2mmidnight_bench[0m[2m:[0m [3mstage[0m[2m=[0m"finalise.compute_h_poly.spill_advice_cosets.end" [3mrss_mb[0m[2m=[0m132 [3mhwm_mb[0m[2m=[0m188
[2m2026-09-15T06:32:36.012907Z[0m [32m INFO[0m [2mmidnight_bench[0m[2m:[0m [3mstage[0m[2m=[0m"finalise.compute_h_poly.spill_instance_cosets.start" [3mrss_mb[0m[2m=[0m132 [3mhwm_mb[0m[2m=[0m188
[2m2026-09-15T06:32:36.024560Z[0m [32m INFO[0m [2mmidnight_bench[0m[2m:[0m [3mstage[0m[2m=[0m"finalise.compute_h_poly.spill_instance_cosets.end" [3mrss_mb[0m[2m=[0m136 [3mhwm_mb[0m[2m=[0m188
[2m2026-09-15T06:32:36.024577Z[0m [32m INFO[0m [2mmidnight_bench[0m[2m:[0m [3mstage[0m[2m=[0m"finalise.compute_h_poly.spill_fixed_cosets.start" [3mrss_mb[0m[2m=[0m136 [3mhwm_mb[0m[2m=[0m188
[2m2026-09-15T06:32:36.118899Z[0m [32m INFO[0m [2mmidnight_bench[0m[2m:[0m [3mstage[0m[2m=[0m"finalise.compute_h_poly.spill_fixed_cosets.end" [3mrss_mb[0m[2m=[0m170 [3mhwm_mb[0m[2m=[0m188
[2m2026-09-15T06:32:36.118925Z[0m [32m INFO[0m [2mmidnight_bench[0m[2m:[0m [3mstage[0m[2m=[0m"finalise.compute_h_poly.spill_perm_cosets.start" [3mrss_mb[0m[2m=[0m170 [3mhwm_mb[0m[2m=[0m188
[2m2026-09-15T06:32:36.168752Z[0m [32m INFO[0m [2mmidnight_bench[0m[2m:[0m [3mstage[0m[2m=[0m"finalise.compute_h_poly.spill_perm_cosets.end" [3mrss_mb[0m[2m=[0m186 [3mhwm_mb[0m[2m=[0m188
[2m2026-09-15T06:32:36.297971Z[0m [32m INFO[0m [2mmidnight_bench[0m[2m:[0m [3mstage[0m[2m=[0m"finalise.compute_h_poly.drop_cosets.end" [3mrss_mb[0m[2m=[0m187 [3mhwm_mb[0m[2m=[0m188
[2m2026-09-15T06:32:36.301616Z[0m [32m INFO[0m [2mmidnight_bench[0m[2m:[0m [3mstage[0m[2m=[0m"finalise.compute_h_poly.end" [3mrss_mb[0m[2m=[0m123 [3mhwm_mb[0m[2m=[0m188
[2m2026-09-15T06:32:36.301638Z[0m [32m INFO[0m [2mmidnight_bench[0m[2m:[0m [3mstage[0m[2m=[0m"finalise.vanishing_construct.start" [3mrss_mb[0m[2m=[0m123 [3mhwm_mb[0m[2m=[0m188
[2m2026-09-15T06:32:36.391536Z[0m [32m INFO[0m [2mmidnight_bench[0m[2m:[0m [3mstage[0m[2m=[0m"finalise.vanishing_construct.end" [3mrss_mb[0m[2m=[0m123 [3mhwm_mb[0m[2m=[0m188
[2m2026-09-15T06:32:36.430536Z[0m [32m INFO[0m [2mmidnight_bench[0m[2m:[0m [3mstage[0m[2m=[0m"finalise.compute_queries.start" [3mrss_mb[0m[2m=[0m123 [3mhwm_mb[0m[2m=[0m188
[2m2026-09-15T06:32:36.430630Z[0m [32m INFO[0m [2mmidnight_bench[0m[2m:[0m [3mstage[0m[2m=[0m"finalise.multi_open.start" [3mrss_mb[0m[2m=[0m123 [3mhwm_mb[0m[2m=[0m188
[2m2026-09-15T06:32:36.514700Z[0m [32m INFO[0m [2mmidnight_bench[0m[2m:[0m [3mstage[0m[2m=[0m"finalise.multi_open.end" [3mrss_mb[0m[2m=[0m124 [3mhwm_mb[0m[2m=[0m188
[2m2026-09-15T06:32:36.515213Z[0m [32m INFO[0m [2mmidnight_bench[0m[2m:[0m [3mstage[0m[2m=[0m"create_proof.finalise_proof.end" [3mrss_mb[0m[2m=[0m110 [3mhwm_mb[0m[2m=[0m188
[2m2026-09-15T06:32:36.530362Z[0m [32m INFO[0m [2mactix_web::middleware::logger[0m[2m:[0m 192.168.65.1 POST /prove HTTP/1.1; took 0.811978s
[2m2026-09-15T06:32:36.532493Z[0m [32m INFO[0m [2mmidnight_proof_server::endpoints[0m[2m:[0m Starting to process request for /prove...
[2m2026-09-15T06:32:36.606069Z[0m [32m INFO[0m [2mmidnight_bench[0m[2m:[0m [3mstage[0m[2m=[0m"create_proof.compute_trace.start" [3mrss_mb[0m[2m=[0m109 [3mhwm_mb[0m[2m=[0m188
[2m2026-09-15T06:32:36.606097Z[0m [32m INFO[0m [2mmidnight_bench[0m[2m:[0m [3mstage[0m[2m=[0m"trace.compute_instances.start" [3mrss_mb[0m[2m=[0m109 [3mhwm_mb[0m[2m=[0m188
[2m2026-09-15T06:32:36.610935Z[0m [32m INFO[0m [2mmidnight_bench[0m[2m:[0m [3mstage[0m[2m=[0m"trace.compute_instances.end" [3mrss_mb[0m[2m=[0m109 [3mhwm_mb[0m[2m=[0m188
[2m2026-09-15T06:32:36.610953Z[0m [32m INFO[0m [2mmidnight_bench[0m[2m:[0m [3mstage[0m[2m=[0m"trace.parse_advices.start" [3mrss_mb[0m[2m=[0m109 [3mhwm_mb[0m[2m=[0m188
[2m2026-09-15T06:32:36.616554Z[0m [32m INFO[0m [2mmidnight_bench[0m[2m:[0m [3mstage[0m[2m=[0m"trace.parse_advices.end" [3mrss_mb[0m[2m=[0m109 [3mhwm_mb[0m[2m=[0m188
[2m2026-09-15T06:32:36.616579Z[0m [32m INFO[0m [2mmidnight_bench[0m[2m:[0m [3mstage[0m[2m=[0m"trace.lookups_permuted.start" [3mrss_mb[0m[2m=[0m109 [3mhwm_mb[0m[2m=[0m188
[2m2026-09-15T06:32:36.660757Z[0m [32m INFO[0m [2mmidnight_bench[0m[2m:[0m [3mstage[0m[2m=[0m"trace.lookups_permuted.end" [3mrss_mb[0m[2m=[0m113 [3mhwm_mb[0m[2m=[0m188
[2m2026-09-15T06:32:36.660796Z[0m [32m INFO[0m [2mmidnight_bench[0m[2m:[0m [3mstage[0m[2m=[0m"trace.permutations_commit.start" [3mrss_mb[0m[2m=[0m113 [3mhwm_mb[0m[2m=[0m188
[2m2026-09-15T06:32:36.725150Z[0m [32m INFO[0m [2mmidnight_bench[0m[2m:[0m [3mstage[0m[2m=[0m"trace.permutations_commit.end" [3mrss_mb[0m[2m=[0m121 [3mhwm_mb[0m[2m=[0m188
[2m2026-09-15T06:32:36.725181Z[0m [32m INFO[0m [2mmidnight_bench[0m[2m:[0m [3mstage[0m[2m=[0m"trace.lookups_product.start" [3mrss_mb[0m[2m=[0m121 [3mhwm_mb[0m[2m=[0m188
[2m2026-09-15T06:32:36.775866Z[0m [32m INFO[0m [2mmidnight_bench[0m[2m:[0m [3mstage[0m[2m=[0m"trace.lookups_product.end" [3mrss_mb[0m[2m=[0m121 [3mhwm_mb[0m[2m=[0m188
[2m2026-09-15T06:32:36.802183Z[0m [32m INFO[0m [2mmidnight_bench[0m[2m:[0m [3mstage[0m[2m=[0m"create_proof.compute_trace.end" [3mrss_mb[0m[2m=[0m122 [3mhwm_mb[0m[2m=[0m188
[2m2026-09-15T06:32:36.802209Z[0m [32m INFO[0m [2mmidnight_bench[0m[2m:[0m [3mstage[0m[2m=[0m"create_proof.finalise_proof.start" [3mrss_mb[0m[2m=[0m122 [3mhwm_mb[0m[2m=[0m188
[2m2026-09-15T06:32:36.802218Z[0m [32m INFO[0m [2mmidnight_bench[0m[2m:[0m [3mstage[0m[2m=[0m"finalise.compute_h_poly.start" [3mrss_mb[0m[2m=[0m122 [3mhwm_mb[0m[2m=[0m188
[2m2026-09-15T06:32:36.802226Z[0m [32m INFO[0m [2mmidnight_bench[0m[2m:[0m [3mstage[0m[2m=[0m"finalise.compute_h_poly.spill_advice_cosets.start" [3mrss_mb[0m[2m=[0m122 [3mhwm_mb[0m[2m=[0m188
[2m2026-09-15T06:32:36.833909Z[0m [32m INFO[0m [2mmidnight_bench[0m[2m:[0m [3mstage[0m[2m=[0m"finalise.compute_h_poly.spill_advice_cosets.end" [3mrss_mb[0m[2m=[0m132 [3mhwm_mb[0m[2m=[0m188
[2m2026-09-15T06:32:36.833937Z[0m [32m INFO[0m [2mmidnight_bench[0m[2m:[0m [3mstage[0m[2m=[0m"finalise.compute_h_poly.spill_instance_cosets.start" [3mrss_mb[0m[2m=[0m132 [3mhwm_mb[0m[2m=[0m188
[2m2026-09-15T06:32:36.846042Z[0m [32m INFO[0m [2mmidnight_bench[0m[2m:[0m [3mstage[0m[2m=[0m"finalise.compute_h_poly.spill_instance_cosets.end" [3mrss_mb[0m[2m=[0m136 [3mhwm_mb[0m[2m=[0m188
[2m2026-09-15T06:32:36.846073Z[0m [32m INFO[0m [2mmidnight_bench[0m[2m:[0m [3mstage[0m[2m=[0m"finalise.compute_h_poly.spill_fixed_cosets.start" [3mrss_mb[0m[2m=[0m136 [3mhwm_mb[0m[2m=[0m188
[2m2026-09-15T06:32:36.950528Z[0m [32m INFO[0m [2mmidnight_bench[0m[2m:[0m [3mstage[0m[2m=[0m"finalise.compute_h_poly.spill_fixed_cosets.end" [3mrss_mb[0m[2m=[0m170 [3mhwm_mb[0m[2m=[0m188
[2m2026-09-15T06:32:36.950555Z[0m [32m INFO[0m [2mmidnight_bench[0m[2m:[0m [3mstage[0m[2m=[0m"finalise.compute_h_poly.spill_perm_cosets.start" [3mrss_mb[0m[2m=[0m170 [3mhwm_mb[0m[2m=[0m188
[2m2026-09-15T06:32:37.000751Z[0m [32m INFO[0m [2mmidnight_bench[0m[2m:[0m [3mstage[0m[2m=[0m"finalise.compute_h_poly.spill_perm_cosets.end" [3mrss_mb[0m[2m=[0m186 [3mhwm_mb[0m[2m=[0m188
[2m2026-09-15T06:32:37.125682Z[0m [32m INFO[0m [2mmidnight_bench[0m[2m:[0m [3mstage[0m[2m=[0m"finalise.compute_h_poly.drop_cosets.end" [3mrss_mb[0m[2m=[0m187 [3mhwm_mb[0m[2m=[0m188
[2m2026-09-15T06:32:37.129021Z[0m [32m INFO[0m [2mmidnight_bench[0m[2m:[0m [3mstage[0m[2m=[0m"finalise.compute_h_poly.end" [3mrss_mb[0m[2m=[0m123 [3mhwm_mb[0m[2m=[0m188
[2m2026-09-15T06:32:37.129040Z[0m [32m INFO[0m [2mmidnight_bench[0m[2m:[0m [3mstage[0m[2m=[0m"finalise.vanishing_construct.start" [3mrss_mb[0m[2m=[0m123 [3mhwm_mb[0m[2m=[0m188
[2m2026-09-15T06:32:37.216264Z[0m [32m INFO[0m [2mmidnight_bench[0m[2m:[0m [3mstage[0m[2m=[0m"finalise.vanishing_construct.end" [3mrss_mb[0m[2m=[0m123 [3mhwm_mb[0m[2m=[0m188
[2m2026-09-15T06:32:37.245963Z[0m [32m INFO[0m [2mmidnight_bench[0m[2m:[0m [3mstage[0m[2m=[0m"finalise.compute_queries.start" [3mrss_mb[0m[2m=[0m123 [3mhwm_mb[0m[2m=[0m188
[2m2026-09-15T06:32:37.246054Z[0m [32m INFO[0m [2mmidnight_bench[0m[2m:[0m [3mstage[0m[2m=[0m"finalise.multi_open.start" [3mrss_mb[0m[2m=[0m123 [3mhwm_mb[0m[2m=[0m188
[2m2026-09-15T06:32:37.333775Z[0m [32m INFO[0m [2mmidnight_bench[0m[2m:[0m [3mstage[0m[2m=[0m"finalise.multi_open.end" [3mrss_mb[0m[2m=[0m123 [3mhwm_mb[0m[2m=[0m188
[2m2026-09-15T06:32:37.334284Z[0m [32m INFO[0m [2mmidnight_bench[0m[2m:[0m [3mstage[0m[2m=[0m"create_proof.finalise_proof.end" [3mrss_mb[0m[2m=[0m109 [3mhwm_mb[0m[2m=[0m188
[2m2026-09-15T06:32:37.350243Z[0m [32m INFO[0m [2mactix_web::middleware::logger[0m[2m:[0m 192.168.65.1 POST /prove HTTP/1.1; took 0.817769s
[2m2026-09-15T06:32:37.352399Z[0m [32m INFO[0m [2mmidnight_proof_server::endpoints[0m[2m:[0m Starting to process request for /prove...
[2m2026-09-15T06:32:37.424257Z[0m [32m INFO[0m [2mmidnight_bench[0m[2m:[0m [3mstage[0m[2m=[0m"create_proof.compute_trace.start" [3mrss_mb[0m[2m=[0m123 [3mhwm_mb[0m[2m=[0m188
[2m2026-09-15T06:32:37.424311Z[0m [32m INFO[0m [2mmidnight_bench[0m[2m:[0m [3mstage[0m[2m=[0m"trace.compute_instances.start" [3mrss_mb[0m[2m=[0m123 [3mhwm_mb[0m[2m=[0m188
[2m2026-09-15T06:32:37.427797Z[0m [32m INFO[0m [2mmidnight_bench[0m[2m:[0m [3mstage[0m[2m=[0m"trace.compute_instances.end" [3mrss_mb[0m[2m=[0m123 [3mhwm_mb[0m[2m=[0m188
[2m2026-09-15T06:32:37.427820Z[0m [32m INFO[0m [2mmidnight_bench[0m[2m:[0m [3mstage[0m[2m=[0m"trace.parse_advices.start" [3mrss_mb[0m[2m=[0m123 [3mhwm_mb[0m[2m=[0m188
[2m2026-09-15T06:32:37.432824Z[0m [32m INFO[0m [2mmidnight_bench[0m[2m:[0m [3mstage[0m[2m=[0m"trace.parse_advices.end" [3mrss_mb[0m[2m=[0m123 [3mhwm_mb[0m[2m=[0m188
[2m2026-09-15T06:32:37.432845Z[0m [32m INFO[0m [2mmidnight_bench[0m[2m:[0m [3mstage[0m[2m=[0m"trace.lookups_permuted.start" [3mrss_mb[0m[2m=[0m123 [3mhwm_mb[0m[2m=[0m188
[2m2026-09-15T06:32:37.476060Z[0m [32m INFO[0m [2mmidnight_bench[0m[2m:[0m [3mstage[0m[2m=[0m"trace.lookups_permuted.end" [3mrss_mb[0m[2m=[0m127 [3mhwm_mb[0m[2m=[0m188
[2m2026-09-15T06:32:37.476082Z[0m [32m INFO[0m [2mmidnight_bench[0m[2m:[0m [3mstage[0m[2m=[0m"trace.permutations_commit.start" [3mrss_mb[0m[2m=[0m127 [3mhwm_mb[0m[2m=[0m188
[2m2026-09-15T06:32:37.544444Z[0m [32m INFO[0m [2mmidnight_bench[0m[2m:[0m [3mstage[0m[2m=[0m"trace.permutations_commit.end" [3mrss_mb[0m[2m=[0m135 [3mhwm_mb[0m[2m=[0m188
[2m2026-09-15T06:32:37.544471Z[0m [32m INFO[0m [2mmidnight_bench[0m[2m:[0m [3mstage[0m[2m=[0m"trace.lookups_product.start" [3mrss_mb[0m[2m=[0m135 [3mhwm_mb[0m[2m=[0m188
[2m2026-09-15T06:32:37.593138Z[0m [32m INFO[0m [2mmidnight_bench[0m[2m:[0m [3mstage[0m[2m=[0m"trace.lookups_product.end" [3mrss_mb[0m[2m=[0m136 [3mhwm_mb[0m[2m=[0m188
[2m2026-09-15T06:32:37.619018Z[0m [32m INFO[0m [2mmidnight_bench[0m[2m:[0m [3mstage[0m[2m=[0m"create_proof.compute_trace.end" [3mrss_mb[0m[2m=[0m136 [3mhwm_mb[0m[2m=[0m188
[2m2026-09-15T06:32:37.619041Z[0m [32m INFO[0m [2mmidnight_bench[0m[2m:[0m [3mstage[0m[2m=[0m"create_proof.finalise_proof.start" [3mrss_mb[0m[2m=[0m136 [3mhwm_mb[0m[2m=[0m188
[2m2026-09-15T06:32:37.619050Z[0m [32m INFO[0m [2mmidnight_bench[0m[2m:[0m [3mstage[0m[2m=[0m"finalise.compute_h_poly.start" [3mrss_mb[0m[2m=[0m136 [3mhwm_mb[0m[2m=[0m188
[2m2026-09-15T06:32:37.619058Z[0m [32m INFO[0m [2mmidnight_bench[0m[2m:[0m [3mstage[0m[2m=[0m"finalise.compute_h_poly.spill_advice_cosets.start" [3mrss_mb[0m[2m=[0m136 [3mhwm_mb[0m[2m=[0m188
[2m2026-09-15T06:32:37.650966Z[0m [32m INFO[0m [2mmidnight_bench[0m[2m:[0m [3mstage[0m[2m=[0m"finalise.compute_h_poly.spill_advice_cosets.end" [3mrss_mb[0m[2m=[0m146 [3mhwm_mb[0m[2m=[0m188
[2m2026-09-15T06:32:37.650992Z[0m [32m INFO[0m [2mmidnight_bench[0m[2m:[0m [3mstage[0m[2m=[0m"finalise.compute_h_poly.spill_instance_cosets.start" [3mrss_mb[0m[2m=[0m146 [3mhwm_mb[0m[2m=[0m188
[2m2026-09-15T06:32:37.661944Z[0m [32m INFO[0m [2mmidnight_bench[0m[2m:[0m [3mstage[0m[2m=[0m"finalise.compute_h_poly.spill_instance_cosets.end" [3mrss_mb[0m[2m=[0m150 [3mhwm_mb[0m[2m=[0m188
[2m2026-09-15T06:32:37.661961Z[0m [32m INFO[0m [2mmidnight_bench[0m[2m:[0m [3mstage[0m[2m=[0m"finalise.compute_h_poly.spill_fixed_cosets.start" [3mrss_mb[0m[2m=[0m150 [3mhwm_mb[0m[2m=[0m188
[2m2026-09-15T06:32:37.760672Z[0m [32m INFO[0m [2mmidnight_bench[0m[2m:[0m [3mstage[0m[2m=[0m"finalise.compute_h_poly.spill_fixed_cosets.end" [3mrss_mb[0m[2m=[0m184 [3mhwm_mb[0m[2m=[0m188
[2m2026-09-15T06:32:37.760700Z[0m [32m INFO[0m [2mmidnight_bench[0m[2m:[0m [3mstage[0m[2m=[0m"finalise.compute_h_poly.spill_perm_cosets.start" [3mrss_mb[0m[2m=[0m184 [3mhwm_mb[0m[2m=[0m188
[2m2026-09-15T06:32:37.810462Z[0m [32m INFO[0m [2mmidnight_bench[0m[2m:[0m [3mstage[0m[2m=[0m"finalise.compute_h_poly.spill_perm_cosets.end" [3mrss_mb[0m[2m=[0m200 [3mhwm_mb[0m[2m=[0m200
[2m2026-09-15T06:32:37.946658Z[0m [32m INFO[0m [2mmidnight_bench[0m[2m:[0m [3mstage[0m[2m=[0m"finalise.compute_h_poly.drop_cosets.end" [3mrss_mb[0m[2m=[0m200 [3mhwm_mb[0m[2m=[0m200
[2m2026-09-15T06:32:37.949861Z[0m [32m INFO[0m [2mmidnight_bench[0m[2m:[0m [3mstage[0m[2m=[0m"finalise.compute_h_poly.end" [3mrss_mb[0m[2m=[0m136 [3mhwm_mb[0m[2m=[0m199
[2m2026-09-15T06:32:37.949878Z[0m [32m INFO[0m [2mmidnight_bench[0m[2m:[0m [3mstage[0m[2m=[0m"finalise.vanishing_construct.start" [3mrss_mb[0m[2m=[0m136 [3mhwm_mb[0m[2m=[0m199
[2m2026-09-15T06:32:38.035889Z[0m [32m INFO[0m [2mmidnight_bench[0m[2m:[0m [3mstage[0m[2m=[0m"finalise.vanishing_construct.end" [3mrss_mb[0m[2m=[0m137 [3mhwm_mb[0m[2m=[0m199
[2m2026-09-15T06:32:38.062190Z[0m [32m INFO[0m [2mmidnight_bench[0m[2m:[0m [3mstage[0m[2m=[0m"finalise.compute_queries.start" [3mrss_mb[0m[2m=[0m137 [3mhwm_mb[0m[2m=[0m199
[2m2026-09-15T06:32:38.062284Z[0m [32m INFO[0m [2mmidnight_bench[0m[2m:[0m [3mstage[0m[2m=[0m"finalise.multi_open.start" [3mrss_mb[0m[2m=[0m137 [3mhwm_mb[0m[2m=[0m199
[2m2026-09-15T06:32:38.151519Z[0m [32m INFO[0m [2mmidnight_bench[0m[2m:[0m [3mstage[0m[2m=[0m"finalise.multi_open.end" [3mrss_mb[0m[2m=[0m137 [3mhwm_mb[0m[2m=[0m199
[2m2026-09-15T06:32:38.152090Z[0m [32m INFO[0m [2mmidnight_bench[0m[2m:[0m [3mstage[0m[2m=[0m"create_proof.finalise_proof.end" [3mrss_mb[0m[2m=[0m122 [3mhwm_mb[0m[2m=[0m199
[2m2026-09-15T06:32:38.168138Z[0m [32m INFO[0m [2mactix_web::middleware::logger[0m[2m:[0m 192.168.65.1 POST /prove HTTP/1.1; took 0.815758s
[2m2026-09-15T06:32:38.169573Z[0m [32m INFO[0m [2mmidnight_proof_server::endpoints[0m[2m:[0m Starting to process request for /prove...
[2m2026-09-15T06:32:38.242795Z[0m [32m INFO[0m [2mmidnight_bench[0m[2m:[0m [3mstage[0m[2m=[0m"create_proof.compute_trace.start" [3mrss_mb[0m[2m=[0m121 [3mhwm_mb[0m[2m=[0m199
[2m2026-09-15T06:32:38.242824Z[0m [32m INFO[0m [2mmidnight_bench[0m[2m:[0m [3mstage[0m[2m=[0m"trace.compute_instances.start" [3mrss_mb[0m[2m=[0m121 [3mhwm_mb[0m[2m=[0m199
[2m2026-09-15T06:32:38.247172Z[0m [32m INFO[0m [2mmidnight_bench[0m[2m:[0m [3mstage[0m[2m=[0m"trace.compute_instances.end" [3mrss_mb[0m[2m=[0m121 [3mhwm_mb[0m[2m=[0m199
[2m2026-09-15T06:32:38.247190Z[0m [32m INFO[0m [2mmidnight_bench[0m[2m:[0m [3mstage[0m[2m=[0m"trace.parse_advices.start" [3mrss_mb[0m[2m=[0m121 [3mhwm_mb[0m[2m=[0m199
[2m2026-09-15T06:32:38.252623Z[0m [32m INFO[0m [2mmidnight_bench[0m[2m:[0m [3mstage[0m[2m=[0m"trace.parse_advices.end" [3mrss_mb[0m[2m=[0m122 [3mhwm_mb[0m[2m=[0m199
[2m2026-09-15T06:32:38.252644Z[0m [32m INFO[0m [2mmidnight_bench[0m[2m:[0m [3mstage[0m[2m=[0m"trace.lookups_permuted.start" [3mrss_mb[0m[2m=[0m122 [3mhwm_mb[0m[2m=[0m199
[2m2026-09-15T06:32:38.295140Z[0m [32m INFO[0m [2mmidnight_bench[0m[2m:[0m [3mstage[0m[2m=[0m"trace.lookups_permuted.end" [3mrss_mb[0m[2m=[0m126 [3mhwm_mb[0m[2m=[0m199
[2m2026-09-15T06:32:38.295168Z[0m [32m INFO[0m [2mmidnight_bench[0m[2m:[0m [3mstage[0m[2m=[0m"trace.permutations_commit.start" [3mrss_mb[0m[2m=[0m126 [3mhwm_mb[0m[2m=[0m199
[2m2026-09-15T06:32:38.362952Z[0m [32m INFO[0m [2mmidnight_bench[0m[2m:[0m [3mstage[0m[2m=[0m"trace.permutations_commit.end" [3mrss_mb[0m[2m=[0m134 [3mhwm_mb[0m[2m=[0m199
[2m2026-09-15T06:32:38.362982Z[0m [32m INFO[0m [2mmidnight_bench[0m[2m:[0m [3mstage[0m[2m=[0m"trace.lookups_product.start" [3mrss_mb[0m[2m=[0m134 [3mhwm_mb[0m[2m=[0m199
[2m2026-09-15T06:32:38.411239Z[0m [32m INFO[0m [2mmidnight_bench[0m[2m:[0m [3mstage[0m[2m=[0m"trace.lookups_product.end" [3mrss_mb[0m[2m=[0m134 [3mhwm_mb[0m[2m=[0m199
[2m2026-09-15T06:32:38.436657Z[0m [32m INFO[0m [2mmidnight_bench[0m[2m:[0m [3mstage[0m[2m=[0m"create_proof.compute_trace.end" [3mrss_mb[0m[2m=[0m135 [3mhwm_mb[0m[2m=[0m199
[2m2026-09-15T06:32:38.436683Z[0m [32m INFO[0m [2mmidnight_bench[0m[2m:[0m [3mstage[0m[2m=[0m"create_proof.finalise_proof.start" [3mrss_mb[0m[2m=[0m135 [3mhwm_mb[0m[2m=[0m199
[2m2026-09-15T06:32:38.436693Z[0m [32m INFO[0m [2mmidnight_bench[0m[2m:[0m [3mstage[0m[2m=[0m"finalise.compute_h_poly.start" [3mrss_mb[0m[2m=[0m135 [3mhwm_mb[0m[2m=[0m199
[2m2026-09-15T06:32:38.436700Z[0m [32m INFO[0m [2mmidnight_bench[0m[2m:[0m [3mstage[0m[2m=[0m"finalise.compute_h_poly.spill_advice_cosets.start" [3mrss_mb[0m[2m=[0m135 [3mhwm_mb[0m[2m=[0m199
[2m2026-09-15T06:32:38.466272Z[0m [32m INFO[0m [2mmidnight_bench[0m[2m:[0m [3mstage[0m[2m=[0m"finalise.compute_h_poly.spill_advice_cosets.end" [3mrss_mb[0m[2m=[0m145 [3mhwm_mb[0m[2m=[0m199
[2m2026-09-15T06:32:38.466305Z[0m [32m INFO[0m [2mmidnight_bench[0m[2m:[0m [3mstage[0m[2m=[0m"finalise.compute_h_poly.spill_instance_cosets.start" [3mrss_mb[0m[2m=[0m145 [3mhwm_mb[0m[2m=[0m199
[2m2026-09-15T06:32:38.477623Z[0m [32m INFO[0m [2mmidnight_bench[0m[2m:[0m [3mstage[0m[2m=[0m"finalise.compute_h_poly.spill_instance_cosets.end" [3mrss_mb[0m[2m=[0m149 [3mhwm_mb[0m[2m=[0m199
[2m2026-09-15T06:32:38.477646Z[0m [32m INFO[0m [2mmidnight_bench[0m[2m:[0m [3mstage[0m[2m=[0m"finalise.compute_h_poly.spill_fixed_cosets.start" [3mrss_mb[0m[2m=[0m149 [3mhwm_mb[0m[2m=[0m199
[2m2026-09-15T06:32:38.575151Z[0m [32m INFO[0m [2mmidnight_bench[0m[2m:[0m [3mstage[0m[2m=[0m"finalise.compute_h_poly.spill_fixed_cosets.end" [3mrss_mb[0m[2m=[0m183 [3mhwm_mb[0m[2m=[0m199
[2m2026-09-15T06:32:38.575177Z[0m [32m INFO[0m [2mmidnight_bench[0m[2m:[0m [3mstage[0m[2m=[0m"finalise.compute_h_poly.spill_perm_cosets.start" [3mrss_mb[0m[2m=[0m183 [3mhwm_mb[0m[2m=[0m199
[2m2026-09-15T06:32:38.625864Z[0m [32m INFO[0m [2mmidnight_bench[0m[2m:[0m [3mstage[0m[2m=[0m"finalise.compute_h_poly.spill_perm_cosets.end" [3mrss_mb[0m[2m=[0m199 [3mhwm_mb[0m[2m=[0m199
[2m2026-09-15T06:32:38.757462Z[0m [32m INFO[0m [2mmidnight_bench[0m[2m:[0m [3mstage[0m[2m=[0m"finalise.compute_h_poly.drop_cosets.end" [3mrss_mb[0m[2m=[0m200 [3mhwm_mb[0m[2m=[0m200
[2m2026-09-15T06:32:38.760584Z[0m [32m INFO[0m [2mmidnight_bench[0m[2m:[0m [3mstage[0m[2m=[0m"finalise.compute_h_poly.end" [3mrss_mb[0m[2m=[0m136 [3mhwm_mb[0m[2m=[0m199
[2m2026-09-15T06:32:38.760601Z[0m [32m INFO[0m [2mmidnight_bench[0m[2m:[0m [3mstage[0m[2m=[0m"finalise.vanishing_construct.start" [3mrss_mb[0m[2m=[0m136 [3mhwm_mb[0m[2m=[0m199
[2m2026-09-15T06:32:38.843406Z[0m [32m INFO[0m [2mmidnight_bench[0m[2m:[0m [3mstage[0m[2m=[0m"finalise.vanishing_construct.end" [3mrss_mb[0m[2m=[0m136 [3mhwm_mb[0m[2m=[0m199
[2m2026-09-15T06:32:38.869613Z[0m [32m INFO[0m [2mmidnight_bench[0m[2m:[0m [3mstage[0m[2m=[0m"finalise.compute_queries.start" [3mrss_mb[0m[2m=[0m136 [3mhwm_mb[0m[2m=[0m199
[2m2026-09-15T06:32:38.869703Z[0m [32m INFO[0m [2mmidnight_bench[0m[2m:[0m [3mstage[0m[2m=[0m"finalise.multi_open.start" [3mrss_mb[0m[2m=[0m136 [3mhwm_mb[0m[2m=[0m199
[2m2026-09-15T06:32:38.955526Z[0m [32m INFO[0m [2mmidnight_bench[0m[2m:[0m [3mstage[0m[2m=[0m"finalise.multi_open.end" [3mrss_mb[0m[2m=[0m137 [3mhwm_mb[0m[2m=[0m199
[2m2026-09-15T06:32:38.956057Z[0m [32m INFO[0m [2mmidnight_bench[0m[2m:[0m [3mstage[0m[2m=[0m"create_proof.finalise_proof.end" [3mrss_mb[0m[2m=[0m122 [3mhwm_mb[0m[2m=[0m199
[2m2026-09-15T06:32:38.971359Z[0m [32m INFO[0m [2mactix_web::middleware::logger[0m[2m:[0m 192.168.65.1 POST /prove HTTP/1.1; took 0.801802s
[2m2026-09-15T06:32:38.973604Z[0m [32m INFO[0m [2mmidnight_proof_server::endpoints[0m[2m:[0m Starting to process request for /prove...
[2m2026-09-15T06:32:39.047750Z[0m [32m INFO[0m [2mmidnight_bench[0m[2m:[0m [3mstage[0m[2m=[0m"create_proof.compute_trace.start" [3mrss_mb[0m[2m=[0m123 [3mhwm_mb[0m[2m=[0m199
[2m2026-09-15T06:32:39.047789Z[0m [32m INFO[0m [2mmidnight_bench[0m[2m:[0m [3mstage[0m[2m=[0m"trace.compute_instances.start" [3mrss_mb[0m[2m=[0m123 [3mhwm_mb[0m[2m=[0m199
[2m2026-09-15T06:32:39.053373Z[0m [32m INFO[0m [2mmidnight_bench[0m[2m:[0m [3mstage[0m[2m=[0m"trace.compute_instances.end" [3mrss_mb[0m[2m=[0m123 [3mhwm_mb[0m[2m=[0m199
[2m2026-09-15T06:32:39.053393Z[0m [32m INFO[0m [2mmidnight_bench[0m[2m:[0m [3mstage[0m[2m=[0m"trace.parse_advices.start" [3mrss_mb[0m[2m=[0m123 [3mhwm_mb[0m[2m=[0m199
[2m2026-09-15T06:32:39.058437Z[0m [32m INFO[0m [2mmidnight_bench[0m[2m:[0m [3mstage[0m[2m=[0m"trace.parse_advices.end" [3mrss_mb[0m[2m=[0m123 [3mhwm_mb[0m[2m=[0m199
[2m2026-09-15T06:32:39.058466Z[0m [32m INFO[0m [2mmidnight_bench[0m[2m:[0m [3mstage[0m[2m=[0m"trace.lookups_permuted.start" [3mrss_mb[0m[2m=[0m123 [3mhwm_mb[0m[2m=[0m199
[2m2026-09-15T06:32:39.099553Z[0m [32m INFO[0m [2mmidnight_bench[0m[2m:[0m [3mstage[0m[2m=[0m"trace.lookups_permuted.end" [3mrss_mb[0m[2m=[0m127 [3mhwm_mb[0m[2m=[0m199
[2m2026-09-15T06:32:39.099586Z[0m [32m INFO[0m [2mmidnight_bench[0m[2m:[0m [3mstage[0m[2m=[0m"trace.permutations_commit.start" [3mrss_mb[0m[2m=[0m127 [3mhwm_mb[0m[2m=[0m199
[2m2026-09-15T06:32:39.163367Z[0m [32m INFO[0m [2mmidnight_bench[0m[2m:[0m [3mstage[0m[2m=[0m"trace.permutations_commit.end" [3mrss_mb[0m[2m=[0m135 [3mhwm_mb[0m[2m=[0m199
[2m2026-09-15T06:32:39.163394Z[0m [32m INFO[0m [2mmidnight_bench[0m[2m:[0m [3mstage[0m[2m=[0m"trace.lookups_product.start" [3mrss_mb[0m[2m=[0m135 [3mhwm_mb[0m[2m=[0m199
[2m2026-09-15T06:32:39.212302Z[0m [32m INFO[0m [2mmidnight_bench[0m[2m:[0m [3mstage[0m[2m=[0m"trace.lookups_product.end" [3mrss_mb[0m[2m=[0m135 [3mhwm_mb[0m[2m=[0m199
[2m2026-09-15T06:32:39.238212Z[0m [32m INFO[0m [2mmidnight_bench[0m[2m:[0m [3mstage[0m[2m=[0m"create_proof.compute_trace.end" [3mrss_mb[0m[2m=[0m135 [3mhwm_mb[0m[2m=[0m199
[2m2026-09-15T06:32:39.238238Z[0m [32m INFO[0m [2mmidnight_bench[0m[2m:[0m [3mstage[0m[2m=[0m"create_proof.finalise_proof.start" [3mrss_mb[0m[2m=[0m135 [3mhwm_mb[0m[2m=[0m199
[2m2026-09-15T06:32:39.238247Z[0m [32m INFO[0m [2mmidnight_bench[0m[2m:[0m [3mstage[0m[2m=[0m"finalise.compute_h_poly.start" [3mrss_mb[0m[2m=[0m135 [3mhwm_mb[0m[2m=[0m199
[2m2026-09-15T06:32:39.238254Z[0m [32m INFO[0m [2mmidnight_bench[0m[2m:[0m [3mstage[0m[2m=[0m"finalise.compute_h_poly.spill_advice_cosets.start" [3mrss_mb[0m[2m=[0m135 [3mhwm_mb[0m[2m=[0m199
[2m2026-09-15T06:32:39.266385Z[0m [32m INFO[0m [2mmidnight_bench[0m[2m:[0m [3mstage[0m[2m=[0m"finalise.compute_h_poly.spill_advice_cosets.end" [3mrss_mb[0m[2m=[0m145 [3mhwm_mb[0m[2m=[0m199
[2m2026-09-15T06:32:39.266413Z[0m [32m INFO[0m [2mmidnight_bench[0m[2m:[0m [3mstage[0m[2m=[0m"finalise.compute_h_poly.spill_instance_cosets.start" [3mrss_mb[0m[2m=[0m145 [3mhwm_mb[0m[2m=[0m199
[2m2026-09-15T06:32:39.277844Z[0m [32m INFO[0m [2mmidnight_bench[0m[2m:[0m [3mstage[0m[2m=[0m"finalise.compute_h_poly.spill_instance_cosets.end" [3mrss_mb[0m[2m=[0m149 [3mhwm_mb[0m[2m=[0m199
[2m2026-09-15T06:32:39.277875Z[0m [32m INFO[0m [2mmidnight_bench[0m[2m:[0m [3mstage[0m[2m=[0m"finalise.compute_h_poly.spill_fixed_cosets.start" [3mrss_mb[0m[2m=[0m149 [3mhwm_mb[0m[2m=[0m199
[2m2026-09-15T06:32:39.374492Z[0m [32m INFO[0m [2mmidnight_bench[0m[2m:[0m [3mstage[0m[2m=[0m"finalise.compute_h_poly.spill_fixed_cosets.end" [3mrss_mb[0m[2m=[0m183 [3mhwm_mb[0m[2m=[0m199
[2m2026-09-15T06:32:39.374520Z[0m [32m INFO[0m [2mmidnight_bench[0m[2m:[0m [3mstage[0m[2m=[0m"finalise.compute_h_poly.spill_perm_cosets.start" [3mrss_mb[0m[2m=[0m183 [3mhwm_mb[0m[2m=[0m199
[2m2026-09-15T06:32:39.421101Z[0m [32m INFO[0m [2mmidnight_bench[0m[2m:[0m [3mstage[0m[2m=[0m"finalise.compute_h_poly.spill_perm_cosets.end" [3mrss_mb[0m[2m=[0m199 [3mhwm_mb[0m[2m=[0m199
[2m2026-09-15T06:32:39.544219Z[0m [32m INFO[0m [2mmidnight_bench[0m[2m:[0m [3mstage[0m[2m=[0m"finalise.compute_h_poly.drop_cosets.end" [3mrss_mb[0m[2m=[0m200 [3mhwm_mb[0m[2m=[0m200
[2m2026-09-15T06:32:39.547544Z[0m [32m INFO[0m [2mmidnight_bench[0m[2m:[0m [3mstage[0m[2m=[0m"finalise.compute_h_poly.end" [3mrss_mb[0m[2m=[0m136 [3mhwm_mb[0m[2m=[0m199
[2m2026-09-15T06:32:39.547563Z[0m [32m INFO[0m [2mmidnight_bench[0m[2m:[0m [3mstage[0m[2m=[0m"finalise.vanishing_construct.start" [3mrss_mb[0m[2m=[0m136 [3mhwm_mb[0m[2m=[0m199
[2m2026-09-15T06:32:39.633278Z[0m [32m INFO[0m [2mmidnight_bench[0m[2m:[0m [3mstage[0m[2m=[0m"finalise.vanishing_construct.end" [3mrss_mb[0m[2m=[0m137 [3mhwm_mb[0m[2m=[0m199
[2m2026-09-15T06:32:39.657594Z[0m [32m INFO[0m [2mmidnight_bench[0m[2m:[0m [3mstage[0m[2m=[0m"finalise.compute_queries.start" [3mrss_mb[0m[2m=[0m137 [3mhwm_mb[0m[2m=[0m199
[2m2026-09-15T06:32:39.657675Z[0m [32m INFO[0m [2mmidnight_bench[0m[2m:[0m [3mstage[0m[2m=[0m"finalise.multi_open.start" [3mrss_mb[0m[2m=[0m137 [3mhwm_mb[0m[2m=[0m199
[2m2026-09-15T06:32:39.757172Z[0m [32m INFO[0m [2mmidnight_bench[0m[2m:[0m [3mstage[0m[2m=[0m"finalise.multi_open.end" [3mrss_mb[0m[2m=[0m137 [3mhwm_mb[0m[2m=[0m199
[2m2026-09-15T06:32:39.757844Z[0m [32m INFO[0m [2mmidnight_bench[0m[2m:[0m [3mstage[0m[2m=[0m"create_proof.finalise_proof.end" [3mrss_mb[0m[2m=[0m123 [3mhwm_mb[0m[2m=[0m199
[2m2026-09-15T06:32:39.773951Z[0m [32m INFO[0m [2mactix_web::middleware::logger[0m[2m:[0m 192.168.65.1 POST /prove HTTP/1.1; took 0.800363s
[2m2026-09-15T06:32:39.775269Z[0m [32m INFO[0m [2mmidnight_proof_server::endpoints[0m[2m:[0m Starting to process request for /prove...
[2m2026-09-15T06:32:39.848933Z[0m [32m INFO[0m [2mmidnight_bench[0m[2m:[0m [3mstage[0m[2m=[0m"create_proof.compute_trace.start" [3mrss_mb[0m[2m=[0m136 [3mhwm_mb[0m[2m=[0m199
[2m2026-09-15T06:32:39.848966Z[0m [32m INFO[0m [2mmidnight_bench[0m[2m:[0m [3mstage[0m[2m=[0m"trace.compute_instances.start" [3mrss_mb[0m[2m=[0m136 [3mhwm_mb[0m[2m=[0m199
[2m2026-09-15T06:32:39.853027Z[0m [32m INFO[0m [2mmidnight_bench[0m[2m:[0m [3mstage[0m[2m=[0m"trace.compute_instances.end" [3mrss_mb[0m[2m=[0m136 [3mhwm_mb[0m[2m=[0m199
[2m2026-09-15T06:32:39.853049Z[0m [32m INFO[0m [2mmidnight_bench[0m[2m:[0m [3mstage[0m[2m=[0m"trace.parse_advices.start" [3mrss_mb[0m[2m=[0m136 [3mhwm_mb[0m[2m=[0m199
[2m2026-09-15T06:32:39.857985Z[0m [32m INFO[0m [2mmidnight_bench[0m[2m:[0m [3mstage[0m[2m=[0m"trace.parse_advices.end" [3mrss_mb[0m[2m=[0m136 [3mhwm_mb[0m[2m=[0m199
[2m2026-09-15T06:32:39.858006Z[0m [32m INFO[0m [2mmidnight_bench[0m[2m:[0m [3mstage[0m[2m=[0m"trace.lookups_permuted.start" [3mrss_mb[0m[2m=[0m136 [3mhwm_mb[0m[2m=[0m199
[2m2026-09-15T06:32:39.901528Z[0m [32m INFO[0m [2mmidnight_bench[0m[2m:[0m [3mstage[0m[2m=[0m"trace.lookups_permuted.end" [3mrss_mb[0m[2m=[0m140 [3mhwm_mb[0m[2m=[0m199
[2m2026-09-15T06:32:39.901565Z[0m [32m INFO[0m [2mmidnight_bench[0m[2m:[0m [3mstage[0m[2m=[0m"trace.permutations_commit.start" [3mrss_mb[0m[2m=[0m140 [3mhwm_mb[0m[2m=[0m199
[2m2026-09-15T06:32:39.972318Z[0m [32m INFO[0m [2mmidnight_bench[0m[2m:[0m [3mstage[0m[2m=[0m"trace.permutations_commit.end" [3mrss_mb[0m[2m=[0m148 [3mhwm_mb[0m[2m=[0m199
[2m2026-09-15T06:32:39.972344Z[0m [32m INFO[0m [2mmidnight_bench[0m[2m:[0m [3mstage[0m[2m=[0m"trace.lookups_product.start" [3mrss_mb[0m[2m=[0m148 [3mhwm_mb[0m[2m=[0m199
[2m2026-09-15T06:32:40.027415Z[0m [32m INFO[0m [2mmidnight_bench[0m[2m:[0m [3mstage[0m[2m=[0m"trace.lookups_product.end" [3mrss_mb[0m[2m=[0m148 [3mhwm_mb[0m[2m=[0m199
[2m2026-09-15T06:32:40.051084Z[0m [32m INFO[0m [2mmidnight_bench[0m[2m:[0m [3mstage[0m[2m=[0m"create_proof.compute_trace.end" [3mrss_mb[0m[2m=[0m148 [3mhwm_mb[0m[2m=[0m199
[2m2026-09-15T06:32:40.051107Z[0m [32m INFO[0m [2mmidnight_bench[0m[2m:[0m [3mstage[0m[2m=[0m"create_proof.finalise_proof.start" [3mrss_mb[0m[2m=[0m148 [3mhwm_mb[0m[2m=[0m199
[2m2026-09-15T06:32:40.051116Z[0m [32m INFO[0m [2mmidnight_bench[0m[2m:[0m [3mstage[0m[2m=[0m"finalise.compute_h_poly.start" [3mrss_mb[0m[2m=[0m148 [3mhwm_mb[0m[2m=[0m199
[2m2026-09-15T06:32:40.051123Z[0m [32m INFO[0m [2mmidnight_bench[0m[2m:[0m [3mstage[0m[2m=[0m"finalise.compute_h_poly.spill_advice_cosets.start" [3mrss_mb[0m[2m=[0m148 [3mhwm_mb[0m[2m=[0m199
[2m2026-09-15T06:32:40.083856Z[0m [32m INFO[0m [2mmidnight_bench[0m[2m:[0m [3mstage[0m[2m=[0m"finalise.compute_h_poly.spill_advice_cosets.end" [3mrss_mb[0m[2m=[0m158 [3mhwm_mb[0m[2m=[0m199
[2m2026-09-15T06:32:40.083885Z[0m [32m INFO[0m [2mmidnight_bench[0m[2m:[0m [3mstage[0m[2m=[0m"finalise.compute_h_poly.spill_instance_cosets.start" [3mrss_mb[0m[2m=[0m158 [3mhwm_mb[0m[2m=[0m199
[2m2026-09-15T06:32:40.097053Z[0m [32m INFO[0m [2mmidnight_bench[0m[2m:[0m [3mstage[0m[2m=[0m"finalise.compute_h_poly.spill_instance_cosets.end" [3mrss_mb[0m[2m=[0m162 [3mhwm_mb[0m[2m=[0m199
[2m2026-09-15T06:32:40.097079Z[0m [32m INFO[0m [2mmidnight_bench[0m[2m:[0m [3mstage[0m[2m=[0m"finalise.compute_h_poly.spill_fixed_cosets.start" [3mrss_mb[0m[2m=[0m162 [3mhwm_mb[0m[2m=[0m199
[2m2026-09-15T06:32:40.201538Z[0m [32m INFO[0m [2mmidnight_bench[0m[2m:[0m [3mstage[0m[2m=[0m"finalise.compute_h_poly.spill_fixed_cosets.end" [3mrss_mb[0m[2m=[0m196 [3mhwm_mb[0m[2m=[0m199
[2m2026-09-15T06:32:40.201566Z[0m [32m INFO[0m [2mmidnight_bench[0m[2m:[0m [3mstage[0m[2m=[0m"finalise.compute_h_poly.spill_perm_cosets.start" [3mrss_mb[0m[2m=[0m196 [3mhwm_mb[0m[2m=[0m199
[2m2026-09-15T06:32:40.254850Z[0m [32m INFO[0m [2mmidnight_bench[0m[2m:[0m [3mstage[0m[2m=[0m"finalise.compute_h_poly.spill_perm_cosets.end" [3mrss_mb[0m[2m=[0m212 [3mhwm_mb[0m[2m=[0m212
[2m2026-09-15T06:32:40.436527Z[0m [32m INFO[0m [2mmidnight_bench[0m[2m:[0m [3mstage[0m[2m=[0m"finalise.compute_h_poly.drop_cosets.end" [3mrss_mb[0m[2m=[0m214 [3mhwm_mb[0m[2m=[0m214
[2m2026-09-15T06:32:40.439697Z[0m [32m INFO[0m [2mmidnight_bench[0m[2m:[0m [3mstage[0m[2m=[0m"finalise.compute_h_poly.end" [3mrss_mb[0m[2m=[0m150 [3mhwm_mb[0m[2m=[0m213
[2m2026-09-15T06:32:40.439719Z[0m [32m INFO[0m [2mmidnight_bench[0m[2m:[0m [3mstage[0m[2m=[0m"finalise.vanishing_construct.start" [3mrss_mb[0m[2m=[0m150 [3mhwm_mb[0m[2m=[0m213
[2m2026-09-15T06:32:40.565671Z[0m [32m INFO[0m [2mmidnight_bench[0m[2m:[0m [3mstage[0m[2m=[0m"finalise.vanishing_construct.end" [3mrss_mb[0m[2m=[0m150 [3mhwm_mb[0m[2m=[0m213
[2m2026-09-15T06:32:40.609477Z[0m [32m INFO[0m [2mmidnight_bench[0m[2m:[0m [3mstage[0m[2m=[0m"finalise.compute_queries.start" [3mrss_mb[0m[2m=[0m150 [3mhwm_mb[0m[2m=[0m213
[2m2026-09-15T06:32:40.609571Z[0m [32m INFO[0m [2mmidnight_bench[0m[2m:[0m [3mstage[0m[2m=[0m"finalise.multi_open.start" [3mrss_mb[0m[2m=[0m150 [3mhwm_mb[0m[2m=[0m213
[2m2026-09-15T06:32:40.729057Z[0m [32m INFO[0m [2mmidnight_bench[0m[2m:[0m [3mstage[0m[2m=[0m"finalise.multi_open.end" [3mrss_mb[0m[2m=[0m150 [3mhwm_mb[0m[2m=[0m213
[2m2026-09-15T06:32:40.729626Z[0m [32m INFO[0m [2mmidnight_bench[0m[2m:[0m [3mstage[0m[2m=[0m"create_proof.finalise_proof.end" [3mrss_mb[0m[2m=[0m136 [3mhwm_mb[0m[2m=[0m213
[2m2026-09-15T06:32:40.747009Z[0m [32m INFO[0m [2mactix_web::middleware::logger[0m[2m:[0m 192.168.65.1 POST /prove HTTP/1.1; took 0.971760s
[2m2026-09-15T06:32:40.748732Z[0m [32m INFO[0m [2mmidnight_proof_server::endpoints[0m[2m:[0m Starting to process request for /prove...
[2m2026-09-15T06:32:40.820069Z[0m [32m INFO[0m [2mmidnight_bench[0m[2m:[0m [3mstage[0m[2m=[0m"create_proof.compute_trace.start" [3mrss_mb[0m[2m=[0m137 [3mhwm_mb[0m[2m=[0m213
[2m2026-09-15T06:32:40.820097Z[0m [32m INFO[0m [2mmidnight_bench[0m[2m:[0m [3mstage[0m[2m=[0m"trace.compute_instances.start" [3mrss_mb[0m[2m=[0m137 [3mhwm_mb[0m[2m=[0m213
[2m2026-09-15T06:32:40.824641Z[0m [32m INFO[0m [2mmidnight_bench[0m[2m:[0m [3mstage[0m[2m=[0m"trace.compute_instances.end" [3mrss_mb[0m[2m=[0m137 [3mhwm_mb[0m[2m=[0m213
[2m2026-09-15T06:32:40.824661Z[0m [32m INFO[0m [2mmidnight_bench[0m[2m:[0m [3mstage[0m[2m=[0m"trace.parse_advices.start" [3mrss_mb[0m[2m=[0m137 [3mhwm_mb[0m[2m=[0m213
[2m2026-09-15T06:32:40.829799Z[0m [32m INFO[0m [2mmidnight_bench[0m[2m:[0m [3mstage[0m[2m=[0m"trace.parse_advices.end" [3mrss_mb[0m[2m=[0m137 [3mhwm_mb[0m[2m=[0m213
[2m2026-09-15T06:32:40.829819Z[0m [32m INFO[0m [2mmidnight_bench[0m[2m:[0m [3mstage[0m[2m=[0m"trace.lookups_permuted.start" [3mrss_mb[0m[2m=[0m137 [3mhwm_mb[0m[2m=[0m213
[2m2026-09-15T06:32:40.873384Z[0m [32m INFO[0m [2mmidnight_bench[0m[2m:[0m [3mstage[0m[2m=[0m"trace.lookups_permuted.end" [3mrss_mb[0m[2m=[0m141 [3mhwm_mb[0m[2m=[0m213
[2m2026-09-15T06:32:40.873414Z[0m [32m INFO[0m [2mmidnight_bench[0m[2m:[0m [3mstage[0m[2m=[0m"trace.permutations_commit.start" [3mrss_mb[0m[2m=[0m141 [3mhwm_mb[0m[2m=[0m213
[2m2026-09-15T06:32:40.945225Z[0m [32m INFO[0m [2mmidnight_bench[0m[2m:[0m [3mstage[0m[2m=[0m"trace.permutations_commit.end" [3mrss_mb[0m[2m=[0m149 [3mhwm_mb[0m[2m=[0m213
[2m2026-09-15T06:32:40.945253Z[0m [32m INFO[0m [2mmidnight_bench[0m[2m:[0m [3mstage[0m[2m=[0m"trace.lookups_product.start" [3mrss_mb[0m[2m=[0m149 [3mhwm_mb[0m[2m=[0m213
[2m2026-09-15T06:32:41.000689Z[0m [32m INFO[0m [2mmidnight_bench[0m[2m:[0m [3mstage[0m[2m=[0m"trace.lookups_product.end" [3mrss_mb[0m[2m=[0m149 [3mhwm_mb[0m[2m=[0m213
[2m2026-09-15T06:32:41.029652Z[0m [32m INFO[0m [2mmidnight_bench[0m[2m:[0m [3mstage[0m[2m=[0m"create_proof.compute_trace.end" [3mrss_mb[0m[2m=[0m149 [3mhwm_mb[0m[2m=[0m213
[2m2026-09-15T06:32:41.029707Z[0m [32m INFO[0m [2mmidnight_bench[0m[2m:[0m [3mstage[0m[2m=[0m"create_proof.finalise_proof.start" [3mrss_mb[0m[2m=[0m149 [3mhwm_mb[0m[2m=[0m213
[2m2026-09-15T06:32:41.029716Z[0m [32m INFO[0m [2mmidnight_bench[0m[2m:[0m [3mstage[0m[2m=[0m"finalise.compute_h_poly.start" [3mrss_mb[0m[2m=[0m149 [3mhwm_mb[0m[2m=[0m213
[2m2026-09-15T06:32:41.029724Z[0m [32m INFO[0m [2mmidnight_bench[0m[2m:[0m [3mstage[0m[2m=[0m"finalise.compute_h_poly.spill_advice_cosets.start" [3mrss_mb[0m[2m=[0m149 [3mhwm_mb[0m[2m=[0m213
[2m2026-09-15T06:32:41.063109Z[0m [32m INFO[0m [2mmidnight_bench[0m[2m:[0m [3mstage[0m[2m=[0m"finalise.compute_h_poly.spill_advice_cosets.end" [3mrss_mb[0m[2m=[0m159 [3mhwm_mb[0m[2m=[0m213
[2m2026-09-15T06:32:41.063198Z[0m [32m INFO[0m [2mmidnight_bench[0m[2m:[0m [3mstage[0m[2m=[0m"finalise.compute_h_poly.spill_instance_cosets.start" [3mrss_mb[0m[2m=[0m159 [3mhwm_mb[0m[2m=[0m213
[2m2026-09-15T06:32:41.077729Z[0m [32m INFO[0m [2mmidnight_bench[0m[2m:[0m [3mstage[0m[2m=[0m"finalise.compute_h_poly.spill_instance_cosets.end" [3mrss_mb[0m[2m=[0m163 [3mhwm_mb[0m[2m=[0m213
[2m2026-09-15T06:32:41.077758Z[0m [32m INFO[0m [2mmidnight_bench[0m[2m:[0m [3mstage[0m[2m=[0m"finalise.compute_h_poly.spill_fixed_cosets.start" [3mrss_mb[0m[2m=[0m163 [3mhwm_mb[0m[2m=[0m213
[2m2026-09-15T06:32:41.185703Z[0m [32m INFO[0m [2mmidnight_bench[0m[2m:[0m [3mstage[0m[2m=[0m"finalise.compute_h_poly.spill_fixed_cosets.end" [3mrss_mb[0m[2m=[0m197 [3mhwm_mb[0m[2m=[0m213
[2m2026-09-15T06:32:41.185729Z[0m [32m INFO[0m [2mmidnight_bench[0m[2m:[0m [3mstage[0m[2m=[0m"finalise.compute_h_poly.spill_perm_cosets.start" [3mrss_mb[0m[2m=[0m197 [3mhwm_mb[0m[2m=[0m213
[2m2026-09-15T06:32:41.231968Z[0m [32m INFO[0m [2mmidnight_bench[0m[2m:[0m [3mstage[0m[2m=[0m"finalise.compute_h_poly.spill_perm_cosets.end" [3mrss_mb[0m[2m=[0m213 [3mhwm_mb[0m[2m=[0m213
[2m2026-09-15T06:32:41.356379Z[0m [32m INFO[0m [2mmidnight_bench[0m[2m:[0m [3mstage[0m[2m=[0m"finalise.compute_h_poly.drop_cosets.end" [3mrss_mb[0m[2m=[0m215 [3mhwm_mb[0m[2m=[0m215
[2m2026-09-15T06:32:41.359653Z[0m [32m INFO[0m [2mmidnight_bench[0m[2m:[0m [3mstage[0m[2m=[0m"finalise.compute_h_poly.end" [3mrss_mb[0m[2m=[0m151 [3mhwm_mb[0m[2m=[0m214
[2m2026-09-15T06:32:41.359677Z[0m [32m INFO[0m [2mmidnight_bench[0m[2m:[0m [3mstage[0m[2m=[0m"finalise.vanishing_construct.start" [3mrss_mb[0m[2m=[0m151 [3mhwm_mb[0m[2m=[0m214
[2m2026-09-15T06:32:41.442932Z[0m [32m INFO[0m [2mmidnight_bench[0m[2m:[0m [3mstage[0m[2m=[0m"finalise.vanishing_construct.end" [3mrss_mb[0m[2m=[0m151 [3mhwm_mb[0m[2m=[0m214
[2m2026-09-15T06:32:41.468456Z[0m [32m INFO[0m [2mmidnight_bench[0m[2m:[0m [3mstage[0m[2m=[0m"finalise.compute_queries.start" [3mrss_mb[0m[2m=[0m151 [3mhwm_mb[0m[2m=[0m214
[2m2026-09-15T06:32:41.468571Z[0m [32m INFO[0m [2mmidnight_bench[0m[2m:[0m [3mstage[0m[2m=[0m"finalise.multi_open.start" [3mrss_mb[0m[2m=[0m151 [3mhwm_mb[0m[2m=[0m214
[2m2026-09-15T06:32:41.557025Z[0m [32m INFO[0m [2mmidnight_bench[0m[2m:[0m [3mstage[0m[2m=[0m"finalise.multi_open.end" [3mrss_mb[0m[2m=[0m151 [3mhwm_mb[0m[2m=[0m214
[2m2026-09-15T06:32:41.557551Z[0m [32m INFO[0m [2mmidnight_bench[0m[2m:[0m [3mstage[0m[2m=[0m"create_proof.finalise_proof.end" [3mrss_mb[0m[2m=[0m137 [3mhwm_mb[0m[2m=[0m214
[2m2026-09-15T06:32:41.574303Z[0m [32m INFO[0m [2mactix_web::middleware::logger[0m[2m:[0m 192.168.65.1 POST /prove HTTP/1.1; took 0.825591s
[2m2026-09-15T06:32:41.576856Z[0m [32m INFO[0m [2mmidnight_proof_server::endpoints[0m[2m:[0m Starting to process request for /prove...
[2m2026-09-15T06:32:41.646209Z[0m [32m INFO[0m [2mmidnight_bench[0m[2m:[0m [3mstage[0m[2m=[0m"create_proof.compute_trace.start" [3mrss_mb[0m[2m=[0m136 [3mhwm_mb[0m[2m=[0m214
[2m2026-09-15T06:32:41.646235Z[0m [32m INFO[0m [2mmidnight_bench[0m[2m:[0m [3mstage[0m[2m=[0m"trace.compute_instances.start" [3mrss_mb[0m[2m=[0m136 [3mhwm_mb[0m[2m=[0m214
[2m2026-09-15T06:32:41.651129Z[0m [32m INFO[0m [2mmidnight_bench[0m[2m:[0m [3mstage[0m[2m=[0m"trace.compute_instances.end" [3mrss_mb[0m[2m=[0m136 [3mhwm_mb[0m[2m=[0m214
[2m2026-09-15T06:32:41.651153Z[0m [32m INFO[0m [2mmidnight_bench[0m[2m:[0m [3mstage[0m[2m=[0m"trace.parse_advices.start" [3mrss_mb[0m[2m=[0m136 [3mhwm_mb[0m[2m=[0m214
[2m2026-09-15T06:32:41.656141Z[0m [32m INFO[0m [2mmidnight_bench[0m[2m:[0m [3mstage[0m[2m=[0m"trace.parse_advices.end" [3mrss_mb[0m[2m=[0m136 [3mhwm_mb[0m[2m=[0m214
[2m2026-09-15T06:32:41.656159Z[0m [32m INFO[0m [2mmidnight_bench[0m[2m:[0m [3mstage[0m[2m=[0m"trace.lookups_permuted.start" [3mrss_mb[0m[2m=[0m136 [3mhwm_mb[0m[2m=[0m214
[2m2026-09-15T06:32:41.699491Z[0m [32m INFO[0m [2mmidnight_bench[0m[2m:[0m [3mstage[0m[2m=[0m"trace.lookups_permuted.end" [3mrss_mb[0m[2m=[0m141 [3mhwm_mb[0m[2m=[0m214
[2m2026-09-15T06:32:41.699529Z[0m [32m INFO[0m [2mmidnight_bench[0m[2m:[0m [3mstage[0m[2m=[0m"trace.permutations_commit.start" [3mrss_mb[0m[2m=[0m141 [3mhwm_mb[0m[2m=[0m214
[2m2026-09-15T06:32:41.762192Z[0m [32m INFO[0m [2mmidnight_bench[0m[2m:[0m [3mstage[0m[2m=[0m"trace.permutations_commit.end" [3mrss_mb[0m[2m=[0m148 [3mhwm_mb[0m[2m=[0m214
[2m2026-09-15T06:32:41.762215Z[0m [32m INFO[0m [2mmidnight_bench[0m[2m:[0m [3mstage[0m[2m=[0m"trace.lookups_product.start" [3mrss_mb[0m[2m=[0m148 [3mhwm_mb[0m[2m=[0m214
[2m2026-09-15T06:32:41.812625Z[0m [32m INFO[0m [2mmidnight_bench[0m[2m:[0m [3mstage[0m[2m=[0m"trace.lookups_product.end" [3mrss_mb[0m[2m=[0m148 [3mhwm_mb[0m[2m=[0m214
[2m2026-09-15T06:32:41.841206Z[0m [32m INFO[0m [2mmidnight_bench[0m[2m:[0m [3mstage[0m[2m=[0m"create_proof.compute_trace.end" [3mrss_mb[0m[2m=[0m148 [3mhwm_mb[0m[2m=[0m214
[2m2026-09-15T06:32:41.841238Z[0m [32m INFO[0m [2mmidnight_bench[0m[2m:[0m [3mstage[0m[2m=[0m"create_proof.finalise_proof.start" [3mrss_mb[0m[2m=[0m148 [3mhwm_mb[0m[2m=[0m214
[2m2026-09-15T06:32:41.841247Z[0m [32m INFO[0m [2mmidnight_bench[0m[2m:[0m [3mstage[0m[2m=[0m"finalise.compute_h_poly.start" [3mrss_mb[0m[2m=[0m148 [3mhwm_mb[0m[2m=[0m214
[2m2026-09-15T06:32:41.841254Z[0m [32m INFO[0m [2mmidnight_bench[0m[2m:[0m [3mstage[0m[2m=[0m"finalise.compute_h_poly.spill_advice_cosets.start" [3mrss_mb[0m[2m=[0m148 [3mhwm_mb[0m[2m=[0m214
[2m2026-09-15T06:32:41.872321Z[0m [32m INFO[0m [2mmidnight_bench[0m[2m:[0m [3mstage[0m[2m=[0m"finalise.compute_h_poly.spill_advice_cosets.end" [3mrss_mb[0m[2m=[0m158 [3mhwm_mb[0m[2m=[0m214
[2m2026-09-15T06:32:41.872349Z[0m [32m INFO[0m [2mmidnight_bench[0m[2m:[0m [3mstage[0m[2m=[0m"finalise.compute_h_poly.spill_instance_cosets.start" [3mrss_mb[0m[2m=[0m158 [3mhwm_mb[0m[2m=[0m214
[2m2026-09-15T06:32:41.885243Z[0m [32m INFO[0m [2mmidnight_bench[0m[2m:[0m [3mstage[0m[2m=[0m"finalise.compute_h_poly.spill_instance_cosets.end" [3mrss_mb[0m[2m=[0m162 [3mhwm_mb[0m[2m=[0m214
[2m2026-09-15T06:32:41.885265Z[0m [32m INFO[0m [2mmidnight_bench[0m[2m:[0m [3mstage[0m[2m=[0m"finalise.compute_h_poly.spill_fixed_cosets.start" [3mrss_mb[0m[2m=[0m162 [3mhwm_mb[0m[2m=[0m214
[2m2026-09-15T06:32:41.984923Z[0m [32m INFO[0m [2mmidnight_bench[0m[2m:[0m [3mstage[0m[2m=[0m"finalise.compute_h_poly.spill_fixed_cosets.end" [3mrss_mb[0m[2m=[0m196 [3mhwm_mb[0m[2m=[0m214
[2m2026-09-15T06:32:41.984954Z[0m [32m INFO[0m [2mmidnight_bench[0m[2m:[0m [3mstage[0m[2m=[0m"finalise.compute_h_poly.spill_perm_cosets.start" [3mrss_mb[0m[2m=[0m196 [3mhwm_mb[0m[2m=[0m214
[2m2026-09-15T06:32:42.030856Z[0m [32m INFO[0m [2mmidnight_bench[0m[2m:[0m [3mstage[0m[2m=[0m"finalise.compute_h_poly.spill_perm_cosets.end" [3mrss_mb[0m[2m=[0m212 [3mhwm_mb[0m[2m=[0m214
[2m2026-09-15T06:32:42.153960Z[0m [32m INFO[0m [2mmidnight_bench[0m[2m:[0m [3mstage[0m[2m=[0m"finalise.compute_h_poly.drop_cosets.end" [3mrss_mb[0m[2m=[0m214 [3mhwm_mb[0m[2m=[0m214
[2m2026-09-15T06:32:42.157423Z[0m [32m INFO[0m [2mmidnight_bench[0m[2m:[0m [3mstage[0m[2m=[0m"finalise.compute_h_poly.end" [3mrss_mb[0m[2m=[0m150 [3mhwm_mb[0m[2m=[0m214
[2m2026-09-15T06:32:42.157440Z[0m [32m INFO[0m [2mmidnight_bench[0m[2m:[0m [3mstage[0m[2m=[0m"finalise.vanishing_construct.start" [3mrss_mb[0m[2m=[0m150 [3mhwm_mb[0m[2m=[0m214
[2m2026-09-15T06:32:42.247253Z[0m [32m INFO[0m [2mmidnight_bench[0m[2m:[0m [3mstage[0m[2m=[0m"finalise.vanishing_construct.end" [3mrss_mb[0m[2m=[0m150 [3mhwm_mb[0m[2m=[0m214
[2m2026-09-15T06:32:42.277090Z[0m [32m INFO[0m [2mmidnight_bench[0m[2m:[0m [3mstage[0m[2m=[0m"finalise.compute_queries.start" [3mrss_mb[0m[2m=[0m150 [3mhwm_mb[0m[2m=[0m214
[2m2026-09-15T06:32:42.277244Z[0m [32m INFO[0m [2mmidnight_bench[0m[2m:[0m [3mstage[0m[2m=[0m"finalise.multi_open.start" [3mrss_mb[0m[2m=[0m150 [3mhwm_mb[0m[2m=[0m214
[2m2026-09-15T06:32:42.362620Z[0m [32m INFO[0m [2mmidnight_bench[0m[2m:[0m [3mstage[0m[2m=[0m"finalise.multi_open.end" [3mrss_mb[0m[2m=[0m150 [3mhwm_mb[0m[2m=[0m214
[2m2026-09-15T06:32:42.363107Z[0m [32m INFO[0m [2mmidnight_bench[0m[2m:[0m [3mstage[0m[2m=[0m"create_proof.finalise_proof.end" [3mrss_mb[0m[2m=[0m136 [3mhwm_mb[0m[2m=[0m214
[2m2026-09-15T06:32:42.378473Z[0m [32m INFO[0m [2mactix_web::middleware::logger[0m[2m:[0m 192.168.65.1 POST /prove HTTP/1.1; took 0.801640s
[2m2026-09-15T06:32:42.380953Z[0m [32m INFO[0m [2mmidnight_proof_server::endpoints[0m[2m:[0m Starting to process request for /prove...
[2m2026-09-15T06:32:42.449441Z[0m [32m INFO[0m [2mmidnight_bench[0m[2m:[0m [3mstage[0m[2m=[0m"create_proof.compute_trace.start" [3mrss_mb[0m[2m=[0m136 [3mhwm_mb[0m[2m=[0m214
[2m2026-09-15T06:32:42.449472Z[0m [32m INFO[0m [2mmidnight_bench[0m[2m:[0m [3mstage[0m[2m=[0m"trace.compute_instances.start" [3mrss_mb[0m[2m=[0m136 [3mhwm_mb[0m[2m=[0m214
[2m2026-09-15T06:32:42.454363Z[0m [32m INFO[0m [2mmidnight_bench[0m[2m:[0m [3mstage[0m[2m=[0m"trace.compute_instances.end" [3mrss_mb[0m[2m=[0m136 [3mhwm_mb[0m[2m=[0m214
[2m2026-09-15T06:32:42.454382Z[0m [32m INFO[0m [2mmidnight_bench[0m[2m:[0m [3mstage[0m[2m=[0m"trace.parse_advices.start" [3mrss_mb[0m[2m=[0m136 [3mhwm_mb[0m[2m=[0m214
[2m2026-09-15T06:32:42.459429Z[0m [32m INFO[0m [2mmidnight_bench[0m[2m:[0m [3mstage[0m[2m=[0m"trace.parse_advices.end" [3mrss_mb[0m[2m=[0m136 [3mhwm_mb[0m[2m=[0m214
[2m2026-09-15T06:32:42.459458Z[0m [32m INFO[0m [2mmidnight_bench[0m[2m:[0m [3mstage[0m[2m=[0m"trace.lookups_permuted.start" [3mrss_mb[0m[2m=[0m136 [3mhwm_mb[0m[2m=[0m214
[2m2026-09-15T06:32:42.502319Z[0m [32m INFO[0m [2mmidnight_bench[0m[2m:[0m [3mstage[0m[2m=[0m"trace.lookups_permuted.end" [3mrss_mb[0m[2m=[0m140 [3mhwm_mb[0m[2m=[0m214
[2m2026-09-15T06:32:42.502348Z[0m [32m INFO[0m [2mmidnight_bench[0m[2m:[0m [3mstage[0m[2m=[0m"trace.permutations_commit.start" [3mrss_mb[0m[2m=[0m140 [3mhwm_mb[0m[2m=[0m214
[2m2026-09-15T06:32:42.569127Z[0m [32m INFO[0m [2mmidnight_bench[0m[2m:[0m [3mstage[0m[2m=[0m"trace.permutations_commit.end" [3mrss_mb[0m[2m=[0m147 [3mhwm_mb[0m[2m=[0m214
[2m2026-09-15T06:32:42.569155Z[0m [32m INFO[0m [2mmidnight_bench[0m[2m:[0m [3mstage[0m[2m=[0m"trace.lookups_product.start" [3mrss_mb[0m[2m=[0m147 [3mhwm_mb[0m[2m=[0m214
[2m2026-09-15T06:32:42.618822Z[0m [32m INFO[0m [2mmidnight_bench[0m[2m:[0m [3mstage[0m[2m=[0m"trace.lookups_product.end" [3mrss_mb[0m[2m=[0m148 [3mhwm_mb[0m[2m=[0m214
[2m2026-09-15T06:32:42.643980Z[0m [32m INFO[0m [2mmidnight_bench[0m[2m:[0m [3mstage[0m[2m=[0m"create_proof.compute_trace.end" [3mrss_mb[0m[2m=[0m148 [3mhwm_mb[0m[2m=[0m214
[2m2026-09-15T06:32:42.644005Z[0m [32m INFO[0m [2mmidnight_bench[0m[2m:[0m [3mstage[0m[2m=[0m"create_proof.finalise_proof.start" [3mrss_mb[0m[2m=[0m148 [3mhwm_mb[0m[2m=[0m214
[2m2026-09-15T06:32:42.644013Z[0m [32m INFO[0m [2mmidnight_bench[0m[2m:[0m [3mstage[0m[2m=[0m"finalise.compute_h_poly.start" [3mrss_mb[0m[2m=[0m148 [3mhwm_mb[0m[2m=[0m214
[2m2026-09-15T06:32:42.644021Z[0m [32m INFO[0m [2mmidnight_bench[0m[2m:[0m [3mstage[0m[2m=[0m"finalise.compute_h_poly.spill_advice_cosets.start" [3mrss_mb[0m[2m=[0m148 [3mhwm_mb[0m[2m=[0m214
[2m2026-09-15T06:32:42.676380Z[0m [32m INFO[0m [2mmidnight_bench[0m[2m:[0m [3mstage[0m[2m=[0m"finalise.compute_h_poly.spill_advice_cosets.end" [3mrss_mb[0m[2m=[0m158 [3mhwm_mb[0m[2m=[0m214
[2m2026-09-15T06:32:42.676408Z[0m [32m INFO[0m [2mmidnight_bench[0m[2m:[0m [3mstage[0m[2m=[0m"finalise.compute_h_poly.spill_instance_cosets.start" [3mrss_mb[0m[2m=[0m158 [3mhwm_mb[0m[2m=[0m214
[2m2026-09-15T06:32:42.687379Z[0m [32m INFO[0m [2mmidnight_bench[0m[2m:[0m [3mstage[0m[2m=[0m"finalise.compute_h_poly.spill_instance_cosets.end" [3mrss_mb[0m[2m=[0m162 [3mhwm_mb[0m[2m=[0m214
[2m2026-09-15T06:32:42.687401Z[0m [32m INFO[0m [2mmidnight_bench[0m[2m:[0m [3mstage[0m[2m=[0m"finalise.compute_h_poly.spill_fixed_cosets.start" [3mrss_mb[0m[2m=[0m162 [3mhwm_mb[0m[2m=[0m214
[2m2026-09-15T06:32:42.791937Z[0m [32m INFO[0m [2mmidnight_bench[0m[2m:[0m [3mstage[0m[2m=[0m"finalise.compute_h_poly.spill_fixed_cosets.end" [3mrss_mb[0m[2m=[0m196 [3mhwm_mb[0m[2m=[0m214
[2m2026-09-15T06:32:42.791964Z[0m [32m INFO[0m [2mmidnight_bench[0m[2m:[0m [3mstage[0m[2m=[0m"finalise.compute_h_poly.spill_perm_cosets.start" [3mrss_mb[0m[2m=[0m196 [3mhwm_mb[0m[2m=[0m214
[2m2026-09-15T06:32:42.841422Z[0m [32m INFO[0m [2mmidnight_bench[0m[2m:[0m [3mstage[0m[2m=[0m"finalise.compute_h_poly.spill_perm_cosets.end" [3mrss_mb[0m[2m=[0m212 [3mhwm_mb[0m[2m=[0m214
[2m2026-09-15T06:32:42.965744Z[0m [32m INFO[0m [2mmidnight_bench[0m[2m:[0m [3mstage[0m[2m=[0m"finalise.compute_h_poly.drop_cosets.end" [3mrss_mb[0m[2m=[0m213 [3mhwm_mb[0m[2m=[0m214
[2m2026-09-15T06:32:42.968906Z[0m [32m INFO[0m [2mmidnight_bench[0m[2m:[0m [3mstage[0m[2m=[0m"finalise.compute_h_poly.end" [3mrss_mb[0m[2m=[0m149 [3mhwm_mb[0m[2m=[0m214
[2m2026-09-15T06:32:42.968924Z[0m [32m INFO[0m [2mmidnight_bench[0m[2m:[0m [3mstage[0m[2m=[0m"finalise.vanishing_construct.start" [3mrss_mb[0m[2m=[0m149 [3mhwm_mb[0m[2m=[0m214
[2m2026-09-15T06:32:43.056679Z[0m [32m INFO[0m [2mmidnight_bench[0m[2m:[0m [3mstage[0m[2m=[0m"finalise.vanishing_construct.end" [3mrss_mb[0m[2m=[0m149 [3mhwm_mb[0m[2m=[0m214
[2m2026-09-15T06:32:43.083549Z[0m [32m INFO[0m [2mmidnight_bench[0m[2m:[0m [3mstage[0m[2m=[0m"finalise.compute_queries.start" [3mrss_mb[0m[2m=[0m149 [3mhwm_mb[0m[2m=[0m214
[2m2026-09-15T06:32:43.083638Z[0m [32m INFO[0m [2mmidnight_bench[0m[2m:[0m [3mstage[0m[2m=[0m"finalise.multi_open.start" [3mrss_mb[0m[2m=[0m149 [3mhwm_mb[0m[2m=[0m214
[2m2026-09-15T06:32:43.171544Z[0m [32m INFO[0m [2mmidnight_bench[0m[2m:[0m [3mstage[0m[2m=[0m"finalise.multi_open.end" [3mrss_mb[0m[2m=[0m150 [3mhwm_mb[0m[2m=[0m214
[2m2026-09-15T06:32:43.172113Z[0m [32m INFO[0m [2mmidnight_bench[0m[2m:[0m [3mstage[0m[2m=[0m"create_proof.finalise_proof.end" [3mrss_mb[0m[2m=[0m136 [3mhwm_mb[0m[2m=[0m214
[2m2026-09-15T06:32:43.188453Z[0m [32m INFO[0m [2mactix_web::middleware::logger[0m[2m:[0m 192.168.65.1 POST /prove HTTP/1.1; took 0.807515s
[2m2026-09-15T06:32:43.190815Z[0m [32m INFO[0m [2mmidnight_proof_server::endpoints[0m[2m:[0m Starting to process request for /prove...
[2m2026-09-15T06:32:43.262959Z[0m [32m INFO[0m [2mmidnight_bench[0m[2m:[0m [3mstage[0m[2m=[0m"create_proof.compute_trace.start" [3mrss_mb[0m[2m=[0m139 [3mhwm_mb[0m[2m=[0m214
[2m2026-09-15T06:32:43.262989Z[0m [32m INFO[0m [2mmidnight_bench[0m[2m:[0m [3mstage[0m[2m=[0m"trace.compute_instances.start" [3mrss_mb[0m[2m=[0m139 [3mhwm_mb[0m[2m=[0m214
[2m2026-09-15T06:32:43.266961Z[0m [32m INFO[0m [2mmidnight_bench[0m[2m:[0m [3mstage[0m[2m=[0m"trace.compute_instances.end" [3mrss_mb[0m[2m=[0m139 [3mhwm_mb[0m[2m=[0m214
[2m2026-09-15T06:32:43.266982Z[0m [32m INFO[0m [2mmidnight_bench[0m[2m:[0m [3mstage[0m[2m=[0m"trace.parse_advices.start" [3mrss_mb[0m[2m=[0m139 [3mhwm_mb[0m[2m=[0m214
[2m2026-09-15T06:32:43.272559Z[0m [32m INFO[0m [2mmidnight_bench[0m[2m:[0m [3mstage[0m[2m=[0m"trace.parse_advices.end" [3mrss_mb[0m[2m=[0m139 [3mhwm_mb[0m[2m=[0m214
[2m2026-09-15T06:32:43.272584Z[0m [32m INFO[0m [2mmidnight_bench[0m[2m:[0m [3mstage[0m[2m=[0m"trace.lookups_permuted.start" [3mrss_mb[0m[2m=[0m139 [3mhwm_mb[0m[2m=[0m214
[2m2026-09-15T06:32:43.319042Z[0m [32m INFO[0m [2mmidnight_bench[0m[2m:[0m [3mstage[0m[2m=[0m"trace.lookups_permuted.end" [3mrss_mb[0m[2m=[0m144 [3mhwm_mb[0m[2m=[0m214
[2m2026-09-15T06:32:43.319069Z[0m [32m INFO[0m [2mmidnight_bench[0m[2m:[0m [3mstage[0m[2m=[0m"trace.permutations_commit.start" [3mrss_mb[0m[2m=[0m144 [3mhwm_mb[0m[2m=[0m214
[2m2026-09-15T06:32:43.385902Z[0m [32m INFO[0m [2mmidnight_bench[0m[2m:[0m [3mstage[0m[2m=[0m"trace.permutations_commit.end" [3mrss_mb[0m[2m=[0m151 [3mhwm_mb[0m[2m=[0m214
[2m2026-09-15T06:32:43.385932Z[0m [32m INFO[0m [2mmidnight_bench[0m[2m:[0m [3mstage[0m[2m=[0m"trace.lookups_product.start" [3mrss_mb[0m[2m=[0m151 [3mhwm_mb[0m[2m=[0m214
[2m2026-09-15T06:32:43.434524Z[0m [32m INFO[0m [2mmidnight_bench[0m[2m:[0m [3mstage[0m[2m=[0m"trace.lookups_product.end" [3mrss_mb[0m[2m=[0m151 [3mhwm_mb[0m[2m=[0m214
[2m2026-09-15T06:32:43.461985Z[0m [32m INFO[0m [2mmidnight_bench[0m[2m:[0m [3mstage[0m[2m=[0m"create_proof.compute_trace.end" [3mrss_mb[0m[2m=[0m152 [3mhwm_mb[0m[2m=[0m214
[2m2026-09-15T06:32:43.462011Z[0m [32m INFO[0m [2mmidnight_bench[0m[2m:[0m [3mstage[0m[2m=[0m"create_proof.finalise_proof.start" [3mrss_mb[0m[2m=[0m152 [3mhwm_mb[0m[2m=[0m214
[2m2026-09-15T06:32:43.462020Z[0m [32m INFO[0m [2mmidnight_bench[0m[2m:[0m [3mstage[0m[2m=[0m"finalise.compute_h_poly.start" [3mrss_mb[0m[2m=[0m152 [3mhwm_mb[0m[2m=[0m214
[2m2026-09-15T06:32:43.462027Z[0m [32m INFO[0m [2mmidnight_bench[0m[2m:[0m [3mstage[0m[2m=[0m"finalise.compute_h_poly.spill_advice_cosets.start" [3mrss_mb[0m[2m=[0m152 [3mhwm_mb[0m[2m=[0m214
[2m2026-09-15T06:32:43.494981Z[0m [32m INFO[0m [2mmidnight_bench[0m[2m:[0m [3mstage[0m[2m=[0m"finalise.compute_h_poly.spill_advice_cosets.end" [3mrss_mb[0m[2m=[0m162 [3mhwm_mb[0m[2m=[0m214
[2m2026-09-15T06:32:43.495013Z[0m [32m INFO[0m [2mmidnight_bench[0m[2m:[0m [3mstage[0m[2m=[0m"finalise.compute_h_poly.spill_instance_cosets.start" [3mrss_mb[0m[2m=[0m162 [3mhwm_mb[0m[2m=[0m214
[2m2026-09-15T06:32:43.506610Z[0m [32m INFO[0m [2mmidnight_bench[0m[2m:[0m [3mstage[0m[2m=[0m"finalise.compute_h_poly.spill_instance_cosets.end" [3mrss_mb[0m[2m=[0m166 [3mhwm_mb[0m[2m=[0m214
[2m2026-09-15T06:32:43.506627Z[0m [32m INFO[0m [2mmidnight_bench[0m[2m:[0m [3mstage[0m[2m=[0m"finalise.compute_h_poly.spill_fixed_cosets.start" [3mrss_mb[0m[2m=[0m166 [3mhwm_mb[0m[2m=[0m214
[2m2026-09-15T06:32:43.605141Z[0m [32m INFO[0m [2mmidnight_bench[0m[2m:[0m [3mstage[0m[2m=[0m"finalise.compute_h_poly.spill_fixed_cosets.end" [3mrss_mb[0m[2m=[0m200 [3mhwm_mb[0m[2m=[0m214
[2m2026-09-15T06:32:43.605167Z[0m [32m INFO[0m [2mmidnight_bench[0m[2m:[0m [3mstage[0m[2m=[0m"finalise.compute_h_poly.spill_perm_cosets.start" [3mrss_mb[0m[2m=[0m200 [3mhwm_mb[0m[2m=[0m214
[2m2026-09-15T06:32:43.652325Z[0m [32m INFO[0m [2mmidnight_bench[0m[2m:[0m [3mstage[0m[2m=[0m"finalise.compute_h_poly.spill_perm_cosets.end" [3mrss_mb[0m[2m=[0m216 [3mhwm_mb[0m[2m=[0m216
[2m2026-09-15T06:32:43.780677Z[0m [32m INFO[0m [2mmidnight_bench[0m[2m:[0m [3mstage[0m[2m=[0m"finalise.compute_h_poly.drop_cosets.end" [3mrss_mb[0m[2m=[0m217 [3mhwm_mb[0m[2m=[0m217
[2m2026-09-15T06:32:43.783908Z[0m [32m INFO[0m [2mmidnight_bench[0m[2m:[0m [3mstage[0m[2m=[0m"finalise.compute_h_poly.end" [3mrss_mb[0m[2m=[0m153 [3mhwm_mb[0m[2m=[0m216
[2m2026-09-15T06:32:43.783926Z[0m [32m INFO[0m [2mmidnight_bench[0m[2m:[0m [3mstage[0m[2m=[0m"finalise.vanishing_construct.start" [3mrss_mb[0m[2m=[0m153 [3mhwm_mb[0m[2m=[0m216
[2m2026-09-15T06:32:43.877321Z[0m [32m INFO[0m [2mmidnight_bench[0m[2m:[0m [3mstage[0m[2m=[0m"finalise.vanishing_construct.end" [3mrss_mb[0m[2m=[0m153 [3mhwm_mb[0m[2m=[0m216
[2m2026-09-15T06:32:43.903796Z[0m [32m INFO[0m [2mmidnight_bench[0m[2m:[0m [3mstage[0m[2m=[0m"finalise.compute_queries.start" [3mrss_mb[0m[2m=[0m153 [3mhwm_mb[0m[2m=[0m216
[2m2026-09-15T06:32:43.903886Z[0m [32m INFO[0m [2mmidnight_bench[0m[2m:[0m [3mstage[0m[2m=[0m"finalise.multi_open.start" [3mrss_mb[0m[2m=[0m153 [3mhwm_mb[0m[2m=[0m216
[2m2026-09-15T06:32:43.997179Z[0m [32m INFO[0m [2mmidnight_bench[0m[2m:[0m [3mstage[0m[2m=[0m"finalise.multi_open.end" [3mrss_mb[0m[2m=[0m154 [3mhwm_mb[0m[2m=[0m216
[2m2026-09-15T06:32:43.997713Z[0m [32m INFO[0m [2mmidnight_bench[0m[2m:[0m [3mstage[0m[2m=[0m"create_proof.finalise_proof.end" [3mrss_mb[0m[2m=[0m139 [3mhwm_mb[0m[2m=[0m216
[2m2026-09-15T06:32:44.014194Z[0m [32m INFO[0m [2mactix_web::middleware::logger[0m[2m:[0m 192.168.65.1 POST /prove HTTP/1.1; took 0.823395s
[2m2026-09-15T06:32:44.015784Z[0m [32m INFO[0m [2mmidnight_proof_server::endpoints[0m[2m:[0m Starting to process request for /prove...
[2m2026-09-15T06:32:44.089884Z[0m [32m INFO[0m [2mmidnight_bench[0m[2m:[0m [3mstage[0m[2m=[0m"create_proof.compute_trace.start" [3mrss_mb[0m[2m=[0m137 [3mhwm_mb[0m[2m=[0m216
[2m2026-09-15T06:32:44.089914Z[0m [32m INFO[0m [2mmidnight_bench[0m[2m:[0m [3mstage[0m[2m=[0m"trace.compute_instances.start" [3mrss_mb[0m[2m=[0m137 [3mhwm_mb[0m[2m=[0m216
[2m2026-09-15T06:32:44.094630Z[0m [32m INFO[0m [2mmidnight_bench[0m[2m:[0m [3mstage[0m[2m=[0m"trace.compute_instances.end" [3mrss_mb[0m[2m=[0m137 [3mhwm_mb[0m[2m=[0m216
[2m2026-09-15T06:32:44.094655Z[0m [32m INFO[0m [2mmidnight_bench[0m[2m:[0m [3mstage[0m[2m=[0m"trace.parse_advices.start" [3mrss_mb[0m[2m=[0m137 [3mhwm_mb[0m[2m=[0m216
[2m2026-09-15T06:32:44.099860Z[0m [32m INFO[0m [2mmidnight_bench[0m[2m:[0m [3mstage[0m[2m=[0m"trace.parse_advices.end" [3mrss_mb[0m[2m=[0m137 [3mhwm_mb[0m[2m=[0m216
[2m2026-09-15T06:32:44.099883Z[0m [32m INFO[0m [2mmidnight_bench[0m[2m:[0m [3mstage[0m[2m=[0m"trace.lookups_permuted.start" [3mrss_mb[0m[2m=[0m137 [3mhwm_mb[0m[2m=[0m216
[2m2026-09-15T06:32:44.142578Z[0m [32m INFO[0m [2mmidnight_bench[0m[2m:[0m [3mstage[0m[2m=[0m"trace.lookups_permuted.end" [3mrss_mb[0m[2m=[0m142 [3mhwm_mb[0m[2m=[0m216
[2m2026-09-15T06:32:44.142612Z[0m [32m INFO[0m [2mmidnight_bench[0m[2m:[0m [3mstage[0m[2m=[0m"trace.permutations_commit.start" [3mrss_mb[0m[2m=[0m142 [3mhwm_mb[0m[2m=[0m216
[2m2026-09-15T06:32:44.209151Z[0m [32m INFO[0m [2mmidnight_bench[0m[2m:[0m [3mstage[0m[2m=[0m"trace.permutations_commit.end" [3mrss_mb[0m[2m=[0m149 [3mhwm_mb[0m[2m=[0m216
[2m2026-09-15T06:32:44.209175Z[0m [32m INFO[0m [2mmidnight_bench[0m[2m:[0m [3mstage[0m[2m=[0m"trace.lookups_product.start" [3mrss_mb[0m[2m=[0m149 [3mhwm_mb[0m[2m=[0m216
[2m2026-09-15T06:32:44.259415Z[0m [32m INFO[0m [2mmidnight_bench[0m[2m:[0m [3mstage[0m[2m=[0m"trace.lookups_product.end" [3mrss_mb[0m[2m=[0m150 [3mhwm_mb[0m[2m=[0m216
[2m2026-09-15T06:32:44.282943Z[0m [32m INFO[0m [2mmidnight_bench[0m[2m:[0m [3mstage[0m[2m=[0m"create_proof.compute_trace.end" [3mrss_mb[0m[2m=[0m150 [3mhwm_mb[0m[2m=[0m216
[2m2026-09-15T06:32:44.282967Z[0m [32m INFO[0m [2mmidnight_bench[0m[2m:[0m [3mstage[0m[2m=[0m"create_proof.finalise_proof.start" [3mrss_mb[0m[2m=[0m150 [3mhwm_mb[0m[2m=[0m216
[2m2026-09-15T06:32:44.282979Z[0m [32m INFO[0m [2mmidnight_bench[0m[2m:[0m [3mstage[0m[2m=[0m"finalise.compute_h_poly.start" [3mrss_mb[0m[2m=[0m150 [3mhwm_mb[0m[2m=[0m216
[2m2026-09-15T06:32:44.282991Z[0m [32m INFO[0m [2mmidnight_bench[0m[2m:[0m [3mstage[0m[2m=[0m"finalise.compute_h_poly.spill_advice_cosets.start" [3mrss_mb[0m[2m=[0m150 [3mhwm_mb[0m[2m=[0m216
[2m2026-09-15T06:32:44.313721Z[0m [32m INFO[0m [2mmidnight_bench[0m[2m:[0m [3mstage[0m[2m=[0m"finalise.compute_h_poly.spill_advice_cosets.end" [3mrss_mb[0m[2m=[0m160 [3mhwm_mb[0m[2m=[0m216
[2m2026-09-15T06:32:44.313752Z[0m [32m INFO[0m [2mmidnight_bench[0m[2m:[0m [3mstage[0m[2m=[0m"finalise.compute_h_poly.spill_instance_cosets.start" [3mrss_mb[0m[2m=[0m160 [3mhwm_mb[0m[2m=[0m216
[2m2026-09-15T06:32:44.326511Z[0m [32m INFO[0m [2mmidnight_bench[0m[2m:[0m [3mstage[0m[2m=[0m"finalise.compute_h_poly.spill_instance_cosets.end" [3mrss_mb[0m[2m=[0m164 [3mhwm_mb[0m[2m=[0m216
[2m2026-09-15T06:32:44.326529Z[0m [32m INFO[0m [2mmidnight_bench[0m[2m:[0m [3mstage[0m[2m=[0m"finalise.compute_h_poly.spill_fixed_cosets.start" [3mrss_mb[0m[2m=[0m164 [3mhwm_mb[0m[2m=[0m216
[2m2026-09-15T06:32:44.427583Z[0m [32m INFO[0m [2mmidnight_bench[0m[2m:[0m [3mstage[0m[2m=[0m"finalise.compute_h_poly.spill_fixed_cosets.end" [3mrss_mb[0m[2m=[0m198 [3mhwm_mb[0m[2m=[0m216
[2m2026-09-15T06:32:44.427614Z[0m [32m INFO[0m [2mmidnight_bench[0m[2m:[0m [3mstage[0m[2m=[0m"finalise.compute_h_poly.spill_perm_cosets.start" [3mrss_mb[0m[2m=[0m198 [3mhwm_mb[0m[2m=[0m216
[2m2026-09-15T06:32:44.473969Z[0m [32m INFO[0m [2mmidnight_bench[0m[2m:[0m [3mstage[0m[2m=[0m"finalise.compute_h_poly.spill_perm_cosets.end" [3mrss_mb[0m[2m=[0m214 [3mhwm_mb[0m[2m=[0m216
[2m2026-09-15T06:32:44.604662Z[0m [32m INFO[0m [2mmidnight_bench[0m[2m:[0m [3mstage[0m[2m=[0m"finalise.compute_h_poly.drop_cosets.end" [3mrss_mb[0m[2m=[0m215 [3mhwm_mb[0m[2m=[0m216
[2m2026-09-15T06:32:44.607619Z[0m [32m INFO[0m [2mmidnight_bench[0m[2m:[0m [3mstage[0m[2m=[0m"finalise.compute_h_poly.end" [3mrss_mb[0m[2m=[0m151 [3mhwm_mb[0m[2m=[0m216
[2m2026-09-15T06:32:44.607634Z[0m [32m INFO[0m [2mmidnight_bench[0m[2m:[0m [3mstage[0m[2m=[0m"finalise.vanishing_construct.start" [3mrss_mb[0m[2m=[0m151 [3mhwm_mb[0m[2m=[0m216
[2m2026-09-15T06:32:44.699111Z[0m [32m INFO[0m [2mmidnight_bench[0m[2m:[0m [3mstage[0m[2m=[0m"finalise.vanishing_construct.end" [3mrss_mb[0m[2m=[0m151 [3mhwm_mb[0m[2m=[0m216
[2m2026-09-15T06:32:44.725155Z[0m [32m INFO[0m [2mmidnight_bench[0m[2m:[0m [3mstage[0m[2m=[0m"finalise.compute_queries.start" [3mrss_mb[0m[2m=[0m151 [3mhwm_mb[0m[2m=[0m216
[2m2026-09-15T06:32:44.725247Z[0m [32m INFO[0m [2mmidnight_bench[0m[2m:[0m [3mstage[0m[2m=[0m"finalise.multi_open.start" [3mrss_mb[0m[2m=[0m151 [3mhwm_mb[0m[2m=[0m216
[2m2026-09-15T06:32:44.814851Z[0m [32m INFO[0m [2mmidnight_bench[0m[2m:[0m [3mstage[0m[2m=[0m"finalise.multi_open.end" [3mrss_mb[0m[2m=[0m152 [3mhwm_mb[0m[2m=[0m216
[2m2026-09-15T06:32:44.815370Z[0m [32m INFO[0m [2mmidnight_bench[0m[2m:[0m [3mstage[0m[2m=[0m"create_proof.finalise_proof.end" [3mrss_mb[0m[2m=[0m137 [3mhwm_mb[0m[2m=[0m216
[2m2026-09-15T06:32:44.831538Z[0m [32m INFO[0m [2mactix_web::middleware::logger[0m[2m:[0m 192.168.65.1 POST /prove HTTP/1.1; took 0.815773s
[2m2026-09-15T06:32:44.833213Z[0m [32m INFO[0m [2mmidnight_proof_server::endpoints[0m[2m:[0m Starting to process request for /prove...
[2m2026-09-15T06:32:44.905562Z[0m [32m INFO[0m [2mmidnight_bench[0m[2m:[0m [3mstage[0m[2m=[0m"create_proof.compute_trace.start" [3mrss_mb[0m[2m=[0m138 [3mhwm_mb[0m[2m=[0m216
[2m2026-09-15T06:32:44.905595Z[0m [32m INFO[0m [2mmidnight_bench[0m[2m:[0m [3mstage[0m[2m=[0m"trace.compute_instances.start" [3mrss_mb[0m[2m=[0m138 [3mhwm_mb[0m[2m=[0m216
[2m2026-09-15T06:32:44.910319Z[0m [32m INFO[0m [2mmidnight_bench[0m[2m:[0m [3mstage[0m[2m=[0m"trace.compute_instances.end" [3mrss_mb[0m[2m=[0m138 [3mhwm_mb[0m[2m=[0m216
[2m2026-09-15T06:32:44.910335Z[0m [32m INFO[0m [2mmidnight_bench[0m[2m:[0m [3mstage[0m[2m=[0m"trace.parse_advices.start" [3mrss_mb[0m[2m=[0m138 [3mhwm_mb[0m[2m=[0m216
[2m2026-09-15T06:32:44.915952Z[0m [32m INFO[0m [2mmidnight_bench[0m[2m:[0m [3mstage[0m[2m=[0m"trace.parse_advices.end" [3mrss_mb[0m[2m=[0m138 [3mhwm_mb[0m[2m=[0m216
[2m2026-09-15T06:32:44.915980Z[0m [32m INFO[0m [2mmidnight_bench[0m[2m:[0m [3mstage[0m[2m=[0m"trace.lookups_permuted.start" [3mrss_mb[0m[2m=[0m138 [3mhwm_mb[0m[2m=[0m216
[2m2026-09-15T06:32:44.957885Z[0m [32m INFO[0m [2mmidnight_bench[0m[2m:[0m [3mstage[0m[2m=[0m"trace.lookups_permuted.end" [3mrss_mb[0m[2m=[0m143 [3mhwm_mb[0m[2m=[0m216
[2m2026-09-15T06:32:44.957919Z[0m [32m INFO[0m [2mmidnight_bench[0m[2m:[0m [3mstage[0m[2m=[0m"trace.permutations_commit.start" [3mrss_mb[0m[2m=[0m143 [3mhwm_mb[0m[2m=[0m216
[2m2026-09-15T06:32:45.022262Z[0m [32m INFO[0m [2mmidnight_bench[0m[2m:[0m [3mstage[0m[2m=[0m"trace.permutations_commit.end" [3mrss_mb[0m[2m=[0m150 [3mhwm_mb[0m[2m=[0m216
[2m2026-09-15T06:32:45.022291Z[0m [32m INFO[0m [2mmidnight_bench[0m[2m:[0m [3mstage[0m[2m=[0m"trace.lookups_product.start" [3mrss_mb[0m[2m=[0m150 [3mhwm_mb[0m[2m=[0m216
[2m2026-09-15T06:32:45.069759Z[0m [32m INFO[0m [2mmidnight_bench[0m[2m:[0m [3mstage[0m[2m=[0m"trace.lookups_product.end" [3mrss_mb[0m[2m=[0m151 [3mhwm_mb[0m[2m=[0m216
[2m2026-09-15T06:32:45.091468Z[0m [32m INFO[0m [2mmidnight_bench[0m[2m:[0m [3mstage[0m[2m=[0m"create_proof.compute_trace.end" [3mrss_mb[0m[2m=[0m151 [3mhwm_mb[0m[2m=[0m216
[2m2026-09-15T06:32:45.091493Z[0m [32m INFO[0m [2mmidnight_bench[0m[2m:[0m [3mstage[0m[2m=[0m"create_proof.finalise_proof.start" [3mrss_mb[0m[2m=[0m151 [3mhwm_mb[0m[2m=[0m216
[2m2026-09-15T06:32:45.091505Z[0m [32m INFO[0m [2mmidnight_bench[0m[2m:[0m [3mstage[0m[2m=[0m"finalise.compute_h_poly.start" [3mrss_mb[0m[2m=[0m151 [3mhwm_mb[0m[2m=[0m216
[2m2026-09-15T06:32:45.091512Z[0m [32m INFO[0m [2mmidnight_bench[0m[2m:[0m [3mstage[0m[2m=[0m"finalise.compute_h_poly.spill_advice_cosets.start" [3mrss_mb[0m[2m=[0m151 [3mhwm_mb[0m[2m=[0m216
[2m2026-09-15T06:32:45.119271Z[0m [32m INFO[0m [2mmidnight_bench[0m[2m:[0m [3mstage[0m[2m=[0m"finalise.compute_h_poly.spill_advice_cosets.end" [3mrss_mb[0m[2m=[0m161 [3mhwm_mb[0m[2m=[0m216
[2m2026-09-15T06:32:45.119297Z[0m [32m INFO[0m [2mmidnight_bench[0m[2m:[0m [3mstage[0m[2m=[0m"finalise.compute_h_poly.spill_instance_cosets.start" [3mrss_mb[0m[2m=[0m161 [3mhwm_mb[0m[2m=[0m216
[2m2026-09-15T06:32:45.131485Z[0m [32m INFO[0m [2mmidnight_bench[0m[2m:[0m [3mstage[0m[2m=[0m"finalise.compute_h_poly.spill_instance_cosets.end" [3mrss_mb[0m[2m=[0m165 [3mhwm_mb[0m[2m=[0m216
[2m2026-09-15T06:32:45.131511Z[0m [32m INFO[0m [2mmidnight_bench[0m[2m:[0m [3mstage[0m[2m=[0m"finalise.compute_h_poly.spill_fixed_cosets.start" [3mrss_mb[0m[2m=[0m165 [3mhwm_mb[0m[2m=[0m216
[2m2026-09-15T06:32:45.231919Z[0m [32m INFO[0m [2mmidnight_bench[0m[2m:[0m [3mstage[0m[2m=[0m"finalise.compute_h_poly.spill_fixed_cosets.end" [3mrss_mb[0m[2m=[0m199 [3mhwm_mb[0m[2m=[0m216
[2m2026-09-15T06:32:45.231948Z[0m [32m INFO[0m [2mmidnight_bench[0m[2m:[0m [3mstage[0m[2m=[0m"finalise.compute_h_poly.spill_perm_cosets.start" [3mrss_mb[0m[2m=[0m199 [3mhwm_mb[0m[2m=[0m216
[2m2026-09-15T06:32:45.276394Z[0m [32m INFO[0m [2mmidnight_bench[0m[2m:[0m [3mstage[0m[2m=[0m"finalise.compute_h_poly.spill_perm_cosets.end" [3mrss_mb[0m[2m=[0m215 [3mhwm_mb[0m[2m=[0m216
[2m2026-09-15T06:32:45.409100Z[0m [32m INFO[0m [2mmidnight_bench[0m[2m:[0m [3mstage[0m[2m=[0m"finalise.compute_h_poly.drop_cosets.end" [3mrss_mb[0m[2m=[0m216 [3mhwm_mb[0m[2m=[0m216
[2m2026-09-15T06:32:45.412314Z[0m [32m INFO[0m [2mmidnight_bench[0m[2m:[0m [3mstage[0m[2m=[0m"finalise.compute_h_poly.end" [3mrss_mb[0m[2m=[0m152 [3mhwm_mb[0m[2m=[0m216
[2m2026-09-15T06:32:45.412338Z[0m [32m INFO[0m [2mmidnight_bench[0m[2m:[0m [3mstage[0m[2m=[0m"finalise.vanishing_construct.start" [3mrss_mb[0m[2m=[0m152 [3mhwm_mb[0m[2m=[0m216
[2m2026-09-15T06:32:45.495934Z[0m [32m INFO[0m [2mmidnight_bench[0m[2m:[0m [3mstage[0m[2m=[0m"finalise.vanishing_construct.end" [3mrss_mb[0m[2m=[0m152 [3mhwm_mb[0m[2m=[0m216
[2m2026-09-15T06:32:45.521524Z[0m [32m INFO[0m [2mmidnight_bench[0m[2m:[0m [3mstage[0m[2m=[0m"finalise.compute_queries.start" [3mrss_mb[0m[2m=[0m152 [3mhwm_mb[0m[2m=[0m216
[2m2026-09-15T06:32:45.521614Z[0m [32m INFO[0m [2mmidnight_bench[0m[2m:[0m [3mstage[0m[2m=[0m"finalise.multi_open.start" [3mrss_mb[0m[2m=[0m152 [3mhwm_mb[0m[2m=[0m216
[2m2026-09-15T06:32:45.606565Z[0m [32m INFO[0m [2mmidnight_bench[0m[2m:[0m [3mstage[0m[2m=[0m"finalise.multi_open.end" [3mrss_mb[0m[2m=[0m152 [3mhwm_mb[0m[2m=[0m216
[2m2026-09-15T06:32:45.607108Z[0m [32m INFO[0m [2mmidnight_bench[0m[2m:[0m [3mstage[0m[2m=[0m"create_proof.finalise_proof.end" [3mrss_mb[0m[2m=[0m138 [3mhwm_mb[0m[2m=[0m216
[2m2026-09-15T06:32:45.622543Z[0m [32m INFO[0m [2mactix_web::middleware::logger[0m[2m:[0m 192.168.65.1 POST /prove HTTP/1.1; took 0.789347s
[2m2026-09-15T06:32:45.624259Z[0m [32m INFO[0m [2mmidnight_proof_server::endpoints[0m[2m:[0m Starting to process request for /prove...
[2m2026-09-15T06:32:45.696854Z[0m [32m INFO[0m [2mmidnight_bench[0m[2m:[0m [3mstage[0m[2m=[0m"create_proof.compute_trace.start" [3mrss_mb[0m[2m=[0m136 [3mhwm_mb[0m[2m=[0m216
[2m2026-09-15T06:32:45.696885Z[0m [32m INFO[0m [2mmidnight_bench[0m[2m:[0m [3mstage[0m[2m=[0m"trace.compute_instances.start" [3mrss_mb[0m[2m=[0m136 [3mhwm_mb[0m[2m=[0m216
[2m2026-09-15T06:32:45.701525Z[0m [32m INFO[0m [2mmidnight_bench[0m[2m:[0m [3mstage[0m[2m=[0m"trace.compute_instances.end" [3mrss_mb[0m[2m=[0m136 [3mhwm_mb[0m[2m=[0m216
[2m2026-09-15T06:32:45.701547Z[0m [32m INFO[0m [2mmidnight_bench[0m[2m:[0m [3mstage[0m[2m=[0m"trace.parse_advices.start" [3mrss_mb[0m[2m=[0m136 [3mhwm_mb[0m[2m=[0m216
[2m2026-09-15T06:32:45.706507Z[0m [32m INFO[0m [2mmidnight_bench[0m[2m:[0m [3mstage[0m[2m=[0m"trace.parse_advices.end" [3mrss_mb[0m[2m=[0m136 [3mhwm_mb[0m[2m=[0m216
[2m2026-09-15T06:32:45.706534Z[0m [32m INFO[0m [2mmidnight_bench[0m[2m:[0m [3mstage[0m[2m=[0m"trace.lookups_permuted.start" [3mrss_mb[0m[2m=[0m136 [3mhwm_mb[0m[2m=[0m216
[2m2026-09-15T06:32:45.751210Z[0m [32m INFO[0m [2mmidnight_bench[0m[2m:[0m [3mstage[0m[2m=[0m"trace.lookups_permuted.end" [3mrss_mb[0m[2m=[0m140 [3mhwm_mb[0m[2m=[0m216
[2m2026-09-15T06:32:45.751246Z[0m [32m INFO[0m [2mmidnight_bench[0m[2m:[0m [3mstage[0m[2m=[0m"trace.permutations_commit.start" [3mrss_mb[0m[2m=[0m140 [3mhwm_mb[0m[2m=[0m216
[2m2026-09-15T06:32:45.817965Z[0m [32m INFO[0m [2mmidnight_bench[0m[2m:[0m [3mstage[0m[2m=[0m"trace.permutations_commit.end" [3mrss_mb[0m[2m=[0m148 [3mhwm_mb[0m[2m=[0m216
[2m2026-09-15T06:32:45.817989Z[0m [32m INFO[0m [2mmidnight_bench[0m[2m:[0m [3mstage[0m[2m=[0m"trace.lookups_product.start" [3mrss_mb[0m[2m=[0m148 [3mhwm_mb[0m[2m=[0m216
[2m2026-09-15T06:32:45.867712Z[0m [32m INFO[0m [2mmidnight_bench[0m[2m:[0m [3mstage[0m[2m=[0m"trace.lookups_product.end" [3mrss_mb[0m[2m=[0m148 [3mhwm_mb[0m[2m=[0m216
[2m2026-09-15T06:32:45.895158Z[0m [32m INFO[0m [2mmidnight_bench[0m[2m:[0m [3mstage[0m[2m=[0m"create_proof.compute_trace.end" [3mrss_mb[0m[2m=[0m148 [3mhwm_mb[0m[2m=[0m216
[2m2026-09-15T06:32:45.895185Z[0m [32m INFO[0m [2mmidnight_bench[0m[2m:[0m [3mstage[0m[2m=[0m"create_proof.finalise_proof.start" [3mrss_mb[0m[2m=[0m148 [3mhwm_mb[0m[2m=[0m216
[2m2026-09-15T06:32:45.895195Z[0m [32m INFO[0m [2mmidnight_bench[0m[2m:[0m [3mstage[0m[2m=[0m"finalise.compute_h_poly.start" [3mrss_mb[0m[2m=[0m148 [3mhwm_mb[0m[2m=[0m216
[2m2026-09-15T06:32:45.895202Z[0m [32m INFO[0m [2mmidnight_bench[0m[2m:[0m [3mstage[0m[2m=[0m"finalise.compute_h_poly.spill_advice_cosets.start" [3mrss_mb[0m[2m=[0m148 [3mhwm_mb[0m[2m=[0m216
[2m2026-09-15T06:32:45.925592Z[0m [32m INFO[0m [2mmidnight_bench[0m[2m:[0m [3mstage[0m[2m=[0m"finalise.compute_h_poly.spill_advice_cosets.end" [3mrss_mb[0m[2m=[0m158 [3mhwm_mb[0m[2m=[0m216
[2m2026-09-15T06:32:45.925619Z[0m [32m INFO[0m [2mmidnight_bench[0m[2m:[0m [3mstage[0m[2m=[0m"finalise.compute_h_poly.spill_instance_cosets.start" [3mrss_mb[0m[2m=[0m158 [3mhwm_mb[0m[2m=[0m216
[2m2026-09-15T06:32:45.938757Z[0m [32m INFO[0m [2mmidnight_bench[0m[2m:[0m [3mstage[0m[2m=[0m"finalise.compute_h_poly.spill_instance_cosets.end" [3mrss_mb[0m[2m=[0m162 [3mhwm_mb[0m[2m=[0m216
[2m2026-09-15T06:32:45.938791Z[0m [32m INFO[0m [2mmidnight_bench[0m[2m:[0m [3mstage[0m[2m=[0m"finalise.compute_h_poly.spill_fixed_cosets.start" [3mrss_mb[0m[2m=[0m162 [3mhwm_mb[0m[2m=[0m216
[2m2026-09-15T06:32:46.057596Z[0m [32m INFO[0m [2mmidnight_bench[0m[2m:[0m [3mstage[0m[2m=[0m"finalise.compute_h_poly.spill_fixed_cosets.end" [3mrss_mb[0m[2m=[0m196 [3mhwm_mb[0m[2m=[0m216
[2m2026-09-15T06:32:46.057625Z[0m [32m INFO[0m [2mmidnight_bench[0m[2m:[0m [3mstage[0m[2m=[0m"finalise.compute_h_poly.spill_perm_cosets.start" [3mrss_mb[0m[2m=[0m196 [3mhwm_mb[0m[2m=[0m216
[2m2026-09-15T06:32:46.108545Z[0m [32m INFO[0m [2mmidnight_bench[0m[2m:[0m [3mstage[0m[2m=[0m"finalise.compute_h_poly.spill_perm_cosets.end" [3mrss_mb[0m[2m=[0m212 [3mhwm_mb[0m[2m=[0m216
[2m2026-09-15T06:32:46.243821Z[0m [32m INFO[0m [2mmidnight_bench[0m[2m:[0m [3mstage[0m[2m=[0m"finalise.compute_h_poly.drop_cosets.end" [3mrss_mb[0m[2m=[0m213 [3mhwm_mb[0m[2m=[0m216
[2m2026-09-15T06:32:46.246812Z[0m [32m INFO[0m [2mmidnight_bench[0m[2m:[0m [3mstage[0m[2m=[0m"finalise.compute_h_poly.end" [3mrss_mb[0m[2m=[0m149 [3mhwm_mb[0m[2m=[0m216
[2m2026-09-15T06:32:46.246829Z[0m [32m INFO[0m [2mmidnight_bench[0m[2m:[0m [3mstage[0m[2m=[0m"finalise.vanishing_construct.start" [3mrss_mb[0m[2m=[0m149 [3mhwm_mb[0m[2m=[0m216
[2m2026-09-15T06:32:46.329174Z[0m [32m INFO[0m [2mmidnight_bench[0m[2m:[0m [3mstage[0m[2m=[0m"finalise.vanishing_construct.end" [3mrss_mb[0m[2m=[0m150 [3mhwm_mb[0m[2m=[0m216
[2m2026-09-15T06:32:46.360851Z[0m [32m INFO[0m [2mmidnight_bench[0m[2m:[0m [3mstage[0m[2m=[0m"finalise.compute_queries.start" [3mrss_mb[0m[2m=[0m150 [3mhwm_mb[0m[2m=[0m216
[2m2026-09-15T06:32:46.360943Z[0m [32m INFO[0m [2mmidnight_bench[0m[2m:[0m [3mstage[0m[2m=[0m"finalise.multi_open.start" [3mrss_mb[0m[2m=[0m150 [3mhwm_mb[0m[2m=[0m216
[2m2026-09-15T06:32:46.447176Z[0m [32m INFO[0m [2mmidnight_bench[0m[2m:[0m [3mstage[0m[2m=[0m"finalise.multi_open.end" [3mrss_mb[0m[2m=[0m150 [3mhwm_mb[0m[2m=[0m216
[2m2026-09-15T06:32:46.447702Z[0m [32m INFO[0m [2mmidnight_bench[0m[2m:[0m [3mstage[0m[2m=[0m"create_proof.finalise_proof.end" [3mrss_mb[0m[2m=[0m136 [3mhwm_mb[0m[2m=[0m216
[2m2026-09-15T06:32:46.463090Z[0m [32m INFO[0m [2mactix_web::middleware::logger[0m[2m:[0m 192.168.65.1 POST /prove HTTP/1.1; took 0.838847s
[2m2026-09-15T06:32:46.464419Z[0m [32m INFO[0m [2mmidnight_proof_server::endpoints[0m[2m:[0m Starting to process request for /prove...
[2m2026-09-15T06:32:46.530835Z[0m [32m INFO[0m [2mmidnight_bench[0m[2m:[0m [3mstage[0m[2m=[0m"create_proof.compute_trace.start" [3mrss_mb[0m[2m=[0m137 [3mhwm_mb[0m[2m=[0m216
[2m2026-09-15T06:32:46.530863Z[0m [32m INFO[0m [2mmidnight_bench[0m[2m:[0m [3mstage[0m[2m=[0m"trace.compute_instances.start" [3mrss_mb[0m[2m=[0m137 [3mhwm_mb[0m[2m=[0m216
[2m2026-09-15T06:32:46.535818Z[0m [32m INFO[0m [2mmidnight_bench[0m[2m:[0m [3mstage[0m[2m=[0m"trace.compute_instances.end" [3mrss_mb[0m[2m=[0m137 [3mhwm_mb[0m[2m=[0m216
[2m2026-09-15T06:32:46.535841Z[0m [32m INFO[0m [2mmidnight_bench[0m[2m:[0m [3mstage[0m[2m=[0m"trace.parse_advices.start" [3mrss_mb[0m[2m=[0m137 [3mhwm_mb[0m[2m=[0m216
[2m2026-09-15T06:32:46.540976Z[0m [32m INFO[0m [2mmidnight_bench[0m[2m:[0m [3mstage[0m[2m=[0m"trace.parse_advices.end" [3mrss_mb[0m[2m=[0m137 [3mhwm_mb[0m[2m=[0m216
[2m2026-09-15T06:32:46.540993Z[0m [32m INFO[0m [2mmidnight_bench[0m[2m:[0m [3mstage[0m[2m=[0m"trace.lookups_permuted.start" [3mrss_mb[0m[2m=[0m137 [3mhwm_mb[0m[2m=[0m216
[2m2026-09-15T06:32:46.585294Z[0m [32m INFO[0m [2mmidnight_bench[0m[2m:[0m [3mstage[0m[2m=[0m"trace.lookups_permuted.end" [3mrss_mb[0m[2m=[0m141 [3mhwm_mb[0m[2m=[0m216
[2m2026-09-15T06:32:46.585326Z[0m [32m INFO[0m [2mmidnight_bench[0m[2m:[0m [3mstage[0m[2m=[0m"trace.permutations_commit.start" [3mrss_mb[0m[2m=[0m141 [3mhwm_mb[0m[2m=[0m216
[2m2026-09-15T06:32:46.651483Z[0m [32m INFO[0m [2mmidnight_bench[0m[2m:[0m [3mstage[0m[2m=[0m"trace.permutations_commit.end" [3mrss_mb[0m[2m=[0m149 [3mhwm_mb[0m[2m=[0m216
[2m2026-09-15T06:32:46.651507Z[0m [32m INFO[0m [2mmidnight_bench[0m[2m:[0m [3mstage[0m[2m=[0m"trace.lookups_product.start" [3mrss_mb[0m[2m=[0m149 [3mhwm_mb[0m[2m=[0m216
[2m2026-09-15T06:32:46.703469Z[0m [32m INFO[0m [2mmidnight_bench[0m[2m:[0m [3mstage[0m[2m=[0m"trace.lookups_product.end" [3mrss_mb[0m[2m=[0m149 [3mhwm_mb[0m[2m=[0m216
[2m2026-09-15T06:32:46.729504Z[0m [32m INFO[0m [2mmidnight_bench[0m[2m:[0m [3mstage[0m[2m=[0m"create_proof.compute_trace.end" [3mrss_mb[0m[2m=[0m149 [3mhwm_mb[0m[2m=[0m216
[2m2026-09-15T06:32:46.729538Z[0m [32m INFO[0m [2mmidnight_bench[0m[2m:[0m [3mstage[0m[2m=[0m"create_proof.finalise_proof.start" [3mrss_mb[0m[2m=[0m149 [3mhwm_mb[0m[2m=[0m216
[2m2026-09-15T06:32:46.729546Z[0m [32m INFO[0m [2mmidnight_bench[0m[2m:[0m [3mstage[0m[2m=[0m"finalise.compute_h_poly.start" [3mrss_mb[0m[2m=[0m149 [3mhwm_mb[0m[2m=[0m216
[2m2026-09-15T06:32:46.729553Z[0m [32m INFO[0m [2mmidnight_bench[0m[2m:[0m [3mstage[0m[2m=[0m"finalise.compute_h_poly.spill_advice_cosets.start" [3mrss_mb[0m[2m=[0m149 [3mhwm_mb[0m[2m=[0m216
[2m2026-09-15T06:32:46.760509Z[0m [32m INFO[0m [2mmidnight_bench[0m[2m:[0m [3mstage[0m[2m=[0m"finalise.compute_h_poly.spill_advice_cosets.end" [3mrss_mb[0m[2m=[0m159 [3mhwm_mb[0m[2m=[0m216
[2m2026-09-15T06:32:46.760534Z[0m [32m INFO[0m [2mmidnight_bench[0m[2m:[0m [3mstage[0m[2m=[0m"finalise.compute_h_poly.spill_instance_cosets.start" [3mrss_mb[0m[2m=[0m159 [3mhwm_mb[0m[2m=[0m216
[2m2026-09-15T06:32:46.772463Z[0m [32m INFO[0m [2mmidnight_bench[0m[2m:[0m [3mstage[0m[2m=[0m"finalise.compute_h_poly.spill_instance_cosets.end" [3mrss_mb[0m[2m=[0m163 [3mhwm_mb[0m[2m=[0m216
[2m2026-09-15T06:32:46.772486Z[0m [32m INFO[0m [2mmidnight_bench[0m[2m:[0m [3mstage[0m[2m=[0m"finalise.compute_h_poly.spill_fixed_cosets.start" [3mrss_mb[0m[2m=[0m163 [3mhwm_mb[0m[2m=[0m216
[2m2026-09-15T06:32:46.874221Z[0m [32m INFO[0m [2mmidnight_bench[0m[2m:[0m [3mstage[0m[2m=[0m"finalise.compute_h_poly.spill_fixed_cosets.end" [3mrss_mb[0m[2m=[0m197 [3mhwm_mb[0m[2m=[0m216
[2m2026-09-15T06:32:46.874247Z[0m [32m INFO[0m [2mmidnight_bench[0m[2m:[0m [3mstage[0m[2m=[0m"finalise.compute_h_poly.spill_perm_cosets.start" [3mrss_mb[0m[2m=[0m197 [3mhwm_mb[0m[2m=[0m216
[2m2026-09-15T06:32:46.923654Z[0m [32m INFO[0m [2mmidnight_bench[0m[2m:[0m [3mstage[0m[2m=[0m"finalise.compute_h_poly.spill_perm_cosets.end" [3mrss_mb[0m[2m=[0m213 [3mhwm_mb[0m[2m=[0m216
[2m2026-09-15T06:32:47.048914Z[0m [32m INFO[0m [2mmidnight_bench[0m[2m:[0m [3mstage[0m[2m=[0m"finalise.compute_h_poly.drop_cosets.end" [3mrss_mb[0m[2m=[0m215 [3mhwm_mb[0m[2m=[0m216
[2m2026-09-15T06:32:47.052100Z[0m [32m INFO[0m [2mmidnight_bench[0m[2m:[0m [3mstage[0m[2m=[0m"finalise.compute_h_poly.end" [3mrss_mb[0m[2m=[0m151 [3mhwm_mb[0m[2m=[0m216
[2m2026-09-15T06:32:47.052119Z[0m [32m INFO[0m [2mmidnight_bench[0m[2m:[0m [3mstage[0m[2m=[0m"finalise.vanishing_construct.start" [3mrss_mb[0m[2m=[0m151 [3mhwm_mb[0m[2m=[0m216
[2m2026-09-15T06:32:47.143721Z[0m [32m INFO[0m [2mmidnight_bench[0m[2m:[0m [3mstage[0m[2m=[0m"finalise.vanishing_construct.end" [3mrss_mb[0m[2m=[0m151 [3mhwm_mb[0m[2m=[0m216
[2m2026-09-15T06:32:47.170386Z[0m [32m INFO[0m [2mmidnight_bench[0m[2m:[0m [3mstage[0m[2m=[0m"finalise.compute_queries.start" [3mrss_mb[0m[2m=[0m151 [3mhwm_mb[0m[2m=[0m216
[2m2026-09-15T06:32:47.170475Z[0m [32m INFO[0m [2mmidnight_bench[0m[2m:[0m [3mstage[0m[2m=[0m"finalise.multi_open.start" [3mrss_mb[0m[2m=[0m151 [3mhwm_mb[0m[2m=[0m216
[2m2026-09-15T06:32:47.257620Z[0m [32m INFO[0m [2mmidnight_bench[0m[2m:[0m [3mstage[0m[2m=[0m"finalise.multi_open.end" [3mrss_mb[0m[2m=[0m151 [3mhwm_mb[0m[2m=[0m216
[2m2026-09-15T06:32:47.258159Z[0m [32m INFO[0m [2mmidnight_bench[0m[2m:[0m [3mstage[0m[2m=[0m"create_proof.finalise_proof.end" [3mrss_mb[0m[2m=[0m137 [3mhwm_mb[0m[2m=[0m216
[2m2026-09-15T06:32:47.273984Z[0m [32m INFO[0m [2mactix_web::middleware::logger[0m[2m:[0m 192.168.65.1 POST /prove HTTP/1.1; took 0.809582s
[2m2026-09-15T06:32:47.316906Z[0m [32m INFO[0m [2mmidnight_proof_server::endpoints[0m[2m:[0m Starting to process request for /prove...
[2m2026-09-15T06:32:47.390640Z[0m [32m INFO[0m [2mmidnight_bench[0m[2m:[0m [3mstage[0m[2m=[0m"create_proof.compute_trace.start" [3mrss_mb[0m[2m=[0m150 [3mhwm_mb[0m[2m=[0m216
[2m2026-09-15T06:32:47.390675Z[0m [32m INFO[0m [2mmidnight_bench[0m[2m:[0m [3mstage[0m[2m=[0m"trace.compute_instances.start" [3mrss_mb[0m[2m=[0m150 [3mhwm_mb[0m[2m=[0m216
[2m2026-09-15T06:32:47.394800Z[0m [32m INFO[0m [2mmidnight_bench[0m[2m:[0m [3mstage[0m[2m=[0m"trace.compute_instances.end" [3mrss_mb[0m[2m=[0m150 [3mhwm_mb[0m[2m=[0m216
[2m2026-09-15T06:32:47.394826Z[0m [32m INFO[0m [2mmidnight_bench[0m[2m:[0m [3mstage[0m[2m=[0m"trace.parse_advices.start" [3mrss_mb[0m[2m=[0m150 [3mhwm_mb[0m[2m=[0m216
[2m2026-09-15T06:32:47.399906Z[0m [32m INFO[0m [2mmidnight_bench[0m[2m:[0m [3mstage[0m[2m=[0m"trace.parse_advices.end" [3mrss_mb[0m[2m=[0m150 [3mhwm_mb[0m[2m=[0m216
[2m2026-09-15T06:32:47.399927Z[0m [32m INFO[0m [2mmidnight_bench[0m[2m:[0m [3mstage[0m[2m=[0m"trace.lookups_permuted.start" [3mrss_mb[0m[2m=[0m150 [3mhwm_mb[0m[2m=[0m216
[2m2026-09-15T06:32:47.442555Z[0m [32m INFO[0m [2mmidnight_bench[0m[2m:[0m [3mstage[0m[2m=[0m"trace.lookups_permuted.end" [3mrss_mb[0m[2m=[0m154 [3mhwm_mb[0m[2m=[0m216
[2m2026-09-15T06:32:47.442581Z[0m [32m INFO[0m [2mmidnight_bench[0m[2m:[0m [3mstage[0m[2m=[0m"trace.permutations_commit.start" [3mrss_mb[0m[2m=[0m154 [3mhwm_mb[0m[2m=[0m216
[2m2026-09-15T06:32:47.514525Z[0m [32m INFO[0m [2mmidnight_bench[0m[2m:[0m [3mstage[0m[2m=[0m"trace.permutations_commit.end" [3mrss_mb[0m[2m=[0m162 [3mhwm_mb[0m[2m=[0m216
[2m2026-09-15T06:32:47.514555Z[0m [32m INFO[0m [2mmidnight_bench[0m[2m:[0m [3mstage[0m[2m=[0m"trace.lookups_product.start" [3mrss_mb[0m[2m=[0m162 [3mhwm_mb[0m[2m=[0m216
[2m2026-09-15T06:32:47.564220Z[0m [32m INFO[0m [2mmidnight_bench[0m[2m:[0m [3mstage[0m[2m=[0m"trace.lookups_product.end" [3mrss_mb[0m[2m=[0m162 [3mhwm_mb[0m[2m=[0m216
[2m2026-09-15T06:32:47.589535Z[0m [32m INFO[0m [2mmidnight_bench[0m[2m:[0m [3mstage[0m[2m=[0m"create_proof.compute_trace.end" [3mrss_mb[0m[2m=[0m162 [3mhwm_mb[0m[2m=[0m216
[2m2026-09-15T06:32:47.589560Z[0m [32m INFO[0m [2mmidnight_bench[0m[2m:[0m [3mstage[0m[2m=[0m"create_proof.finalise_proof.start" [3mrss_mb[0m[2m=[0m162 [3mhwm_mb[0m[2m=[0m216
[2m2026-09-15T06:32:47.589569Z[0m [32m INFO[0m [2mmidnight_bench[0m[2m:[0m [3mstage[0m[2m=[0m"finalise.compute_h_poly.start" [3mrss_mb[0m[2m=[0m162 [3mhwm_mb[0m[2m=[0m216
[2m2026-09-15T06:32:47.589577Z[0m [32m INFO[0m [2mmidnight_bench[0m[2m:[0m [3mstage[0m[2m=[0m"finalise.compute_h_poly.spill_advice_cosets.start" [3mrss_mb[0m[2m=[0m162 [3mhwm_mb[0m[2m=[0m216
[2m2026-09-15T06:32:47.623020Z[0m [32m INFO[0m [2mmidnight_bench[0m[2m:[0m [3mstage[0m[2m=[0m"finalise.compute_h_poly.spill_advice_cosets.end" [3mrss_mb[0m[2m=[0m172 [3mhwm_mb[0m[2m=[0m216
[2m2026-09-15T06:32:47.623047Z[0m [32m INFO[0m [2mmidnight_bench[0m[2m:[0m [3mstage[0m[2m=[0m"finalise.compute_h_poly.spill_instance_cosets.start" [3mrss_mb[0m[2m=[0m172 [3mhwm_mb[0m[2m=[0m216
[2m2026-09-15T06:32:47.635769Z[0m [32m INFO[0m [2mmidnight_bench[0m[2m:[0m [3mstage[0m[2m=[0m"finalise.compute_h_poly.spill_instance_cosets.end" [3mrss_mb[0m[2m=[0m176 [3mhwm_mb[0m[2m=[0m216
[2m2026-09-15T06:32:47.635793Z[0m [32m INFO[0m [2mmidnight_bench[0m[2m:[0m [3mstage[0m[2m=[0m"finalise.compute_h_poly.spill_fixed_cosets.start" [3mrss_mb[0m[2m=[0m176 [3mhwm_mb[0m[2m=[0m216
[2m2026-09-15T06:32:47.729476Z[0m [32m INFO[0m [2mmidnight_bench[0m[2m:[0m [3mstage[0m[2m=[0m"finalise.compute_h_poly.spill_fixed_cosets.end" [3mrss_mb[0m[2m=[0m210 [3mhwm_mb[0m[2m=[0m216
[2m2026-09-15T06:32:47.729503Z[0m [32m INFO[0m [2mmidnight_bench[0m[2m:[0m [3mstage[0m[2m=[0m"finalise.compute_h_poly.spill_perm_cosets.start" [3mrss_mb[0m[2m=[0m210 [3mhwm_mb[0m[2m=[0m216
[2m2026-09-15T06:32:47.777649Z[0m [32m INFO[0m [2mmidnight_bench[0m[2m:[0m [3mstage[0m[2m=[0m"finalise.compute_h_poly.spill_perm_cosets.end" [3mrss_mb[0m[2m=[0m226 [3mhwm_mb[0m[2m=[0m226
[2m2026-09-15T06:32:47.903422Z[0m [32m INFO[0m [2mmidnight_bench[0m[2m:[0m [3mstage[0m[2m=[0m"finalise.compute_h_poly.drop_cosets.end" [3mrss_mb[0m[2m=[0m228 [3mhwm_mb[0m[2m=[0m228
[2m2026-09-15T06:32:47.906528Z[0m [32m INFO[0m [2mmidnight_bench[0m[2m:[0m [3mstage[0m[2m=[0m"finalise.compute_h_poly.end" [3mrss_mb[0m[2m=[0m164 [3mhwm_mb[0m[2m=[0m227
[2m2026-09-15T06:32:47.906545Z[0m [32m INFO[0m [2mmidnight_bench[0m[2m:[0m [3mstage[0m[2m=[0m"finalise.vanishing_construct.start" [3mrss_mb[0m[2m=[0m164 [3mhwm_mb[0m[2m=[0m227
[2m2026-09-15T06:32:47.992630Z[0m [32m INFO[0m [2mmidnight_bench[0m[2m:[0m [3mstage[0m[2m=[0m"finalise.vanishing_construct.end" [3mrss_mb[0m[2m=[0m164 [3mhwm_mb[0m[2m=[0m227
[2m2026-09-15T06:32:48.020337Z[0m [32m INFO[0m [2mmidnight_bench[0m[2m:[0m [3mstage[0m[2m=[0m"finalise.compute_queries.start" [3mrss_mb[0m[2m=[0m164 [3mhwm_mb[0m[2m=[0m227
[2m2026-09-15T06:32:48.020427Z[0m [32m INFO[0m [2mmidnight_bench[0m[2m:[0m [3mstage[0m[2m=[0m"finalise.multi_open.start" [3mrss_mb[0m[2m=[0m164 [3mhwm_mb[0m[2m=[0m227
[2m2026-09-15T06:32:48.105727Z[0m [32m INFO[0m [2mmidnight_bench[0m[2m:[0m [3mstage[0m[2m=[0m"finalise.multi_open.end" [3mrss_mb[0m[2m=[0m164 [3mhwm_mb[0m[2m=[0m227
[2m2026-09-15T06:32:48.106228Z[0m [32m INFO[0m [2mmidnight_bench[0m[2m:[0m [3mstage[0m[2m=[0m"create_proof.finalise_proof.end" [3mrss_mb[0m[2m=[0m150 [3mhwm_mb[0m[2m=[0m227
[2m2026-09-15T06:32:48.121569Z[0m [32m INFO[0m [2mactix_web::middleware::logger[0m[2m:[0m 192.168.65.1 POST /prove HTTP/1.1; took 0.804686s
[2m2026-09-15T06:32:48.123625Z[0m [32m INFO[0m [2mmidnight_proof_server::endpoints[0m[2m:[0m Starting to process request for /prove...
[2m2026-09-15T06:32:48.199206Z[0m [32m INFO[0m [2mmidnight_bench[0m[2m:[0m [3mstage[0m[2m=[0m"create_proof.compute_trace.start" [3mrss_mb[0m[2m=[0m151 [3mhwm_mb[0m[2m=[0m227
[2m2026-09-15T06:32:48.199239Z[0m [32m INFO[0m [2mmidnight_bench[0m[2m:[0m [3mstage[0m[2m=[0m"trace.compute_instances.start" [3mrss_mb[0m[2m=[0m151 [3mhwm_mb[0m[2m=[0m227
[2m2026-09-15T06:32:48.204252Z[0m [32m INFO[0m [2mmidnight_bench[0m[2m:[0m [3mstage[0m[2m=[0m"trace.compute_instances.end" [3mrss_mb[0m[2m=[0m151 [3mhwm_mb[0m[2m=[0m227
[2m2026-09-15T06:32:48.204272Z[0m [32m INFO[0m [2mmidnight_bench[0m[2m:[0m [3mstage[0m[2m=[0m"trace.parse_advices.start" [3mrss_mb[0m[2m=[0m151 [3mhwm_mb[0m[2m=[0m227
[2m2026-09-15T06:32:48.209294Z[0m [32m INFO[0m [2mmidnight_bench[0m[2m:[0m [3mstage[0m[2m=[0m"trace.parse_advices.end" [3mrss_mb[0m[2m=[0m151 [3mhwm_mb[0m[2m=[0m227
[2m2026-09-15T06:32:48.209314Z[0m [32m INFO[0m [2mmidnight_bench[0m[2m:[0m [3mstage[0m[2m=[0m"trace.lookups_permuted.start" [3mrss_mb[0m[2m=[0m151 [3mhwm_mb[0m[2m=[0m227
[2m2026-09-15T06:32:48.255285Z[0m [32m INFO[0m [2mmidnight_bench[0m[2m:[0m [3mstage[0m[2m=[0m"trace.lookups_permuted.end" [3mrss_mb[0m[2m=[0m155 [3mhwm_mb[0m[2m=[0m227
[2m2026-09-15T06:32:48.255311Z[0m [32m INFO[0m [2mmidnight_bench[0m[2m:[0m [3mstage[0m[2m=[0m"trace.permutations_commit.start" [3mrss_mb[0m[2m=[0m155 [3mhwm_mb[0m[2m=[0m227
[2m2026-09-15T06:32:48.326810Z[0m [32m INFO[0m [2mmidnight_bench[0m[2m:[0m [3mstage[0m[2m=[0m"trace.permutations_commit.end" [3mrss_mb[0m[2m=[0m163 [3mhwm_mb[0m[2m=[0m227
[2m2026-09-15T06:32:48.326871Z[0m [32m INFO[0m [2mmidnight_bench[0m[2m:[0m [3mstage[0m[2m=[0m"trace.lookups_product.start" [3mrss_mb[0m[2m=[0m163 [3mhwm_mb[0m[2m=[0m227
[2m2026-09-15T06:32:48.388820Z[0m [32m INFO[0m [2mmidnight_bench[0m[2m:[0m [3mstage[0m[2m=[0m"trace.lookups_product.end" [3mrss_mb[0m[2m=[0m163 [3mhwm_mb[0m[2m=[0m227
[2m2026-09-15T06:32:48.426200Z[0m [32m INFO[0m [2mmidnight_bench[0m[2m:[0m [3mstage[0m[2m=[0m"create_proof.compute_trace.end" [3mrss_mb[0m[2m=[0m163 [3mhwm_mb[0m[2m=[0m227
[2m2026-09-15T06:32:48.426225Z[0m [32m INFO[0m [2mmidnight_bench[0m[2m:[0m [3mstage[0m[2m=[0m"create_proof.finalise_proof.start" [3mrss_mb[0m[2m=[0m163 [3mhwm_mb[0m[2m=[0m227
[2m2026-09-15T06:32:48.426235Z[0m [32m INFO[0m [2mmidnight_bench[0m[2m:[0m [3mstage[0m[2m=[0m"finalise.compute_h_poly.start" [3mrss_mb[0m[2m=[0m163 [3mhwm_mb[0m[2m=[0m227
[2m2026-09-15T06:32:48.426243Z[0m [32m INFO[0m [2mmidnight_bench[0m[2m:[0m [3mstage[0m[2m=[0m"finalise.compute_h_poly.spill_advice_cosets.start" [3mrss_mb[0m[2m=[0m163 [3mhwm_mb[0m[2m=[0m227
[2m2026-09-15T06:32:48.471297Z[0m [32m INFO[0m [2mmidnight_bench[0m[2m:[0m [3mstage[0m[2m=[0m"finalise.compute_h_poly.spill_advice_cosets.end" [3mrss_mb[0m[2m=[0m173 [3mhwm_mb[0m[2m=[0m227
[2m2026-09-15T06:32:48.471328Z[0m [32m INFO[0m [2mmidnight_bench[0m[2m:[0m [3mstage[0m[2m=[0m"finalise.compute_h_poly.spill_instance_cosets.start" [3mrss_mb[0m[2m=[0m173 [3mhwm_mb[0m[2m=[0m227
[2m2026-09-15T06:32:48.500880Z[0m [32m INFO[0m [2mmidnight_bench[0m[2m:[0m [3mstage[0m[2m=[0m"finalise.compute_h_poly.spill_instance_cosets.end" [3mrss_mb[0m[2m=[0m177 [3mhwm_mb[0m[2m=[0m227
[2m2026-09-15T06:32:48.500921Z[0m [32m INFO[0m [2mmidnight_bench[0m[2m:[0m [3mstage[0m[2m=[0m"finalise.compute_h_poly.spill_fixed_cosets.start" [3mrss_mb[0m[2m=[0m177 [3mhwm_mb[0m[2m=[0m227
[2m2026-09-15T06:32:48.641563Z[0m [32m INFO[0m [2mmidnight_bench[0m[2m:[0m [3mstage[0m[2m=[0m"finalise.compute_h_poly.spill_fixed_cosets.end" [3mrss_mb[0m[2m=[0m211 [3mhwm_mb[0m[2m=[0m227
[2m2026-09-15T06:32:48.641587Z[0m [32m INFO[0m [2mmidnight_bench[0m[2m:[0m [3mstage[0m[2m=[0m"finalise.compute_h_poly.spill_perm_cosets.start" [3mrss_mb[0m[2m=[0m211 [3mhwm_mb[0m[2m=[0m227
[2m2026-09-15T06:32:48.690964Z[0m [32m INFO[0m [2mmidnight_bench[0m[2m:[0m [3mstage[0m[2m=[0m"finalise.compute_h_poly.spill_perm_cosets.end" [3mrss_mb[0m[2m=[0m227 [3mhwm_mb[0m[2m=[0m227
[2m2026-09-15T06:32:48.823215Z[0m [32m INFO[0m [2mmidnight_bench[0m[2m:[0m [3mstage[0m[2m=[0m"finalise.compute_h_poly.drop_cosets.end" [3mrss_mb[0m[2m=[0m229 [3mhwm_mb[0m[2m=[0m229
[2m2026-09-15T06:32:48.826474Z[0m [32m INFO[0m [2mmidnight_bench[0m[2m:[0m [3mstage[0m[2m=[0m"finalise.compute_h_poly.end" [3mrss_mb[0m[2m=[0m165 [3mhwm_mb[0m[2m=[0m228
[2m2026-09-15T06:32:48.826494Z[0m [32m INFO[0m [2mmidnight_bench[0m[2m:[0m [3mstage[0m[2m=[0m"finalise.vanishing_construct.start" [3mrss_mb[0m[2m=[0m165 [3mhwm_mb[0m[2m=[0m228
[2m2026-09-15T06:32:48.917459Z[0m [32m INFO[0m [2mmidnight_bench[0m[2m:[0m [3mstage[0m[2m=[0m"finalise.vanishing_construct.end" [3mrss_mb[0m[2m=[0m165 [3mhwm_mb[0m[2m=[0m228
[2m2026-09-15T06:32:48.946473Z[0m [32m INFO[0m [2mmidnight_bench[0m[2m:[0m [3mstage[0m[2m=[0m"finalise.compute_queries.start" [3mrss_mb[0m[2m=[0m165 [3mhwm_mb[0m[2m=[0m228
[2m2026-09-15T06:32:48.946569Z[0m [32m INFO[0m [2mmidnight_bench[0m[2m:[0m [3mstage[0m[2m=[0m"finalise.multi_open.start" [3mrss_mb[0m[2m=[0m165 [3mhwm_mb[0m[2m=[0m228
[2m2026-09-15T06:32:49.038121Z[0m [32m INFO[0m [2mmidnight_bench[0m[2m:[0m [3mstage[0m[2m=[0m"finalise.multi_open.end" [3mrss_mb[0m[2m=[0m165 [3mhwm_mb[0m[2m=[0m228
[2m2026-09-15T06:32:49.038633Z[0m [32m INFO[0m [2mmidnight_bench[0m[2m:[0m [3mstage[0m[2m=[0m"create_proof.finalise_proof.end" [3mrss_mb[0m[2m=[0m151 [3mhwm_mb[0m[2m=[0m228
[2m2026-09-15T06:32:49.056270Z[0m [32m INFO[0m [2mactix_web::middleware::logger[0m[2m:[0m 192.168.65.1 POST /prove HTTP/1.1; took 0.932661s
[2m2026-09-15T06:32:49.057866Z[0m [32m INFO[0m [2mmidnight_proof_server::endpoints[0m[2m:[0m Starting to process request for /prove...
[2m2026-09-15T06:32:49.125018Z[0m [32m INFO[0m [2mmidnight_bench[0m[2m:[0m [3mstage[0m[2m=[0m"create_proof.compute_trace.start" [3mrss_mb[0m[2m=[0m138 [3mhwm_mb[0m[2m=[0m228
[2m2026-09-15T06:32:49.125046Z[0m [32m INFO[0m [2mmidnight_bench[0m[2m:[0m [3mstage[0m[2m=[0m"trace.compute_instances.start" [3mrss_mb[0m[2m=[0m138 [3mhwm_mb[0m[2m=[0m228
[2m2026-09-15T06:32:49.130758Z[0m [32m INFO[0m [2mmidnight_bench[0m[2m:[0m [3mstage[0m[2m=[0m"trace.compute_instances.end" [3mrss_mb[0m[2m=[0m138 [3mhwm_mb[0m[2m=[0m228
[2m2026-09-15T06:32:49.130799Z[0m [32m INFO[0m [2mmidnight_bench[0m[2m:[0m [3mstage[0m[2m=[0m"trace.parse_advices.start" [3mrss_mb[0m[2m=[0m138 [3mhwm_mb[0m[2m=[0m228
[2m2026-09-15T06:32:49.136050Z[0m [32m INFO[0m [2mmidnight_bench[0m[2m:[0m [3mstage[0m[2m=[0m"trace.parse_advices.end" [3mrss_mb[0m[2m=[0m138 [3mhwm_mb[0m[2m=[0m228
[2m2026-09-15T06:32:49.136073Z[0m [32m INFO[0m [2mmidnight_bench[0m[2m:[0m [3mstage[0m[2m=[0m"trace.lookups_permuted.start" [3mrss_mb[0m[2m=[0m138 [3mhwm_mb[0m[2m=[0m228
[2m2026-09-15T06:32:49.180411Z[0m [32m INFO[0m [2mmidnight_bench[0m[2m:[0m [3mstage[0m[2m=[0m"trace.lookups_permuted.end" [3mrss_mb[0m[2m=[0m142 [3mhwm_mb[0m[2m=[0m228
[2m2026-09-15T06:32:49.180445Z[0m [32m INFO[0m [2mmidnight_bench[0m[2m:[0m [3mstage[0m[2m=[0m"trace.permutations_commit.start" [3mrss_mb[0m[2m=[0m142 [3mhwm_mb[0m[2m=[0m228
[2m2026-09-15T06:32:49.244942Z[0m [32m INFO[0m [2mmidnight_bench[0m[2m:[0m [3mstage[0m[2m=[0m"trace.permutations_commit.end" [3mrss_mb[0m[2m=[0m150 [3mhwm_mb[0m[2m=[0m228
[2m2026-09-15T06:32:49.244970Z[0m [32m INFO[0m [2mmidnight_bench[0m[2m:[0m [3mstage[0m[2m=[0m"trace.lookups_product.start" [3mrss_mb[0m[2m=[0m150 [3mhwm_mb[0m[2m=[0m228
[2m2026-09-15T06:32:49.292991Z[0m [32m INFO[0m [2mmidnight_bench[0m[2m:[0m [3mstage[0m[2m=[0m"trace.lookups_product.end" [3mrss_mb[0m[2m=[0m150 [3mhwm_mb[0m[2m=[0m228
[2m2026-09-15T06:32:49.316705Z[0m [32m INFO[0m [2mmidnight_bench[0m[2m:[0m [3mstage[0m[2m=[0m"create_proof.compute_trace.end" [3mrss_mb[0m[2m=[0m150 [3mhwm_mb[0m[2m=[0m228
[2m2026-09-15T06:32:49.316735Z[0m [32m INFO[0m [2mmidnight_bench[0m[2m:[0m [3mstage[0m[2m=[0m"create_proof.finalise_proof.start" [3mrss_mb[0m[2m=[0m150 [3mhwm_mb[0m[2m=[0m228
[2m2026-09-15T06:32:49.316743Z[0m [32m INFO[0m [2mmidnight_bench[0m[2m:[0m [3mstage[0m[2m=[0m"finalise.compute_h_poly.start" [3mrss_mb[0m[2m=[0m150 [3mhwm_mb[0m[2m=[0m228
[2m2026-09-15T06:32:49.316752Z[0m [32m INFO[0m [2mmidnight_bench[0m[2m:[0m [3mstage[0m[2m=[0m"finalise.compute_h_poly.spill_advice_cosets.start" [3mrss_mb[0m[2m=[0m150 [3mhwm_mb[0m[2m=[0m228
[2m2026-09-15T06:32:49.347842Z[0m [32m INFO[0m [2mmidnight_bench[0m[2m:[0m [3mstage[0m[2m=[0m"finalise.compute_h_poly.spill_advice_cosets.end" [3mrss_mb[0m[2m=[0m160 [3mhwm_mb[0m[2m=[0m228
[2m2026-09-15T06:32:49.347873Z[0m [32m INFO[0m [2mmidnight_bench[0m[2m:[0m [3mstage[0m[2m=[0m"finalise.compute_h_poly.spill_instance_cosets.start" [3mrss_mb[0m[2m=[0m160 [3mhwm_mb[0m[2m=[0m228
[2m2026-09-15T06:32:49.358990Z[0m [32m INFO[0m [2mmidnight_bench[0m[2m:[0m [3mstage[0m[2m=[0m"finalise.compute_h_poly.spill_instance_cosets.end" [3mrss_mb[0m[2m=[0m164 [3mhwm_mb[0m[2m=[0m228
[2m2026-09-15T06:32:49.359014Z[0m [32m INFO[0m [2mmidnight_bench[0m[2m:[0m [3mstage[0m[2m=[0m"finalise.compute_h_poly.spill_fixed_cosets.start" [3mrss_mb[0m[2m=[0m164 [3mhwm_mb[0m[2m=[0m228
[2m2026-09-15T06:32:49.452105Z[0m [32m INFO[0m [2mmidnight_bench[0m[2m:[0m [3mstage[0m[2m=[0m"finalise.compute_h_poly.spill_fixed_cosets.end" [3mrss_mb[0m[2m=[0m198 [3mhwm_mb[0m[2m=[0m228
[2m2026-09-15T06:32:49.452130Z[0m [32m INFO[0m [2mmidnight_bench[0m[2m:[0m [3mstage[0m[2m=[0m"finalise.compute_h_poly.spill_perm_cosets.start" [3mrss_mb[0m[2m=[0m198 [3mhwm_mb[0m[2m=[0m228
[2m2026-09-15T06:32:49.501575Z[0m [32m INFO[0m [2mmidnight_bench[0m[2m:[0m [3mstage[0m[2m=[0m"finalise.compute_h_poly.spill_perm_cosets.end" [3mrss_mb[0m[2m=[0m214 [3mhwm_mb[0m[2m=[0m228
[2m2026-09-15T06:32:49.623207Z[0m [32m INFO[0m [2mmidnight_bench[0m[2m:[0m [3mstage[0m[2m=[0m"finalise.compute_h_poly.drop_cosets.end" [3mrss_mb[0m[2m=[0m215 [3mhwm_mb[0m[2m=[0m228
[2m2026-09-15T06:32:49.626285Z[0m [32m INFO[0m [2mmidnight_bench[0m[2m:[0m [3mstage[0m[2m=[0m"finalise.compute_h_poly.end" [3mrss_mb[0m[2m=[0m151 [3mhwm_mb[0m[2m=[0m228
[2m2026-09-15T06:32:49.626304Z[0m [32m INFO[0m [2mmidnight_bench[0m[2m:[0m [3mstage[0m[2m=[0m"finalise.vanishing_construct.start" [3mrss_mb[0m[2m=[0m151 [3mhwm_mb[0m[2m=[0m228
[2m2026-09-15T06:32:49.714741Z[0m [32m INFO[0m [2mmidnight_bench[0m[2m:[0m [3mstage[0m[2m=[0m"finalise.vanishing_construct.end" [3mrss_mb[0m[2m=[0m152 [3mhwm_mb[0m[2m=[0m228
[2m2026-09-15T06:32:49.741172Z[0m [32m INFO[0m [2mmidnight_bench[0m[2m:[0m [3mstage[0m[2m=[0m"finalise.compute_queries.start" [3mrss_mb[0m[2m=[0m152 [3mhwm_mb[0m[2m=[0m228
[2m2026-09-15T06:32:49.741263Z[0m [32m INFO[0m [2mmidnight_bench[0m[2m:[0m [3mstage[0m[2m=[0m"finalise.multi_open.start" [3mrss_mb[0m[2m=[0m152 [3mhwm_mb[0m[2m=[0m228
[2m2026-09-15T06:32:49.832922Z[0m [32m INFO[0m [2mmidnight_bench[0m[2m:[0m [3mstage[0m[2m=[0m"finalise.multi_open.end" [3mrss_mb[0m[2m=[0m152 [3mhwm_mb[0m[2m=[0m228
[2m2026-09-15T06:32:49.833485Z[0m [32m INFO[0m [2mmidnight_bench[0m[2m:[0m [3mstage[0m[2m=[0m"create_proof.finalise_proof.end" [3mrss_mb[0m[2m=[0m138 [3mhwm_mb[0m[2m=[0m228
[2m2026-09-15T06:32:49.849290Z[0m [32m INFO[0m [2mactix_web::middleware::logger[0m[2m:[0m 192.168.65.1 POST /prove HTTP/1.1; took 0.791440s
[2m2026-09-15T06:32:49.850692Z[0m [32m INFO[0m [2mmidnight_proof_server::endpoints[0m[2m:[0m Starting to process request for /prove...
[2m2026-09-15T06:32:49.925465Z[0m [32m INFO[0m [2mmidnight_bench[0m[2m:[0m [3mstage[0m[2m=[0m"create_proof.compute_trace.start" [3mrss_mb[0m[2m=[0m151 [3mhwm_mb[0m[2m=[0m228
[2m2026-09-15T06:32:49.925502Z[0m [32m INFO[0m [2mmidnight_bench[0m[2m:[0m [3mstage[0m[2m=[0m"trace.compute_instances.start" [3mrss_mb[0m[2m=[0m151 [3mhwm_mb[0m[2m=[0m228
[2m2026-09-15T06:32:49.930628Z[0m [32m INFO[0m [2mmidnight_bench[0m[2m:[0m [3mstage[0m[2m=[0m"trace.compute_instances.end" [3mrss_mb[0m[2m=[0m151 [3mhwm_mb[0m[2m=[0m228
[2m2026-09-15T06:32:49.930647Z[0m [32m INFO[0m [2mmidnight_bench[0m[2m:[0m [3mstage[0m[2m=[0m"trace.parse_advices.start" [3mrss_mb[0m[2m=[0m151 [3mhwm_mb[0m[2m=[0m228
[2m2026-09-15T06:32:49.935839Z[0m [32m INFO[0m [2mmidnight_bench[0m[2m:[0m [3mstage[0m[2m=[0m"trace.parse_advices.end" [3mrss_mb[0m[2m=[0m151 [3mhwm_mb[0m[2m=[0m228
[2m2026-09-15T06:32:49.935862Z[0m [32m INFO[0m [2mmidnight_bench[0m[2m:[0m [3mstage[0m[2m=[0m"trace.lookups_permuted.start" [3mrss_mb[0m[2m=[0m151 [3mhwm_mb[0m[2m=[0m228
[2m2026-09-15T06:32:49.979786Z[0m [32m INFO[0m [2mmidnight_bench[0m[2m:[0m [3mstage[0m[2m=[0m"trace.lookups_permuted.end" [3mrss_mb[0m[2m=[0m156 [3mhwm_mb[0m[2m=[0m228
[2m2026-09-15T06:32:49.979819Z[0m [32m INFO[0m [2mmidnight_bench[0m[2m:[0m [3mstage[0m[2m=[0m"trace.permutations_commit.start" [3mrss_mb[0m[2m=[0m156 [3mhwm_mb[0m[2m=[0m228
[2m2026-09-15T06:32:50.048584Z[0m [32m INFO[0m [2mmidnight_bench[0m[2m:[0m [3mstage[0m[2m=[0m"trace.permutations_commit.end" [3mrss_mb[0m[2m=[0m163 [3mhwm_mb[0m[2m=[0m228
[2m2026-09-15T06:32:50.048611Z[0m [32m INFO[0m [2mmidnight_bench[0m[2m:[0m [3mstage[0m[2m=[0m"trace.lookups_product.start" [3mrss_mb[0m[2m=[0m163 [3mhwm_mb[0m[2m=[0m228
[2m2026-09-15T06:32:50.096236Z[0m [32m INFO[0m [2mmidnight_bench[0m[2m:[0m [3mstage[0m[2m=[0m"trace.lookups_product.end" [3mrss_mb[0m[2m=[0m164 [3mhwm_mb[0m[2m=[0m228
[2m2026-09-15T06:32:50.121282Z[0m [32m INFO[0m [2mmidnight_bench[0m[2m:[0m [3mstage[0m[2m=[0m"create_proof.compute_trace.end" [3mrss_mb[0m[2m=[0m164 [3mhwm_mb[0m[2m=[0m228
[2m2026-09-15T06:32:50.121307Z[0m [32m INFO[0m [2mmidnight_bench[0m[2m:[0m [3mstage[0m[2m=[0m"create_proof.finalise_proof.start" [3mrss_mb[0m[2m=[0m164 [3mhwm_mb[0m[2m=[0m228
[2m2026-09-15T06:32:50.121316Z[0m [32m INFO[0m [2mmidnight_bench[0m[2m:[0m [3mstage[0m[2m=[0m"finalise.compute_h_poly.start" [3mrss_mb[0m[2m=[0m164 [3mhwm_mb[0m[2m=[0m228
[2m2026-09-15T06:32:50.121324Z[0m [32m INFO[0m [2mmidnight_bench[0m[2m:[0m [3mstage[0m[2m=[0m"finalise.compute_h_poly.spill_advice_cosets.start" [3mrss_mb[0m[2m=[0m164 [3mhwm_mb[0m[2m=[0m228
[2m2026-09-15T06:32:50.152132Z[0m [32m INFO[0m [2mmidnight_bench[0m[2m:[0m [3mstage[0m[2m=[0m"finalise.compute_h_poly.spill_advice_cosets.end" [3mrss_mb[0m[2m=[0m174 [3mhwm_mb[0m[2m=[0m228
[2m2026-09-15T06:32:50.152162Z[0m [32m INFO[0m [2mmidnight_bench[0m[2m:[0m [3mstage[0m[2m=[0m"finalise.compute_h_poly.spill_instance_cosets.start" [3mrss_mb[0m[2m=[0m174 [3mhwm_mb[0m[2m=[0m228
[2m2026-09-15T06:32:50.163838Z[0m [32m INFO[0m [2mmidnight_bench[0m[2m:[0m [3mstage[0m[2m=[0m"finalise.compute_h_poly.spill_instance_cosets.end" [3mrss_mb[0m[2m=[0m178 [3mhwm_mb[0m[2m=[0m228
[2m2026-09-15T06:32:50.163861Z[0m [32m INFO[0m [2mmidnight_bench[0m[2m:[0m [3mstage[0m[2m=[0m"finalise.compute_h_poly.spill_fixed_cosets.start" [3mrss_mb[0m[2m=[0m178 [3mhwm_mb[0m[2m=[0m228
[2m2026-09-15T06:32:50.269936Z[0m [32m INFO[0m [2mmidnight_bench[0m[2m:[0m [3mstage[0m[2m=[0m"finalise.compute_h_poly.spill_fixed_cosets.end" [3mrss_mb[0m[2m=[0m212 [3mhwm_mb[0m[2m=[0m228
[2m2026-09-15T06:32:50.269961Z[0m [32m INFO[0m [2mmidnight_bench[0m[2m:[0m [3mstage[0m[2m=[0m"finalise.compute_h_poly.spill_perm_cosets.start" [3mrss_mb[0m[2m=[0m212 [3mhwm_mb[0m[2m=[0m228
[2m2026-09-15T06:32:50.320523Z[0m [32m INFO[0m [2mmidnight_bench[0m[2m:[0m [3mstage[0m[2m=[0m"finalise.compute_h_poly.spill_perm_cosets.end" [3mrss_mb[0m[2m=[0m228 [3mhwm_mb[0m[2m=[0m228
[2m2026-09-15T06:32:50.449749Z[0m [32m INFO[0m [2mmidnight_bench[0m[2m:[0m [3mstage[0m[2m=[0m"finalise.compute_h_poly.drop_cosets.end" [3mrss_mb[0m[2m=[0m229 [3mhwm_mb[0m[2m=[0m229
[2m2026-09-15T06:32:50.452812Z[0m [32m INFO[0m [2mmidnight_bench[0m[2m:[0m [3mstage[0m[2m=[0m"finalise.compute_h_poly.end" [3mrss_mb[0m[2m=[0m165 [3mhwm_mb[0m[2m=[0m228
[2m2026-09-15T06:32:50.452831Z[0m [32m INFO[0m [2mmidnight_bench[0m[2m:[0m [3mstage[0m[2m=[0m"finalise.vanishing_construct.start" [3mrss_mb[0m[2m=[0m165 [3mhwm_mb[0m[2m=[0m228
[2m2026-09-15T06:32:50.534957Z[0m [32m INFO[0m [2mmidnight_bench[0m[2m:[0m [3mstage[0m[2m=[0m"finalise.vanishing_construct.end" [3mrss_mb[0m[2m=[0m165 [3mhwm_mb[0m[2m=[0m228
[2m2026-09-15T06:32:50.561565Z[0m [32m INFO[0m [2mmidnight_bench[0m[2m:[0m [3mstage[0m[2m=[0m"finalise.compute_queries.start" [3mrss_mb[0m[2m=[0m165 [3mhwm_mb[0m[2m=[0m228
[2m2026-09-15T06:32:50.561654Z[0m [32m INFO[0m [2mmidnight_bench[0m[2m:[0m [3mstage[0m[2m=[0m"finalise.multi_open.start" [3mrss_mb[0m[2m=[0m165 [3mhwm_mb[0m[2m=[0m228
[2m2026-09-15T06:32:50.649063Z[0m [32m INFO[0m [2mmidnight_bench[0m[2m:[0m [3mstage[0m[2m=[0m"finalise.multi_open.end" [3mrss_mb[0m[2m=[0m166 [3mhwm_mb[0m[2m=[0m228
[2m2026-09-15T06:32:50.649596Z[0m [32m INFO[0m [2mmidnight_bench[0m[2m:[0m [3mstage[0m[2m=[0m"create_proof.finalise_proof.end" [3mrss_mb[0m[2m=[0m151 [3mhwm_mb[0m[2m=[0m228
[2m2026-09-15T06:32:50.668290Z[0m [32m INFO[0m [2mactix_web::middleware::logger[0m[2m:[0m 192.168.65.1 POST /prove HTTP/1.1; took 0.817615s
[2m2026-09-15T06:32:50.671161Z[0m [32m INFO[0m [2mmidnight_proof_server::endpoints[0m[2m:[0m Starting to process request for /prove...
[2m2026-09-15T06:32:50.736148Z[0m [32m INFO[0m [2mmidnight_bench[0m[2m:[0m [3mstage[0m[2m=[0m"create_proof.compute_trace.start" [3mrss_mb[0m[2m=[0m165 [3mhwm_mb[0m[2m=[0m228
[2m2026-09-15T06:32:50.736174Z[0m [32m INFO[0m [2mmidnight_bench[0m[2m:[0m [3mstage[0m[2m=[0m"trace.compute_instances.start" [3mrss_mb[0m[2m=[0m165 [3mhwm_mb[0m[2m=[0m228
[2m2026-09-15T06:32:50.740846Z[0m [32m INFO[0m [2mmidnight_bench[0m[2m:[0m [3mstage[0m[2m=[0m"trace.compute_instances.end" [3mrss_mb[0m[2m=[0m165 [3mhwm_mb[0m[2m=[0m228
[2m2026-09-15T06:32:50.740866Z[0m [32m INFO[0m [2mmidnight_bench[0m[2m:[0m [3mstage[0m[2m=[0m"trace.parse_advices.start" [3mrss_mb[0m[2m=[0m165 [3mhwm_mb[0m[2m=[0m228
[2m2026-09-15T06:32:50.745833Z[0m [32m INFO[0m [2mmidnight_bench[0m[2m:[0m [3mstage[0m[2m=[0m"trace.parse_advices.end" [3mrss_mb[0m[2m=[0m165 [3mhwm_mb[0m[2m=[0m228
[2m2026-09-15T06:32:50.745855Z[0m [32m INFO[0m [2mmidnight_bench[0m[2m:[0m [3mstage[0m[2m=[0m"trace.lookups_permuted.start" [3mrss_mb[0m[2m=[0m165 [3mhwm_mb[0m[2m=[0m228
[2m2026-09-15T06:32:50.793740Z[0m [32m INFO[0m [2mmidnight_bench[0m[2m:[0m [3mstage[0m[2m=[0m"trace.lookups_permuted.end" [3mrss_mb[0m[2m=[0m169 [3mhwm_mb[0m[2m=[0m228
[2m2026-09-15T06:32:50.793770Z[0m [32m INFO[0m [2mmidnight_bench[0m[2m:[0m [3mstage[0m[2m=[0m"trace.permutations_commit.start" [3mrss_mb[0m[2m=[0m169 [3mhwm_mb[0m[2m=[0m228
[2m2026-09-15T06:32:50.860927Z[0m [32m INFO[0m [2mmidnight_bench[0m[2m:[0m [3mstage[0m[2m=[0m"trace.permutations_commit.end" [3mrss_mb[0m[2m=[0m177 [3mhwm_mb[0m[2m=[0m228
[2m2026-09-15T06:32:50.860957Z[0m [32m INFO[0m [2mmidnight_bench[0m[2m:[0m [3mstage[0m[2m=[0m"trace.lookups_product.start" [3mrss_mb[0m[2m=[0m177 [3mhwm_mb[0m[2m=[0m228
[2m2026-09-15T06:32:50.914687Z[0m [32m INFO[0m [2mmidnight_bench[0m[2m:[0m [3mstage[0m[2m=[0m"trace.lookups_product.end" [3mrss_mb[0m[2m=[0m177 [3mhwm_mb[0m[2m=[0m228
[2m2026-09-15T06:32:50.945355Z[0m [32m INFO[0m [2mmidnight_bench[0m[2m:[0m [3mstage[0m[2m=[0m"create_proof.compute_trace.end" [3mrss_mb[0m[2m=[0m177 [3mhwm_mb[0m[2m=[0m228
[2m2026-09-15T06:32:50.945441Z[0m [32m INFO[0m [2mmidnight_bench[0m[2m:[0m [3mstage[0m[2m=[0m"create_proof.finalise_proof.start" [3mrss_mb[0m[2m=[0m177 [3mhwm_mb[0m[2m=[0m228
[2m2026-09-15T06:32:50.945450Z[0m [32m INFO[0m [2mmidnight_bench[0m[2m:[0m [3mstage[0m[2m=[0m"finalise.compute_h_poly.start" [3mrss_mb[0m[2m=[0m177 [3mhwm_mb[0m[2m=[0m228
[2m2026-09-15T06:32:50.945458Z[0m [32m INFO[0m [2mmidnight_bench[0m[2m:[0m [3mstage[0m[2m=[0m"finalise.compute_h_poly.spill_advice_cosets.start" [3mrss_mb[0m[2m=[0m177 [3mhwm_mb[0m[2m=[0m228
[2m2026-09-15T06:32:50.977145Z[0m [32m INFO[0m [2mmidnight_bench[0m[2m:[0m [3mstage[0m[2m=[0m"finalise.compute_h_poly.spill_advice_cosets.end" [3mrss_mb[0m[2m=[0m187 [3mhwm_mb[0m[2m=[0m228
[2m2026-09-15T06:32:50.977331Z[0m [32m INFO[0m [2mmidnight_bench[0m[2m:[0m [3mstage[0m[2m=[0m"finalise.compute_h_poly.spill_instance_cosets.start" [3mrss_mb[0m[2m=[0m187 [3mhwm_mb[0m[2m=[0m228
[2m2026-09-15T06:32:50.991447Z[0m [32m INFO[0m [2mmidnight_bench[0m[2m:[0m [3mstage[0m[2m=[0m"finalise.compute_h_poly.spill_instance_cosets.end" [3mrss_mb[0m[2m=[0m191 [3mhwm_mb[0m[2m=[0m228
[2m2026-09-15T06:32:50.991480Z[0m [32m INFO[0m [2mmidnight_bench[0m[2m:[0m [3mstage[0m[2m=[0m"finalise.compute_h_poly.spill_fixed_cosets.start" [3mrss_mb[0m[2m=[0m191 [3mhwm_mb[0m[2m=[0m228
[2m2026-09-15T06:32:51.089704Z[0m [32m INFO[0m [2mmidnight_bench[0m[2m:[0m [3mstage[0m[2m=[0m"finalise.compute_h_poly.spill_fixed_cosets.end" [3mrss_mb[0m[2m=[0m225 [3mhwm_mb[0m[2m=[0m228
[2m2026-09-15T06:32:51.089726Z[0m [32m INFO[0m [2mmidnight_bench[0m[2m:[0m [3mstage[0m[2m=[0m"finalise.compute_h_poly.spill_perm_cosets.start" [3mrss_mb[0m[2m=[0m225 [3mhwm_mb[0m[2m=[0m228
[2m2026-09-15T06:32:51.143272Z[0m [32m INFO[0m [2mmidnight_bench[0m[2m:[0m [3mstage[0m[2m=[0m"finalise.compute_h_poly.spill_perm_cosets.end" [3mrss_mb[0m[2m=[0m241 [3mhwm_mb[0m[2m=[0m241
[2m2026-09-15T06:32:51.264805Z[0m [32m INFO[0m [2mmidnight_bench[0m[2m:[0m [3mstage[0m[2m=[0m"finalise.compute_h_poly.drop_cosets.end" [3mrss_mb[0m[2m=[0m243 [3mhwm_mb[0m[2m=[0m243
[2m2026-09-15T06:32:51.267858Z[0m [32m INFO[0m [2mmidnight_bench[0m[2m:[0m [3mstage[0m[2m=[0m"finalise.compute_h_poly.end" [3mrss_mb[0m[2m=[0m179 [3mhwm_mb[0m[2m=[0m242
[2m2026-09-15T06:32:51.267879Z[0m [32m INFO[0m [2mmidnight_bench[0m[2m:[0m [3mstage[0m[2m=[0m"finalise.vanishing_construct.start" [3mrss_mb[0m[2m=[0m179 [3mhwm_mb[0m[2m=[0m242
[2m2026-09-15T06:32:51.349602Z[0m [32m INFO[0m [2mmidnight_bench[0m[2m:[0m [3mstage[0m[2m=[0m"finalise.vanishing_construct.end" [3mrss_mb[0m[2m=[0m179 [3mhwm_mb[0m[2m=[0m242
[2m2026-09-15T06:32:51.375353Z[0m [32m INFO[0m [2mmidnight_bench[0m[2m:[0m [3mstage[0m[2m=[0m"finalise.compute_queries.start" [3mrss_mb[0m[2m=[0m179 [3mhwm_mb[0m[2m=[0m242
[2m2026-09-15T06:32:51.375444Z[0m [32m INFO[0m [2mmidnight_bench[0m[2m:[0m [3mstage[0m[2m=[0m"finalise.multi_open.start" [3mrss_mb[0m[2m=[0m179 [3mhwm_mb[0m[2m=[0m242
[2m2026-09-15T06:32:51.464263Z[0m [32m INFO[0m [2mmidnight_bench[0m[2m:[0m [3mstage[0m[2m=[0m"finalise.multi_open.end" [3mrss_mb[0m[2m=[0m179 [3mhwm_mb[0m[2m=[0m242
[2m2026-09-15T06:32:51.464764Z[0m [32m INFO[0m [2mmidnight_bench[0m[2m:[0m [3mstage[0m[2m=[0m"create_proof.finalise_proof.end" [3mrss_mb[0m[2m=[0m165 [3mhwm_mb[0m[2m=[0m242
[2m2026-09-15T06:32:51.482557Z[0m [32m INFO[0m [2mactix_web::middleware::logger[0m[2m:[0m 192.168.65.1 POST /prove HTTP/1.1; took 0.811412s
[2m2026-09-15T06:32:51.485070Z[0m [32m INFO[0m [2mmidnight_proof_server::endpoints[0m[2m:[0m Starting to process request for /prove...
[2m2026-09-15T06:32:51.551053Z[0m [32m INFO[0m [2mmidnight_bench[0m[2m:[0m [3mstage[0m[2m=[0m"create_proof.compute_trace.start" [3mrss_mb[0m[2m=[0m173 [3mhwm_mb[0m[2m=[0m242
[2m2026-09-15T06:32:51.551081Z[0m [32m INFO[0m [2mmidnight_bench[0m[2m:[0m [3mstage[0m[2m=[0m"trace.compute_instances.start" [3mrss_mb[0m[2m=[0m173 [3mhwm_mb[0m[2m=[0m242
[2m2026-09-15T06:32:51.554669Z[0m [32m INFO[0m [2mmidnight_bench[0m[2m:[0m [3mstage[0m[2m=[0m"trace.compute_instances.end" [3mrss_mb[0m[2m=[0m173 [3mhwm_mb[0m[2m=[0m242
[2m2026-09-15T06:32:51.554692Z[0m [32m INFO[0m [2mmidnight_bench[0m[2m:[0m [3mstage[0m[2m=[0m"trace.parse_advices.start" [3mrss_mb[0m[2m=[0m173 [3mhwm_mb[0m[2m=[0m242
[2m2026-09-15T06:32:51.559621Z[0m [32m INFO[0m [2mmidnight_bench[0m[2m:[0m [3mstage[0m[2m=[0m"trace.parse_advices.end" [3mrss_mb[0m[2m=[0m173 [3mhwm_mb[0m[2m=[0m242
[2m2026-09-15T06:32:51.559640Z[0m [32m INFO[0m [2mmidnight_bench[0m[2m:[0m [3mstage[0m[2m=[0m"trace.lookups_permuted.start" [3mrss_mb[0m[2m=[0m173 [3mhwm_mb[0m[2m=[0m242
[2m2026-09-15T06:32:51.604155Z[0m [32m INFO[0m [2mmidnight_bench[0m[2m:[0m [3mstage[0m[2m=[0m"trace.lookups_permuted.end" [3mrss_mb[0m[2m=[0m178 [3mhwm_mb[0m[2m=[0m242
[2m2026-09-15T06:32:51.604180Z[0m [32m INFO[0m [2mmidnight_bench[0m[2m:[0m [3mstage[0m[2m=[0m"trace.permutations_commit.start" [3mrss_mb[0m[2m=[0m178 [3mhwm_mb[0m[2m=[0m242
[2m2026-09-15T06:32:51.673258Z[0m [32m INFO[0m [2mmidnight_bench[0m[2m:[0m [3mstage[0m[2m=[0m"trace.permutations_commit.end" [3mrss_mb[0m[2m=[0m185 [3mhwm_mb[0m[2m=[0m242
[2m2026-09-15T06:32:51.673288Z[0m [32m INFO[0m [2mmidnight_bench[0m[2m:[0m [3mstage[0m[2m=[0m"trace.lookups_product.start" [3mrss_mb[0m[2m=[0m185 [3mhwm_mb[0m[2m=[0m242
[2m2026-09-15T06:32:51.722682Z[0m [32m INFO[0m [2mmidnight_bench[0m[2m:[0m [3mstage[0m[2m=[0m"trace.lookups_product.end" [3mrss_mb[0m[2m=[0m186 [3mhwm_mb[0m[2m=[0m242
[2m2026-09-15T06:32:51.746271Z[0m [32m INFO[0m [2mmidnight_bench[0m[2m:[0m [3mstage[0m[2m=[0m"create_proof.compute_trace.end" [3mrss_mb[0m[2m=[0m186 [3mhwm_mb[0m[2m=[0m242
[2m2026-09-15T06:32:51.746296Z[0m [32m INFO[0m [2mmidnight_bench[0m[2m:[0m [3mstage[0m[2m=[0m"create_proof.finalise_proof.start" [3mrss_mb[0m[2m=[0m186 [3mhwm_mb[0m[2m=[0m242
[2m2026-09-15T06:32:51.746304Z[0m [32m INFO[0m [2mmidnight_bench[0m[2m:[0m [3mstage[0m[2m=[0m"finalise.compute_h_poly.start" [3mrss_mb[0m[2m=[0m186 [3mhwm_mb[0m[2m=[0m242
[2m2026-09-15T06:32:51.746311Z[0m [32m INFO[0m [2mmidnight_bench[0m[2m:[0m [3mstage[0m[2m=[0m"finalise.compute_h_poly.spill_advice_cosets.start" [3mrss_mb[0m[2m=[0m186 [3mhwm_mb[0m[2m=[0m242
[2m2026-09-15T06:32:51.775998Z[0m [32m INFO[0m [2mmidnight_bench[0m[2m:[0m [3mstage[0m[2m=[0m"finalise.compute_h_poly.spill_advice_cosets.end" [3mrss_mb[0m[2m=[0m196 [3mhwm_mb[0m[2m=[0m242
[2m2026-09-15T06:32:51.776024Z[0m [32m INFO[0m [2mmidnight_bench[0m[2m:[0m [3mstage[0m[2m=[0m"finalise.compute_h_poly.spill_instance_cosets.start" [3mrss_mb[0m[2m=[0m196 [3mhwm_mb[0m[2m=[0m242
[2m2026-09-15T06:32:51.789078Z[0m [32m INFO[0m [2mmidnight_bench[0m[2m:[0m [3mstage[0m[2m=[0m"finalise.compute_h_poly.spill_instance_cosets.end" [3mrss_mb[0m[2m=[0m200 [3mhwm_mb[0m[2m=[0m242
[2m2026-09-15T06:32:51.789103Z[0m [32m INFO[0m [2mmidnight_bench[0m[2m:[0m [3mstage[0m[2m=[0m"finalise.compute_h_poly.spill_fixed_cosets.start" [3mrss_mb[0m[2m=[0m200 [3mhwm_mb[0m[2m=[0m242
[2m2026-09-15T06:32:51.891301Z[0m [32m INFO[0m [2mmidnight_bench[0m[2m:[0m [3mstage[0m[2m=[0m"finalise.compute_h_poly.spill_fixed_cosets.end" [3mrss_mb[0m[2m=[0m234 [3mhwm_mb[0m[2m=[0m242
[2m2026-09-15T06:32:51.891328Z[0m [32m INFO[0m [2mmidnight_bench[0m[2m:[0m [3mstage[0m[2m=[0m"finalise.compute_h_poly.spill_perm_cosets.start" [3mrss_mb[0m[2m=[0m234 [3mhwm_mb[0m[2m=[0m242
[2m2026-09-15T06:32:51.941335Z[0m [32m INFO[0m [2mmidnight_bench[0m[2m:[0m [3mstage[0m[2m=[0m"finalise.compute_h_poly.spill_perm_cosets.end" [3mrss_mb[0m[2m=[0m250 [3mhwm_mb[0m[2m=[0m250
[2m2026-09-15T06:32:52.077494Z[0m [32m INFO[0m [2mmidnight_bench[0m[2m:[0m [3mstage[0m[2m=[0m"finalise.compute_h_poly.drop_cosets.end" [3mrss_mb[0m[2m=[0m251 [3mhwm_mb[0m[2m=[0m251
[2m2026-09-15T06:32:52.080851Z[0m [32m INFO[0m [2mmidnight_bench[0m[2m:[0m [3mstage[0m[2m=[0m"finalise.compute_h_poly.end" [3mrss_mb[0m[2m=[0m187 [3mhwm_mb[0m[2m=[0m250
[2m2026-09-15T06:32:52.080875Z[0m [32m INFO[0m [2mmidnight_bench[0m[2m:[0m [3mstage[0m[2m=[0m"finalise.vanishing_construct.start" [3mrss_mb[0m[2m=[0m187 [3mhwm_mb[0m[2m=[0m250
[2m2026-09-15T06:32:52.165370Z[0m [32m INFO[0m [2mmidnight_bench[0m[2m:[0m [3mstage[0m[2m=[0m"finalise.vanishing_construct.end" [3mrss_mb[0m[2m=[0m187 [3mhwm_mb[0m[2m=[0m250
[2m2026-09-15T06:32:52.191575Z[0m [32m INFO[0m [2mmidnight_bench[0m[2m:[0m [3mstage[0m[2m=[0m"finalise.compute_queries.start" [3mrss_mb[0m[2m=[0m187 [3mhwm_mb[0m[2m=[0m250
[2m2026-09-15T06:32:52.191666Z[0m [32m INFO[0m [2mmidnight_bench[0m[2m:[0m [3mstage[0m[2m=[0m"finalise.multi_open.start" [3mrss_mb[0m[2m=[0m187 [3mhwm_mb[0m[2m=[0m250
[2m2026-09-15T06:32:52.286396Z[0m [32m INFO[0m [2mmidnight_bench[0m[2m:[0m [3mstage[0m[2m=[0m"finalise.multi_open.end" [3mrss_mb[0m[2m=[0m188 [3mhwm_mb[0m[2m=[0m250
[2m2026-09-15T06:32:52.287011Z[0m [32m INFO[0m [2mmidnight_bench[0m[2m:[0m [3mstage[0m[2m=[0m"create_proof.finalise_proof.end" [3mrss_mb[0m[2m=[0m172 [3mhwm_mb[0m[2m=[0m250
[2m2026-09-15T06:32:52.303436Z[0m [32m INFO[0m [2mactix_web::middleware::logger[0m[2m:[0m 192.168.65.1 POST /prove HTTP/1.1; took 0.818391s
[2m2026-09-15T06:32:52.306098Z[0m [32m INFO[0m [2mmidnight_proof_server::endpoints[0m[2m:[0m Starting to process request for /prove...
[2m2026-09-15T06:32:52.376646Z[0m [32m INFO[0m [2mmidnight_bench[0m[2m:[0m [3mstage[0m[2m=[0m"create_proof.compute_trace.start" [3mrss_mb[0m[2m=[0m159 [3mhwm_mb[0m[2m=[0m250
[2m2026-09-15T06:32:52.376677Z[0m [32m INFO[0m [2mmidnight_bench[0m[2m:[0m [3mstage[0m[2m=[0m"trace.compute_instances.start" [3mrss_mb[0m[2m=[0m159 [3mhwm_mb[0m[2m=[0m250
[2m2026-09-15T06:32:52.382848Z[0m [32m INFO[0m [2mmidnight_bench[0m[2m:[0m [3mstage[0m[2m=[0m"trace.compute_instances.end" [3mrss_mb[0m[2m=[0m159 [3mhwm_mb[0m[2m=[0m250
[2m2026-09-15T06:32:52.382870Z[0m [32m INFO[0m [2mmidnight_bench[0m[2m:[0m [3mstage[0m[2m=[0m"trace.parse_advices.start" [3mrss_mb[0m[2m=[0m159 [3mhwm_mb[0m[2m=[0m250
[2m2026-09-15T06:32:52.388669Z[0m [32m INFO[0m [2mmidnight_bench[0m[2m:[0m [3mstage[0m[2m=[0m"trace.parse_advices.end" [3mrss_mb[0m[2m=[0m161 [3mhwm_mb[0m[2m=[0m250
[2m2026-09-15T06:32:52.388693Z[0m [32m INFO[0m [2mmidnight_bench[0m[2m:[0m [3mstage[0m[2m=[0m"trace.lookups_permuted.start" [3mrss_mb[0m[2m=[0m161 [3mhwm_mb[0m[2m=[0m250
[2m2026-09-15T06:32:52.430058Z[0m [32m INFO[0m [2mmidnight_bench[0m[2m:[0m [3mstage[0m[2m=[0m"trace.lookups_permuted.end" [3mrss_mb[0m[2m=[0m165 [3mhwm_mb[0m[2m=[0m250
[2m2026-09-15T06:32:52.430089Z[0m [32m INFO[0m [2mmidnight_bench[0m[2m:[0m [3mstage[0m[2m=[0m"trace.permutations_commit.start" [3mrss_mb[0m[2m=[0m165 [3mhwm_mb[0m[2m=[0m250
[2m2026-09-15T06:32:52.495610Z[0m [32m INFO[0m [2mmidnight_bench[0m[2m:[0m [3mstage[0m[2m=[0m"trace.permutations_commit.end" [3mrss_mb[0m[2m=[0m173 [3mhwm_mb[0m[2m=[0m250
[2m2026-09-15T06:32:52.495635Z[0m [32m INFO[0m [2mmidnight_bench[0m[2m:[0m [3mstage[0m[2m=[0m"trace.lookups_product.start" [3mrss_mb[0m[2m=[0m173 [3mhwm_mb[0m[2m=[0m250
[2m2026-09-15T06:32:52.542776Z[0m [32m INFO[0m [2mmidnight_bench[0m[2m:[0m [3mstage[0m[2m=[0m"trace.lookups_product.end" [3mrss_mb[0m[2m=[0m173 [3mhwm_mb[0m[2m=[0m250
[2m2026-09-15T06:32:52.566219Z[0m [32m INFO[0m [2mmidnight_bench[0m[2m:[0m [3mstage[0m[2m=[0m"create_proof.compute_trace.end" [3mrss_mb[0m[2m=[0m173 [3mhwm_mb[0m[2m=[0m250
[2m2026-09-15T06:32:52.566243Z[0m [32m INFO[0m [2mmidnight_bench[0m[2m:[0m [3mstage[0m[2m=[0m"create_proof.finalise_proof.start" [3mrss_mb[0m[2m=[0m173 [3mhwm_mb[0m[2m=[0m250
[2m2026-09-15T06:32:52.566252Z[0m [32m INFO[0m [2mmidnight_bench[0m[2m:[0m [3mstage[0m[2m=[0m"finalise.compute_h_poly.start" [3mrss_mb[0m[2m=[0m173 [3mhwm_mb[0m[2m=[0m250
[2m2026-09-15T06:32:52.566259Z[0m [32m INFO[0m [2mmidnight_bench[0m[2m:[0m [3mstage[0m[2m=[0m"finalise.compute_h_poly.spill_advice_cosets.start" [3mrss_mb[0m[2m=[0m173 [3mhwm_mb[0m[2m=[0m250
[2m2026-09-15T06:32:52.594972Z[0m [32m INFO[0m [2mmidnight_bench[0m[2m:[0m [3mstage[0m[2m=[0m"finalise.compute_h_poly.spill_advice_cosets.end" [3mrss_mb[0m[2m=[0m183 [3mhwm_mb[0m[2m=[0m250
[2m2026-09-15T06:32:52.594995Z[0m [32m INFO[0m [2mmidnight_bench[0m[2m:[0m [3mstage[0m[2m=[0m"finalise.compute_h_poly.spill_instance_cosets.start" [3mrss_mb[0m[2m=[0m183 [3mhwm_mb[0m[2m=[0m250
[2m2026-09-15T06:32:52.606125Z[0m [32m INFO[0m [2mmidnight_bench[0m[2m:[0m [3mstage[0m[2m=[0m"finalise.compute_h_poly.spill_instance_cosets.end" [3mrss_mb[0m[2m=[0m187 [3mhwm_mb[0m[2m=[0m250
[2m2026-09-15T06:32:52.606145Z[0m [32m INFO[0m [2mmidnight_bench[0m[2m:[0m [3mstage[0m[2m=[0m"finalise.compute_h_poly.spill_fixed_cosets.start" [3mrss_mb[0m[2m=[0m187 [3mhwm_mb[0m[2m=[0m250
[2m2026-09-15T06:32:52.702553Z[0m [32m INFO[0m [2mmidnight_bench[0m[2m:[0m [3mstage[0m[2m=[0m"finalise.compute_h_poly.spill_fixed_cosets.end" [3mrss_mb[0m[2m=[0m221 [3mhwm_mb[0m[2m=[0m250
[2m2026-09-15T06:32:52.702580Z[0m [32m INFO[0m [2mmidnight_bench[0m[2m:[0m [3mstage[0m[2m=[0m"finalise.compute_h_poly.spill_perm_cosets.start" [3mrss_mb[0m[2m=[0m221 [3mhwm_mb[0m[2m=[0m250
[2m2026-09-15T06:32:52.749953Z[0m [32m INFO[0m [2mmidnight_bench[0m[2m:[0m [3mstage[0m[2m=[0m"finalise.compute_h_poly.spill_perm_cosets.end" [3mrss_mb[0m[2m=[0m237 [3mhwm_mb[0m[2m=[0m250
[2m2026-09-15T06:32:52.880708Z[0m [32m INFO[0m [2mmidnight_bench[0m[2m:[0m [3mstage[0m[2m=[0m"finalise.compute_h_poly.drop_cosets.end" [3mrss_mb[0m[2m=[0m238 [3mhwm_mb[0m[2m=[0m250
[2m2026-09-15T06:32:52.883829Z[0m [32m INFO[0m [2mmidnight_bench[0m[2m:[0m [3mstage[0m[2m=[0m"finalise.compute_h_poly.end" [3mrss_mb[0m[2m=[0m174 [3mhwm_mb[0m[2m=[0m250
[2m2026-09-15T06:32:52.883850Z[0m [32m INFO[0m [2mmidnight_bench[0m[2m:[0m [3mstage[0m[2m=[0m"finalise.vanishing_construct.start" [3mrss_mb[0m[2m=[0m174 [3mhwm_mb[0m[2m=[0m250
[2m2026-09-15T06:32:52.972171Z[0m [32m INFO[0m [2mmidnight_bench[0m[2m:[0m [3mstage[0m[2m=[0m"finalise.vanishing_construct.end" [3mrss_mb[0m[2m=[0m175 [3mhwm_mb[0m[2m=[0m250
[2m2026-09-15T06:32:52.998452Z[0m [32m INFO[0m [2mmidnight_bench[0m[2m:[0m [3mstage[0m[2m=[0m"finalise.compute_queries.start" [3mrss_mb[0m[2m=[0m175 [3mhwm_mb[0m[2m=[0m250
[2m2026-09-15T06:32:52.998544Z[0m [32m INFO[0m [2mmidnight_bench[0m[2m:[0m [3mstage[0m[2m=[0m"finalise.multi_open.start" [3mrss_mb[0m[2m=[0m175 [3mhwm_mb[0m[2m=[0m250
[2m2026-09-15T06:32:53.083867Z[0m [32m INFO[0m [2mmidnight_bench[0m[2m:[0m [3mstage[0m[2m=[0m"finalise.multi_open.end" [3mrss_mb[0m[2m=[0m175 [3mhwm_mb[0m[2m=[0m250
[2m2026-09-15T06:32:53.084409Z[0m [32m INFO[0m [2mmidnight_bench[0m[2m:[0m [3mstage[0m[2m=[0m"create_proof.finalise_proof.end" [3mrss_mb[0m[2m=[0m159 [3mhwm_mb[0m[2m=[0m250
[2m2026-09-15T06:32:53.100479Z[0m [32m INFO[0m [2mactix_web::middleware::logger[0m[2m:[0m 192.168.65.1 POST /prove HTTP/1.1; took 0.794401s
[2m2026-09-15T06:32:53.102203Z[0m [32m INFO[0m [2mmidnight_proof_server::endpoints[0m[2m:[0m Starting to process request for /prove...
[2m2026-09-15T06:32:53.172697Z[0m [32m INFO[0m [2mmidnight_bench[0m[2m:[0m [3mstage[0m[2m=[0m"create_proof.compute_trace.start" [3mrss_mb[0m[2m=[0m173 [3mhwm_mb[0m[2m=[0m250
[2m2026-09-15T06:32:53.172729Z[0m [32m INFO[0m [2mmidnight_bench[0m[2m:[0m [3mstage[0m[2m=[0m"trace.compute_instances.start" [3mrss_mb[0m[2m=[0m173 [3mhwm_mb[0m[2m=[0m250
[2m2026-09-15T06:32:53.177309Z[0m [32m INFO[0m [2mmidnight_bench[0m[2m:[0m [3mstage[0m[2m=[0m"trace.compute_instances.end" [3mrss_mb[0m[2m=[0m173 [3mhwm_mb[0m[2m=[0m250
[2m2026-09-15T06:32:53.177328Z[0m [32m INFO[0m [2mmidnight_bench[0m[2m:[0m [3mstage[0m[2m=[0m"trace.parse_advices.start" [3mrss_mb[0m[2m=[0m173 [3mhwm_mb[0m[2m=[0m250
[2m2026-09-15T06:32:53.182520Z[0m [32m INFO[0m [2mmidnight_bench[0m[2m:[0m [3mstage[0m[2m=[0m"trace.parse_advices.end" [3mrss_mb[0m[2m=[0m174 [3mhwm_mb[0m[2m=[0m250
[2m2026-09-15T06:32:53.182546Z[0m [32m INFO[0m [2mmidnight_bench[0m[2m:[0m [3mstage[0m[2m=[0m"trace.lookups_permuted.start" [3mrss_mb[0m[2m=[0m174 [3mhwm_mb[0m[2m=[0m250
[2m2026-09-15T06:32:53.223263Z[0m [32m INFO[0m [2mmidnight_bench[0m[2m:[0m [3mstage[0m[2m=[0m"trace.lookups_permuted.end" [3mrss_mb[0m[2m=[0m179 [3mhwm_mb[0m[2m=[0m250
[2m2026-09-15T06:32:53.223291Z[0m [32m INFO[0m [2mmidnight_bench[0m[2m:[0m [3mstage[0m[2m=[0m"trace.permutations_commit.start" [3mrss_mb[0m[2m=[0m179 [3mhwm_mb[0m[2m=[0m250
[2m2026-09-15T06:32:53.289125Z[0m [32m INFO[0m [2mmidnight_bench[0m[2m:[0m [3mstage[0m[2m=[0m"trace.permutations_commit.end" [3mrss_mb[0m[2m=[0m186 [3mhwm_mb[0m[2m=[0m250
[2m2026-09-15T06:32:53.289158Z[0m [32m INFO[0m [2mmidnight_bench[0m[2m:[0m [3mstage[0m[2m=[0m"trace.lookups_product.start" [3mrss_mb[0m[2m=[0m186 [3mhwm_mb[0m[2m=[0m250
[2m2026-09-15T06:32:53.340753Z[0m [32m INFO[0m [2mmidnight_bench[0m[2m:[0m [3mstage[0m[2m=[0m"trace.lookups_product.end" [3mrss_mb[0m[2m=[0m187 [3mhwm_mb[0m[2m=[0m250
[2m2026-09-15T06:32:53.364037Z[0m [32m INFO[0m [2mmidnight_bench[0m[2m:[0m [3mstage[0m[2m=[0m"create_proof.compute_trace.end" [3mrss_mb[0m[2m=[0m187 [3mhwm_mb[0m[2m=[0m250
[2m2026-09-15T06:32:53.364064Z[0m [32m INFO[0m [2mmidnight_bench[0m[2m:[0m [3mstage[0m[2m=[0m"create_proof.finalise_proof.start" [3mrss_mb[0m[2m=[0m187 [3mhwm_mb[0m[2m=[0m250
[2m2026-09-15T06:32:53.364071Z[0m [32m INFO[0m [2mmidnight_bench[0m[2m:[0m [3mstage[0m[2m=[0m"finalise.compute_h_poly.start" [3mrss_mb[0m[2m=[0m187 [3mhwm_mb[0m[2m=[0m250
[2m2026-09-15T06:32:53.364079Z[0m [32m INFO[0m [2mmidnight_bench[0m[2m:[0m [3mstage[0m[2m=[0m"finalise.compute_h_poly.spill_advice_cosets.start" [3mrss_mb[0m[2m=[0m187 [3mhwm_mb[0m[2m=[0m250
[2m2026-09-15T06:32:53.392354Z[0m [32m INFO[0m [2mmidnight_bench[0m[2m:[0m [3mstage[0m[2m=[0m"finalise.compute_h_poly.spill_advice_cosets.end" [3mrss_mb[0m[2m=[0m197 [3mhwm_mb[0m[2m=[0m250
[2m2026-09-15T06:32:53.392386Z[0m [32m INFO[0m [2mmidnight_bench[0m[2m:[0m [3mstage[0m[2m=[0m"finalise.compute_h_poly.spill_instance_cosets.start" [3mrss_mb[0m[2m=[0m197 [3mhwm_mb[0m[2m=[0m250
[2m2026-09-15T06:32:53.404646Z[0m [32m INFO[0m [2mmidnight_bench[0m[2m:[0m [3mstage[0m[2m=[0m"finalise.compute_h_poly.spill_instance_cosets.end" [3mrss_mb[0m[2m=[0m201 [3mhwm_mb[0m[2m=[0m250
[2m2026-09-15T06:32:53.404673Z[0m [32m INFO[0m [2mmidnight_bench[0m[2m:[0m [3mstage[0m[2m=[0m"finalise.compute_h_poly.spill_fixed_cosets.start" [3mrss_mb[0m[2m=[0m201 [3mhwm_mb[0m[2m=[0m250
[2m2026-09-15T06:32:53.499092Z[0m [32m INFO[0m [2mmidnight_bench[0m[2m:[0m [3mstage[0m[2m=[0m"finalise.compute_h_poly.spill_fixed_cosets.end" [3mrss_mb[0m[2m=[0m235 [3mhwm_mb[0m[2m=[0m250
[2m2026-09-15T06:32:53.499126Z[0m [32m INFO[0m [2mmidnight_bench[0m[2m:[0m [3mstage[0m[2m=[0m"finalise.compute_h_poly.spill_perm_cosets.start" [3mrss_mb[0m[2m=[0m235 [3mhwm_mb[0m[2m=[0m250
[2m2026-09-15T06:32:53.543059Z[0m [32m INFO[0m [2mmidnight_bench[0m[2m:[0m [3mstage[0m[2m=[0m"finalise.compute_h_poly.spill_perm_cosets.end" [3mrss_mb[0m[2m=[0m251 [3mhwm_mb[0m[2m=[0m251
[2m2026-09-15T06:32:53.663865Z[0m [32m INFO[0m [2mmidnight_bench[0m[2m:[0m [3mstage[0m[2m=[0m"finalise.compute_h_poly.drop_cosets.end" [3mrss_mb[0m[2m=[0m252 [3mhwm_mb[0m[2m=[0m252
[2m2026-09-15T06:32:53.666989Z[0m [32m INFO[0m [2mmidnight_bench[0m[2m:[0m [3mstage[0m[2m=[0m"finalise.compute_h_poly.end" [3mrss_mb[0m[2m=[0m188 [3mhwm_mb[0m[2m=[0m251
[2m2026-09-15T06:32:53.667005Z[0m [32m INFO[0m [2mmidnight_bench[0m[2m:[0m [3mstage[0m[2m=[0m"finalise.vanishing_construct.start" [3mrss_mb[0m[2m=[0m188 [3mhwm_mb[0m[2m=[0m251
[2m2026-09-15T06:32:53.750347Z[0m [32m INFO[0m [2mmidnight_bench[0m[2m:[0m [3mstage[0m[2m=[0m"finalise.vanishing_construct.end" [3mrss_mb[0m[2m=[0m188 [3mhwm_mb[0m[2m=[0m251
[2m2026-09-15T06:32:53.776112Z[0m [32m INFO[0m [2mmidnight_bench[0m[2m:[0m [3mstage[0m[2m=[0m"finalise.compute_queries.start" [3mrss_mb[0m[2m=[0m188 [3mhwm_mb[0m[2m=[0m251
[2m2026-09-15T06:32:53.776198Z[0m [32m INFO[0m [2mmidnight_bench[0m[2m:[0m [3mstage[0m[2m=[0m"finalise.multi_open.start" [3mrss_mb[0m[2m=[0m188 [3mhwm_mb[0m[2m=[0m251
[2m2026-09-15T06:32:53.860314Z[0m [32m INFO[0m [2mmidnight_bench[0m[2m:[0m [3mstage[0m[2m=[0m"finalise.multi_open.end" [3mrss_mb[0m[2m=[0m189 [3mhwm_mb[0m[2m=[0m251
[2m2026-09-15T06:32:53.860859Z[0m [32m INFO[0m [2mmidnight_bench[0m[2m:[0m [3mstage[0m[2m=[0m"create_proof.finalise_proof.end" [3mrss_mb[0m[2m=[0m173 [3mhwm_mb[0m[2m=[0m251
[2m2026-09-15T06:32:53.876028Z[0m [32m INFO[0m [2mactix_web::middleware::logger[0m[2m:[0m 192.168.65.1 POST /prove HTTP/1.1; took 0.773843s
[2m2026-09-15T06:32:53.877820Z[0m [32m INFO[0m [2mmidnight_proof_server::endpoints[0m[2m:[0m Starting to process request for /prove...
[2m2026-09-15T06:32:53.952010Z[0m [32m INFO[0m [2mmidnight_bench[0m[2m:[0m [3mstage[0m[2m=[0m"create_proof.compute_trace.start" [3mrss_mb[0m[2m=[0m187 [3mhwm_mb[0m[2m=[0m251
[2m2026-09-15T06:32:53.952039Z[0m [32m INFO[0m [2mmidnight_bench[0m[2m:[0m [3mstage[0m[2m=[0m"trace.compute_instances.start" [3mrss_mb[0m[2m=[0m187 [3mhwm_mb[0m[2m=[0m251
[2m2026-09-15T06:32:53.957752Z[0m [32m INFO[0m [2mmidnight_bench[0m[2m:[0m [3mstage[0m[2m=[0m"trace.compute_instances.end" [3mrss_mb[0m[2m=[0m187 [3mhwm_mb[0m[2m=[0m251
[2m2026-09-15T06:32:53.957772Z[0m [32m INFO[0m [2mmidnight_bench[0m[2m:[0m [3mstage[0m[2m=[0m"trace.parse_advices.start" [3mrss_mb[0m[2m=[0m187 [3mhwm_mb[0m[2m=[0m251
[2m2026-09-15T06:32:53.962816Z[0m [32m INFO[0m [2mmidnight_bench[0m[2m:[0m [3mstage[0m[2m=[0m"trace.parse_advices.end" [3mrss_mb[0m[2m=[0m188 [3mhwm_mb[0m[2m=[0m251
[2m2026-09-15T06:32:53.962839Z[0m [32m INFO[0m [2mmidnight_bench[0m[2m:[0m [3mstage[0m[2m=[0m"trace.lookups_permuted.start" [3mrss_mb[0m[2m=[0m188 [3mhwm_mb[0m[2m=[0m251
[2m2026-09-15T06:32:54.004532Z[0m [32m INFO[0m [2mmidnight_bench[0m[2m:[0m [3mstage[0m[2m=[0m"trace.lookups_permuted.end" [3mrss_mb[0m[2m=[0m193 [3mhwm_mb[0m[2m=[0m251
[2m2026-09-15T06:32:54.004555Z[0m [32m INFO[0m [2mmidnight_bench[0m[2m:[0m [3mstage[0m[2m=[0m"trace.permutations_commit.start" [3mrss_mb[0m[2m=[0m193 [3mhwm_mb[0m[2m=[0m251
[2m2026-09-15T06:32:54.070839Z[0m [32m INFO[0m [2mmidnight_bench[0m[2m:[0m [3mstage[0m[2m=[0m"trace.permutations_commit.end" [3mrss_mb[0m[2m=[0m200 [3mhwm_mb[0m[2m=[0m251
[2m2026-09-15T06:32:54.070863Z[0m [32m INFO[0m [2mmidnight_bench[0m[2m:[0m [3mstage[0m[2m=[0m"trace.lookups_product.start" [3mrss_mb[0m[2m=[0m200 [3mhwm_mb[0m[2m=[0m251
[2m2026-09-15T06:32:54.123612Z[0m [32m INFO[0m [2mmidnight_bench[0m[2m:[0m [3mstage[0m[2m=[0m"trace.lookups_product.end" [3mrss_mb[0m[2m=[0m200 [3mhwm_mb[0m[2m=[0m251
[2m2026-09-15T06:32:54.146119Z[0m [32m INFO[0m [2mmidnight_bench[0m[2m:[0m [3mstage[0m[2m=[0m"create_proof.compute_trace.end" [3mrss_mb[0m[2m=[0m200 [3mhwm_mb[0m[2m=[0m251
[2m2026-09-15T06:32:54.146142Z[0m [32m INFO[0m [2mmidnight_bench[0m[2m:[0m [3mstage[0m[2m=[0m"create_proof.finalise_proof.start" [3mrss_mb[0m[2m=[0m200 [3mhwm_mb[0m[2m=[0m251
[2m2026-09-15T06:32:54.146151Z[0m [32m INFO[0m [2mmidnight_bench[0m[2m:[0m [3mstage[0m[2m=[0m"finalise.compute_h_poly.start" [3mrss_mb[0m[2m=[0m200 [3mhwm_mb[0m[2m=[0m251
[2m2026-09-15T06:32:54.146158Z[0m [32m INFO[0m [2mmidnight_bench[0m[2m:[0m [3mstage[0m[2m=[0m"finalise.compute_h_poly.spill_advice_cosets.start" [3mrss_mb[0m[2m=[0m200 [3mhwm_mb[0m[2m=[0m251
[2m2026-09-15T06:32:54.172201Z[0m [32m INFO[0m [2mmidnight_bench[0m[2m:[0m [3mstage[0m[2m=[0m"finalise.compute_h_poly.spill_advice_cosets.end" [3mrss_mb[0m[2m=[0m210 [3mhwm_mb[0m[2m=[0m251
[2m2026-09-15T06:32:54.172231Z[0m [32m INFO[0m [2mmidnight_bench[0m[2m:[0m [3mstage[0m[2m=[0m"finalise.compute_h_poly.spill_instance_cosets.start" [3mrss_mb[0m[2m=[0m210 [3mhwm_mb[0m[2m=[0m251
[2m2026-09-15T06:32:54.184372Z[0m [32m INFO[0m [2mmidnight_bench[0m[2m:[0m [3mstage[0m[2m=[0m"finalise.compute_h_poly.spill_instance_cosets.end" [3mrss_mb[0m[2m=[0m214 [3mhwm_mb[0m[2m=[0m251
[2m2026-09-15T06:32:54.184393Z[0m [32m INFO[0m [2mmidnight_bench[0m[2m:[0m [3mstage[0m[2m=[0m"finalise.compute_h_poly.spill_fixed_cosets.start" [3mrss_mb[0m[2m=[0m214 [3mhwm_mb[0m[2m=[0m251
[2m2026-09-15T06:32:54.284052Z[0m [32m INFO[0m [2mmidnight_bench[0m[2m:[0m [3mstage[0m[2m=[0m"finalise.compute_h_poly.spill_fixed_cosets.end" [3mrss_mb[0m[2m=[0m248 [3mhwm_mb[0m[2m=[0m251
[2m2026-09-15T06:32:54.284078Z[0m [32m INFO[0m [2mmidnight_bench[0m[2m:[0m [3mstage[0m[2m=[0m"finalise.compute_h_poly.spill_perm_cosets.start" [3mrss_mb[0m[2m=[0m248 [3mhwm_mb[0m[2m=[0m251
[2m2026-09-15T06:32:54.327014Z[0m [32m INFO[0m [2mmidnight_bench[0m[2m:[0m [3mstage[0m[2m=[0m"finalise.compute_h_poly.spill_perm_cosets.end" [3mrss_mb[0m[2m=[0m264 [3mhwm_mb[0m[2m=[0m264
[2m2026-09-15T06:32:54.461403Z[0m [32m INFO[0m [2mmidnight_bench[0m[2m:[0m [3mstage[0m[2m=[0m"finalise.compute_h_poly.drop_cosets.end" [3mrss_mb[0m[2m=[0m266 [3mhwm_mb[0m[2m=[0m266
[2m2026-09-15T06:32:54.465834Z[0m [32m INFO[0m [2mmidnight_bench[0m[2m:[0m [3mstage[0m[2m=[0m"finalise.compute_h_poly.end" [3mrss_mb[0m[2m=[0m202 [3mhwm_mb[0m[2m=[0m265
[2m2026-09-15T06:32:54.465859Z[0m [32m INFO[0m [2mmidnight_bench[0m[2m:[0m [3mstage[0m[2m=[0m"finalise.vanishing_construct.start" [3mrss_mb[0m[2m=[0m202 [3mhwm_mb[0m[2m=[0m265
[2m2026-09-15T06:32:54.553518Z[0m [32m INFO[0m [2mmidnight_bench[0m[2m:[0m [3mstage[0m[2m=[0m"finalise.vanishing_construct.end" [3mrss_mb[0m[2m=[0m202 [3mhwm_mb[0m[2m=[0m265
[2m2026-09-15T06:32:54.579627Z[0m [32m INFO[0m [2mmidnight_bench[0m[2m:[0m [3mstage[0m[2m=[0m"finalise.compute_queries.start" [3mrss_mb[0m[2m=[0m202 [3mhwm_mb[0m[2m=[0m265
[2m2026-09-15T06:32:54.579708Z[0m [32m INFO[0m [2mmidnight_bench[0m[2m:[0m [3mstage[0m[2m=[0m"finalise.multi_open.start" [3mrss_mb[0m[2m=[0m202 [3mhwm_mb[0m[2m=[0m265
[2m2026-09-15T06:32:54.667393Z[0m [32m INFO[0m [2mmidnight_bench[0m[2m:[0m [3mstage[0m[2m=[0m"finalise.multi_open.end" [3mrss_mb[0m[2m=[0m202 [3mhwm_mb[0m[2m=[0m265
[2m2026-09-15T06:32:54.667843Z[0m [32m INFO[0m [2mmidnight_bench[0m[2m:[0m [3mstage[0m[2m=[0m"create_proof.finalise_proof.end" [3mrss_mb[0m[2m=[0m187 [3mhwm_mb[0m[2m=[0m265
[2m2026-09-15T06:32:54.684352Z[0m [32m INFO[0m [2mactix_web::middleware::logger[0m[2m:[0m 192.168.65.1 POST /prove HTTP/1.1; took 0.806549s
[2m2026-09-15T06:32:54.685871Z[0m [32m INFO[0m [2mmidnight_proof_server::endpoints[0m[2m:[0m Starting to process request for /prove...
[2m2026-09-15T06:32:54.761308Z[0m [32m INFO[0m [2mmidnight_bench[0m[2m:[0m [3mstage[0m[2m=[0m"create_proof.compute_trace.start" [3mrss_mb[0m[2m=[0m187 [3mhwm_mb[0m[2m=[0m265
[2m2026-09-15T06:32:54.761336Z[0m [32m INFO[0m [2mmidnight_bench[0m[2m:[0m [3mstage[0m[2m=[0m"trace.compute_instances.start" [3mrss_mb[0m[2m=[0m187 [3mhwm_mb[0m[2m=[0m265
[2m2026-09-15T06:32:54.766146Z[0m [32m INFO[0m [2mmidnight_bench[0m[2m:[0m [3mstage[0m[2m=[0m"trace.compute_instances.end" [3mrss_mb[0m[2m=[0m187 [3mhwm_mb[0m[2m=[0m265
[2m2026-09-15T06:32:54.766166Z[0m [32m INFO[0m [2mmidnight_bench[0m[2m:[0m [3mstage[0m[2m=[0m"trace.parse_advices.start" [3mrss_mb[0m[2m=[0m187 [3mhwm_mb[0m[2m=[0m265
[2m2026-09-15T06:32:54.771456Z[0m [32m INFO[0m [2mmidnight_bench[0m[2m:[0m [3mstage[0m[2m=[0m"trace.parse_advices.end" [3mrss_mb[0m[2m=[0m188 [3mhwm_mb[0m[2m=[0m265
[2m2026-09-15T06:32:54.771476Z[0m [32m INFO[0m [2mmidnight_bench[0m[2m:[0m [3mstage[0m[2m=[0m"trace.lookups_permuted.start" [3mrss_mb[0m[2m=[0m188 [3mhwm_mb[0m[2m=[0m265
[2m2026-09-15T06:32:54.817657Z[0m [32m INFO[0m [2mmidnight_bench[0m[2m:[0m [3mstage[0m[2m=[0m"trace.lookups_permuted.end" [3mrss_mb[0m[2m=[0m193 [3mhwm_mb[0m[2m=[0m265
[2m2026-09-15T06:32:54.817686Z[0m [32m INFO[0m [2mmidnight_bench[0m[2m:[0m [3mstage[0m[2m=[0m"trace.permutations_commit.start" [3mrss_mb[0m[2m=[0m193 [3mhwm_mb[0m[2m=[0m265
[2m2026-09-15T06:32:54.892601Z[0m [32m INFO[0m [2mmidnight_bench[0m[2m:[0m [3mstage[0m[2m=[0m"trace.permutations_commit.end" [3mrss_mb[0m[2m=[0m200 [3mhwm_mb[0m[2m=[0m265
[2m2026-09-15T06:32:54.892625Z[0m [32m INFO[0m [2mmidnight_bench[0m[2m:[0m [3mstage[0m[2m=[0m"trace.lookups_product.start" [3mrss_mb[0m[2m=[0m200 [3mhwm_mb[0m[2m=[0m265
[2m2026-09-15T06:32:54.942885Z[0m [32m INFO[0m [2mmidnight_bench[0m[2m:[0m [3mstage[0m[2m=[0m"trace.lookups_product.end" [3mrss_mb[0m[2m=[0m201 [3mhwm_mb[0m[2m=[0m265
[2m2026-09-15T06:32:54.968204Z[0m [32m INFO[0m [2mmidnight_bench[0m[2m:[0m [3mstage[0m[2m=[0m"create_proof.compute_trace.end" [3mrss_mb[0m[2m=[0m201 [3mhwm_mb[0m[2m=[0m265
[2m2026-09-15T06:32:54.968234Z[0m [32m INFO[0m [2mmidnight_bench[0m[2m:[0m [3mstage[0m[2m=[0m"create_proof.finalise_proof.start" [3mrss_mb[0m[2m=[0m201 [3mhwm_mb[0m[2m=[0m265
[2m2026-09-15T06:32:54.968244Z[0m [32m INFO[0m [2mmidnight_bench[0m[2m:[0m [3mstage[0m[2m=[0m"finalise.compute_h_poly.start" [3mrss_mb[0m[2m=[0m201 [3mhwm_mb[0m[2m=[0m265
[2m2026-09-15T06:32:54.968251Z[0m [32m INFO[0m [2mmidnight_bench[0m[2m:[0m [3mstage[0m[2m=[0m"finalise.compute_h_poly.spill_advice_cosets.start" [3mrss_mb[0m[2m=[0m201 [3mhwm_mb[0m[2m=[0m265
[2m2026-09-15T06:32:55.000623Z[0m [32m INFO[0m [2mmidnight_bench[0m[2m:[0m [3mstage[0m[2m=[0m"finalise.compute_h_poly.spill_advice_cosets.end" [3mrss_mb[0m[2m=[0m211 [3mhwm_mb[0m[2m=[0m265
[2m2026-09-15T06:32:55.000649Z[0m [32m INFO[0m [2mmidnight_bench[0m[2m:[0m [3mstage[0m[2m=[0m"finalise.compute_h_poly.spill_instance_cosets.start" [3mrss_mb[0m[2m=[0m211 [3mhwm_mb[0m[2m=[0m265
[2m2026-09-15T06:32:55.012530Z[0m [32m INFO[0m [2mmidnight_bench[0m[2m:[0m [3mstage[0m[2m=[0m"finalise.compute_h_poly.spill_instance_cosets.end" [3mrss_mb[0m[2m=[0m215 [3mhwm_mb[0m[2m=[0m265
[2m2026-09-15T06:32:55.012552Z[0m [32m INFO[0m [2mmidnight_bench[0m[2m:[0m [3mstage[0m[2m=[0m"finalise.compute_h_poly.spill_fixed_cosets.start" [3mrss_mb[0m[2m=[0m215 [3mhwm_mb[0m[2m=[0m265
[2m2026-09-15T06:32:55.111488Z[0m [32m INFO[0m [2mmidnight_bench[0m[2m:[0m [3mstage[0m[2m=[0m"finalise.compute_h_poly.spill_fixed_cosets.end" [3mrss_mb[0m[2m=[0m249 [3mhwm_mb[0m[2m=[0m265
[2m2026-09-15T06:32:55.111514Z[0m [32m INFO[0m [2mmidnight_bench[0m[2m:[0m [3mstage[0m[2m=[0m"finalise.compute_h_poly.spill_perm_cosets.start" [3mrss_mb[0m[2m=[0m249 [3mhwm_mb[0m[2m=[0m265
[2m2026-09-15T06:32:55.160860Z[0m [32m INFO[0m [2mmidnight_bench[0m[2m:[0m [3mstage[0m[2m=[0m"finalise.compute_h_poly.spill_perm_cosets.end" [3mrss_mb[0m[2m=[0m265 [3mhwm_mb[0m[2m=[0m265
[2m2026-09-15T06:32:55.291531Z[0m [32m INFO[0m [2mmidnight_bench[0m[2m:[0m [3mstage[0m[2m=[0m"finalise.compute_h_poly.drop_cosets.end" [3mrss_mb[0m[2m=[0m266 [3mhwm_mb[0m[2m=[0m266
[2m2026-09-15T06:32:55.294647Z[0m [32m INFO[0m [2mmidnight_bench[0m[2m:[0m [3mstage[0m[2m=[0m"finalise.compute_h_poly.end" [3mrss_mb[0m[2m=[0m202 [3mhwm_mb[0m[2m=[0m265
[2m2026-09-15T06:32:55.294663Z[0m [32m INFO[0m [2mmidnight_bench[0m[2m:[0m [3mstage[0m[2m=[0m"finalise.vanishing_construct.start" [3mrss_mb[0m[2m=[0m202 [3mhwm_mb[0m[2m=[0m265
[2m2026-09-15T06:32:55.381029Z[0m [32m INFO[0m [2mmidnight_bench[0m[2m:[0m [3mstage[0m[2m=[0m"finalise.vanishing_construct.end" [3mrss_mb[0m[2m=[0m202 [3mhwm_mb[0m[2m=[0m265
[2m2026-09-15T06:32:55.407721Z[0m [32m INFO[0m [2mmidnight_bench[0m[2m:[0m [3mstage[0m[2m=[0m"finalise.compute_queries.start" [3mrss_mb[0m[2m=[0m202 [3mhwm_mb[0m[2m=[0m265
[2m2026-09-15T06:32:55.407820Z[0m [32m INFO[0m [2mmidnight_bench[0m[2m:[0m [3mstage[0m[2m=[0m"finalise.multi_open.start" [3mrss_mb[0m[2m=[0m202 [3mhwm_mb[0m[2m=[0m265
[2m2026-09-15T06:32:55.493395Z[0m [32m INFO[0m [2mmidnight_bench[0m[2m:[0m [3mstage[0m[2m=[0m"finalise.multi_open.end" [3mrss_mb[0m[2m=[0m203 [3mhwm_mb[0m[2m=[0m265
[2m2026-09-15T06:32:55.493864Z[0m [32m INFO[0m [2mmidnight_bench[0m[2m:[0m [3mstage[0m[2m=[0m"create_proof.finalise_proof.end" [3mrss_mb[0m[2m=[0m187 [3mhwm_mb[0m[2m=[0m265
[2m2026-09-15T06:32:55.509564Z[0m [32m INFO[0m [2mactix_web::middleware::logger[0m[2m:[0m 192.168.65.1 POST /prove HTTP/1.1; took 0.823707s
[2m2026-09-15T06:32:55.511188Z[0m [32m INFO[0m [2mmidnight_proof_server::endpoints[0m[2m:[0m Starting to process request for /prove...
[2m2026-09-15T06:32:55.583529Z[0m [32m INFO[0m [2mmidnight_bench[0m[2m:[0m [3mstage[0m[2m=[0m"create_proof.compute_trace.start" [3mrss_mb[0m[2m=[0m174 [3mhwm_mb[0m[2m=[0m265
[2m2026-09-15T06:32:55.583553Z[0m [32m INFO[0m [2mmidnight_bench[0m[2m:[0m [3mstage[0m[2m=[0m"trace.compute_instances.start" [3mrss_mb[0m[2m=[0m174 [3mhwm_mb[0m[2m=[0m265
[2m2026-09-15T06:32:55.588497Z[0m [32m INFO[0m [2mmidnight_bench[0m[2m:[0m [3mstage[0m[2m=[0m"trace.compute_instances.end" [3mrss_mb[0m[2m=[0m174 [3mhwm_mb[0m[2m=[0m265
[2m2026-09-15T06:32:55.588519Z[0m [32m INFO[0m [2mmidnight_bench[0m[2m:[0m [3mstage[0m[2m=[0m"trace.parse_advices.start" [3mrss_mb[0m[2m=[0m174 [3mhwm_mb[0m[2m=[0m265
[2m2026-09-15T06:32:55.593898Z[0m [32m INFO[0m [2mmidnight_bench[0m[2m:[0m [3mstage[0m[2m=[0m"trace.parse_advices.end" [3mrss_mb[0m[2m=[0m175 [3mhwm_mb[0m[2m=[0m265
[2m2026-09-15T06:32:55.593937Z[0m [32m INFO[0m [2mmidnight_bench[0m[2m:[0m [3mstage[0m[2m=[0m"trace.lookups_permuted.start" [3mrss_mb[0m[2m=[0m175 [3mhwm_mb[0m[2m=[0m265
[2m2026-09-15T06:32:55.635931Z[0m [32m INFO[0m [2mmidnight_bench[0m[2m:[0m [3mstage[0m[2m=[0m"trace.lookups_permuted.end" [3mrss_mb[0m[2m=[0m180 [3mhwm_mb[0m[2m=[0m265
[2m2026-09-15T06:32:55.635954Z[0m [32m INFO[0m [2mmidnight_bench[0m[2m:[0m [3mstage[0m[2m=[0m"trace.permutations_commit.start" [3mrss_mb[0m[2m=[0m180 [3mhwm_mb[0m[2m=[0m265
[2m2026-09-15T06:32:55.701593Z[0m [32m INFO[0m [2mmidnight_bench[0m[2m:[0m [3mstage[0m[2m=[0m"trace.permutations_commit.end" [3mrss_mb[0m[2m=[0m187 [3mhwm_mb[0m[2m=[0m265
[2m2026-09-15T06:32:55.701619Z[0m [32m INFO[0m [2mmidnight_bench[0m[2m:[0m [3mstage[0m[2m=[0m"trace.lookups_product.start" [3mrss_mb[0m[2m=[0m187 [3mhwm_mb[0m[2m=[0m265
[2m2026-09-15T06:32:55.751461Z[0m [32m INFO[0m [2mmidnight_bench[0m[2m:[0m [3mstage[0m[2m=[0m"trace.lookups_product.end" [3mrss_mb[0m[2m=[0m188 [3mhwm_mb[0m[2m=[0m265
[2m2026-09-15T06:32:55.774606Z[0m [32m INFO[0m [2mmidnight_bench[0m[2m:[0m [3mstage[0m[2m=[0m"create_proof.compute_trace.end" [3mrss_mb[0m[2m=[0m188 [3mhwm_mb[0m[2m=[0m265
[2m2026-09-15T06:32:55.774629Z[0m [32m INFO[0m [2mmidnight_bench[0m[2m:[0m [3mstage[0m[2m=[0m"create_proof.finalise_proof.start" [3mrss_mb[0m[2m=[0m188 [3mhwm_mb[0m[2m=[0m265
[2m2026-09-15T06:32:55.774638Z[0m [32m INFO[0m [2mmidnight_bench[0m[2m:[0m [3mstage[0m[2m=[0m"finalise.compute_h_poly.start" [3mrss_mb[0m[2m=[0m188 [3mhwm_mb[0m[2m=[0m265
[2m2026-09-15T06:32:55.774650Z[0m [32m INFO[0m [2mmidnight_bench[0m[2m:[0m [3mstage[0m[2m=[0m"finalise.compute_h_poly.spill_advice_cosets.start" [3mrss_mb[0m[2m=[0m188 [3mhwm_mb[0m[2m=[0m265
[2m2026-09-15T06:32:55.803471Z[0m [32m INFO[0m [2mmidnight_bench[0m[2m:[0m [3mstage[0m[2m=[0m"finalise.compute_h_poly.spill_advice_cosets.end" [3mrss_mb[0m[2m=[0m198 [3mhwm_mb[0m[2m=[0m265
[2m2026-09-15T06:32:55.803502Z[0m [32m INFO[0m [2mmidnight_bench[0m[2m:[0m [3mstage[0m[2m=[0m"finalise.compute_h_poly.spill_instance_cosets.start" [3mrss_mb[0m[2m=[0m198 [3mhwm_mb[0m[2m=[0m265
[2m2026-09-15T06:32:55.816435Z[0m [32m INFO[0m [2mmidnight_bench[0m[2m:[0m [3mstage[0m[2m=[0m"finalise.compute_h_poly.spill_instance_cosets.end" [3mrss_mb[0m[2m=[0m202 [3mhwm_mb[0m[2m=[0m265
[2m2026-09-15T06:32:55.816461Z[0m [32m INFO[0m [2mmidnight_bench[0m[2m:[0m [3mstage[0m[2m=[0m"finalise.compute_h_poly.spill_fixed_cosets.start" [3mrss_mb[0m[2m=[0m202 [3mhwm_mb[0m[2m=[0m265
[2m2026-09-15T06:32:55.913477Z[0m [32m INFO[0m [2mmidnight_bench[0m[2m:[0m [3mstage[0m[2m=[0m"finalise.compute_h_poly.spill_fixed_cosets.end" [3mrss_mb[0m[2m=[0m236 [3mhwm_mb[0m[2m=[0m265
[2m2026-09-15T06:32:55.913503Z[0m [32m INFO[0m [2mmidnight_bench[0m[2m:[0m [3mstage[0m[2m=[0m"finalise.compute_h_poly.spill_perm_cosets.start" [3mrss_mb[0m[2m=[0m236 [3mhwm_mb[0m[2m=[0m265
[2m2026-09-15T06:32:55.959581Z[0m [32m INFO[0m [2mmidnight_bench[0m[2m:[0m [3mstage[0m[2m=[0m"finalise.compute_h_poly.spill_perm_cosets.end" [3mrss_mb[0m[2m=[0m252 [3mhwm_mb[0m[2m=[0m265
[2m2026-09-15T06:32:56.087553Z[0m [32m INFO[0m [2mmidnight_bench[0m[2m:[0m [3mstage[0m[2m=[0m"finalise.compute_h_poly.drop_cosets.end" [3mrss_mb[0m[2m=[0m253 [3mhwm_mb[0m[2m=[0m265
[2m2026-09-15T06:32:56.090546Z[0m [32m INFO[0m [2mmidnight_bench[0m[2m:[0m [3mstage[0m[2m=[0m"finalise.compute_h_poly.end" [3mrss_mb[0m[2m=[0m189 [3mhwm_mb[0m[2m=[0m265
[2m2026-09-15T06:32:56.090564Z[0m [32m INFO[0m [2mmidnight_bench[0m[2m:[0m [3mstage[0m[2m=[0m"finalise.vanishing_construct.start" [3mrss_mb[0m[2m=[0m189 [3mhwm_mb[0m[2m=[0m265
[2m2026-09-15T06:32:56.178610Z[0m [32m INFO[0m [2mmidnight_bench[0m[2m:[0m [3mstage[0m[2m=[0m"finalise.vanishing_construct.end" [3mrss_mb[0m[2m=[0m189 [3mhwm_mb[0m[2m=[0m265
[2m2026-09-15T06:32:56.205191Z[0m [32m INFO[0m [2mmidnight_bench[0m[2m:[0m [3mstage[0m[2m=[0m"finalise.compute_queries.start" [3mrss_mb[0m[2m=[0m189 [3mhwm_mb[0m[2m=[0m265
[2m2026-09-15T06:32:56.205292Z[0m [32m INFO[0m [2mmidnight_bench[0m[2m:[0m [3mstage[0m[2m=[0m"finalise.multi_open.start" [3mrss_mb[0m[2m=[0m189 [3mhwm_mb[0m[2m=[0m265
[2m2026-09-15T06:32:56.293420Z[0m [32m INFO[0m [2mmidnight_bench[0m[2m:[0m [3mstage[0m[2m=[0m"finalise.multi_open.end" [3mrss_mb[0m[2m=[0m189 [3mhwm_mb[0m[2m=[0m265
[2m2026-09-15T06:32:56.294375Z[0m [32m INFO[0m [2mmidnight_bench[0m[2m:[0m [3mstage[0m[2m=[0m"create_proof.finalise_proof.end" [3mrss_mb[0m[2m=[0m165 [3mhwm_mb[0m[2m=[0m265
[2m2026-09-15T06:32:56.311950Z[0m [32m INFO[0m [2mactix_web::middleware::logger[0m[2m:[0m 192.168.65.1 POST /prove HTTP/1.1; took 0.800779s
[2m2026-09-15T06:32:56.313652Z[0m [32m INFO[0m [2mmidnight_proof_server::endpoints[0m[2m:[0m Starting to process request for /prove...
[2m2026-09-15T06:32:56.397797Z[0m [32m INFO[0m [2mmidnight_bench[0m[2m:[0m [3mstage[0m[2m=[0m"create_proof.compute_trace.start" [3mrss_mb[0m[2m=[0m171 [3mhwm_mb[0m[2m=[0m265
[2m2026-09-15T06:32:56.397822Z[0m [32m INFO[0m [2mmidnight_bench[0m[2m:[0m [3mstage[0m[2m=[0m"trace.compute_instances.start" [3mrss_mb[0m[2m=[0m171 [3mhwm_mb[0m[2m=[0m265
[2m2026-09-15T06:32:56.403905Z[0m [32m INFO[0m [2mmidnight_bench[0m[2m:[0m [3mstage[0m[2m=[0m"trace.compute_instances.end" [3mrss_mb[0m[2m=[0m171 [3mhwm_mb[0m[2m=[0m265
[2m2026-09-15T06:32:56.403930Z[0m [32m INFO[0m [2mmidnight_bench[0m[2m:[0m [3mstage[0m[2m=[0m"trace.parse_advices.start" [3mrss_mb[0m[2m=[0m171 [3mhwm_mb[0m[2m=[0m265
[2m2026-09-15T06:32:56.410425Z[0m [32m INFO[0m [2mmidnight_bench[0m[2m:[0m [3mstage[0m[2m=[0m"trace.parse_advices.end" [3mrss_mb[0m[2m=[0m178 [3mhwm_mb[0m[2m=[0m265
[2m2026-09-15T06:32:56.410444Z[0m [32m INFO[0m [2mmidnight_bench[0m[2m:[0m [3mstage[0m[2m=[0m"trace.lookups_permuted.start" [3mrss_mb[0m[2m=[0m178 [3mhwm_mb[0m[2m=[0m265
[2m2026-09-15T06:32:56.480809Z[0m [32m INFO[0m [2mmidnight_bench[0m[2m:[0m [3mstage[0m[2m=[0m"trace.lookups_permuted.end" [3mrss_mb[0m[2m=[0m183 [3mhwm_mb[0m[2m=[0m265
[2m2026-09-15T06:32:56.480837Z[0m [32m INFO[0m [2mmidnight_bench[0m[2m:[0m [3mstage[0m[2m=[0m"trace.permutations_commit.start" [3mrss_mb[0m[2m=[0m183 [3mhwm_mb[0m[2m=[0m265
[2m2026-09-15T06:32:56.572657Z[0m [32m INFO[0m [2mmidnight_bench[0m[2m:[0m [3mstage[0m[2m=[0m"trace.permutations_commit.end" [3mrss_mb[0m[2m=[0m190 [3mhwm_mb[0m[2m=[0m265
[2m2026-09-15T06:32:56.572686Z[0m [32m INFO[0m [2mmidnight_bench[0m[2m:[0m [3mstage[0m[2m=[0m"trace.lookups_product.start" [3mrss_mb[0m[2m=[0m190 [3mhwm_mb[0m[2m=[0m265
[2m2026-09-15T06:32:56.632782Z[0m [32m INFO[0m [2mmidnight_bench[0m[2m:[0m [3mstage[0m[2m=[0m"trace.lookups_product.end" [3mrss_mb[0m[2m=[0m190 [3mhwm_mb[0m[2m=[0m265
[2m2026-09-15T06:32:56.666349Z[0m [32m INFO[0m [2mmidnight_bench[0m[2m:[0m [3mstage[0m[2m=[0m"create_proof.compute_trace.end" [3mrss_mb[0m[2m=[0m190 [3mhwm_mb[0m[2m=[0m265
[2m2026-09-15T06:32:56.666373Z[0m [32m INFO[0m [2mmidnight_bench[0m[2m:[0m [3mstage[0m[2m=[0m"create_proof.finalise_proof.start" [3mrss_mb[0m[2m=[0m190 [3mhwm_mb[0m[2m=[0m265
[2m2026-09-15T06:32:56.666382Z[0m [32m INFO[0m [2mmidnight_bench[0m[2m:[0m [3mstage[0m[2m=[0m"finalise.compute_h_poly.start" [3mrss_mb[0m[2m=[0m190 [3mhwm_mb[0m[2m=[0m265
[2m2026-09-15T06:32:56.666390Z[0m [32m INFO[0m [2mmidnight_bench[0m[2m:[0m [3mstage[0m[2m=[0m"finalise.compute_h_poly.spill_advice_cosets.start" [3mrss_mb[0m[2m=[0m190 [3mhwm_mb[0m[2m=[0m265
[2m2026-09-15T06:32:56.703556Z[0m [32m INFO[0m [2mmidnight_bench[0m[2m:[0m [3mstage[0m[2m=[0m"finalise.compute_h_poly.spill_advice_cosets.end" [3mrss_mb[0m[2m=[0m200 [3mhwm_mb[0m[2m=[0m265
[2m2026-09-15T06:32:56.703586Z[0m [32m INFO[0m [2mmidnight_bench[0m[2m:[0m [3mstage[0m[2m=[0m"finalise.compute_h_poly.spill_instance_cosets.start" [3mrss_mb[0m[2m=[0m200 [3mhwm_mb[0m[2m=[0m265
[2m2026-09-15T06:32:56.717058Z[0m [32m INFO[0m [2mmidnight_bench[0m[2m:[0m [3mstage[0m[2m=[0m"finalise.compute_h_poly.spill_instance_cosets.end" [3mrss_mb[0m[2m=[0m204 [3mhwm_mb[0m[2m=[0m265
[2m2026-09-15T06:32:56.717079Z[0m [32m INFO[0m [2mmidnight_bench[0m[2m:[0m [3mstage[0m[2m=[0m"finalise.compute_h_poly.spill_fixed_cosets.start" [3mrss_mb[0m[2m=[0m204 [3mhwm_mb[0m[2m=[0m265
[2m2026-09-15T06:32:56.807337Z[0m [32m INFO[0m [2mmidnight_bench[0m[2m:[0m [3mstage[0m[2m=[0m"finalise.compute_h_poly.spill_fixed_cosets.end" [3mrss_mb[0m[2m=[0m238 [3mhwm_mb[0m[2m=[0m265
[2m2026-09-15T06:32:56.807372Z[0m [32m INFO[0m [2mmidnight_bench[0m[2m:[0m [3mstage[0m[2m=[0m"finalise.compute_h_poly.spill_perm_cosets.start" [3mrss_mb[0m[2m=[0m238 [3mhwm_mb[0m[2m=[0m265
[2m2026-09-15T06:32:56.853004Z[0m [32m INFO[0m [2mmidnight_bench[0m[2m:[0m [3mstage[0m[2m=[0m"finalise.compute_h_poly.spill_perm_cosets.end" [3mrss_mb[0m[2m=[0m254 [3mhwm_mb[0m[2m=[0m265
[2m2026-09-15T06:32:56.981683Z[0m [32m INFO[0m [2mmidnight_bench[0m[2m:[0m [3mstage[0m[2m=[0m"finalise.compute_h_poly.drop_cosets.end" [3mrss_mb[0m[2m=[0m256 [3mhwm_mb[0m[2m=[0m265
[2m2026-09-15T06:32:56.984647Z[0m [32m INFO[0m [2mmidnight_bench[0m[2m:[0m [3mstage[0m[2m=[0m"finalise.compute_h_poly.end" [3mrss_mb[0m[2m=[0m192 [3mhwm_mb[0m[2m=[0m265
[2m2026-09-15T06:32:56.984662Z[0m [32m INFO[0m [2mmidnight_bench[0m[2m:[0m [3mstage[0m[2m=[0m"finalise.vanishing_construct.start" [3mrss_mb[0m[2m=[0m192 [3mhwm_mb[0m[2m=[0m265
[2m2026-09-15T06:32:57.071209Z[0m [32m INFO[0m [2mmidnight_bench[0m[2m:[0m [3mstage[0m[2m=[0m"finalise.vanishing_construct.end" [3mrss_mb[0m[2m=[0m192 [3mhwm_mb[0m[2m=[0m265
[2m2026-09-15T06:32:57.097204Z[0m [32m INFO[0m [2mmidnight_bench[0m[2m:[0m [3mstage[0m[2m=[0m"finalise.compute_queries.start" [3mrss_mb[0m[2m=[0m192 [3mhwm_mb[0m[2m=[0m265
[2m2026-09-15T06:32:57.097296Z[0m [32m INFO[0m [2mmidnight_bench[0m[2m:[0m [3mstage[0m[2m=[0m"finalise.multi_open.start" [3mrss_mb[0m[2m=[0m192 [3mhwm_mb[0m[2m=[0m265
[2m2026-09-15T06:32:57.184383Z[0m [32m INFO[0m [2mmidnight_bench[0m[2m:[0m [3mstage[0m[2m=[0m"finalise.multi_open.end" [3mrss_mb[0m[2m=[0m192 [3mhwm_mb[0m[2m=[0m265
[2m2026-09-15T06:32:57.184896Z[0m [32m INFO[0m [2mmidnight_bench[0m[2m:[0m [3mstage[0m[2m=[0m"create_proof.finalise_proof.end" [3mrss_mb[0m[2m=[0m177 [3mhwm_mb[0m[2m=[0m265
[2m2026-09-15T06:32:57.200880Z[0m [32m INFO[0m [2mactix_web::middleware::logger[0m[2m:[0m 192.168.65.1 POST /prove HTTP/1.1; took 0.887244s
[2m2026-09-15T06:32:57.202907Z[0m [32m INFO[0m [2mmidnight_proof_server::endpoints[0m[2m:[0m Starting to process request for /prove...
[2m2026-09-15T06:32:57.273986Z[0m [32m INFO[0m [2mmidnight_bench[0m[2m:[0m [3mstage[0m[2m=[0m"create_proof.compute_trace.start" [3mrss_mb[0m[2m=[0m174 [3mhwm_mb[0m[2m=[0m265
[2m2026-09-15T06:32:57.274013Z[0m [32m INFO[0m [2mmidnight_bench[0m[2m:[0m [3mstage[0m[2m=[0m"trace.compute_instances.start" [3mrss_mb[0m[2m=[0m174 [3mhwm_mb[0m[2m=[0m265
[2m2026-09-15T06:32:57.278840Z[0m [32m INFO[0m [2mmidnight_bench[0m[2m:[0m [3mstage[0m[2m=[0m"trace.compute_instances.end" [3mrss_mb[0m[2m=[0m174 [3mhwm_mb[0m[2m=[0m265
[2m2026-09-15T06:32:57.278856Z[0m [32m INFO[0m [2mmidnight_bench[0m[2m:[0m [3mstage[0m[2m=[0m"trace.parse_advices.start" [3mrss_mb[0m[2m=[0m174 [3mhwm_mb[0m[2m=[0m265
[2m2026-09-15T06:32:57.284128Z[0m [32m INFO[0m [2mmidnight_bench[0m[2m:[0m [3mstage[0m[2m=[0m"trace.parse_advices.end" [3mrss_mb[0m[2m=[0m175 [3mhwm_mb[0m[2m=[0m265
[2m2026-09-15T06:32:57.284153Z[0m [32m INFO[0m [2mmidnight_bench[0m[2m:[0m [3mstage[0m[2m=[0m"trace.lookups_permuted.start" [3mrss_mb[0m[2m=[0m175 [3mhwm_mb[0m[2m=[0m265
[2m2026-09-15T06:32:57.331468Z[0m [32m INFO[0m [2mmidnight_bench[0m[2m:[0m [3mstage[0m[2m=[0m"trace.lookups_permuted.end" [3mrss_mb[0m[2m=[0m180 [3mhwm_mb[0m[2m=[0m265
[2m2026-09-15T06:32:57.331495Z[0m [32m INFO[0m [2mmidnight_bench[0m[2m:[0m [3mstage[0m[2m=[0m"trace.permutations_commit.start" [3mrss_mb[0m[2m=[0m180 [3mhwm_mb[0m[2m=[0m265
[2m2026-09-15T06:32:57.402894Z[0m [32m INFO[0m [2mmidnight_bench[0m[2m:[0m [3mstage[0m[2m=[0m"trace.permutations_commit.end" [3mrss_mb[0m[2m=[0m187 [3mhwm_mb[0m[2m=[0m265
[2m2026-09-15T06:32:57.402940Z[0m [32m INFO[0m [2mmidnight_bench[0m[2m:[0m [3mstage[0m[2m=[0m"trace.lookups_product.start" [3mrss_mb[0m[2m=[0m187 [3mhwm_mb[0m[2m=[0m265
[2m2026-09-15T06:32:57.452992Z[0m [32m INFO[0m [2mmidnight_bench[0m[2m:[0m [3mstage[0m[2m=[0m"trace.lookups_product.end" [3mrss_mb[0m[2m=[0m188 [3mhwm_mb[0m[2m=[0m265
[2m2026-09-15T06:32:57.475581Z[0m [32m INFO[0m [2mmidnight_bench[0m[2m:[0m [3mstage[0m[2m=[0m"create_proof.compute_trace.end" [3mrss_mb[0m[2m=[0m188 [3mhwm_mb[0m[2m=[0m265
[2m2026-09-15T06:32:57.475603Z[0m [32m INFO[0m [2mmidnight_bench[0m[2m:[0m [3mstage[0m[2m=[0m"create_proof.finalise_proof.start" [3mrss_mb[0m[2m=[0m188 [3mhwm_mb[0m[2m=[0m265
[2m2026-09-15T06:32:57.475616Z[0m [32m INFO[0m [2mmidnight_bench[0m[2m:[0m [3mstage[0m[2m=[0m"finalise.compute_h_poly.start" [3mrss_mb[0m[2m=[0m188 [3mhwm_mb[0m[2m=[0m265
[2m2026-09-15T06:32:57.475623Z[0m [32m INFO[0m [2mmidnight_bench[0m[2m:[0m [3mstage[0m[2m=[0m"finalise.compute_h_poly.spill_advice_cosets.start" [3mrss_mb[0m[2m=[0m188 [3mhwm_mb[0m[2m=[0m265
[2m2026-09-15T06:32:57.503986Z[0m [32m INFO[0m [2mmidnight_bench[0m[2m:[0m [3mstage[0m[2m=[0m"finalise.compute_h_poly.spill_advice_cosets.end" [3mrss_mb[0m[2m=[0m198 [3mhwm_mb[0m[2m=[0m265
[2m2026-09-15T06:32:57.504013Z[0m [32m INFO[0m [2mmidnight_bench[0m[2m:[0m [3mstage[0m[2m=[0m"finalise.compute_h_poly.spill_instance_cosets.start" [3mrss_mb[0m[2m=[0m198 [3mhwm_mb[0m[2m=[0m265
[2m2026-09-15T06:32:57.515922Z[0m [32m INFO[0m [2mmidnight_bench[0m[2m:[0m [3mstage[0m[2m=[0m"finalise.compute_h_poly.spill_instance_cosets.end" [3mrss_mb[0m[2m=[0m202 [3mhwm_mb[0m[2m=[0m265
[2m2026-09-15T06:32:57.515947Z[0m [32m INFO[0m [2mmidnight_bench[0m[2m:[0m [3mstage[0m[2m=[0m"finalise.compute_h_poly.spill_fixed_cosets.start" [3mrss_mb[0m[2m=[0m202 [3mhwm_mb[0m[2m=[0m265
[2m2026-09-15T06:32:57.609454Z[0m [32m INFO[0m [2mmidnight_bench[0m[2m:[0m [3mstage[0m[2m=[0m"finalise.compute_h_poly.spill_fixed_cosets.end" [3mrss_mb[0m[2m=[0m236 [3mhwm_mb[0m[2m=[0m265
[2m2026-09-15T06:32:57.609487Z[0m [32m INFO[0m [2mmidnight_bench[0m[2m:[0m [3mstage[0m[2m=[0m"finalise.compute_h_poly.spill_perm_cosets.start" [3mrss_mb[0m[2m=[0m236 [3mhwm_mb[0m[2m=[0m265
[2m2026-09-15T06:32:57.655836Z[0m [32m INFO[0m [2mmidnight_bench[0m[2m:[0m [3mstage[0m[2m=[0m"finalise.compute_h_poly.spill_perm_cosets.end" [3mrss_mb[0m[2m=[0m252 [3mhwm_mb[0m[2m=[0m265
[2m2026-09-15T06:32:57.780609Z[0m [32m INFO[0m [2mmidnight_bench[0m[2m:[0m [3mstage[0m[2m=[0m"finalise.compute_h_poly.drop_cosets.end" [3mrss_mb[0m[2m=[0m253 [3mhwm_mb[0m[2m=[0m265
[2m2026-09-15T06:32:57.783907Z[0m [32m INFO[0m [2mmidnight_bench[0m[2m:[0m [3mstage[0m[2m=[0m"finalise.compute_h_poly.end" [3mrss_mb[0m[2m=[0m189 [3mhwm_mb[0m[2m=[0m265
[2m2026-09-15T06:32:57.783944Z[0m [32m INFO[0m [2mmidnight_bench[0m[2m:[0m [3mstage[0m[2m=[0m"finalise.vanishing_construct.start" [3mrss_mb[0m[2m=[0m189 [3mhwm_mb[0m[2m=[0m265
[2m2026-09-15T06:32:57.869395Z[0m [32m INFO[0m [2mmidnight_bench[0m[2m:[0m [3mstage[0m[2m=[0m"finalise.vanishing_construct.end" [3mrss_mb[0m[2m=[0m189 [3mhwm_mb[0m[2m=[0m265
[2m2026-09-15T06:32:57.894519Z[0m [32m INFO[0m [2mmidnight_bench[0m[2m:[0m [3mstage[0m[2m=[0m"finalise.compute_queries.start" [3mrss_mb[0m[2m=[0m189 [3mhwm_mb[0m[2m=[0m265
[2m2026-09-15T06:32:57.894611Z[0m [32m INFO[0m [2mmidnight_bench[0m[2m:[0m [3mstage[0m[2m=[0m"finalise.multi_open.start" [3mrss_mb[0m[2m=[0m189 [3mhwm_mb[0m[2m=[0m265
[2m2026-09-15T06:32:57.981467Z[0m [32m INFO[0m [2mmidnight_bench[0m[2m:[0m [3mstage[0m[2m=[0m"finalise.multi_open.end" [3mrss_mb[0m[2m=[0m190 [3mhwm_mb[0m[2m=[0m265
[2m2026-09-15T06:32:57.981976Z[0m [32m INFO[0m [2mmidnight_bench[0m[2m:[0m [3mstage[0m[2m=[0m"create_proof.finalise_proof.end" [3mrss_mb[0m[2m=[0m174 [3mhwm_mb[0m[2m=[0m265
[2m2026-09-15T06:32:57.997773Z[0m [32m INFO[0m [2mactix_web::middleware::logger[0m[2m:[0m 192.168.65.1 POST /prove HTTP/1.1; took 0.794928s
[2m2026-09-15T06:32:58.000147Z[0m [32m INFO[0m [2mmidnight_proof_server::endpoints[0m[2m:[0m Starting to process request for /prove...
[2m2026-09-15T06:32:58.071169Z[0m [32m INFO[0m [2mmidnight_bench[0m[2m:[0m [3mstage[0m[2m=[0m"create_proof.compute_trace.start" [3mrss_mb[0m[2m=[0m188 [3mhwm_mb[0m[2m=[0m265
[2m2026-09-15T06:32:58.071216Z[0m [32m INFO[0m [2mmidnight_bench[0m[2m:[0m [3mstage[0m[2m=[0m"trace.compute_instances.start" [3mrss_mb[0m[2m=[0m188 [3mhwm_mb[0m[2m=[0m265
[2m2026-09-15T06:32:58.075411Z[0m [32m INFO[0m [2mmidnight_bench[0m[2m:[0m [3mstage[0m[2m=[0m"trace.compute_instances.end" [3mrss_mb[0m[2m=[0m188 [3mhwm_mb[0m[2m=[0m265
[2m2026-09-15T06:32:58.075431Z[0m [32m INFO[0m [2mmidnight_bench[0m[2m:[0m [3mstage[0m[2m=[0m"trace.parse_advices.start" [3mrss_mb[0m[2m=[0m188 [3mhwm_mb[0m[2m=[0m265
[2m2026-09-15T06:32:58.080424Z[0m [32m INFO[0m [2mmidnight_bench[0m[2m:[0m [3mstage[0m[2m=[0m"trace.parse_advices.end" [3mrss_mb[0m[2m=[0m189 [3mhwm_mb[0m[2m=[0m265
[2m2026-09-15T06:32:58.080444Z[0m [32m INFO[0m [2mmidnight_bench[0m[2m:[0m [3mstage[0m[2m=[0m"trace.lookups_permuted.start" [3mrss_mb[0m[2m=[0m189 [3mhwm_mb[0m[2m=[0m265
[2m2026-09-15T06:32:58.121469Z[0m [32m INFO[0m [2mmidnight_bench[0m[2m:[0m [3mstage[0m[2m=[0m"trace.lookups_permuted.end" [3mrss_mb[0m[2m=[0m194 [3mhwm_mb[0m[2m=[0m265
[2m2026-09-15T06:32:58.121494Z[0m [32m INFO[0m [2mmidnight_bench[0m[2m:[0m [3mstage[0m[2m=[0m"trace.permutations_commit.start" [3mrss_mb[0m[2m=[0m194 [3mhwm_mb[0m[2m=[0m265
[2m2026-09-15T06:32:58.196595Z[0m [32m INFO[0m [2mmidnight_bench[0m[2m:[0m [3mstage[0m[2m=[0m"trace.permutations_commit.end" [3mrss_mb[0m[2m=[0m201 [3mhwm_mb[0m[2m=[0m265
[2m2026-09-15T06:32:58.196626Z[0m [32m INFO[0m [2mmidnight_bench[0m[2m:[0m [3mstage[0m[2m=[0m"trace.lookups_product.start" [3mrss_mb[0m[2m=[0m201 [3mhwm_mb[0m[2m=[0m265
[2m2026-09-15T06:32:58.245925Z[0m [32m INFO[0m [2mmidnight_bench[0m[2m:[0m [3mstage[0m[2m=[0m"trace.lookups_product.end" [3mrss_mb[0m[2m=[0m202 [3mhwm_mb[0m[2m=[0m265
[2m2026-09-15T06:32:58.271143Z[0m [32m INFO[0m [2mmidnight_bench[0m[2m:[0m [3mstage[0m[2m=[0m"create_proof.compute_trace.end" [3mrss_mb[0m[2m=[0m202 [3mhwm_mb[0m[2m=[0m265
[2m2026-09-15T06:32:58.271166Z[0m [32m INFO[0m [2mmidnight_bench[0m[2m:[0m [3mstage[0m[2m=[0m"create_proof.finalise_proof.start" [3mrss_mb[0m[2m=[0m202 [3mhwm_mb[0m[2m=[0m265
[2m2026-09-15T06:32:58.271175Z[0m [32m INFO[0m [2mmidnight_bench[0m[2m:[0m [3mstage[0m[2m=[0m"finalise.compute_h_poly.start" [3mrss_mb[0m[2m=[0m202 [3mhwm_mb[0m[2m=[0m265
[2m2026-09-15T06:32:58.271183Z[0m [32m INFO[0m [2mmidnight_bench[0m[2m:[0m [3mstage[0m[2m=[0m"finalise.compute_h_poly.spill_advice_cosets.start" [3mrss_mb[0m[2m=[0m202 [3mhwm_mb[0m[2m=[0m265
[2m2026-09-15T06:32:58.301178Z[0m [32m INFO[0m [2mmidnight_bench[0m[2m:[0m [3mstage[0m[2m=[0m"finalise.compute_h_poly.spill_advice_cosets.end" [3mrss_mb[0m[2m=[0m212 [3mhwm_mb[0m[2m=[0m265
[2m2026-09-15T06:32:58.301204Z[0m [32m INFO[0m [2mmidnight_bench[0m[2m:[0m [3mstage[0m[2m=[0m"finalise.compute_h_poly.spill_instance_cosets.start" [3mrss_mb[0m[2m=[0m212 [3mhwm_mb[0m[2m=[0m265
[2m2026-09-15T06:32:58.314180Z[0m [32m INFO[0m [2mmidnight_bench[0m[2m:[0m [3mstage[0m[2m=[0m"finalise.compute_h_poly.spill_instance_cosets.end" [3mrss_mb[0m[2m=[0m216 [3mhwm_mb[0m[2m=[0m265
[2m2026-09-15T06:32:58.314205Z[0m [32m INFO[0m [2mmidnight_bench[0m[2m:[0m [3mstage[0m[2m=[0m"finalise.compute_h_poly.spill_fixed_cosets.start" [3mrss_mb[0m[2m=[0m216 [3mhwm_mb[0m[2m=[0m265
[2m2026-09-15T06:32:58.405894Z[0m [32m INFO[0m [2mmidnight_bench[0m[2m:[0m [3mstage[0m[2m=[0m"finalise.compute_h_poly.spill_fixed_cosets.end" [3mrss_mb[0m[2m=[0m250 [3mhwm_mb[0m[2m=[0m265
[2m2026-09-15T06:32:58.405928Z[0m [32m INFO[0m [2mmidnight_bench[0m[2m:[0m [3mstage[0m[2m=[0m"finalise.compute_h_poly.spill_perm_cosets.start" [3mrss_mb[0m[2m=[0m250 [3mhwm_mb[0m[2m=[0m265
[2m2026-09-15T06:32:58.451922Z[0m [32m INFO[0m [2mmidnight_bench[0m[2m:[0m [3mstage[0m[2m=[0m"finalise.compute_h_poly.spill_perm_cosets.end" [3mrss_mb[0m[2m=[0m266 [3mhwm_mb[0m[2m=[0m266
[2m2026-09-15T06:32:58.574078Z[0m [32m INFO[0m [2mmidnight_bench[0m[2m:[0m [3mstage[0m[2m=[0m"finalise.compute_h_poly.drop_cosets.end" [3mrss_mb[0m[2m=[0m267 [3mhwm_mb[0m[2m=[0m267
[2m2026-09-15T06:32:58.576997Z[0m [32m INFO[0m [2mmidnight_bench[0m[2m:[0m [3mstage[0m[2m=[0m"finalise.compute_h_poly.end" [3mrss_mb[0m[2m=[0m203 [3mhwm_mb[0m[2m=[0m266
[2m2026-09-15T06:32:58.577012Z[0m [32m INFO[0m [2mmidnight_bench[0m[2m:[0m [3mstage[0m[2m=[0m"finalise.vanishing_construct.start" [3mrss_mb[0m[2m=[0m203 [3mhwm_mb[0m[2m=[0m266
[2m2026-09-15T06:32:58.667209Z[0m [32m INFO[0m [2mmidnight_bench[0m[2m:[0m [3mstage[0m[2m=[0m"finalise.vanishing_construct.end" [3mrss_mb[0m[2m=[0m203 [3mhwm_mb[0m[2m=[0m266
[2m2026-09-15T06:32:58.691991Z[0m [32m INFO[0m [2mmidnight_bench[0m[2m:[0m [3mstage[0m[2m=[0m"finalise.compute_queries.start" [3mrss_mb[0m[2m=[0m203 [3mhwm_mb[0m[2m=[0m266
[2m2026-09-15T06:32:58.692081Z[0m [32m INFO[0m [2mmidnight_bench[0m[2m:[0m [3mstage[0m[2m=[0m"finalise.multi_open.start" [3mrss_mb[0m[2m=[0m203 [3mhwm_mb[0m[2m=[0m266
[2m2026-09-15T06:32:58.780255Z[0m [32m INFO[0m [2mmidnight_bench[0m[2m:[0m [3mstage[0m[2m=[0m"finalise.multi_open.end" [3mrss_mb[0m[2m=[0m204 [3mhwm_mb[0m[2m=[0m266
[2m2026-09-15T06:32:58.780837Z[0m [32m INFO[0m [2mmidnight_bench[0m[2m:[0m [3mstage[0m[2m=[0m"create_proof.finalise_proof.end" [3mrss_mb[0m[2m=[0m188 [3mhwm_mb[0m[2m=[0m266
[2m2026-09-15T06:32:58.797300Z[0m [32m INFO[0m [2mactix_web::middleware::logger[0m[2m:[0m 192.168.65.1 POST /prove HTTP/1.1; took 0.797170s
