[2m2026-09-15T06:31:45.074469Z[0m [32m INFO[0m [2mactix_server::builder[0m[2m:[0m starting 12 workers
[2m2026-09-15T06:31:45.074483Z[0m [32m INFO[0m [2mactix_server::server[0m[2m:[0m Actix runtime found; starting in Actix runtime
[2m2026-09-15T06:31:45.074485Z[0m [32m INFO[0m [2mactix_server::server[0m[2m:[0m starting service: "actix-web-service-0.0.0.0:6311", workers: 12, listening on: 0.0.0.0:6311
[2m2026-09-15T06:31:45.098139Z[0m [32m INFO[0m [2mactix_web::middleware::logger[0m[2m:[0m 192.168.65.1 GET /health HTTP/1.1; took 0.000071s
[2m2026-09-15T06:31:45.099303Z[0m [32m INFO[0m [2mactix_web::middleware::logger[0m[2m:[0m 192.168.65.1 GET /ready HTTP/1.1; took 0.000031s
[2m2026-09-15T06:31:45.100298Z[0m [32m INFO[0m [2mmidnight_proof_server::endpoints[0m[2m:[0m Starting to process request for /prove...
[2m2026-09-15T06:31:45.328024Z[0m [32m INFO[0m [2mmidnight_bench[0m[2m:[0m [3mstage[0m[2m=[0m"create_proof.compute_trace.start" [3mrss_mb[0m[2m=[0m90 [3mhwm_mb[0m[2m=[0m96
[2m2026-09-15T06:31:45.328058Z[0m [32m INFO[0m [2mmidnight_bench[0m[2m:[0m [3mstage[0m[2m=[0m"trace.compute_instances.start" [3mrss_mb[0m[2m=[0m90 [3mhwm_mb[0m[2m=[0m96
[2m2026-09-15T06:31:45.333739Z[0m [32m INFO[0m [2mmidnight_bench[0m[2m:[0m [3mstage[0m[2m=[0m"trace.compute_instances.end" [3mrss_mb[0m[2m=[0m90 [3mhwm_mb[0m[2m=[0m96
[2m2026-09-15T06:31:45.333763Z[0m [32m INFO[0m [2mmidnight_bench[0m[2m:[0m [3mstage[0m[2m=[0m"trace.parse_advices.start" [3mrss_mb[0m[2m=[0m90 [3mhwm_mb[0m[2m=[0m96
[2m2026-09-15T06:31:45.339526Z[0m [32m INFO[0m [2mmidnight_bench[0m[2m:[0m [3mstage[0m[2m=[0m"trace.parse_advices.end" [3mrss_mb[0m[2m=[0m91 [3mhwm_mb[0m[2m=[0m96
[2m2026-09-15T06:31:45.339545Z[0m [32m INFO[0m [2mmidnight_bench[0m[2m:[0m [3mstage[0m[2m=[0m"trace.lookups_permuted.start" [3mrss_mb[0m[2m=[0m91 [3mhwm_mb[0m[2m=[0m96
[2m2026-09-15T06:31:45.383400Z[0m [32m INFO[0m [2mmidnight_bench[0m[2m:[0m [3mstage[0m[2m=[0m"trace.lookups_permuted.end" [3mrss_mb[0m[2m=[0m95 [3mhwm_mb[0m[2m=[0m96
[2m2026-09-15T06:31:45.383430Z[0m [32m INFO[0m [2mmidnight_bench[0m[2m:[0m [3mstage[0m[2m=[0m"trace.permutations_commit.start" [3mrss_mb[0m[2m=[0m95 [3mhwm_mb[0m[2m=[0m96
[2m2026-09-15T06:31:45.449077Z[0m [32m INFO[0m [2mmidnight_bench[0m[2m:[0m [3mstage[0m[2m=[0m"trace.permutations_commit.end" [3mrss_mb[0m[2m=[0m105 [3mhwm_mb[0m[2m=[0m105
[2m2026-09-15T06:31:45.449102Z[0m [32m INFO[0m [2mmidnight_bench[0m[2m:[0m [3mstage[0m[2m=[0m"trace.lookups_product.start" [3mrss_mb[0m[2m=[0m105 [3mhwm_mb[0m[2m=[0m105
[2m2026-09-15T06:31:45.498404Z[0m [32m INFO[0m [2mmidnight_bench[0m[2m:[0m [3mstage[0m[2m=[0m"trace.lookups_product.end" [3mrss_mb[0m[2m=[0m106 [3mhwm_mb[0m[2m=[0m106
[2m2026-09-15T06:31:45.525111Z[0m [32m INFO[0m [2mmidnight_bench[0m[2m:[0m [3mstage[0m[2m=[0m"create_proof.compute_trace.end" [3mrss_mb[0m[2m=[0m106 [3mhwm_mb[0m[2m=[0m106
[2m2026-09-15T06:31:45.525137Z[0m [32m INFO[0m [2mmidnight_bench[0m[2m:[0m [3mstage[0m[2m=[0m"create_proof.finalise_proof.start" [3mrss_mb[0m[2m=[0m106 [3mhwm_mb[0m[2m=[0m106
[2m2026-09-15T06:31:45.525145Z[0m [32m INFO[0m [2mmidnight_bench[0m[2m:[0m [3mstage[0m[2m=[0m"finalise.compute_h_poly.start" [3mrss_mb[0m[2m=[0m106 [3mhwm_mb[0m[2m=[0m106
[2m2026-09-15T06:31:45.543359Z[0m [32m INFO[0m [2mmidnight_bench[0m[2m:[0m [3mstage[0m[2m=[0m"finalise.compute_h_poly.materialise_fixed_cosets.start" [3mrss_mb[0m[2m=[0m125 [3mhwm_mb[0m[2m=[0m125
[2m2026-09-15T06:31:45.583086Z[0m [32m INFO[0m [2mmidnight_bench[0m[2m:[0m [3mstage[0m[2m=[0m"finalise.compute_h_poly.materialise_fixed_cosets.end" [3mrss_mb[0m[2m=[0m167 [3mhwm_mb[0m[2m=[0m167
[2m2026-09-15T06:31:45.583111Z[0m [32m INFO[0m [2mmidnight_bench[0m[2m:[0m [3mstage[0m[2m=[0m"finalise.compute_h_poly.materialise_perm_cosets.start" [3mrss_mb[0m[2m=[0m167 [3mhwm_mb[0m[2m=[0m167
[2m2026-09-15T06:31:45.599456Z[0m [32m INFO[0m [2mmidnight_bench[0m[2m:[0m [3mstage[0m[2m=[0m"finalise.compute_h_poly.materialise_perm_cosets.end" [3mrss_mb[0m[2m=[0m183 [3mhwm_mb[0m[2m=[0m183
[2m2026-09-15T06:31:45.727154Z[0m [32m INFO[0m [2mmidnight_bench[0m[2m:[0m [3mstage[0m[2m=[0m"finalise.compute_h_poly.drop_cosets.end" [3mrss_mb[0m[2m=[0m183 [3mhwm_mb[0m[2m=[0m183
[2m2026-09-15T06:31:45.727647Z[0m [32m INFO[0m [2mmidnight_bench[0m[2m:[0m [3mstage[0m[2m=[0m"finalise.compute_h_poly.end" [3mrss_mb[0m[2m=[0m165 [3mhwm_mb[0m[2m=[0m182
[2m2026-09-15T06:31:45.727663Z[0m [32m INFO[0m [2mmidnight_bench[0m[2m:[0m [3mstage[0m[2m=[0m"finalise.vanishing_construct.start" [3mrss_mb[0m[2m=[0m165 [3mhwm_mb[0m[2m=[0m182
[2m2026-09-15T06:31:45.813600Z[0m [32m INFO[0m [2mmidnight_bench[0m[2m:[0m [3mstage[0m[2m=[0m"finalise.vanishing_construct.end" [3mrss_mb[0m[2m=[0m165 [3mhwm_mb[0m[2m=[0m182
[2m2026-09-15T06:31:45.841818Z[0m [32m INFO[0m [2mmidnight_bench[0m[2m:[0m [3mstage[0m[2m=[0m"finalise.compute_queries.start" [3mrss_mb[0m[2m=[0m165 [3mhwm_mb[0m[2m=[0m182
[2m2026-09-15T06:31:45.841945Z[0m [32m INFO[0m [2mmidnight_bench[0m[2m:[0m [3mstage[0m[2m=[0m"finalise.multi_open.start" [3mrss_mb[0m[2m=[0m166 [3mhwm_mb[0m[2m=[0m182
[2m2026-09-15T06:31:45.932223Z[0m [32m INFO[0m [2mmidnight_bench[0m[2m:[0m [3mstage[0m[2m=[0m"finalise.multi_open.end" [3mrss_mb[0m[2m=[0m166 [3mhwm_mb[0m[2m=[0m182
[2m2026-09-15T06:31:45.932839Z[0m [32m INFO[0m [2mmidnight_bench[0m[2m:[0m [3mstage[0m[2m=[0m"create_proof.finalise_proof.end" [3mrss_mb[0m[2m=[0m154 [3mhwm_mb[0m[2m=[0m182
[2m2026-09-15T06:31:45.948923Z[0m [32m INFO[0m [2mactix_web::middleware::logger[0m[2m:[0m 192.168.65.1 POST /prove HTTP/1.1; took 0.848644s
[2m2026-09-15T06:31:45.977122Z[0m [32m INFO[0m [2mmidnight_proof_server::endpoints[0m[2m:[0m Starting to process request for /prove...
[2m2026-09-15T06:31:46.046985Z[0m [32m INFO[0m [2mmidnight_bench[0m[2m:[0m [3mstage[0m[2m=[0m"create_proof.compute_trace.start" [3mrss_mb[0m[2m=[0m148 [3mhwm_mb[0m[2m=[0m182
[2m2026-09-15T06:31:46.047013Z[0m [32m INFO[0m [2mmidnight_bench[0m[2m:[0m [3mstage[0m[2m=[0m"trace.compute_instances.start" [3mrss_mb[0m[2m=[0m148 [3mhwm_mb[0m[2m=[0m182
[2m2026-09-15T06:31:46.052239Z[0m [32m INFO[0m [2mmidnight_bench[0m[2m:[0m [3mstage[0m[2m=[0m"trace.compute_instances.end" [3mrss_mb[0m[2m=[0m148 [3mhwm_mb[0m[2m=[0m182
[2m2026-09-15T06:31:46.052261Z[0m [32m INFO[0m [2mmidnight_bench[0m[2m:[0m [3mstage[0m[2m=[0m"trace.parse_advices.start" [3mrss_mb[0m[2m=[0m148 [3mhwm_mb[0m[2m=[0m182
[2m2026-09-15T06:31:46.058451Z[0m [32m INFO[0m [2mmidnight_bench[0m[2m:[0m [3mstage[0m[2m=[0m"trace.parse_advices.end" [3mrss_mb[0m[2m=[0m154 [3mhwm_mb[0m[2m=[0m182
[2m2026-09-15T06:31:46.058471Z[0m [32m INFO[0m [2mmidnight_bench[0m[2m:[0m [3mstage[0m[2m=[0m"trace.lookups_permuted.start" [3mrss_mb[0m[2m=[0m154 [3mhwm_mb[0m[2m=[0m182
[2m2026-09-15T06:31:46.102234Z[0m [32m INFO[0m [2mmidnight_bench[0m[2m:[0m [3mstage[0m[2m=[0m"trace.lookups_permuted.end" [3mrss_mb[0m[2m=[0m159 [3mhwm_mb[0m[2m=[0m182
[2m2026-09-15T06:31:46.102258Z[0m [32m INFO[0m [2mmidnight_bench[0m[2m:[0m [3mstage[0m[2m=[0m"trace.permutations_commit.start" [3mrss_mb[0m[2m=[0m159 [3mhwm_mb[0m[2m=[0m182
[2m2026-09-15T06:31:46.166876Z[0m [32m INFO[0m [2mmidnight_bench[0m[2m:[0m [3mstage[0m[2m=[0m"trace.permutations_commit.end" [3mrss_mb[0m[2m=[0m166 [3mhwm_mb[0m[2m=[0m182
[2m2026-09-15T06:31:46.166901Z[0m [32m INFO[0m [2mmidnight_bench[0m[2m:[0m [3mstage[0m[2m=[0m"trace.lookups_product.start" [3mrss_mb[0m[2m=[0m166 [3mhwm_mb[0m[2m=[0m182
[2m2026-09-15T06:31:46.219484Z[0m [32m INFO[0m [2mmidnight_bench[0m[2m:[0m [3mstage[0m[2m=[0m"trace.lookups_product.end" [3mrss_mb[0m[2m=[0m166 [3mhwm_mb[0m[2m=[0m182
[2m2026-09-15T06:31:46.243759Z[0m [32m INFO[0m [2mmidnight_bench[0m[2m:[0m [3mstage[0m[2m=[0m"create_proof.compute_trace.end" [3mrss_mb[0m[2m=[0m167 [3mhwm_mb[0m[2m=[0m182
[2m2026-09-15T06:31:46.243788Z[0m [32m INFO[0m [2mmidnight_bench[0m[2m:[0m [3mstage[0m[2m=[0m"create_proof.finalise_proof.start" [3mrss_mb[0m[2m=[0m167 [3mhwm_mb[0m[2m=[0m182
[2m2026-09-15T06:31:46.243796Z[0m [32m INFO[0m [2mmidnight_bench[0m[2m:[0m [3mstage[0m[2m=[0m"finalise.compute_h_poly.start" [3mrss_mb[0m[2m=[0m167 [3mhwm_mb[0m[2m=[0m182
[2m2026-09-15T06:31:46.258748Z[0m [32m INFO[0m [2mmidnight_bench[0m[2m:[0m [3mstage[0m[2m=[0m"finalise.compute_h_poly.materialise_fixed_cosets.start" [3mrss_mb[0m[2m=[0m170 [3mhwm_mb[0m[2m=[0m182
[2m2026-09-15T06:31:46.283176Z[0m [32m INFO[0m [2mmidnight_bench[0m[2m:[0m [3mstage[0m[2m=[0m"finalise.compute_h_poly.materialise_fixed_cosets.end" [3mrss_mb[0m[2m=[0m180 [3mhwm_mb[0m[2m=[0m182
[2m2026-09-15T06:31:46.283197Z[0m [32m INFO[0m [2mmidnight_bench[0m[2m:[0m [3mstage[0m[2m=[0m"finalise.compute_h_poly.materialise_perm_cosets.start" [3mrss_mb[0m[2m=[0m180 [3mhwm_mb[0m[2m=[0m182
[2m2026-09-15T06:31:46.295321Z[0m [32m INFO[0m [2mmidnight_bench[0m[2m:[0m [3mstage[0m[2m=[0m"finalise.compute_h_poly.materialise_perm_cosets.end" [3mrss_mb[0m[2m=[0m189 [3mhwm_mb[0m[2m=[0m189
[2m2026-09-15T06:31:46.417974Z[0m [32m INFO[0m [2mmidnight_bench[0m[2m:[0m [3mstage[0m[2m=[0m"finalise.compute_h_poly.drop_cosets.end" [3mrss_mb[0m[2m=[0m191 [3mhwm_mb[0m[2m=[0m191
[2m2026-09-15T06:31:46.418820Z[0m [32m INFO[0m [2mmidnight_bench[0m[2m:[0m [3mstage[0m[2m=[0m"finalise.compute_h_poly.end" [3mrss_mb[0m[2m=[0m164 [3mhwm_mb[0m[2m=[0m190
[2m2026-09-15T06:31:46.418836Z[0m [32m INFO[0m [2mmidnight_bench[0m[2m:[0m [3mstage[0m[2m=[0m"finalise.vanishing_construct.start" [3mrss_mb[0m[2m=[0m164 [3mhwm_mb[0m[2m=[0m190
[2m2026-09-15T06:31:46.505168Z[0m [32m INFO[0m [2mmidnight_bench[0m[2m:[0m [3mstage[0m[2m=[0m"finalise.vanishing_construct.end" [3mrss_mb[0m[2m=[0m164 [3mhwm_mb[0m[2m=[0m190
[2m2026-09-15T06:31:46.532511Z[0m [32m INFO[0m [2mmidnight_bench[0m[2m:[0m [3mstage[0m[2m=[0m"finalise.compute_queries.start" [3mrss_mb[0m[2m=[0m164 [3mhwm_mb[0m[2m=[0m190
[2m2026-09-15T06:31:46.532601Z[0m [32m INFO[0m [2mmidnight_bench[0m[2m:[0m [3mstage[0m[2m=[0m"finalise.multi_open.start" [3mrss_mb[0m[2m=[0m164 [3mhwm_mb[0m[2m=[0m190
[2m2026-09-15T06:31:46.618717Z[0m [32m INFO[0m [2mmidnight_bench[0m[2m:[0m [3mstage[0m[2m=[0m"finalise.multi_open.end" [3mrss_mb[0m[2m=[0m165 [3mhwm_mb[0m[2m=[0m190
[2m2026-09-15T06:31:46.619571Z[0m [32m INFO[0m [2mmidnight_bench[0m[2m:[0m [3mstage[0m[2m=[0m"create_proof.finalise_proof.end" [3mrss_mb[0m[2m=[0m140 [3mhwm_mb[0m[2m=[0m190
[2m2026-09-15T06:31:46.644029Z[0m [32m INFO[0m [2mactix_web::middleware::logger[0m[2m:[0m 192.168.65.1 POST /prove HTTP/1.1; took 0.666947s
[2m2026-09-15T06:31:46.646309Z[0m [32m INFO[0m [2mmidnight_proof_server::endpoints[0m[2m:[0m Starting to process request for /prove...
[2m2026-09-15T06:31:46.724856Z[0m [32m INFO[0m [2mmidnight_bench[0m[2m:[0m [3mstage[0m[2m=[0m"create_proof.compute_trace.start" [3mrss_mb[0m[2m=[0m153 [3mhwm_mb[0m[2m=[0m190
[2m2026-09-15T06:31:46.724925Z[0m [32m INFO[0m [2mmidnight_bench[0m[2m:[0m [3mstage[0m[2m=[0m"trace.compute_instances.start" [3mrss_mb[0m[2m=[0m153 [3mhwm_mb[0m[2m=[0m190
[2m2026-09-15T06:31:46.730310Z[0m [32m INFO[0m [2mmidnight_bench[0m[2m:[0m [3mstage[0m[2m=[0m"trace.compute_instances.end" [3mrss_mb[0m[2m=[0m153 [3mhwm_mb[0m[2m=[0m190
[2m2026-09-15T06:31:46.730335Z[0m [32m INFO[0m [2mmidnight_bench[0m[2m:[0m [3mstage[0m[2m=[0m"trace.parse_advices.start" [3mrss_mb[0m[2m=[0m153 [3mhwm_mb[0m[2m=[0m190
[2m2026-09-15T06:31:46.736447Z[0m [32m INFO[0m [2mmidnight_bench[0m[2m:[0m [3mstage[0m[2m=[0m"trace.parse_advices.end" [3mrss_mb[0m[2m=[0m160 [3mhwm_mb[0m[2m=[0m190
[2m2026-09-15T06:31:46.736471Z[0m [32m INFO[0m [2mmidnight_bench[0m[2m:[0m [3mstage[0m[2m=[0m"trace.lookups_permuted.start" [3mrss_mb[0m[2m=[0m160 [3mhwm_mb[0m[2m=[0m190
[2m2026-09-15T06:31:46.780245Z[0m [32m INFO[0m [2mmidnight_bench[0m[2m:[0m [3mstage[0m[2m=[0m"trace.lookups_permuted.end" [3mrss_mb[0m[2m=[0m164 [3mhwm_mb[0m[2m=[0m190
[2m2026-09-15T06:31:46.780276Z[0m [32m INFO[0m [2mmidnight_bench[0m[2m:[0m [3mstage[0m[2m=[0m"trace.permutations_commit.start" [3mrss_mb[0m[2m=[0m164 [3mhwm_mb[0m[2m=[0m190
[2m2026-09-15T06:31:46.855038Z[0m [32m INFO[0m [2mmidnight_bench[0m[2m:[0m [3mstage[0m[2m=[0m"trace.permutations_commit.end" [3mrss_mb[0m[2m=[0m171 [3mhwm_mb[0m[2m=[0m190
[2m2026-09-15T06:31:46.855063Z[0m [32m INFO[0m [2mmidnight_bench[0m[2m:[0m [3mstage[0m[2m=[0m"trace.lookups_product.start" [3mrss_mb[0m[2m=[0m171 [3mhwm_mb[0m[2m=[0m190
[2m2026-09-15T06:31:46.902613Z[0m [32m INFO[0m [2mmidnight_bench[0m[2m:[0m [3mstage[0m[2m=[0m"trace.lookups_product.end" [3mrss_mb[0m[2m=[0m172 [3mhwm_mb[0m[2m=[0m190
[2m2026-09-15T06:31:46.929589Z[0m [32m INFO[0m [2mmidnight_bench[0m[2m:[0m [3mstage[0m[2m=[0m"create_proof.compute_trace.end" [3mrss_mb[0m[2m=[0m172 [3mhwm_mb[0m[2m=[0m190
[2m2026-09-15T06:31:46.929613Z[0m [32m INFO[0m [2mmidnight_bench[0m[2m:[0m [3mstage[0m[2m=[0m"create_proof.finalise_proof.start" [3mrss_mb[0m[2m=[0m172 [3mhwm_mb[0m[2m=[0m190
[2m2026-09-15T06:31:46.929622Z[0m [32m INFO[0m [2mmidnight_bench[0m[2m:[0m [3mstage[0m[2m=[0m"finalise.compute_h_poly.start" [3mrss_mb[0m[2m=[0m172 [3mhwm_mb[0m[2m=[0m190
[2m2026-09-15T06:31:46.946807Z[0m [32m INFO[0m [2mmidnight_bench[0m[2m:[0m [3mstage[0m[2m=[0m"finalise.compute_h_poly.materialise_fixed_cosets.start" [3mrss_mb[0m[2m=[0m175 [3mhwm_mb[0m[2m=[0m190
[2m2026-09-15T06:31:46.981928Z[0m [32m INFO[0m [2mmidnight_bench[0m[2m:[0m [3mstage[0m[2m=[0m"finalise.compute_h_poly.materialise_fixed_cosets.end" [3mrss_mb[0m[2m=[0m188 [3mhwm_mb[0m[2m=[0m190
[2m2026-09-15T06:31:46.981959Z[0m [32m INFO[0m [2mmidnight_bench[0m[2m:[0m [3mstage[0m[2m=[0m"finalise.compute_h_poly.materialise_perm_cosets.start" [3mrss_mb[0m[2m=[0m188 [3mhwm_mb[0m[2m=[0m190
[2m2026-09-15T06:31:46.997490Z[0m [32m INFO[0m [2mmidnight_bench[0m[2m:[0m [3mstage[0m[2m=[0m"finalise.compute_h_poly.materialise_perm_cosets.end" [3mrss_mb[0m[2m=[0m197 [3mhwm_mb[0m[2m=[0m197
[2m2026-09-15T06:31:47.122436Z[0m [32m INFO[0m [2mmidnight_bench[0m[2m:[0m [3mstage[0m[2m=[0m"finalise.compute_h_poly.drop_cosets.end" [3mrss_mb[0m[2m=[0m198 [3mhwm_mb[0m[2m=[0m198
[2m2026-09-15T06:31:47.122468Z[0m [32m INFO[0m [2mmidnight_bench[0m[2m:[0m [3mstage[0m[2m=[0m"finalise.compute_h_poly.end" [3mrss_mb[0m[2m=[0m198 [3mhwm_mb[0m[2m=[0m198
[2m2026-09-15T06:31:47.122475Z[0m [32m INFO[0m [2mmidnight_bench[0m[2m:[0m [3mstage[0m[2m=[0m"finalise.vanishing_construct.start" [3mrss_mb[0m[2m=[0m198 [3mhwm_mb[0m[2m=[0m198
[2m2026-09-15T06:31:47.216491Z[0m [32m INFO[0m [2mmidnight_bench[0m[2m:[0m [3mstage[0m[2m=[0m"finalise.vanishing_construct.end" [3mrss_mb[0m[2m=[0m198 [3mhwm_mb[0m[2m=[0m198
[2m2026-09-15T06:31:47.245467Z[0m [32m INFO[0m [2mmidnight_bench[0m[2m:[0m [3mstage[0m[2m=[0m"finalise.compute_queries.start" [3mrss_mb[0m[2m=[0m198 [3mhwm_mb[0m[2m=[0m198
[2m2026-09-15T06:31:47.245561Z[0m [32m INFO[0m [2mmidnight_bench[0m[2m:[0m [3mstage[0m[2m=[0m"finalise.multi_open.start" [3mrss_mb[0m[2m=[0m198 [3mhwm_mb[0m[2m=[0m198
[2m2026-09-15T06:31:47.338634Z[0m [32m INFO[0m [2mmidnight_bench[0m[2m:[0m [3mstage[0m[2m=[0m"finalise.multi_open.end" [3mrss_mb[0m[2m=[0m199 [3mhwm_mb[0m[2m=[0m199
[2m2026-09-15T06:31:47.339051Z[0m [32m INFO[0m [2mmidnight_bench[0m[2m:[0m [3mstage[0m[2m=[0m"create_proof.finalise_proof.end" [3mrss_mb[0m[2m=[0m184 [3mhwm_mb[0m[2m=[0m198
[2m2026-09-15T06:31:47.354897Z[0m [32m INFO[0m [2mactix_web::middleware::logger[0m[2m:[0m 192.168.65.1 POST /prove HTTP/1.1; took 0.708609s
[2m2026-09-15T06:31:47.357300Z[0m [32m INFO[0m [2mmidnight_proof_server::endpoints[0m[2m:[0m Starting to process request for /prove...
[2m2026-09-15T06:31:47.426406Z[0m [32m INFO[0m [2mmidnight_bench[0m[2m:[0m [3mstage[0m[2m=[0m"create_proof.compute_trace.start" [3mrss_mb[0m[2m=[0m185 [3mhwm_mb[0m[2m=[0m198
[2m2026-09-15T06:31:47.426439Z[0m [32m INFO[0m [2mmidnight_bench[0m[2m:[0m [3mstage[0m[2m=[0m"trace.compute_instances.start" [3mrss_mb[0m[2m=[0m185 [3mhwm_mb[0m[2m=[0m198
[2m2026-09-15T06:31:47.430347Z[0m [32m INFO[0m [2mmidnight_bench[0m[2m:[0m [3mstage[0m[2m=[0m"trace.compute_instances.end" [3mrss_mb[0m[2m=[0m185 [3mhwm_mb[0m[2m=[0m198
[2m2026-09-15T06:31:47.430367Z[0m [32m INFO[0m [2mmidnight_bench[0m[2m:[0m [3mstage[0m[2m=[0m"trace.parse_advices.start" [3mrss_mb[0m[2m=[0m185 [3mhwm_mb[0m[2m=[0m198
[2m2026-09-15T06:31:47.435379Z[0m [32m INFO[0m [2mmidnight_bench[0m[2m:[0m [3mstage[0m[2m=[0m"trace.parse_advices.end" [3mrss_mb[0m[2m=[0m185 [3mhwm_mb[0m[2m=[0m198
[2m2026-09-15T06:31:47.435401Z[0m [32m INFO[0m [2mmidnight_bench[0m[2m:[0m [3mstage[0m[2m=[0m"trace.lookups_permuted.start" [3mrss_mb[0m[2m=[0m185 [3mhwm_mb[0m[2m=[0m198
[2m2026-09-15T06:31:47.479150Z[0m [32m INFO[0m [2mmidnight_bench[0m[2m:[0m [3mstage[0m[2m=[0m"trace.lookups_permuted.end" [3mrss_mb[0m[2m=[0m189 [3mhwm_mb[0m[2m=[0m198
[2m2026-09-15T06:31:47.479177Z[0m [32m INFO[0m [2mmidnight_bench[0m[2m:[0m [3mstage[0m[2m=[0m"trace.permutations_commit.start" [3mrss_mb[0m[2m=[0m189 [3mhwm_mb[0m[2m=[0m198
[2m2026-09-15T06:31:47.543486Z[0m [32m INFO[0m [2mmidnight_bench[0m[2m:[0m [3mstage[0m[2m=[0m"trace.permutations_commit.end" [3mrss_mb[0m[2m=[0m197 [3mhwm_mb[0m[2m=[0m198
[2m2026-09-15T06:31:47.543513Z[0m [32m INFO[0m [2mmidnight_bench[0m[2m:[0m [3mstage[0m[2m=[0m"trace.lookups_product.start" [3mrss_mb[0m[2m=[0m197 [3mhwm_mb[0m[2m=[0m198
[2m2026-09-15T06:31:47.591341Z[0m [32m INFO[0m [2mmidnight_bench[0m[2m:[0m [3mstage[0m[2m=[0m"trace.lookups_product.end" [3mrss_mb[0m[2m=[0m197 [3mhwm_mb[0m[2m=[0m198
[2m2026-09-15T06:31:47.617650Z[0m [32m INFO[0m [2mmidnight_bench[0m[2m:[0m [3mstage[0m[2m=[0m"create_proof.compute_trace.end" [3mrss_mb[0m[2m=[0m197 [3mhwm_mb[0m[2m=[0m198
[2m2026-09-15T06:31:47.617668Z[0m [32m INFO[0m [2mmidnight_bench[0m[2m:[0m [3mstage[0m[2m=[0m"create_proof.finalise_proof.start" [3mrss_mb[0m[2m=[0m197 [3mhwm_mb[0m[2m=[0m198
[2m2026-09-15T06:31:47.617675Z[0m [32m INFO[0m [2mmidnight_bench[0m[2m:[0m [3mstage[0m[2m=[0m"finalise.compute_h_poly.start" [3mrss_mb[0m[2m=[0m197 [3mhwm_mb[0m[2m=[0m198
[2m2026-09-15T06:31:47.633033Z[0m [32m INFO[0m [2mmidnight_bench[0m[2m:[0m [3mstage[0m[2m=[0m"finalise.compute_h_poly.materialise_fixed_cosets.start" [3mrss_mb[0m[2m=[0m197 [3mhwm_mb[0m[2m=[0m198
[2m2026-09-15T06:31:47.656976Z[0m [32m INFO[0m [2mmidnight_bench[0m[2m:[0m [3mstage[0m[2m=[0m"finalise.compute_h_poly.materialise_fixed_cosets.end" [3mrss_mb[0m[2m=[0m200 [3mhwm_mb[0m[2m=[0m200
[2m2026-09-15T06:31:47.657003Z[0m [32m INFO[0m [2mmidnight_bench[0m[2m:[0m [3mstage[0m[2m=[0m"finalise.compute_h_poly.materialise_perm_cosets.start" [3mrss_mb[0m[2m=[0m200 [3mhwm_mb[0m[2m=[0m200
[2m2026-09-15T06:31:47.673464Z[0m [32m INFO[0m [2mmidnight_bench[0m[2m:[0m [3mstage[0m[2m=[0m"finalise.compute_h_poly.materialise_perm_cosets.end" [3mrss_mb[0m[2m=[0m206 [3mhwm_mb[0m[2m=[0m206
[2m2026-09-15T06:31:47.793967Z[0m [32m INFO[0m [2mmidnight_bench[0m[2m:[0m [3mstage[0m[2m=[0m"finalise.compute_h_poly.drop_cosets.end" [3mrss_mb[0m[2m=[0m207 [3mhwm_mb[0m[2m=[0m207
[2m2026-09-15T06:31:47.794010Z[0m [32m INFO[0m [2mmidnight_bench[0m[2m:[0m [3mstage[0m[2m=[0m"finalise.compute_h_poly.end" [3mrss_mb[0m[2m=[0m207 [3mhwm_mb[0m[2m=[0m207
[2m2026-09-15T06:31:47.794018Z[0m [32m INFO[0m [2mmidnight_bench[0m[2m:[0m [3mstage[0m[2m=[0m"finalise.vanishing_construct.start" [3mrss_mb[0m[2m=[0m207 [3mhwm_mb[0m[2m=[0m207
[2m2026-09-15T06:31:47.884553Z[0m [32m INFO[0m [2mmidnight_bench[0m[2m:[0m [3mstage[0m[2m=[0m"finalise.vanishing_construct.end" [3mrss_mb[0m[2m=[0m208 [3mhwm_mb[0m[2m=[0m208
[2m2026-09-15T06:31:47.910756Z[0m [32m INFO[0m [2mmidnight_bench[0m[2m:[0m [3mstage[0m[2m=[0m"finalise.compute_queries.start" [3mrss_mb[0m[2m=[0m208 [3mhwm_mb[0m[2m=[0m208
[2m2026-09-15T06:31:47.910847Z[0m [32m INFO[0m [2mmidnight_bench[0m[2m:[0m [3mstage[0m[2m=[0m"finalise.multi_open.start" [3mrss_mb[0m[2m=[0m208 [3mhwm_mb[0m[2m=[0m208
[2m2026-09-15T06:31:47.996336Z[0m [32m INFO[0m [2mmidnight_bench[0m[2m:[0m [3mstage[0m[2m=[0m"finalise.multi_open.end" [3mrss_mb[0m[2m=[0m208 [3mhwm_mb[0m[2m=[0m208
[2m2026-09-15T06:31:47.996741Z[0m [32m INFO[0m [2mmidnight_bench[0m[2m:[0m [3mstage[0m[2m=[0m"create_proof.finalise_proof.end" [3mrss_mb[0m[2m=[0m194 [3mhwm_mb[0m[2m=[0m207
[2m2026-09-15T06:31:48.011983Z[0m [32m INFO[0m [2mactix_web::middleware::logger[0m[2m:[0m 192.168.65.1 POST /prove HTTP/1.1; took 0.654699s
[2m2026-09-15T06:31:48.013558Z[0m [32m INFO[0m [2mmidnight_proof_server::endpoints[0m[2m:[0m Starting to process request for /prove...
[2m2026-09-15T06:31:48.086269Z[0m [32m INFO[0m [2mmidnight_bench[0m[2m:[0m [3mstage[0m[2m=[0m"create_proof.compute_trace.start" [3mrss_mb[0m[2m=[0m202 [3mhwm_mb[0m[2m=[0m207
[2m2026-09-15T06:31:48.086293Z[0m [32m INFO[0m [2mmidnight_bench[0m[2m:[0m [3mstage[0m[2m=[0m"trace.compute_instances.start" [3mrss_mb[0m[2m=[0m202 [3mhwm_mb[0m[2m=[0m207
[2m2026-09-15T06:31:48.091405Z[0m [32m INFO[0m [2mmidnight_bench[0m[2m:[0m [3mstage[0m[2m=[0m"trace.compute_instances.end" [3mrss_mb[0m[2m=[0m202 [3mhwm_mb[0m[2m=[0m207
[2m2026-09-15T06:31:48.091422Z[0m [32m INFO[0m [2mmidnight_bench[0m[2m:[0m [3mstage[0m[2m=[0m"trace.parse_advices.start" [3mrss_mb[0m[2m=[0m202 [3mhwm_mb[0m[2m=[0m207
[2m2026-09-15T06:31:48.096526Z[0m [32m INFO[0m [2mmidnight_bench[0m[2m:[0m [3mstage[0m[2m=[0m"trace.parse_advices.end" [3mrss_mb[0m[2m=[0m202 [3mhwm_mb[0m[2m=[0m207
[2m2026-09-15T06:31:48.096556Z[0m [32m INFO[0m [2mmidnight_bench[0m[2m:[0m [3mstage[0m[2m=[0m"trace.lookups_permuted.start" [3mrss_mb[0m[2m=[0m202 [3mhwm_mb[0m[2m=[0m207
[2m2026-09-15T06:31:48.138126Z[0m [32m INFO[0m [2mmidnight_bench[0m[2m:[0m [3mstage[0m[2m=[0m"trace.lookups_permuted.end" [3mrss_mb[0m[2m=[0m206 [3mhwm_mb[0m[2m=[0m207
[2m2026-09-15T06:31:48.138149Z[0m [32m INFO[0m [2mmidnight_bench[0m[2m:[0m [3mstage[0m[2m=[0m"trace.permutations_commit.start" [3mrss_mb[0m[2m=[0m206 [3mhwm_mb[0m[2m=[0m207
[2m2026-09-15T06:31:48.208648Z[0m [32m INFO[0m [2mmidnight_bench[0m[2m:[0m [3mstage[0m[2m=[0m"trace.permutations_commit.end" [3mrss_mb[0m[2m=[0m213 [3mhwm_mb[0m[2m=[0m213
[2m2026-09-15T06:31:48.208674Z[0m [32m INFO[0m [2mmidnight_bench[0m[2m:[0m [3mstage[0m[2m=[0m"trace.lookups_product.start" [3mrss_mb[0m[2m=[0m213 [3mhwm_mb[0m[2m=[0m213
[2m2026-09-15T06:31:48.256455Z[0m [32m INFO[0m [2mmidnight_bench[0m[2m:[0m [3mstage[0m[2m=[0m"trace.lookups_product.end" [3mrss_mb[0m[2m=[0m214 [3mhwm_mb[0m[2m=[0m214
[2m2026-09-15T06:31:48.282341Z[0m [32m INFO[0m [2mmidnight_bench[0m[2m:[0m [3mstage[0m[2m=[0m"create_proof.compute_trace.end" [3mrss_mb[0m[2m=[0m214 [3mhwm_mb[0m[2m=[0m214
[2m2026-09-15T06:31:48.282367Z[0m [32m INFO[0m [2mmidnight_bench[0m[2m:[0m [3mstage[0m[2m=[0m"create_proof.finalise_proof.start" [3mrss_mb[0m[2m=[0m214 [3mhwm_mb[0m[2m=[0m214
[2m2026-09-15T06:31:48.282375Z[0m [32m INFO[0m [2mmidnight_bench[0m[2m:[0m [3mstage[0m[2m=[0m"finalise.compute_h_poly.start" [3mrss_mb[0m[2m=[0m214 [3mhwm_mb[0m[2m=[0m214
[2m2026-09-15T06:31:48.298846Z[0m [32m INFO[0m [2mmidnight_bench[0m[2m:[0m [3mstage[0m[2m=[0m"finalise.compute_h_poly.materialise_fixed_cosets.start" [3mrss_mb[0m[2m=[0m214 [3mhwm_mb[0m[2m=[0m214
[2m2026-09-15T06:31:48.327120Z[0m [32m INFO[0m [2mmidnight_bench[0m[2m:[0m [3mstage[0m[2m=[0m"finalise.compute_h_poly.materialise_fixed_cosets.end" [3mrss_mb[0m[2m=[0m216 [3mhwm_mb[0m[2m=[0m216
[2m2026-09-15T06:31:48.327153Z[0m [32m INFO[0m [2mmidnight_bench[0m[2m:[0m [3mstage[0m[2m=[0m"finalise.compute_h_poly.materialise_perm_cosets.start" [3mrss_mb[0m[2m=[0m216 [3mhwm_mb[0m[2m=[0m216
[2m2026-09-15T06:31:48.341346Z[0m [32m INFO[0m [2mmidnight_bench[0m[2m:[0m [3mstage[0m[2m=[0m"finalise.compute_h_poly.materialise_perm_cosets.end" [3mrss_mb[0m[2m=[0m222 [3mhwm_mb[0m[2m=[0m222
[2m2026-09-15T06:31:48.463733Z[0m [32m INFO[0m [2mmidnight_bench[0m[2m:[0m [3mstage[0m[2m=[0m"finalise.compute_h_poly.drop_cosets.end" [3mrss_mb[0m[2m=[0m222 [3mhwm_mb[0m[2m=[0m222
[2m2026-09-15T06:31:48.463765Z[0m [32m INFO[0m [2mmidnight_bench[0m[2m:[0m [3mstage[0m[2m=[0m"finalise.compute_h_poly.end" [3mrss_mb[0m[2m=[0m222 [3mhwm_mb[0m[2m=[0m222
[2m2026-09-15T06:31:48.463773Z[0m [32m INFO[0m [2mmidnight_bench[0m[2m:[0m [3mstage[0m[2m=[0m"finalise.vanishing_construct.start" [3mrss_mb[0m[2m=[0m222 [3mhwm_mb[0m[2m=[0m222
[2m2026-09-15T06:31:48.545030Z[0m [32m INFO[0m [2mmidnight_bench[0m[2m:[0m [3mstage[0m[2m=[0m"finalise.vanishing_construct.end" [3mrss_mb[0m[2m=[0m223 [3mhwm_mb[0m[2m=[0m223
[2m2026-09-15T06:31:48.571150Z[0m [32m INFO[0m [2mmidnight_bench[0m[2m:[0m [3mstage[0m[2m=[0m"finalise.compute_queries.start" [3mrss_mb[0m[2m=[0m223 [3mhwm_mb[0m[2m=[0m223
[2m2026-09-15T06:31:48.571239Z[0m [32m INFO[0m [2mmidnight_bench[0m[2m:[0m [3mstage[0m[2m=[0m"finalise.multi_open.start" [3mrss_mb[0m[2m=[0m223 [3mhwm_mb[0m[2m=[0m223
[2m2026-09-15T06:31:48.661858Z[0m [32m INFO[0m [2mmidnight_bench[0m[2m:[0m [3mstage[0m[2m=[0m"finalise.multi_open.end" [3mrss_mb[0m[2m=[0m223 [3mhwm_mb[0m[2m=[0m223
[2m2026-09-15T06:31:48.662493Z[0m [32m INFO[0m [2mmidnight_bench[0m[2m:[0m [3mstage[0m[2m=[0m"create_proof.finalise_proof.end" [3mrss_mb[0m[2m=[0m202 [3mhwm_mb[0m[2m=[0m222
[2m2026-09-15T06:31:48.680320Z[0m [32m INFO[0m [2mactix_web::middleware::logger[0m[2m:[0m 192.168.65.1 POST /prove HTTP/1.1; took 0.666779s
[2m2026-09-15T06:31:48.682101Z[0m [32m INFO[0m [2mmidnight_proof_server::endpoints[0m[2m:[0m Starting to process request for /prove...
[2m2026-09-15T06:31:48.754247Z[0m [32m INFO[0m [2mmidnight_bench[0m[2m:[0m [3mstage[0m[2m=[0m"create_proof.compute_trace.start" [3mrss_mb[0m[2m=[0m205 [3mhwm_mb[0m[2m=[0m222
[2m2026-09-15T06:31:48.754276Z[0m [32m INFO[0m [2mmidnight_bench[0m[2m:[0m [3mstage[0m[2m=[0m"trace.compute_instances.start" [3mrss_mb[0m[2m=[0m205 [3mhwm_mb[0m[2m=[0m222
[2m2026-09-15T06:31:48.759586Z[0m [32m INFO[0m [2mmidnight_bench[0m[2m:[0m [3mstage[0m[2m=[0m"trace.compute_instances.end" [3mrss_mb[0m[2m=[0m205 [3mhwm_mb[0m[2m=[0m222
[2m2026-09-15T06:31:48.759609Z[0m [32m INFO[0m [2mmidnight_bench[0m[2m:[0m [3mstage[0m[2m=[0m"trace.parse_advices.start" [3mrss_mb[0m[2m=[0m205 [3mhwm_mb[0m[2m=[0m222
[2m2026-09-15T06:31:48.765210Z[0m [32m INFO[0m [2mmidnight_bench[0m[2m:[0m [3mstage[0m[2m=[0m"trace.parse_advices.end" [3mrss_mb[0m[2m=[0m210 [3mhwm_mb[0m[2m=[0m222
[2m2026-09-15T06:31:48.765233Z[0m [32m INFO[0m [2mmidnight_bench[0m[2m:[0m [3mstage[0m[2m=[0m"trace.lookups_permuted.start" [3mrss_mb[0m[2m=[0m210 [3mhwm_mb[0m[2m=[0m222
[2m2026-09-15T06:31:48.809363Z[0m [32m INFO[0m [2mmidnight_bench[0m[2m:[0m [3mstage[0m[2m=[0m"trace.lookups_permuted.end" [3mrss_mb[0m[2m=[0m215 [3mhwm_mb[0m[2m=[0m222
[2m2026-09-15T06:31:48.810905Z[0m [32m INFO[0m [2mmidnight_bench[0m[2m:[0m [3mstage[0m[2m=[0m"trace.permutations_commit.start" [3mrss_mb[0m[2m=[0m215 [3mhwm_mb[0m[2m=[0m222
[2m2026-09-15T06:31:48.889752Z[0m [32m INFO[0m [2mmidnight_bench[0m[2m:[0m [3mstage[0m[2m=[0m"trace.permutations_commit.end" [3mrss_mb[0m[2m=[0m223 [3mhwm_mb[0m[2m=[0m223
[2m2026-09-15T06:31:48.889780Z[0m [32m INFO[0m [2mmidnight_bench[0m[2m:[0m [3mstage[0m[2m=[0m"trace.lookups_product.start" [3mrss_mb[0m[2m=[0m223 [3mhwm_mb[0m[2m=[0m223
[2m2026-09-15T06:31:48.944932Z[0m [32m INFO[0m [2mmidnight_bench[0m[2m:[0m [3mstage[0m[2m=[0m"trace.lookups_product.end" [3mrss_mb[0m[2m=[0m223 [3mhwm_mb[0m[2m=[0m223
[2m2026-09-15T06:31:48.969456Z[0m [32m INFO[0m [2mmidnight_bench[0m[2m:[0m [3mstage[0m[2m=[0m"create_proof.compute_trace.end" [3mrss_mb[0m[2m=[0m223 [3mhwm_mb[0m[2m=[0m223
[2m2026-09-15T06:31:48.969486Z[0m [32m INFO[0m [2mmidnight_bench[0m[2m:[0m [3mstage[0m[2m=[0m"create_proof.finalise_proof.start" [3mrss_mb[0m[2m=[0m223 [3mhwm_mb[0m[2m=[0m223
[2m2026-09-15T06:31:48.969495Z[0m [32m INFO[0m [2mmidnight_bench[0m[2m:[0m [3mstage[0m[2m=[0m"finalise.compute_h_poly.start" [3mrss_mb[0m[2m=[0m223 [3mhwm_mb[0m[2m=[0m223
[2m2026-09-15T06:31:48.983151Z[0m [32m INFO[0m [2mmidnight_bench[0m[2m:[0m [3mstage[0m[2m=[0m"finalise.compute_h_poly.materialise_fixed_cosets.start" [3mrss_mb[0m[2m=[0m223 [3mhwm_mb[0m[2m=[0m223
[2m2026-09-15T06:31:49.006928Z[0m [32m INFO[0m [2mmidnight_bench[0m[2m:[0m [3mstage[0m[2m=[0m"finalise.compute_h_poly.materialise_fixed_cosets.end" [3mrss_mb[0m[2m=[0m225 [3mhwm_mb[0m[2m=[0m225
[2m2026-09-15T06:31:49.006953Z[0m [32m INFO[0m [2mmidnight_bench[0m[2m:[0m [3mstage[0m[2m=[0m"finalise.compute_h_poly.materialise_perm_cosets.start" [3mrss_mb[0m[2m=[0m225 [3mhwm_mb[0m[2m=[0m225
[2m2026-09-15T06:31:49.019005Z[0m [32m INFO[0m [2mmidnight_bench[0m[2m:[0m [3mstage[0m[2m=[0m"finalise.compute_h_poly.materialise_perm_cosets.end" [3mrss_mb[0m[2m=[0m227 [3mhwm_mb[0m[2m=[0m227
[2m2026-09-15T06:31:49.139750Z[0m [32m INFO[0m [2mmidnight_bench[0m[2m:[0m [3mstage[0m[2m=[0m"finalise.compute_h_poly.drop_cosets.end" [3mrss_mb[0m[2m=[0m228 [3mhwm_mb[0m[2m=[0m228
[2m2026-09-15T06:31:49.139787Z[0m [32m INFO[0m [2mmidnight_bench[0m[2m:[0m [3mstage[0m[2m=[0m"finalise.compute_h_poly.end" [3mrss_mb[0m[2m=[0m228 [3mhwm_mb[0m[2m=[0m228
[2m2026-09-15T06:31:49.139795Z[0m [32m INFO[0m [2mmidnight_bench[0m[2m:[0m [3mstage[0m[2m=[0m"finalise.vanishing_construct.start" [3mrss_mb[0m[2m=[0m228 [3mhwm_mb[0m[2m=[0m228
[2m2026-09-15T06:31:49.235356Z[0m [32m INFO[0m [2mmidnight_bench[0m[2m:[0m [3mstage[0m[2m=[0m"finalise.vanishing_construct.end" [3mrss_mb[0m[2m=[0m228 [3mhwm_mb[0m[2m=[0m228
[2m2026-09-15T06:31:49.262765Z[0m [32m INFO[0m [2mmidnight_bench[0m[2m:[0m [3mstage[0m[2m=[0m"finalise.compute_queries.start" [3mrss_mb[0m[2m=[0m228 [3mhwm_mb[0m[2m=[0m228
[2m2026-09-15T06:31:49.262857Z[0m [32m INFO[0m [2mmidnight_bench[0m[2m:[0m [3mstage[0m[2m=[0m"finalise.multi_open.start" [3mrss_mb[0m[2m=[0m228 [3mhwm_mb[0m[2m=[0m228
[2m2026-09-15T06:31:49.349619Z[0m [32m INFO[0m [2mmidnight_bench[0m[2m:[0m [3mstage[0m[2m=[0m"finalise.multi_open.end" [3mrss_mb[0m[2m=[0m228 [3mhwm_mb[0m[2m=[0m228
[2m2026-09-15T06:31:49.350231Z[0m [32m INFO[0m [2mmidnight_bench[0m[2m:[0m [3mstage[0m[2m=[0m"create_proof.finalise_proof.end" [3mrss_mb[0m[2m=[0m205 [3mhwm_mb[0m[2m=[0m227
[2m2026-09-15T06:31:49.365500Z[0m [32m INFO[0m [2mactix_web::middleware::logger[0m[2m:[0m 192.168.65.1 POST /prove HTTP/1.1; took 0.683417s
[2m2026-09-15T06:31:49.369597Z[0m [32m INFO[0m [2mmidnight_proof_server::endpoints[0m[2m:[0m Starting to process request for /prove...
[2m2026-09-15T06:31:49.443822Z[0m [32m INFO[0m [2mmidnight_bench[0m[2m:[0m [3mstage[0m[2m=[0m"create_proof.compute_trace.start" [3mrss_mb[0m[2m=[0m222 [3mhwm_mb[0m[2m=[0m227
[2m2026-09-15T06:31:49.443874Z[0m [32m INFO[0m [2mmidnight_bench[0m[2m:[0m [3mstage[0m[2m=[0m"trace.compute_instances.start" [3mrss_mb[0m[2m=[0m222 [3mhwm_mb[0m[2m=[0m227
[2m2026-09-15T06:31:49.449351Z[0m [32m INFO[0m [2mmidnight_bench[0m[2m:[0m [3mstage[0m[2m=[0m"trace.compute_instances.end" [3mrss_mb[0m[2m=[0m222 [3mhwm_mb[0m[2m=[0m227
[2m2026-09-15T06:31:49.449377Z[0m [32m INFO[0m [2mmidnight_bench[0m[2m:[0m [3mstage[0m[2m=[0m"trace.parse_advices.start" [3mrss_mb[0m[2m=[0m222 [3mhwm_mb[0m[2m=[0m227
[2m2026-09-15T06:31:49.455081Z[0m [32m INFO[0m [2mmidnight_bench[0m[2m:[0m [3mstage[0m[2m=[0m"trace.parse_advices.end" [3mrss_mb[0m[2m=[0m227 [3mhwm_mb[0m[2m=[0m227
[2m2026-09-15T06:31:49.455101Z[0m [32m INFO[0m [2mmidnight_bench[0m[2m:[0m [3mstage[0m[2m=[0m"trace.lookups_permuted.start" [3mrss_mb[0m[2m=[0m227 [3mhwm_mb[0m[2m=[0m227
[2m2026-09-15T06:31:49.497948Z[0m [32m INFO[0m [2mmidnight_bench[0m[2m:[0m [3mstage[0m[2m=[0m"trace.lookups_permuted.end" [3mrss_mb[0m[2m=[0m233 [3mhwm_mb[0m[2m=[0m233
[2m2026-09-15T06:31:49.497975Z[0m [32m INFO[0m [2mmidnight_bench[0m[2m:[0m [3mstage[0m[2m=[0m"trace.permutations_commit.start" [3mrss_mb[0m[2m=[0m233 [3mhwm_mb[0m[2m=[0m233
[2m2026-09-15T06:31:49.570307Z[0m [32m INFO[0m [2mmidnight_bench[0m[2m:[0m [3mstage[0m[2m=[0m"trace.permutations_commit.end" [3mrss_mb[0m[2m=[0m240 [3mhwm_mb[0m[2m=[0m240
[2m2026-09-15T06:31:49.570333Z[0m [32m INFO[0m [2mmidnight_bench[0m[2m:[0m [3mstage[0m[2m=[0m"trace.lookups_product.start" [3mrss_mb[0m[2m=[0m240 [3mhwm_mb[0m[2m=[0m240
[2m2026-09-15T06:31:49.621045Z[0m [32m INFO[0m [2mmidnight_bench[0m[2m:[0m [3mstage[0m[2m=[0m"trace.lookups_product.end" [3mrss_mb[0m[2m=[0m240 [3mhwm_mb[0m[2m=[0m240
[2m2026-09-15T06:31:49.644051Z[0m [32m INFO[0m [2mmidnight_bench[0m[2m:[0m [3mstage[0m[2m=[0m"create_proof.compute_trace.end" [3mrss_mb[0m[2m=[0m240 [3mhwm_mb[0m[2m=[0m240
[2m2026-09-15T06:31:49.644071Z[0m [32m INFO[0m [2mmidnight_bench[0m[2m:[0m [3mstage[0m[2m=[0m"create_proof.finalise_proof.start" [3mrss_mb[0m[2m=[0m240 [3mhwm_mb[0m[2m=[0m240
[2m2026-09-15T06:31:49.644079Z[0m [32m INFO[0m [2mmidnight_bench[0m[2m:[0m [3mstage[0m[2m=[0m"finalise.compute_h_poly.start" [3mrss_mb[0m[2m=[0m240 [3mhwm_mb[0m[2m=[0m240
[2m2026-09-15T06:31:49.660880Z[0m [32m INFO[0m [2mmidnight_bench[0m[2m:[0m [3mstage[0m[2m=[0m"finalise.compute_h_poly.materialise_fixed_cosets.start" [3mrss_mb[0m[2m=[0m240 [3mhwm_mb[0m[2m=[0m240
[2m2026-09-15T06:31:49.686399Z[0m [32m INFO[0m [2mmidnight_bench[0m[2m:[0m [3mstage[0m[2m=[0m"finalise.compute_h_poly.materialise_fixed_cosets.end" [3mrss_mb[0m[2m=[0m240 [3mhwm_mb[0m[2m=[0m240
[2m2026-09-15T06:31:49.686435Z[0m [32m INFO[0m [2mmidnight_bench[0m[2m:[0m [3mstage[0m[2m=[0m"finalise.compute_h_poly.materialise_perm_cosets.start" [3mrss_mb[0m[2m=[0m240 [3mhwm_mb[0m[2m=[0m240
[2m2026-09-15T06:31:49.699138Z[0m [32m INFO[0m [2mmidnight_bench[0m[2m:[0m [3mstage[0m[2m=[0m"finalise.compute_h_poly.materialise_perm_cosets.end" [3mrss_mb[0m[2m=[0m243 [3mhwm_mb[0m[2m=[0m243
[2m2026-09-15T06:31:49.815895Z[0m [32m INFO[0m [2mmidnight_bench[0m[2m:[0m [3mstage[0m[2m=[0m"finalise.compute_h_poly.drop_cosets.end" [3mrss_mb[0m[2m=[0m243 [3mhwm_mb[0m[2m=[0m243
[2m2026-09-15T06:31:49.815948Z[0m [32m INFO[0m [2mmidnight_bench[0m[2m:[0m [3mstage[0m[2m=[0m"finalise.compute_h_poly.end" [3mrss_mb[0m[2m=[0m243 [3mhwm_mb[0m[2m=[0m243
[2m2026-09-15T06:31:49.815958Z[0m [32m INFO[0m [2mmidnight_bench[0m[2m:[0m [3mstage[0m[2m=[0m"finalise.vanishing_construct.start" [3mrss_mb[0m[2m=[0m243 [3mhwm_mb[0m[2m=[0m243
[2m2026-09-15T06:31:49.904447Z[0m [32m INFO[0m [2mmidnight_bench[0m[2m:[0m [3mstage[0m[2m=[0m"finalise.vanishing_construct.end" [3mrss_mb[0m[2m=[0m243 [3mhwm_mb[0m[2m=[0m243
[2m2026-09-15T06:31:49.937680Z[0m [32m INFO[0m [2mmidnight_bench[0m[2m:[0m [3mstage[0m[2m=[0m"finalise.compute_queries.start" [3mrss_mb[0m[2m=[0m243 [3mhwm_mb[0m[2m=[0m243
[2m2026-09-15T06:31:49.937840Z[0m [32m INFO[0m [2mmidnight_bench[0m[2m:[0m [3mstage[0m[2m=[0m"finalise.multi_open.start" [3mrss_mb[0m[2m=[0m243 [3mhwm_mb[0m[2m=[0m243
[2m2026-09-15T06:31:50.031059Z[0m [32m INFO[0m [2mmidnight_bench[0m[2m:[0m [3mstage[0m[2m=[0m"finalise.multi_open.end" [3mrss_mb[0m[2m=[0m243 [3mhwm_mb[0m[2m=[0m243
[2m2026-09-15T06:31:50.031660Z[0m [32m INFO[0m [2mmidnight_bench[0m[2m:[0m [3mstage[0m[2m=[0m"create_proof.finalise_proof.end" [3mrss_mb[0m[2m=[0m221 [3mhwm_mb[0m[2m=[0m242
[2m2026-09-15T06:31:50.046709Z[0m [32m INFO[0m [2mactix_web::middleware::logger[0m[2m:[0m 192.168.65.1 POST /prove HTTP/1.1; took 0.677132s
[2m2026-09-15T06:31:50.048175Z[0m [32m INFO[0m [2mmidnight_proof_server::endpoints[0m[2m:[0m Starting to process request for /prove...
[2m2026-09-15T06:31:50.124146Z[0m [32m INFO[0m [2mmidnight_bench[0m[2m:[0m [3mstage[0m[2m=[0m"create_proof.compute_trace.start" [3mrss_mb[0m[2m=[0m240 [3mhwm_mb[0m[2m=[0m242
[2m2026-09-15T06:31:50.124178Z[0m [32m INFO[0m [2mmidnight_bench[0m[2m:[0m [3mstage[0m[2m=[0m"trace.compute_instances.start" [3mrss_mb[0m[2m=[0m240 [3mhwm_mb[0m[2m=[0m242
[2m2026-09-15T06:31:50.129084Z[0m [32m INFO[0m [2mmidnight_bench[0m[2m:[0m [3mstage[0m[2m=[0m"trace.compute_instances.end" [3mrss_mb[0m[2m=[0m240 [3mhwm_mb[0m[2m=[0m242
[2m2026-09-15T06:31:50.129108Z[0m [32m INFO[0m [2mmidnight_bench[0m[2m:[0m [3mstage[0m[2m=[0m"trace.parse_advices.start" [3mrss_mb[0m[2m=[0m240 [3mhwm_mb[0m[2m=[0m242
[2m2026-09-15T06:31:50.134929Z[0m [32m INFO[0m [2mmidnight_bench[0m[2m:[0m [3mstage[0m[2m=[0m"trace.parse_advices.end" [3mrss_mb[0m[2m=[0m244 [3mhwm_mb[0m[2m=[0m244
[2m2026-09-15T06:31:50.134961Z[0m [32m INFO[0m [2mmidnight_bench[0m[2m:[0m [3mstage[0m[2m=[0m"trace.lookups_permuted.start" [3mrss_mb[0m[2m=[0m244 [3mhwm_mb[0m[2m=[0m244
[2m2026-09-15T06:31:50.177809Z[0m [32m INFO[0m [2mmidnight_bench[0m[2m:[0m [3mstage[0m[2m=[0m"trace.lookups_permuted.end" [3mrss_mb[0m[2m=[0m250 [3mhwm_mb[0m[2m=[0m250
[2m2026-09-15T06:31:50.177832Z[0m [32m INFO[0m [2mmidnight_bench[0m[2m:[0m [3mstage[0m[2m=[0m"trace.permutations_commit.start" [3mrss_mb[0m[2m=[0m250 [3mhwm_mb[0m[2m=[0m250
[2m2026-09-15T06:31:50.310694Z[0m [32m INFO[0m [2mmidnight_bench[0m[2m:[0m [3mstage[0m[2m=[0m"trace.permutations_commit.end" [3mrss_mb[0m[2m=[0m257 [3mhwm_mb[0m[2m=[0m257
[2m2026-09-15T06:31:50.310722Z[0m [32m INFO[0m [2mmidnight_bench[0m[2m:[0m [3mstage[0m[2m=[0m"trace.lookups_product.start" [3mrss_mb[0m[2m=[0m257 [3mhwm_mb[0m[2m=[0m257
[2m2026-09-15T06:31:50.363792Z[0m [32m INFO[0m [2mmidnight_bench[0m[2m:[0m [3mstage[0m[2m=[0m"trace.lookups_product.end" [3mrss_mb[0m[2m=[0m257 [3mhwm_mb[0m[2m=[0m257
[2m2026-09-15T06:31:50.389319Z[0m [32m INFO[0m [2mmidnight_bench[0m[2m:[0m [3mstage[0m[2m=[0m"create_proof.compute_trace.end" [3mrss_mb[0m[2m=[0m258 [3mhwm_mb[0m[2m=[0m258
[2m2026-09-15T06:31:50.389347Z[0m [32m INFO[0m [2mmidnight_bench[0m[2m:[0m [3mstage[0m[2m=[0m"create_proof.finalise_proof.start" [3mrss_mb[0m[2m=[0m258 [3mhwm_mb[0m[2m=[0m258
[2m2026-09-15T06:31:50.389355Z[0m [32m INFO[0m [2mmidnight_bench[0m[2m:[0m [3mstage[0m[2m=[0m"finalise.compute_h_poly.start" [3mrss_mb[0m[2m=[0m258 [3mhwm_mb[0m[2m=[0m258
[2m2026-09-15T06:31:50.407309Z[0m [32m INFO[0m [2mmidnight_bench[0m[2m:[0m [3mstage[0m[2m=[0m"finalise.compute_h_poly.materialise_fixed_cosets.start" [3mrss_mb[0m[2m=[0m258 [3mhwm_mb[0m[2m=[0m258
[2m2026-09-15T06:31:50.435201Z[0m [32m INFO[0m [2mmidnight_bench[0m[2m:[0m [3mstage[0m[2m=[0m"finalise.compute_h_poly.materialise_fixed_cosets.end" [3mrss_mb[0m[2m=[0m258 [3mhwm_mb[0m[2m=[0m258
[2m2026-09-15T06:31:50.435232Z[0m [32m INFO[0m [2mmidnight_bench[0m[2m:[0m [3mstage[0m[2m=[0m"finalise.compute_h_poly.materialise_perm_cosets.start" [3mrss_mb[0m[2m=[0m258 [3mhwm_mb[0m[2m=[0m258
[2m2026-09-15T06:31:50.448559Z[0m [32m INFO[0m [2mmidnight_bench[0m[2m:[0m [3mstage[0m[2m=[0m"finalise.compute_h_poly.materialise_perm_cosets.end" [3mrss_mb[0m[2m=[0m258 [3mhwm_mb[0m[2m=[0m258
[2m2026-09-15T06:31:50.573716Z[0m [32m INFO[0m [2mmidnight_bench[0m[2m:[0m [3mstage[0m[2m=[0m"finalise.compute_h_poly.drop_cosets.end" [3mrss_mb[0m[2m=[0m258 [3mhwm_mb[0m[2m=[0m258
[2m2026-09-15T06:31:50.573753Z[0m [32m INFO[0m [2mmidnight_bench[0m[2m:[0m [3mstage[0m[2m=[0m"finalise.compute_h_poly.end" [3mrss_mb[0m[2m=[0m258 [3mhwm_mb[0m[2m=[0m258
[2m2026-09-15T06:31:50.573760Z[0m [32m INFO[0m [2mmidnight_bench[0m[2m:[0m [3mstage[0m[2m=[0m"finalise.vanishing_construct.start" [3mrss_mb[0m[2m=[0m258 [3mhwm_mb[0m[2m=[0m258
[2m2026-09-15T06:31:50.656201Z[0m [32m INFO[0m [2mmidnight_bench[0m[2m:[0m [3mstage[0m[2m=[0m"finalise.vanishing_construct.end" [3mrss_mb[0m[2m=[0m258 [3mhwm_mb[0m[2m=[0m258
[2m2026-09-15T06:31:50.682801Z[0m [32m INFO[0m [2mmidnight_bench[0m[2m:[0m [3mstage[0m[2m=[0m"finalise.compute_queries.start" [3mrss_mb[0m[2m=[0m258 [3mhwm_mb[0m[2m=[0m258
[2m2026-09-15T06:31:50.682890Z[0m [32m INFO[0m [2mmidnight_bench[0m[2m:[0m [3mstage[0m[2m=[0m"finalise.multi_open.start" [3mrss_mb[0m[2m=[0m258 [3mhwm_mb[0m[2m=[0m258
[2m2026-09-15T06:31:50.771017Z[0m [32m INFO[0m [2mmidnight_bench[0m[2m:[0m [3mstage[0m[2m=[0m"finalise.multi_open.end" [3mrss_mb[0m[2m=[0m258 [3mhwm_mb[0m[2m=[0m258
[2m2026-09-15T06:31:50.771662Z[0m [32m INFO[0m [2mmidnight_bench[0m[2m:[0m [3mstage[0m[2m=[0m"create_proof.finalise_proof.end" [3mrss_mb[0m[2m=[0m236 [3mhwm_mb[0m[2m=[0m257
[2m2026-09-15T06:31:50.787116Z[0m [32m INFO[0m [2mactix_web::middleware::logger[0m[2m:[0m 192.168.65.1 POST /prove HTTP/1.1; took 0.738956s
[2m2026-09-15T06:31:50.788507Z[0m [32m INFO[0m [2mmidnight_proof_server::endpoints[0m[2m:[0m Starting to process request for /prove...
[2m2026-09-15T06:31:50.858496Z[0m [32m INFO[0m [2mmidnight_bench[0m[2m:[0m [3mstage[0m[2m=[0m"create_proof.compute_trace.start" [3mrss_mb[0m[2m=[0m239 [3mhwm_mb[0m[2m=[0m257
[2m2026-09-15T06:31:50.858530Z[0m [32m INFO[0m [2mmidnight_bench[0m[2m:[0m [3mstage[0m[2m=[0m"trace.compute_instances.start" [3mrss_mb[0m[2m=[0m239 [3mhwm_mb[0m[2m=[0m257
[2m2026-09-15T06:31:50.862604Z[0m [32m INFO[0m [2mmidnight_bench[0m[2m:[0m [3mstage[0m[2m=[0m"trace.compute_instances.end" [3mrss_mb[0m[2m=[0m239 [3mhwm_mb[0m[2m=[0m257
[2m2026-09-15T06:31:50.862623Z[0m [32m INFO[0m [2mmidnight_bench[0m[2m:[0m [3mstage[0m[2m=[0m"trace.parse_advices.start" [3mrss_mb[0m[2m=[0m239 [3mhwm_mb[0m[2m=[0m257
[2m2026-09-15T06:31:50.868285Z[0m [32m INFO[0m [2mmidnight_bench[0m[2m:[0m [3mstage[0m[2m=[0m"trace.parse_advices.end" [3mrss_mb[0m[2m=[0m244 [3mhwm_mb[0m[2m=[0m257
[2m2026-09-15T06:31:50.868310Z[0m [32m INFO[0m [2mmidnight_bench[0m[2m:[0m [3mstage[0m[2m=[0m"trace.lookups_permuted.start" [3mrss_mb[0m[2m=[0m244 [3mhwm_mb[0m[2m=[0m257
[2m2026-09-15T06:31:50.914483Z[0m [32m INFO[0m [2mmidnight_bench[0m[2m:[0m [3mstage[0m[2m=[0m"trace.lookups_permuted.end" [3mrss_mb[0m[2m=[0m249 [3mhwm_mb[0m[2m=[0m257
[2m2026-09-15T06:31:50.914510Z[0m [32m INFO[0m [2mmidnight_bench[0m[2m:[0m [3mstage[0m[2m=[0m"trace.permutations_commit.start" [3mrss_mb[0m[2m=[0m249 [3mhwm_mb[0m[2m=[0m257
[2m2026-09-15T06:31:50.987145Z[0m [32m INFO[0m [2mmidnight_bench[0m[2m:[0m [3mstage[0m[2m=[0m"trace.permutations_commit.end" [3mrss_mb[0m[2m=[0m257 [3mhwm_mb[0m[2m=[0m257
[2m2026-09-15T06:31:50.987169Z[0m [32m INFO[0m [2mmidnight_bench[0m[2m:[0m [3mstage[0m[2m=[0m"trace.lookups_product.start" [3mrss_mb[0m[2m=[0m257 [3mhwm_mb[0m[2m=[0m257
[2m2026-09-15T06:31:51.041139Z[0m [32m INFO[0m [2mmidnight_bench[0m[2m:[0m [3mstage[0m[2m=[0m"trace.lookups_product.end" [3mrss_mb[0m[2m=[0m257 [3mhwm_mb[0m[2m=[0m257
[2m2026-09-15T06:31:51.069057Z[0m [32m INFO[0m [2mmidnight_bench[0m[2m:[0m [3mstage[0m[2m=[0m"create_proof.compute_trace.end" [3mrss_mb[0m[2m=[0m257 [3mhwm_mb[0m[2m=[0m257
[2m2026-09-15T06:31:51.069086Z[0m [32m INFO[0m [2mmidnight_bench[0m[2m:[0m [3mstage[0m[2m=[0m"create_proof.finalise_proof.start" [3mrss_mb[0m[2m=[0m257 [3mhwm_mb[0m[2m=[0m257
[2m2026-09-15T06:31:51.069104Z[0m [32m INFO[0m [2mmidnight_bench[0m[2m:[0m [3mstage[0m[2m=[0m"finalise.compute_h_poly.start" [3mrss_mb[0m[2m=[0m257 [3mhwm_mb[0m[2m=[0m257
[2m2026-09-15T06:31:51.088245Z[0m [32m INFO[0m [2mmidnight_bench[0m[2m:[0m [3mstage[0m[2m=[0m"finalise.compute_h_poly.materialise_fixed_cosets.start" [3mrss_mb[0m[2m=[0m257 [3mhwm_mb[0m[2m=[0m257
[2m2026-09-15T06:31:51.118657Z[0m [32m INFO[0m [2mmidnight_bench[0m[2m:[0m [3mstage[0m[2m=[0m"finalise.compute_h_poly.materialise_fixed_cosets.end" [3mrss_mb[0m[2m=[0m257 [3mhwm_mb[0m[2m=[0m257
[2m2026-09-15T06:31:51.118683Z[0m [32m INFO[0m [2mmidnight_bench[0m[2m:[0m [3mstage[0m[2m=[0m"finalise.compute_h_poly.materialise_perm_cosets.start" [3mrss_mb[0m[2m=[0m257 [3mhwm_mb[0m[2m=[0m257
[2m2026-09-15T06:31:51.131821Z[0m [32m INFO[0m [2mmidnight_bench[0m[2m:[0m [3mstage[0m[2m=[0m"finalise.compute_h_poly.materialise_perm_cosets.end" [3mrss_mb[0m[2m=[0m257 [3mhwm_mb[0m[2m=[0m257
[2m2026-09-15T06:31:51.250139Z[0m [32m INFO[0m [2mmidnight_bench[0m[2m:[0m [3mstage[0m[2m=[0m"finalise.compute_h_poly.drop_cosets.end" [3mrss_mb[0m[2m=[0m258 [3mhwm_mb[0m[2m=[0m258
[2m2026-09-15T06:31:51.250174Z[0m [32m INFO[0m [2mmidnight_bench[0m[2m:[0m [3mstage[0m[2m=[0m"finalise.compute_h_poly.end" [3mrss_mb[0m[2m=[0m258 [3mhwm_mb[0m[2m=[0m258
[2m2026-09-15T06:31:51.250181Z[0m [32m INFO[0m [2mmidnight_bench[0m[2m:[0m [3mstage[0m[2m=[0m"finalise.vanishing_construct.start" [3mrss_mb[0m[2m=[0m258 [3mhwm_mb[0m[2m=[0m258
[2m2026-09-15T06:31:51.338806Z[0m [32m INFO[0m [2mmidnight_bench[0m[2m:[0m [3mstage[0m[2m=[0m"finalise.vanishing_construct.end" [3mrss_mb[0m[2m=[0m258 [3mhwm_mb[0m[2m=[0m258
[2m2026-09-15T06:31:51.365987Z[0m [32m INFO[0m [2mmidnight_bench[0m[2m:[0m [3mstage[0m[2m=[0m"finalise.compute_queries.start" [3mrss_mb[0m[2m=[0m258 [3mhwm_mb[0m[2m=[0m258
[2m2026-09-15T06:31:51.366077Z[0m [32m INFO[0m [2mmidnight_bench[0m[2m:[0m [3mstage[0m[2m=[0m"finalise.multi_open.start" [3mrss_mb[0m[2m=[0m258 [3mhwm_mb[0m[2m=[0m258
[2m2026-09-15T06:31:51.454853Z[0m [32m INFO[0m [2mmidnight_bench[0m[2m:[0m [3mstage[0m[2m=[0m"finalise.multi_open.end" [3mrss_mb[0m[2m=[0m258 [3mhwm_mb[0m[2m=[0m258
[2m2026-09-15T06:31:51.455462Z[0m [32m INFO[0m [2mmidnight_bench[0m[2m:[0m [3mstage[0m[2m=[0m"create_proof.finalise_proof.end" [3mrss_mb[0m[2m=[0m235 [3mhwm_mb[0m[2m=[0m257
[2m2026-09-15T06:31:51.473161Z[0m [32m INFO[0m [2mactix_web::middleware::logger[0m[2m:[0m 192.168.65.1 POST /prove HTTP/1.1; took 0.684672s
[2m2026-09-15T06:31:51.477424Z[0m [32m INFO[0m [2mmidnight_proof_server::endpoints[0m[2m:[0m Starting to process request for /prove...
[2m2026-09-15T06:31:51.545688Z[0m [32m INFO[0m [2mmidnight_bench[0m[2m:[0m [3mstage[0m[2m=[0m"create_proof.compute_trace.start" [3mrss_mb[0m[2m=[0m239 [3mhwm_mb[0m[2m=[0m257
[2m2026-09-15T06:31:51.545720Z[0m [32m INFO[0m [2mmidnight_bench[0m[2m:[0m [3mstage[0m[2m=[0m"trace.compute_instances.start" [3mrss_mb[0m[2m=[0m239 [3mhwm_mb[0m[2m=[0m257
[2m2026-09-15T06:31:51.551717Z[0m [32m INFO[0m [2mmidnight_bench[0m[2m:[0m [3mstage[0m[2m=[0m"trace.compute_instances.end" [3mrss_mb[0m[2m=[0m239 [3mhwm_mb[0m[2m=[0m257
[2m2026-09-15T06:31:51.551746Z[0m [32m INFO[0m [2mmidnight_bench[0m[2m:[0m [3mstage[0m[2m=[0m"trace.parse_advices.start" [3mrss_mb[0m[2m=[0m239 [3mhwm_mb[0m[2m=[0m257
[2m2026-09-15T06:31:51.557412Z[0m [32m INFO[0m [2mmidnight_bench[0m[2m:[0m [3mstage[0m[2m=[0m"trace.parse_advices.end" [3mrss_mb[0m[2m=[0m244 [3mhwm_mb[0m[2m=[0m257
[2m2026-09-15T06:31:51.557433Z[0m [32m INFO[0m [2mmidnight_bench[0m[2m:[0m [3mstage[0m[2m=[0m"trace.lookups_permuted.start" [3mrss_mb[0m[2m=[0m244 [3mhwm_mb[0m[2m=[0m257
[2m2026-09-15T06:31:51.599793Z[0m [32m INFO[0m [2mmidnight_bench[0m[2m:[0m [3mstage[0m[2m=[0m"trace.lookups_permuted.end" [3mrss_mb[0m[2m=[0m250 [3mhwm_mb[0m[2m=[0m257
[2m2026-09-15T06:31:51.599822Z[0m [32m INFO[0m [2mmidnight_bench[0m[2m:[0m [3mstage[0m[2m=[0m"trace.permutations_commit.start" [3mrss_mb[0m[2m=[0m250 [3mhwm_mb[0m[2m=[0m257
[2m2026-09-15T06:31:51.668996Z[0m [32m INFO[0m [2mmidnight_bench[0m[2m:[0m [3mstage[0m[2m=[0m"trace.permutations_commit.end" [3mrss_mb[0m[2m=[0m257 [3mhwm_mb[0m[2m=[0m257
[2m2026-09-15T06:31:51.669029Z[0m [32m INFO[0m [2mmidnight_bench[0m[2m:[0m [3mstage[0m[2m=[0m"trace.lookups_product.start" [3mrss_mb[0m[2m=[0m257 [3mhwm_mb[0m[2m=[0m257
[2m2026-09-15T06:31:51.721818Z[0m [32m INFO[0m [2mmidnight_bench[0m[2m:[0m [3mstage[0m[2m=[0m"trace.lookups_product.end" [3mrss_mb[0m[2m=[0m257 [3mhwm_mb[0m[2m=[0m257
[2m2026-09-15T06:31:51.747950Z[0m [32m INFO[0m [2mmidnight_bench[0m[2m:[0m [3mstage[0m[2m=[0m"create_proof.compute_trace.end" [3mrss_mb[0m[2m=[0m258 [3mhwm_mb[0m[2m=[0m258
[2m2026-09-15T06:31:51.747974Z[0m [32m INFO[0m [2mmidnight_bench[0m[2m:[0m [3mstage[0m[2m=[0m"create_proof.finalise_proof.start" [3mrss_mb[0m[2m=[0m258 [3mhwm_mb[0m[2m=[0m258
[2m2026-09-15T06:31:51.747982Z[0m [32m INFO[0m [2mmidnight_bench[0m[2m:[0m [3mstage[0m[2m=[0m"finalise.compute_h_poly.start" [3mrss_mb[0m[2m=[0m258 [3mhwm_mb[0m[2m=[0m258
[2m2026-09-15T06:31:51.763306Z[0m [32m INFO[0m [2mmidnight_bench[0m[2m:[0m [3mstage[0m[2m=[0m"finalise.compute_h_poly.materialise_fixed_cosets.start" [3mrss_mb[0m[2m=[0m258 [3mhwm_mb[0m[2m=[0m258
[2m2026-09-15T06:31:51.793506Z[0m [32m INFO[0m [2mmidnight_bench[0m[2m:[0m [3mstage[0m[2m=[0m"finalise.compute_h_poly.materialise_fixed_cosets.end" [3mrss_mb[0m[2m=[0m258 [3mhwm_mb[0m[2m=[0m258
[2m2026-09-15T06:31:51.793536Z[0m [32m INFO[0m [2mmidnight_bench[0m[2m:[0m [3mstage[0m[2m=[0m"finalise.compute_h_poly.materialise_perm_cosets.start" [3mrss_mb[0m[2m=[0m258 [3mhwm_mb[0m[2m=[0m258
[2m2026-09-15T06:31:51.808992Z[0m [32m INFO[0m [2mmidnight_bench[0m[2m:[0m [3mstage[0m[2m=[0m"finalise.compute_h_poly.materialise_perm_cosets.end" [3mrss_mb[0m[2m=[0m260 [3mhwm_mb[0m[2m=[0m260
[2m2026-09-15T06:31:51.947178Z[0m [32m INFO[0m [2mmidnight_bench[0m[2m:[0m [3mstage[0m[2m=[0m"finalise.compute_h_poly.drop_cosets.end" [3mrss_mb[0m[2m=[0m260 [3mhwm_mb[0m[2m=[0m260
[2m2026-09-15T06:31:51.947215Z[0m [32m INFO[0m [2mmidnight_bench[0m[2m:[0m [3mstage[0m[2m=[0m"finalise.compute_h_poly.end" [3mrss_mb[0m[2m=[0m260 [3mhwm_mb[0m[2m=[0m260
[2m2026-09-15T06:31:51.947223Z[0m [32m INFO[0m [2mmidnight_bench[0m[2m:[0m [3mstage[0m[2m=[0m"finalise.vanishing_construct.start" [3mrss_mb[0m[2m=[0m260 [3mhwm_mb[0m[2m=[0m260
[2m2026-09-15T06:31:52.035435Z[0m [32m INFO[0m [2mmidnight_bench[0m[2m:[0m [3mstage[0m[2m=[0m"finalise.vanishing_construct.end" [3mrss_mb[0m[2m=[0m260 [3mhwm_mb[0m[2m=[0m260
[2m2026-09-15T06:31:52.062149Z[0m [32m INFO[0m [2mmidnight_bench[0m[2m:[0m [3mstage[0m[2m=[0m"finalise.compute_queries.start" [3mrss_mb[0m[2m=[0m260 [3mhwm_mb[0m[2m=[0m260
[2m2026-09-15T06:31:52.062244Z[0m [32m INFO[0m [2mmidnight_bench[0m[2m:[0m [3mstage[0m[2m=[0m"finalise.multi_open.start" [3mrss_mb[0m[2m=[0m260 [3mhwm_mb[0m[2m=[0m260
[2m2026-09-15T06:31:52.153052Z[0m [32m INFO[0m [2mmidnight_bench[0m[2m:[0m [3mstage[0m[2m=[0m"finalise.multi_open.end" [3mrss_mb[0m[2m=[0m260 [3mhwm_mb[0m[2m=[0m260
[2m2026-09-15T06:31:52.153704Z[0m [32m INFO[0m [2mmidnight_bench[0m[2m:[0m [3mstage[0m[2m=[0m"create_proof.finalise_proof.end" [3mrss_mb[0m[2m=[0m238 [3mhwm_mb[0m[2m=[0m259
[2m2026-09-15T06:31:52.168929Z[0m [32m INFO[0m [2mactix_web::middleware::logger[0m[2m:[0m 192.168.65.1 POST /prove HTTP/1.1; took 0.691555s
[2m2026-09-15T06:31:52.170599Z[0m [32m INFO[0m [2mmidnight_proof_server::endpoints[0m[2m:[0m Starting to process request for /prove...
[2m2026-09-15T06:31:52.240698Z[0m [32m INFO[0m [2mmidnight_bench[0m[2m:[0m [3mstage[0m[2m=[0m"create_proof.compute_trace.start" [3mrss_mb[0m[2m=[0m254 [3mhwm_mb[0m[2m=[0m259
[2m2026-09-15T06:31:52.240729Z[0m [32m INFO[0m [2mmidnight_bench[0m[2m:[0m [3mstage[0m[2m=[0m"trace.compute_instances.start" [3mrss_mb[0m[2m=[0m254 [3mhwm_mb[0m[2m=[0m259
[2m2026-09-15T06:31:52.246435Z[0m [32m INFO[0m [2mmidnight_bench[0m[2m:[0m [3mstage[0m[2m=[0m"trace.compute_instances.end" [3mrss_mb[0m[2m=[0m254 [3mhwm_mb[0m[2m=[0m259
[2m2026-09-15T06:31:52.246458Z[0m [32m INFO[0m [2mmidnight_bench[0m[2m:[0m [3mstage[0m[2m=[0m"trace.parse_advices.start" [3mrss_mb[0m[2m=[0m254 [3mhwm_mb[0m[2m=[0m259
[2m2026-09-15T06:31:52.252214Z[0m [32m INFO[0m [2mmidnight_bench[0m[2m:[0m [3mstage[0m[2m=[0m"trace.parse_advices.end" [3mrss_mb[0m[2m=[0m259 [3mhwm_mb[0m[2m=[0m259
[2m2026-09-15T06:31:52.252236Z[0m [32m INFO[0m [2mmidnight_bench[0m[2m:[0m [3mstage[0m[2m=[0m"trace.lookups_permuted.start" [3mrss_mb[0m[2m=[0m259 [3mhwm_mb[0m[2m=[0m259
[2m2026-09-15T06:31:52.296385Z[0m [32m INFO[0m [2mmidnight_bench[0m[2m:[0m [3mstage[0m[2m=[0m"trace.lookups_permuted.end" [3mrss_mb[0m[2m=[0m264 [3mhwm_mb[0m[2m=[0m264
[2m2026-09-15T06:31:52.296415Z[0m [32m INFO[0m [2mmidnight_bench[0m[2m:[0m [3mstage[0m[2m=[0m"trace.permutations_commit.start" [3mrss_mb[0m[2m=[0m264 [3mhwm_mb[0m[2m=[0m264
[2m2026-09-15T06:31:52.362496Z[0m [32m INFO[0m [2mmidnight_bench[0m[2m:[0m [3mstage[0m[2m=[0m"trace.permutations_commit.end" [3mrss_mb[0m[2m=[0m272 [3mhwm_mb[0m[2m=[0m272
[2m2026-09-15T06:31:52.362526Z[0m [32m INFO[0m [2mmidnight_bench[0m[2m:[0m [3mstage[0m[2m=[0m"trace.lookups_product.start" [3mrss_mb[0m[2m=[0m272 [3mhwm_mb[0m[2m=[0m272
[2m2026-09-15T06:31:52.413958Z[0m [32m INFO[0m [2mmidnight_bench[0m[2m:[0m [3mstage[0m[2m=[0m"trace.lookups_product.end" [3mrss_mb[0m[2m=[0m272 [3mhwm_mb[0m[2m=[0m272
[2m2026-09-15T06:31:52.438151Z[0m [32m INFO[0m [2mmidnight_bench[0m[2m:[0m [3mstage[0m[2m=[0m"create_proof.compute_trace.end" [3mrss_mb[0m[2m=[0m272 [3mhwm_mb[0m[2m=[0m272
[2m2026-09-15T06:31:52.438177Z[0m [32m INFO[0m [2mmidnight_bench[0m[2m:[0m [3mstage[0m[2m=[0m"create_proof.finalise_proof.start" [3mrss_mb[0m[2m=[0m272 [3mhwm_mb[0m[2m=[0m272
[2m2026-09-15T06:31:52.438185Z[0m [32m INFO[0m [2mmidnight_bench[0m[2m:[0m [3mstage[0m[2m=[0m"finalise.compute_h_poly.start" [3mrss_mb[0m[2m=[0m272 [3mhwm_mb[0m[2m=[0m272
[2m2026-09-15T06:31:52.452731Z[0m [32m INFO[0m [2mmidnight_bench[0m[2m:[0m [3mstage[0m[2m=[0m"finalise.compute_h_poly.materialise_fixed_cosets.start" [3mrss_mb[0m[2m=[0m272 [3mhwm_mb[0m[2m=[0m272
[2m2026-09-15T06:31:52.484227Z[0m [32m INFO[0m [2mmidnight_bench[0m[2m:[0m [3mstage[0m[2m=[0m"finalise.compute_h_poly.materialise_fixed_cosets.end" [3mrss_mb[0m[2m=[0m272 [3mhwm_mb[0m[2m=[0m272
[2m2026-09-15T06:31:52.484252Z[0m [32m INFO[0m [2mmidnight_bench[0m[2m:[0m [3mstage[0m[2m=[0m"finalise.compute_h_poly.materialise_perm_cosets.start" [3mrss_mb[0m[2m=[0m272 [3mhwm_mb[0m[2m=[0m272
[2m2026-09-15T06:31:52.496482Z[0m [32m INFO[0m [2mmidnight_bench[0m[2m:[0m [3mstage[0m[2m=[0m"finalise.compute_h_poly.materialise_perm_cosets.end" [3mrss_mb[0m[2m=[0m273 [3mhwm_mb[0m[2m=[0m273
[2m2026-09-15T06:31:52.616104Z[0m [32m INFO[0m [2mmidnight_bench[0m[2m:[0m [3mstage[0m[2m=[0m"finalise.compute_h_poly.drop_cosets.end" [3mrss_mb[0m[2m=[0m273 [3mhwm_mb[0m[2m=[0m273
[2m2026-09-15T06:31:52.616141Z[0m [32m INFO[0m [2mmidnight_bench[0m[2m:[0m [3mstage[0m[2m=[0m"finalise.compute_h_poly.end" [3mrss_mb[0m[2m=[0m273 [3mhwm_mb[0m[2m=[0m273
[2m2026-09-15T06:31:52.616149Z[0m [32m INFO[0m [2mmidnight_bench[0m[2m:[0m [3mstage[0m[2m=[0m"finalise.vanishing_construct.start" [3mrss_mb[0m[2m=[0m273 [3mhwm_mb[0m[2m=[0m273
[2m2026-09-15T06:31:52.725151Z[0m [32m INFO[0m [2mmidnight_bench[0m[2m:[0m [3mstage[0m[2m=[0m"finalise.vanishing_construct.end" [3mrss_mb[0m[2m=[0m273 [3mhwm_mb[0m[2m=[0m273
[2m2026-09-15T06:31:52.763558Z[0m [32m INFO[0m [2mmidnight_bench[0m[2m:[0m [3mstage[0m[2m=[0m"finalise.compute_queries.start" [3mrss_mb[0m[2m=[0m273 [3mhwm_mb[0m[2m=[0m273
[2m2026-09-15T06:31:52.763751Z[0m [32m INFO[0m [2mmidnight_bench[0m[2m:[0m [3mstage[0m[2m=[0m"finalise.multi_open.start" [3mrss_mb[0m[2m=[0m273 [3mhwm_mb[0m[2m=[0m273
[2m2026-09-15T06:31:52.885770Z[0m [32m INFO[0m [2mmidnight_bench[0m[2m:[0m [3mstage[0m[2m=[0m"finalise.multi_open.end" [3mrss_mb[0m[2m=[0m273 [3mhwm_mb[0m[2m=[0m273
[2m2026-09-15T06:31:52.886948Z[0m [32m INFO[0m [2mmidnight_bench[0m[2m:[0m [3mstage[0m[2m=[0m"create_proof.finalise_proof.end" [3mrss_mb[0m[2m=[0m251 [3mhwm_mb[0m[2m=[0m272
[2m2026-09-15T06:31:52.914072Z[0m [32m INFO[0m [2mactix_web::middleware::logger[0m[2m:[0m 192.168.65.1 POST /prove HTTP/1.1; took 0.743488s
[2m2026-09-15T06:31:52.916585Z[0m [32m INFO[0m [2mmidnight_proof_server::endpoints[0m[2m:[0m Starting to process request for /prove...
[2m2026-09-15T06:31:53.024602Z[0m [32m INFO[0m [2mmidnight_bench[0m[2m:[0m [3mstage[0m[2m=[0m"create_proof.compute_trace.start" [3mrss_mb[0m[2m=[0m269 [3mhwm_mb[0m[2m=[0m272
[2m2026-09-15T06:31:53.024672Z[0m [32m INFO[0m [2mmidnight_bench[0m[2m:[0m [3mstage[0m[2m=[0m"trace.compute_instances.start" [3mrss_mb[0m[2m=[0m269 [3mhwm_mb[0m[2m=[0m272
[2m2026-09-15T06:31:53.029868Z[0m [32m INFO[0m [2mmidnight_bench[0m[2m:[0m [3mstage[0m[2m=[0m"trace.compute_instances.end" [3mrss_mb[0m[2m=[0m269 [3mhwm_mb[0m[2m=[0m272
[2m2026-09-15T06:31:53.030006Z[0m [32m INFO[0m [2mmidnight_bench[0m[2m:[0m [3mstage[0m[2m=[0m"trace.parse_advices.start" [3mrss_mb[0m[2m=[0m269 [3mhwm_mb[0m[2m=[0m272
[2m2026-09-15T06:31:53.036963Z[0m [32m INFO[0m [2mmidnight_bench[0m[2m:[0m [3mstage[0m[2m=[0m"trace.parse_advices.end" [3mrss_mb[0m[2m=[0m274 [3mhwm_mb[0m[2m=[0m274
[2m2026-09-15T06:31:53.036988Z[0m [32m INFO[0m [2mmidnight_bench[0m[2m:[0m [3mstage[0m[2m=[0m"trace.lookups_permuted.start" [3mrss_mb[0m[2m=[0m274 [3mhwm_mb[0m[2m=[0m274
[2m2026-09-15T06:31:53.106419Z[0m [32m INFO[0m [2mmidnight_bench[0m[2m:[0m [3mstage[0m[2m=[0m"trace.lookups_permuted.end" [3mrss_mb[0m[2m=[0m280 [3mhwm_mb[0m[2m=[0m280
[2m2026-09-15T06:31:53.106446Z[0m [32m INFO[0m [2mmidnight_bench[0m[2m:[0m [3mstage[0m[2m=[0m"trace.permutations_commit.start" [3mrss_mb[0m[2m=[0m280 [3mhwm_mb[0m[2m=[0m280
[2m2026-09-15T06:31:53.189845Z[0m [32m INFO[0m [2mmidnight_bench[0m[2m:[0m [3mstage[0m[2m=[0m"trace.permutations_commit.end" [3mrss_mb[0m[2m=[0m287 [3mhwm_mb[0m[2m=[0m287
[2m2026-09-15T06:31:53.189897Z[0m [32m INFO[0m [2mmidnight_bench[0m[2m:[0m [3mstage[0m[2m=[0m"trace.lookups_product.start" [3mrss_mb[0m[2m=[0m287 [3mhwm_mb[0m[2m=[0m287
[2m2026-09-15T06:31:53.241267Z[0m [32m INFO[0m [2mmidnight_bench[0m[2m:[0m [3mstage[0m[2m=[0m"trace.lookups_product.end" [3mrss_mb[0m[2m=[0m288 [3mhwm_mb[0m[2m=[0m288
[2m2026-09-15T06:31:53.264969Z[0m [32m INFO[0m [2mmidnight_bench[0m[2m:[0m [3mstage[0m[2m=[0m"create_proof.compute_trace.end" [3mrss_mb[0m[2m=[0m288 [3mhwm_mb[0m[2m=[0m288
[2m2026-09-15T06:31:53.264998Z[0m [32m INFO[0m [2mmidnight_bench[0m[2m:[0m [3mstage[0m[2m=[0m"create_proof.finalise_proof.start" [3mrss_mb[0m[2m=[0m288 [3mhwm_mb[0m[2m=[0m288
[2m2026-09-15T06:31:53.265007Z[0m [32m INFO[0m [2mmidnight_bench[0m[2m:[0m [3mstage[0m[2m=[0m"finalise.compute_h_poly.start" [3mrss_mb[0m[2m=[0m288 [3mhwm_mb[0m[2m=[0m288
[2m2026-09-15T06:31:53.279921Z[0m [32m INFO[0m [2mmidnight_bench[0m[2m:[0m [3mstage[0m[2m=[0m"finalise.compute_h_poly.materialise_fixed_cosets.start" [3mrss_mb[0m[2m=[0m288 [3mhwm_mb[0m[2m=[0m288
[2m2026-09-15T06:31:53.307256Z[0m [32m INFO[0m [2mmidnight_bench[0m[2m:[0m [3mstage[0m[2m=[0m"finalise.compute_h_poly.materialise_fixed_cosets.end" [3mrss_mb[0m[2m=[0m289 [3mhwm_mb[0m[2m=[0m289
[2m2026-09-15T06:31:53.307283Z[0m [32m INFO[0m [2mmidnight_bench[0m[2m:[0m [3mstage[0m[2m=[0m"finalise.compute_h_poly.materialise_perm_cosets.start" [3mrss_mb[0m[2m=[0m289 [3mhwm_mb[0m[2m=[0m289
[2m2026-09-15T06:31:53.318523Z[0m [32m INFO[0m [2mmidnight_bench[0m[2m:[0m [3mstage[0m[2m=[0m"finalise.compute_h_poly.materialise_perm_cosets.end" [3mrss_mb[0m[2m=[0m290 [3mhwm_mb[0m[2m=[0m290
[2m2026-09-15T06:31:53.434505Z[0m [32m INFO[0m [2mmidnight_bench[0m[2m:[0m [3mstage[0m[2m=[0m"finalise.compute_h_poly.drop_cosets.end" [3mrss_mb[0m[2m=[0m291 [3mhwm_mb[0m[2m=[0m291
[2m2026-09-15T06:31:53.434545Z[0m [32m INFO[0m [2mmidnight_bench[0m[2m:[0m [3mstage[0m[2m=[0m"finalise.compute_h_poly.end" [3mrss_mb[0m[2m=[0m291 [3mhwm_mb[0m[2m=[0m291
[2m2026-09-15T06:31:53.434552Z[0m [32m INFO[0m [2mmidnight_bench[0m[2m:[0m [3mstage[0m[2m=[0m"finalise.vanishing_construct.start" [3mrss_mb[0m[2m=[0m291 [3mhwm_mb[0m[2m=[0m291
[2m2026-09-15T06:31:53.523047Z[0m [32m INFO[0m [2mmidnight_bench[0m[2m:[0m [3mstage[0m[2m=[0m"finalise.vanishing_construct.end" [3mrss_mb[0m[2m=[0m291 [3mhwm_mb[0m[2m=[0m291
[2m2026-09-15T06:31:53.556196Z[0m [32m INFO[0m [2mmidnight_bench[0m[2m:[0m [3mstage[0m[2m=[0m"finalise.compute_queries.start" [3mrss_mb[0m[2m=[0m291 [3mhwm_mb[0m[2m=[0m291
[2m2026-09-15T06:31:53.556288Z[0m [32m INFO[0m [2mmidnight_bench[0m[2m:[0m [3mstage[0m[2m=[0m"finalise.multi_open.start" [3mrss_mb[0m[2m=[0m291 [3mhwm_mb[0m[2m=[0m291
[2m2026-09-15T06:31:53.650981Z[0m [32m INFO[0m [2mmidnight_bench[0m[2m:[0m [3mstage[0m[2m=[0m"finalise.multi_open.end" [3mrss_mb[0m[2m=[0m291 [3mhwm_mb[0m[2m=[0m291
[2m2026-09-15T06:31:53.651592Z[0m [32m INFO[0m [2mmidnight_bench[0m[2m:[0m [3mstage[0m[2m=[0m"create_proof.finalise_proof.end" [3mrss_mb[0m[2m=[0m268 [3mhwm_mb[0m[2m=[0m290
[2m2026-09-15T06:31:53.666970Z[0m [32m INFO[0m [2mactix_web::middleware::logger[0m[2m:[0m 192.168.65.1 POST /prove HTTP/1.1; took 0.750416s
[2m2026-09-15T06:31:53.668675Z[0m [32m INFO[0m [2mmidnight_proof_server::endpoints[0m[2m:[0m Starting to process request for /prove...
[2m2026-09-15T06:31:53.748236Z[0m [32m INFO[0m [2mmidnight_bench[0m[2m:[0m [3mstage[0m[2m=[0m"create_proof.compute_trace.start" [3mrss_mb[0m[2m=[0m282 [3mhwm_mb[0m[2m=[0m290
[2m2026-09-15T06:31:53.748266Z[0m [32m INFO[0m [2mmidnight_bench[0m[2m:[0m [3mstage[0m[2m=[0m"trace.compute_instances.start" [3mrss_mb[0m[2m=[0m282 [3mhwm_mb[0m[2m=[0m290
[2m2026-09-15T06:31:53.752725Z[0m [32m INFO[0m [2mmidnight_bench[0m[2m:[0m [3mstage[0m[2m=[0m"trace.compute_instances.end" [3mrss_mb[0m[2m=[0m282 [3mhwm_mb[0m[2m=[0m290
[2m2026-09-15T06:31:53.752748Z[0m [32m INFO[0m [2mmidnight_bench[0m[2m:[0m [3mstage[0m[2m=[0m"trace.parse_advices.start" [3mrss_mb[0m[2m=[0m282 [3mhwm_mb[0m[2m=[0m290
[2m2026-09-15T06:31:53.758644Z[0m [32m INFO[0m [2mmidnight_bench[0m[2m:[0m [3mstage[0m[2m=[0m"trace.parse_advices.end" [3mrss_mb[0m[2m=[0m287 [3mhwm_mb[0m[2m=[0m290
[2m2026-09-15T06:31:53.758663Z[0m [32m INFO[0m [2mmidnight_bench[0m[2m:[0m [3mstage[0m[2m=[0m"trace.lookups_permuted.start" [3mrss_mb[0m[2m=[0m287 [3mhwm_mb[0m[2m=[0m290
[2m2026-09-15T06:31:53.802316Z[0m [32m INFO[0m [2mmidnight_bench[0m[2m:[0m [3mstage[0m[2m=[0m"trace.lookups_permuted.end" [3mrss_mb[0m[2m=[0m292 [3mhwm_mb[0m[2m=[0m292
[2m2026-09-15T06:31:53.802341Z[0m [32m INFO[0m [2mmidnight_bench[0m[2m:[0m [3mstage[0m[2m=[0m"trace.permutations_commit.start" [3mrss_mb[0m[2m=[0m292 [3mhwm_mb[0m[2m=[0m292
[2m2026-09-15T06:31:53.870662Z[0m [32m INFO[0m [2mmidnight_bench[0m[2m:[0m [3mstage[0m[2m=[0m"trace.permutations_commit.end" [3mrss_mb[0m[2m=[0m300 [3mhwm_mb[0m[2m=[0m300
[2m2026-09-15T06:31:53.870688Z[0m [32m INFO[0m [2mmidnight_bench[0m[2m:[0m [3mstage[0m[2m=[0m"trace.lookups_product.start" [3mrss_mb[0m[2m=[0m300 [3mhwm_mb[0m[2m=[0m300
[2m2026-09-15T06:31:53.920616Z[0m [32m INFO[0m [2mmidnight_bench[0m[2m:[0m [3mstage[0m[2m=[0m"trace.lookups_product.end" [3mrss_mb[0m[2m=[0m301 [3mhwm_mb[0m[2m=[0m301
[2m2026-09-15T06:31:53.946519Z[0m [32m INFO[0m [2mmidnight_bench[0m[2m:[0m [3mstage[0m[2m=[0m"create_proof.compute_trace.end" [3mrss_mb[0m[2m=[0m301 [3mhwm_mb[0m[2m=[0m301
[2m2026-09-15T06:31:53.946545Z[0m [32m INFO[0m [2mmidnight_bench[0m[2m:[0m [3mstage[0m[2m=[0m"create_proof.finalise_proof.start" [3mrss_mb[0m[2m=[0m301 [3mhwm_mb[0m[2m=[0m301
[2m2026-09-15T06:31:53.946553Z[0m [32m INFO[0m [2mmidnight_bench[0m[2m:[0m [3mstage[0m[2m=[0m"finalise.compute_h_poly.start" [3mrss_mb[0m[2m=[0m301 [3mhwm_mb[0m[2m=[0m301
[2m2026-09-15T06:31:53.963911Z[0m [32m INFO[0m [2mmidnight_bench[0m[2m:[0m [3mstage[0m[2m=[0m"finalise.compute_h_poly.materialise_fixed_cosets.start" [3mrss_mb[0m[2m=[0m301 [3mhwm_mb[0m[2m=[0m301
[2m2026-09-15T06:31:53.993696Z[0m [32m INFO[0m [2mmidnight_bench[0m[2m:[0m [3mstage[0m[2m=[0m"finalise.compute_h_poly.materialise_fixed_cosets.end" [3mrss_mb[0m[2m=[0m301 [3mhwm_mb[0m[2m=[0m301
[2m2026-09-15T06:31:53.993722Z[0m [32m INFO[0m [2mmidnight_bench[0m[2m:[0m [3mstage[0m[2m=[0m"finalise.compute_h_poly.materialise_perm_cosets.start" [3mrss_mb[0m[2m=[0m301 [3mhwm_mb[0m[2m=[0m301
[2m2026-09-15T06:31:54.008352Z[0m [32m INFO[0m [2mmidnight_bench[0m[2m:[0m [3mstage[0m[2m=[0m"finalise.compute_h_poly.materialise_perm_cosets.end" [3mrss_mb[0m[2m=[0m301 [3mhwm_mb[0m[2m=[0m301
[2m2026-09-15T06:31:54.135847Z[0m [32m INFO[0m [2mmidnight_bench[0m[2m:[0m [3mstage[0m[2m=[0m"finalise.compute_h_poly.drop_cosets.end" [3mrss_mb[0m[2m=[0m301 [3mhwm_mb[0m[2m=[0m301
[2m2026-09-15T06:31:54.135879Z[0m [32m INFO[0m [2mmidnight_bench[0m[2m:[0m [3mstage[0m[2m=[0m"finalise.compute_h_poly.end" [3mrss_mb[0m[2m=[0m301 [3mhwm_mb[0m[2m=[0m301
[2m2026-09-15T06:31:54.135886Z[0m [32m INFO[0m [2mmidnight_bench[0m[2m:[0m [3mstage[0m[2m=[0m"finalise.vanishing_construct.start" [3mrss_mb[0m[2m=[0m301 [3mhwm_mb[0m[2m=[0m301
[2m2026-09-15T06:31:54.219773Z[0m [32m INFO[0m [2mmidnight_bench[0m[2m:[0m [3mstage[0m[2m=[0m"finalise.vanishing_construct.end" [3mrss_mb[0m[2m=[0m301 [3mhwm_mb[0m[2m=[0m301
[2m2026-09-15T06:31:54.246587Z[0m [32m INFO[0m [2mmidnight_bench[0m[2m:[0m [3mstage[0m[2m=[0m"finalise.compute_queries.start" [3mrss_mb[0m[2m=[0m301 [3mhwm_mb[0m[2m=[0m301
[2m2026-09-15T06:31:54.246682Z[0m [32m INFO[0m [2mmidnight_bench[0m[2m:[0m [3mstage[0m[2m=[0m"finalise.multi_open.start" [3mrss_mb[0m[2m=[0m301 [3mhwm_mb[0m[2m=[0m301
[2m2026-09-15T06:31:54.336982Z[0m [32m INFO[0m [2mmidnight_bench[0m[2m:[0m [3mstage[0m[2m=[0m"finalise.multi_open.end" [3mrss_mb[0m[2m=[0m301 [3mhwm_mb[0m[2m=[0m301
[2m2026-09-15T06:31:54.337634Z[0m [32m INFO[0m [2mmidnight_bench[0m[2m:[0m [3mstage[0m[2m=[0m"create_proof.finalise_proof.end" [3mrss_mb[0m[2m=[0m279 [3mhwm_mb[0m[2m=[0m300
[2m2026-09-15T06:31:54.353062Z[0m [32m INFO[0m [2mactix_web::middleware::logger[0m[2m:[0m 192.168.65.1 POST /prove HTTP/1.1; took 0.684404s
[2m2026-09-15T06:31:54.354532Z[0m [32m INFO[0m [2mmidnight_proof_server::endpoints[0m[2m:[0m Starting to process request for /prove...
[2m2026-09-15T06:31:54.420826Z[0m [32m INFO[0m [2mmidnight_bench[0m[2m:[0m [3mstage[0m[2m=[0m"create_proof.compute_trace.start" [3mrss_mb[0m[2m=[0m273 [3mhwm_mb[0m[2m=[0m300
[2m2026-09-15T06:31:54.420851Z[0m [32m INFO[0m [2mmidnight_bench[0m[2m:[0m [3mstage[0m[2m=[0m"trace.compute_instances.start" [3mrss_mb[0m[2m=[0m273 [3mhwm_mb[0m[2m=[0m300
[2m2026-09-15T06:31:54.426724Z[0m [32m INFO[0m [2mmidnight_bench[0m[2m:[0m [3mstage[0m[2m=[0m"trace.compute_instances.end" [3mrss_mb[0m[2m=[0m273 [3mhwm_mb[0m[2m=[0m300
[2m2026-09-15T06:31:54.426743Z[0m [32m INFO[0m [2mmidnight_bench[0m[2m:[0m [3mstage[0m[2m=[0m"trace.parse_advices.start" [3mrss_mb[0m[2m=[0m273 [3mhwm_mb[0m[2m=[0m300
[2m2026-09-15T06:31:54.432314Z[0m [32m INFO[0m [2mmidnight_bench[0m[2m:[0m [3mstage[0m[2m=[0m"trace.parse_advices.end" [3mrss_mb[0m[2m=[0m278 [3mhwm_mb[0m[2m=[0m300
[2m2026-09-15T06:31:54.432337Z[0m [32m INFO[0m [2mmidnight_bench[0m[2m:[0m [3mstage[0m[2m=[0m"trace.lookups_permuted.start" [3mrss_mb[0m[2m=[0m278 [3mhwm_mb[0m[2m=[0m300
[2m2026-09-15T06:31:54.474775Z[0m [32m INFO[0m [2mmidnight_bench[0m[2m:[0m [3mstage[0m[2m=[0m"trace.lookups_permuted.end" [3mrss_mb[0m[2m=[0m283 [3mhwm_mb[0m[2m=[0m300
[2m2026-09-15T06:31:54.474800Z[0m [32m INFO[0m [2mmidnight_bench[0m[2m:[0m [3mstage[0m[2m=[0m"trace.permutations_commit.start" [3mrss_mb[0m[2m=[0m283 [3mhwm_mb[0m[2m=[0m300
[2m2026-09-15T06:31:54.543064Z[0m [32m INFO[0m [2mmidnight_bench[0m[2m:[0m [3mstage[0m[2m=[0m"trace.permutations_commit.end" [3mrss_mb[0m[2m=[0m291 [3mhwm_mb[0m[2m=[0m300
[2m2026-09-15T06:31:54.543102Z[0m [32m INFO[0m [2mmidnight_bench[0m[2m:[0m [3mstage[0m[2m=[0m"trace.lookups_product.start" [3mrss_mb[0m[2m=[0m291 [3mhwm_mb[0m[2m=[0m300
[2m2026-09-15T06:31:54.594483Z[0m [32m INFO[0m [2mmidnight_bench[0m[2m:[0m [3mstage[0m[2m=[0m"trace.lookups_product.end" [3mrss_mb[0m[2m=[0m291 [3mhwm_mb[0m[2m=[0m300
[2m2026-09-15T06:31:54.618163Z[0m [32m INFO[0m [2mmidnight_bench[0m[2m:[0m [3mstage[0m[2m=[0m"create_proof.compute_trace.end" [3mrss_mb[0m[2m=[0m291 [3mhwm_mb[0m[2m=[0m300
[2m2026-09-15T06:31:54.618191Z[0m [32m INFO[0m [2mmidnight_bench[0m[2m:[0m [3mstage[0m[2m=[0m"create_proof.finalise_proof.start" [3mrss_mb[0m[2m=[0m291 [3mhwm_mb[0m[2m=[0m300
[2m2026-09-15T06:31:54.618200Z[0m [32m INFO[0m [2mmidnight_bench[0m[2m:[0m [3mstage[0m[2m=[0m"finalise.compute_h_poly.start" [3mrss_mb[0m[2m=[0m291 [3mhwm_mb[0m[2m=[0m300
[2m2026-09-15T06:31:54.632503Z[0m [32m INFO[0m [2mmidnight_bench[0m[2m:[0m [3mstage[0m[2m=[0m"finalise.compute_h_poly.materialise_fixed_cosets.start" [3mrss_mb[0m[2m=[0m291 [3mhwm_mb[0m[2m=[0m300
[2m2026-09-15T06:31:54.655451Z[0m [32m INFO[0m [2mmidnight_bench[0m[2m:[0m [3mstage[0m[2m=[0m"finalise.compute_h_poly.materialise_fixed_cosets.end" [3mrss_mb[0m[2m=[0m291 [3mhwm_mb[0m[2m=[0m300
[2m2026-09-15T06:31:54.655467Z[0m [32m INFO[0m [2mmidnight_bench[0m[2m:[0m [3mstage[0m[2m=[0m"finalise.compute_h_poly.materialise_perm_cosets.start" [3mrss_mb[0m[2m=[0m291 [3mhwm_mb[0m[2m=[0m300
[2m2026-09-15T06:31:54.667879Z[0m [32m INFO[0m [2mmidnight_bench[0m[2m:[0m [3mstage[0m[2m=[0m"finalise.compute_h_poly.materialise_perm_cosets.end" [3mrss_mb[0m[2m=[0m292 [3mhwm_mb[0m[2m=[0m300
[2m2026-09-15T06:31:54.793492Z[0m [32m INFO[0m [2mmidnight_bench[0m[2m:[0m [3mstage[0m[2m=[0m"finalise.compute_h_poly.drop_cosets.end" [3mrss_mb[0m[2m=[0m292 [3mhwm_mb[0m[2m=[0m300
[2m2026-09-15T06:31:54.793523Z[0m [32m INFO[0m [2mmidnight_bench[0m[2m:[0m [3mstage[0m[2m=[0m"finalise.compute_h_poly.end" [3mrss_mb[0m[2m=[0m292 [3mhwm_mb[0m[2m=[0m300
[2m2026-09-15T06:31:54.793531Z[0m [32m INFO[0m [2mmidnight_bench[0m[2m:[0m [3mstage[0m[2m=[0m"finalise.vanishing_construct.start" [3mrss_mb[0m[2m=[0m292 [3mhwm_mb[0m[2m=[0m300
[2m2026-09-15T06:31:54.883455Z[0m [32m INFO[0m [2mmidnight_bench[0m[2m:[0m [3mstage[0m[2m=[0m"finalise.vanishing_construct.end" [3mrss_mb[0m[2m=[0m292 [3mhwm_mb[0m[2m=[0m300
[2m2026-09-15T06:31:54.910430Z[0m [32m INFO[0m [2mmidnight_bench[0m[2m:[0m [3mstage[0m[2m=[0m"finalise.compute_queries.start" [3mrss_mb[0m[2m=[0m292 [3mhwm_mb[0m[2m=[0m300
[2m2026-09-15T06:31:54.910514Z[0m [32m INFO[0m [2mmidnight_bench[0m[2m:[0m [3mstage[0m[2m=[0m"finalise.multi_open.start" [3mrss_mb[0m[2m=[0m292 [3mhwm_mb[0m[2m=[0m300
[2m2026-09-15T06:31:55.002836Z[0m [32m INFO[0m [2mmidnight_bench[0m[2m:[0m [3mstage[0m[2m=[0m"finalise.multi_open.end" [3mrss_mb[0m[2m=[0m292 [3mhwm_mb[0m[2m=[0m300
[2m2026-09-15T06:31:55.003650Z[0m [32m INFO[0m [2mmidnight_bench[0m[2m:[0m [3mstage[0m[2m=[0m"create_proof.finalise_proof.end" [3mrss_mb[0m[2m=[0m270 [3mhwm_mb[0m[2m=[0m300
[2m2026-09-15T06:31:55.020032Z[0m [32m INFO[0m [2mactix_web::middleware::logger[0m[2m:[0m 192.168.65.1 POST /prove HTTP/1.1; took 0.665517s
[2m2026-09-15T06:31:55.021871Z[0m [32m INFO[0m [2mmidnight_proof_server::endpoints[0m[2m:[0m Starting to process request for /prove...
[2m2026-09-15T06:31:55.095190Z[0m [32m INFO[0m [2mmidnight_bench[0m[2m:[0m [3mstage[0m[2m=[0m"create_proof.compute_trace.start" [3mrss_mb[0m[2m=[0m288 [3mhwm_mb[0m[2m=[0m300
[2m2026-09-15T06:31:55.095220Z[0m [32m INFO[0m [2mmidnight_bench[0m[2m:[0m [3mstage[0m[2m=[0m"trace.compute_instances.start" [3mrss_mb[0m[2m=[0m288 [3mhwm_mb[0m[2m=[0m300
[2m2026-09-15T06:31:55.100665Z[0m [32m INFO[0m [2mmidnight_bench[0m[2m:[0m [3mstage[0m[2m=[0m"trace.compute_instances.end" [3mrss_mb[0m[2m=[0m288 [3mhwm_mb[0m[2m=[0m300
[2m2026-09-15T06:31:55.100683Z[0m [32m INFO[0m [2mmidnight_bench[0m[2m:[0m [3mstage[0m[2m=[0m"trace.parse_advices.start" [3mrss_mb[0m[2m=[0m288 [3mhwm_mb[0m[2m=[0m300
[2m2026-09-15T06:31:55.106564Z[0m [32m INFO[0m [2mmidnight_bench[0m[2m:[0m [3mstage[0m[2m=[0m"trace.parse_advices.end" [3mrss_mb[0m[2m=[0m292 [3mhwm_mb[0m[2m=[0m300
[2m2026-09-15T06:31:55.106584Z[0m [32m INFO[0m [2mmidnight_bench[0m[2m:[0m [3mstage[0m[2m=[0m"trace.lookups_permuted.start" [3mrss_mb[0m[2m=[0m292 [3mhwm_mb[0m[2m=[0m300
[2m2026-09-15T06:31:55.151667Z[0m [32m INFO[0m [2mmidnight_bench[0m[2m:[0m [3mstage[0m[2m=[0m"trace.lookups_permuted.end" [3mrss_mb[0m[2m=[0m298 [3mhwm_mb[0m[2m=[0m300
[2m2026-09-15T06:31:55.151698Z[0m [32m INFO[0m [2mmidnight_bench[0m[2m:[0m [3mstage[0m[2m=[0m"trace.permutations_commit.start" [3mrss_mb[0m[2m=[0m298 [3mhwm_mb[0m[2m=[0m300
[2m2026-09-15T06:31:55.226163Z[0m [32m INFO[0m [2mmidnight_bench[0m[2m:[0m [3mstage[0m[2m=[0m"trace.permutations_commit.end" [3mrss_mb[0m[2m=[0m305 [3mhwm_mb[0m[2m=[0m305
[2m2026-09-15T06:31:55.226186Z[0m [32m INFO[0m [2mmidnight_bench[0m[2m:[0m [3mstage[0m[2m=[0m"trace.lookups_product.start" [3mrss_mb[0m[2m=[0m305 [3mhwm_mb[0m[2m=[0m305
[2m2026-09-15T06:31:55.277757Z[0m [32m INFO[0m [2mmidnight_bench[0m[2m:[0m [3mstage[0m[2m=[0m"trace.lookups_product.end" [3mrss_mb[0m[2m=[0m305 [3mhwm_mb[0m[2m=[0m305
[2m2026-09-15T06:31:55.301618Z[0m [32m INFO[0m [2mmidnight_bench[0m[2m:[0m [3mstage[0m[2m=[0m"create_proof.compute_trace.end" [3mrss_mb[0m[2m=[0m306 [3mhwm_mb[0m[2m=[0m306
[2m2026-09-15T06:31:55.301644Z[0m [32m INFO[0m [2mmidnight_bench[0m[2m:[0m [3mstage[0m[2m=[0m"create_proof.finalise_proof.start" [3mrss_mb[0m[2m=[0m306 [3mhwm_mb[0m[2m=[0m306
[2m2026-09-15T06:31:55.301652Z[0m [32m INFO[0m [2mmidnight_bench[0m[2m:[0m [3mstage[0m[2m=[0m"finalise.compute_h_poly.start" [3mrss_mb[0m[2m=[0m306 [3mhwm_mb[0m[2m=[0m306
[2m2026-09-15T06:31:55.316410Z[0m [32m INFO[0m [2mmidnight_bench[0m[2m:[0m [3mstage[0m[2m=[0m"finalise.compute_h_poly.materialise_fixed_cosets.start" [3mrss_mb[0m[2m=[0m306 [3mhwm_mb[0m[2m=[0m306
[2m2026-09-15T06:31:55.339961Z[0m [32m INFO[0m [2mmidnight_bench[0m[2m:[0m [3mstage[0m[2m=[0m"finalise.compute_h_poly.materialise_fixed_cosets.end" [3mrss_mb[0m[2m=[0m306 [3mhwm_mb[0m[2m=[0m306
[2m2026-09-15T06:31:55.339993Z[0m [32m INFO[0m [2mmidnight_bench[0m[2m:[0m [3mstage[0m[2m=[0m"finalise.compute_h_poly.materialise_perm_cosets.start" [3mrss_mb[0m[2m=[0m306 [3mhwm_mb[0m[2m=[0m306
[2m2026-09-15T06:31:55.353312Z[0m [32m INFO[0m [2mmidnight_bench[0m[2m:[0m [3mstage[0m[2m=[0m"finalise.compute_h_poly.materialise_perm_cosets.end" [3mrss_mb[0m[2m=[0m306 [3mhwm_mb[0m[2m=[0m306
[2m2026-09-15T06:31:55.481162Z[0m [32m INFO[0m [2mmidnight_bench[0m[2m:[0m [3mstage[0m[2m=[0m"finalise.compute_h_poly.drop_cosets.end" [3mrss_mb[0m[2m=[0m306 [3mhwm_mb[0m[2m=[0m306
[2m2026-09-15T06:31:55.481198Z[0m [32m INFO[0m [2mmidnight_bench[0m[2m:[0m [3mstage[0m[2m=[0m"finalise.compute_h_poly.end" [3mrss_mb[0m[2m=[0m306 [3mhwm_mb[0m[2m=[0m306
[2m2026-09-15T06:31:55.481206Z[0m [32m INFO[0m [2mmidnight_bench[0m[2m:[0m [3mstage[0m[2m=[0m"finalise.vanishing_construct.start" [3mrss_mb[0m[2m=[0m306 [3mhwm_mb[0m[2m=[0m306
[2m2026-09-15T06:31:55.565987Z[0m [32m INFO[0m [2mmidnight_bench[0m[2m:[0m [3mstage[0m[2m=[0m"finalise.vanishing_construct.end" [3mrss_mb[0m[2m=[0m306 [3mhwm_mb[0m[2m=[0m306
[2m2026-09-15T06:31:55.592562Z[0m [32m INFO[0m [2mmidnight_bench[0m[2m:[0m [3mstage[0m[2m=[0m"finalise.compute_queries.start" [3mrss_mb[0m[2m=[0m306 [3mhwm_mb[0m[2m=[0m306
[2m2026-09-15T06:31:55.592658Z[0m [32m INFO[0m [2mmidnight_bench[0m[2m:[0m [3mstage[0m[2m=[0m"finalise.multi_open.start" [3mrss_mb[0m[2m=[0m306 [3mhwm_mb[0m[2m=[0m306
[2m2026-09-15T06:31:55.682965Z[0m [32m INFO[0m [2mmidnight_bench[0m[2m:[0m [3mstage[0m[2m=[0m"finalise.multi_open.end" [3mrss_mb[0m[2m=[0m306 [3mhwm_mb[0m[2m=[0m306
[2m2026-09-15T06:31:55.683677Z[0m [32m INFO[0m [2mmidnight_bench[0m[2m:[0m [3mstage[0m[2m=[0m"create_proof.finalise_proof.end" [3mrss_mb[0m[2m=[0m284 [3mhwm_mb[0m[2m=[0m305
[2m2026-09-15T06:31:55.698847Z[0m [32m INFO[0m [2mactix_web::middleware::logger[0m[2m:[0m 192.168.65.1 POST /prove HTTP/1.1; took 0.676996s
[2m2026-09-15T06:31:55.700535Z[0m [32m INFO[0m [2mmidnight_proof_server::endpoints[0m[2m:[0m Starting to process request for /prove...
[2m2026-09-15T06:31:55.780351Z[0m [32m INFO[0m [2mmidnight_bench[0m[2m:[0m [3mstage[0m[2m=[0m"create_proof.compute_trace.start" [3mrss_mb[0m[2m=[0m297 [3mhwm_mb[0m[2m=[0m305
[2m2026-09-15T06:31:55.780379Z[0m [32m INFO[0m [2mmidnight_bench[0m[2m:[0m [3mstage[0m[2m=[0m"trace.compute_instances.start" [3mrss_mb[0m[2m=[0m297 [3mhwm_mb[0m[2m=[0m305
[2m2026-09-15T06:31:55.785593Z[0m [32m INFO[0m [2mmidnight_bench[0m[2m:[0m [3mstage[0m[2m=[0m"trace.compute_instances.end" [3mrss_mb[0m[2m=[0m297 [3mhwm_mb[0m[2m=[0m305
[2m2026-09-15T06:31:55.785613Z[0m [32m INFO[0m [2mmidnight_bench[0m[2m:[0m [3mstage[0m[2m=[0m"trace.parse_advices.start" [3mrss_mb[0m[2m=[0m297 [3mhwm_mb[0m[2m=[0m305
[2m2026-09-15T06:31:55.791337Z[0m [32m INFO[0m [2mmidnight_bench[0m[2m:[0m [3mstage[0m[2m=[0m"trace.parse_advices.end" [3mrss_mb[0m[2m=[0m302 [3mhwm_mb[0m[2m=[0m305
[2m2026-09-15T06:31:55.791353Z[0m [32m INFO[0m [2mmidnight_bench[0m[2m:[0m [3mstage[0m[2m=[0m"trace.lookups_permuted.start" [3mrss_mb[0m[2m=[0m302 [3mhwm_mb[0m[2m=[0m305
[2m2026-09-15T06:31:55.836537Z[0m [32m INFO[0m [2mmidnight_bench[0m[2m:[0m [3mstage[0m[2m=[0m"trace.lookups_permuted.end" [3mrss_mb[0m[2m=[0m308 [3mhwm_mb[0m[2m=[0m308
[2m2026-09-15T06:31:55.836564Z[0m [32m INFO[0m [2mmidnight_bench[0m[2m:[0m [3mstage[0m[2m=[0m"trace.permutations_commit.start" [3mrss_mb[0m[2m=[0m308 [3mhwm_mb[0m[2m=[0m308
[2m2026-09-15T06:31:55.901967Z[0m [32m INFO[0m [2mmidnight_bench[0m[2m:[0m [3mstage[0m[2m=[0m"trace.permutations_commit.end" [3mrss_mb[0m[2m=[0m315 [3mhwm_mb[0m[2m=[0m315
[2m2026-09-15T06:31:55.901993Z[0m [32m INFO[0m [2mmidnight_bench[0m[2m:[0m [3mstage[0m[2m=[0m"trace.lookups_product.start" [3mrss_mb[0m[2m=[0m315 [3mhwm_mb[0m[2m=[0m315
[2m2026-09-15T06:31:55.954388Z[0m [32m INFO[0m [2mmidnight_bench[0m[2m:[0m [3mstage[0m[2m=[0m"trace.lookups_product.end" [3mrss_mb[0m[2m=[0m315 [3mhwm_mb[0m[2m=[0m315
[2m2026-09-15T06:31:55.980668Z[0m [32m INFO[0m [2mmidnight_bench[0m[2m:[0m [3mstage[0m[2m=[0m"create_proof.compute_trace.end" [3mrss_mb[0m[2m=[0m315 [3mhwm_mb[0m[2m=[0m315
[2m2026-09-15T06:31:55.980700Z[0m [32m INFO[0m [2mmidnight_bench[0m[2m:[0m [3mstage[0m[2m=[0m"create_proof.finalise_proof.start" [3mrss_mb[0m[2m=[0m315 [3mhwm_mb[0m[2m=[0m315
[2m2026-09-15T06:31:55.980708Z[0m [32m INFO[0m [2mmidnight_bench[0m[2m:[0m [3mstage[0m[2m=[0m"finalise.compute_h_poly.start" [3mrss_mb[0m[2m=[0m315 [3mhwm_mb[0m[2m=[0m315
[2m2026-09-15T06:31:55.994577Z[0m [32m INFO[0m [2mmidnight_bench[0m[2m:[0m [3mstage[0m[2m=[0m"finalise.compute_h_poly.materialise_fixed_cosets.start" [3mrss_mb[0m[2m=[0m315 [3mhwm_mb[0m[2m=[0m315
[2m2026-09-15T06:31:56.018711Z[0m [32m INFO[0m [2mmidnight_bench[0m[2m:[0m [3mstage[0m[2m=[0m"finalise.compute_h_poly.materialise_fixed_cosets.end" [3mrss_mb[0m[2m=[0m317 [3mhwm_mb[0m[2m=[0m317
[2m2026-09-15T06:31:56.018739Z[0m [32m INFO[0m [2mmidnight_bench[0m[2m:[0m [3mstage[0m[2m=[0m"finalise.compute_h_poly.materialise_perm_cosets.start" [3mrss_mb[0m[2m=[0m317 [3mhwm_mb[0m[2m=[0m317
[2m2026-09-15T06:31:56.031054Z[0m [32m INFO[0m [2mmidnight_bench[0m[2m:[0m [3mstage[0m[2m=[0m"finalise.compute_h_poly.materialise_perm_cosets.end" [3mrss_mb[0m[2m=[0m319 [3mhwm_mb[0m[2m=[0m319
[2m2026-09-15T06:31:56.155651Z[0m [32m INFO[0m [2mmidnight_bench[0m[2m:[0m [3mstage[0m[2m=[0m"finalise.compute_h_poly.drop_cosets.end" [3mrss_mb[0m[2m=[0m319 [3mhwm_mb[0m[2m=[0m319
[2m2026-09-15T06:31:56.155685Z[0m [32m INFO[0m [2mmidnight_bench[0m[2m:[0m [3mstage[0m[2m=[0m"finalise.compute_h_poly.end" [3mrss_mb[0m[2m=[0m319 [3mhwm_mb[0m[2m=[0m319
[2m2026-09-15T06:31:56.155692Z[0m [32m INFO[0m [2mmidnight_bench[0m[2m:[0m [3mstage[0m[2m=[0m"finalise.vanishing_construct.start" [3mrss_mb[0m[2m=[0m319 [3mhwm_mb[0m[2m=[0m319
[2m2026-09-15T06:31:56.242405Z[0m [32m INFO[0m [2mmidnight_bench[0m[2m:[0m [3mstage[0m[2m=[0m"finalise.vanishing_construct.end" [3mrss_mb[0m[2m=[0m319 [3mhwm_mb[0m[2m=[0m319
[2m2026-09-15T06:31:56.270312Z[0m [32m INFO[0m [2mmidnight_bench[0m[2m:[0m [3mstage[0m[2m=[0m"finalise.compute_queries.start" [3mrss_mb[0m[2m=[0m319 [3mhwm_mb[0m[2m=[0m319
[2m2026-09-15T06:31:56.270404Z[0m [32m INFO[0m [2mmidnight_bench[0m[2m:[0m [3mstage[0m[2m=[0m"finalise.multi_open.start" [3mrss_mb[0m[2m=[0m319 [3mhwm_mb[0m[2m=[0m319
[2m2026-09-15T06:31:56.481803Z[0m [32m INFO[0m [2mmidnight_bench[0m[2m:[0m [3mstage[0m[2m=[0m"finalise.multi_open.end" [3mrss_mb[0m[2m=[0m319 [3mhwm_mb[0m[2m=[0m319
[2m2026-09-15T06:31:56.482447Z[0m [32m INFO[0m [2mmidnight_bench[0m[2m:[0m [3mstage[0m[2m=[0m"create_proof.finalise_proof.end" [3mrss_mb[0m[2m=[0m297 [3mhwm_mb[0m[2m=[0m318
[2m2026-09-15T06:31:56.499219Z[0m [32m INFO[0m [2mactix_web::middleware::logger[0m[2m:[0m 192.168.65.1 POST /prove HTTP/1.1; took 0.798701s
[2m2026-09-15T06:31:56.500626Z[0m [32m INFO[0m [2mmidnight_proof_server::endpoints[0m[2m:[0m Starting to process request for /prove...
[2m2026-09-15T06:31:56.579994Z[0m [32m INFO[0m [2mmidnight_bench[0m[2m:[0m [3mstage[0m[2m=[0m"create_proof.compute_trace.start" [3mrss_mb[0m[2m=[0m316 [3mhwm_mb[0m[2m=[0m318
[2m2026-09-15T06:31:56.580025Z[0m [32m INFO[0m [2mmidnight_bench[0m[2m:[0m [3mstage[0m[2m=[0m"trace.compute_instances.start" [3mrss_mb[0m[2m=[0m316 [3mhwm_mb[0m[2m=[0m318
[2m2026-09-15T06:31:56.585421Z[0m [32m INFO[0m [2mmidnight_bench[0m[2m:[0m [3mstage[0m[2m=[0m"trace.compute_instances.end" [3mrss_mb[0m[2m=[0m316 [3mhwm_mb[0m[2m=[0m318
[2m2026-09-15T06:31:56.585442Z[0m [32m INFO[0m [2mmidnight_bench[0m[2m:[0m [3mstage[0m[2m=[0m"trace.parse_advices.start" [3mrss_mb[0m[2m=[0m316 [3mhwm_mb[0m[2m=[0m318
[2m2026-09-15T06:31:56.591485Z[0m [32m INFO[0m [2mmidnight_bench[0m[2m:[0m [3mstage[0m[2m=[0m"trace.parse_advices.end" [3mrss_mb[0m[2m=[0m320 [3mhwm_mb[0m[2m=[0m320
[2m2026-09-15T06:31:56.591508Z[0m [32m INFO[0m [2mmidnight_bench[0m[2m:[0m [3mstage[0m[2m=[0m"trace.lookups_permuted.start" [3mrss_mb[0m[2m=[0m320 [3mhwm_mb[0m[2m=[0m320
[2m2026-09-15T06:31:56.638968Z[0m [32m INFO[0m [2mmidnight_bench[0m[2m:[0m [3mstage[0m[2m=[0m"trace.lookups_permuted.end" [3mrss_mb[0m[2m=[0m326 [3mhwm_mb[0m[2m=[0m326
[2m2026-09-15T06:31:56.639000Z[0m [32m INFO[0m [2mmidnight_bench[0m[2m:[0m [3mstage[0m[2m=[0m"trace.permutations_commit.start" [3mrss_mb[0m[2m=[0m326 [3mhwm_mb[0m[2m=[0m326
[2m2026-09-15T06:31:56.707125Z[0m [32m INFO[0m [2mmidnight_bench[0m[2m:[0m [3mstage[0m[2m=[0m"trace.permutations_commit.end" [3mrss_mb[0m[2m=[0m333 [3mhwm_mb[0m[2m=[0m333
[2m2026-09-15T06:31:56.707150Z[0m [32m INFO[0m [2mmidnight_bench[0m[2m:[0m [3mstage[0m[2m=[0m"trace.lookups_product.start" [3mrss_mb[0m[2m=[0m333 [3mhwm_mb[0m[2m=[0m333
[2m2026-09-15T06:31:56.758973Z[0m [32m INFO[0m [2mmidnight_bench[0m[2m:[0m [3mstage[0m[2m=[0m"trace.lookups_product.end" [3mrss_mb[0m[2m=[0m333 [3mhwm_mb[0m[2m=[0m333
[2m2026-09-15T06:31:56.784992Z[0m [32m INFO[0m [2mmidnight_bench[0m[2m:[0m [3mstage[0m[2m=[0m"create_proof.compute_trace.end" [3mrss_mb[0m[2m=[0m334 [3mhwm_mb[0m[2m=[0m334
[2m2026-09-15T06:31:56.785015Z[0m [32m INFO[0m [2mmidnight_bench[0m[2m:[0m [3mstage[0m[2m=[0m"create_proof.finalise_proof.start" [3mrss_mb[0m[2m=[0m334 [3mhwm_mb[0m[2m=[0m334
[2m2026-09-15T06:31:56.785023Z[0m [32m INFO[0m [2mmidnight_bench[0m[2m:[0m [3mstage[0m[2m=[0m"finalise.compute_h_poly.start" [3mrss_mb[0m[2m=[0m334 [3mhwm_mb[0m[2m=[0m334
[2m2026-09-15T06:31:56.798754Z[0m [32m INFO[0m [2mmidnight_bench[0m[2m:[0m [3mstage[0m[2m=[0m"finalise.compute_h_poly.materialise_fixed_cosets.start" [3mrss_mb[0m[2m=[0m334 [3mhwm_mb[0m[2m=[0m334
[2m2026-09-15T06:31:56.823214Z[0m [32m INFO[0m [2mmidnight_bench[0m[2m:[0m [3mstage[0m[2m=[0m"finalise.compute_h_poly.materialise_fixed_cosets.end" [3mrss_mb[0m[2m=[0m334 [3mhwm_mb[0m[2m=[0m334
[2m2026-09-15T06:31:56.823242Z[0m [32m INFO[0m [2mmidnight_bench[0m[2m:[0m [3mstage[0m[2m=[0m"finalise.compute_h_poly.materialise_perm_cosets.start" [3mrss_mb[0m[2m=[0m334 [3mhwm_mb[0m[2m=[0m334
[2m2026-09-15T06:31:56.836794Z[0m [32m INFO[0m [2mmidnight_bench[0m[2m:[0m [3mstage[0m[2m=[0m"finalise.compute_h_poly.materialise_perm_cosets.end" [3mrss_mb[0m[2m=[0m334 [3mhwm_mb[0m[2m=[0m334
[2m2026-09-15T06:31:56.961188Z[0m [32m INFO[0m [2mmidnight_bench[0m[2m:[0m [3mstage[0m[2m=[0m"finalise.compute_h_poly.drop_cosets.end" [3mrss_mb[0m[2m=[0m334 [3mhwm_mb[0m[2m=[0m334
[2m2026-09-15T06:31:56.961224Z[0m [32m INFO[0m [2mmidnight_bench[0m[2m:[0m [3mstage[0m[2m=[0m"finalise.compute_h_poly.end" [3mrss_mb[0m[2m=[0m334 [3mhwm_mb[0m[2m=[0m334
[2m2026-09-15T06:31:56.961232Z[0m [32m INFO[0m [2mmidnight_bench[0m[2m:[0m [3mstage[0m[2m=[0m"finalise.vanishing_construct.start" [3mrss_mb[0m[2m=[0m334 [3mhwm_mb[0m[2m=[0m334
[2m2026-09-15T06:31:57.113190Z[0m [32m INFO[0m [2mmidnight_bench[0m[2m:[0m [3mstage[0m[2m=[0m"finalise.vanishing_construct.end" [3mrss_mb[0m[2m=[0m334 [3mhwm_mb[0m[2m=[0m334
[2m2026-09-15T06:31:57.143176Z[0m [32m INFO[0m [2mmidnight_bench[0m[2m:[0m [3mstage[0m[2m=[0m"finalise.compute_queries.start" [3mrss_mb[0m[2m=[0m334 [3mhwm_mb[0m[2m=[0m334
[2m2026-09-15T06:31:57.143640Z[0m [32m INFO[0m [2mmidnight_bench[0m[2m:[0m [3mstage[0m[2m=[0m"finalise.multi_open.start" [3mrss_mb[0m[2m=[0m334 [3mhwm_mb[0m[2m=[0m334
[2m2026-09-15T06:31:57.236414Z[0m [32m INFO[0m [2mmidnight_bench[0m[2m:[0m [3mstage[0m[2m=[0m"finalise.multi_open.end" [3mrss_mb[0m[2m=[0m334 [3mhwm_mb[0m[2m=[0m334
[2m2026-09-15T06:31:57.237110Z[0m [32m INFO[0m [2mmidnight_bench[0m[2m:[0m [3mstage[0m[2m=[0m"create_proof.finalise_proof.end" [3mrss_mb[0m[2m=[0m312 [3mhwm_mb[0m[2m=[0m333
[2m2026-09-15T06:31:57.254136Z[0m [32m INFO[0m [2mactix_web::middleware::logger[0m[2m:[0m 192.168.65.1 POST /prove HTTP/1.1; took 0.753528s
[2m2026-09-15T06:31:57.256940Z[0m [32m INFO[0m [2mmidnight_proof_server::endpoints[0m[2m:[0m Starting to process request for /prove...
[2m2026-09-15T06:31:57.327226Z[0m [32m INFO[0m [2mmidnight_bench[0m[2m:[0m [3mstage[0m[2m=[0m"create_proof.compute_trace.start" [3mrss_mb[0m[2m=[0m317 [3mhwm_mb[0m[2m=[0m333
[2m2026-09-15T06:31:57.327256Z[0m [32m INFO[0m [2mmidnight_bench[0m[2m:[0m [3mstage[0m[2m=[0m"trace.compute_instances.start" [3mrss_mb[0m[2m=[0m317 [3mhwm_mb[0m[2m=[0m333
[2m2026-09-15T06:31:57.332782Z[0m [32m INFO[0m [2mmidnight_bench[0m[2m:[0m [3mstage[0m[2m=[0m"trace.compute_instances.end" [3mrss_mb[0m[2m=[0m317 [3mhwm_mb[0m[2m=[0m333
[2m2026-09-15T06:31:57.332805Z[0m [32m INFO[0m [2mmidnight_bench[0m[2m:[0m [3mstage[0m[2m=[0m"trace.parse_advices.start" [3mrss_mb[0m[2m=[0m317 [3mhwm_mb[0m[2m=[0m333
[2m2026-09-15T06:31:57.338379Z[0m [32m INFO[0m [2mmidnight_bench[0m[2m:[0m [3mstage[0m[2m=[0m"trace.parse_advices.end" [3mrss_mb[0m[2m=[0m321 [3mhwm_mb[0m[2m=[0m333
[2m2026-09-15T06:31:57.338406Z[0m [32m INFO[0m [2mmidnight_bench[0m[2m:[0m [3mstage[0m[2m=[0m"trace.lookups_permuted.start" [3mrss_mb[0m[2m=[0m321 [3mhwm_mb[0m[2m=[0m333
[2m2026-09-15T06:31:57.381137Z[0m [32m INFO[0m [2mmidnight_bench[0m[2m:[0m [3mstage[0m[2m=[0m"trace.lookups_permuted.end" [3mrss_mb[0m[2m=[0m327 [3mhwm_mb[0m[2m=[0m333
[2m2026-09-15T06:31:57.381164Z[0m [32m INFO[0m [2mmidnight_bench[0m[2m:[0m [3mstage[0m[2m=[0m"trace.permutations_commit.start" [3mrss_mb[0m[2m=[0m327 [3mhwm_mb[0m[2m=[0m333
[2m2026-09-15T06:31:57.452959Z[0m [32m INFO[0m [2mmidnight_bench[0m[2m:[0m [3mstage[0m[2m=[0m"trace.permutations_commit.end" [3mrss_mb[0m[2m=[0m334 [3mhwm_mb[0m[2m=[0m334
[2m2026-09-15T06:31:57.452987Z[0m [32m INFO[0m [2mmidnight_bench[0m[2m:[0m [3mstage[0m[2m=[0m"trace.lookups_product.start" [3mrss_mb[0m[2m=[0m334 [3mhwm_mb[0m[2m=[0m334
[2m2026-09-15T06:31:57.505790Z[0m [32m INFO[0m [2mmidnight_bench[0m[2m:[0m [3mstage[0m[2m=[0m"trace.lookups_product.end" [3mrss_mb[0m[2m=[0m334 [3mhwm_mb[0m[2m=[0m334
[2m2026-09-15T06:31:57.529495Z[0m [32m INFO[0m [2mmidnight_bench[0m[2m:[0m [3mstage[0m[2m=[0m"create_proof.compute_trace.end" [3mrss_mb[0m[2m=[0m335 [3mhwm_mb[0m[2m=[0m335
[2m2026-09-15T06:31:57.529522Z[0m [32m INFO[0m [2mmidnight_bench[0m[2m:[0m [3mstage[0m[2m=[0m"create_proof.finalise_proof.start" [3mrss_mb[0m[2m=[0m335 [3mhwm_mb[0m[2m=[0m335
[2m2026-09-15T06:31:57.529530Z[0m [32m INFO[0m [2mmidnight_bench[0m[2m:[0m [3mstage[0m[2m=[0m"finalise.compute_h_poly.start" [3mrss_mb[0m[2m=[0m335 [3mhwm_mb[0m[2m=[0m335
[2m2026-09-15T06:31:57.542862Z[0m [32m INFO[0m [2mmidnight_bench[0m[2m:[0m [3mstage[0m[2m=[0m"finalise.compute_h_poly.materialise_fixed_cosets.start" [3mrss_mb[0m[2m=[0m335 [3mhwm_mb[0m[2m=[0m335
[2m2026-09-15T06:31:57.570946Z[0m [32m INFO[0m [2mmidnight_bench[0m[2m:[0m [3mstage[0m[2m=[0m"finalise.compute_h_poly.materialise_fixed_cosets.end" [3mrss_mb[0m[2m=[0m335 [3mhwm_mb[0m[2m=[0m335
[2m2026-09-15T06:31:57.570974Z[0m [32m INFO[0m [2mmidnight_bench[0m[2m:[0m [3mstage[0m[2m=[0m"finalise.compute_h_poly.materialise_perm_cosets.start" [3mrss_mb[0m[2m=[0m335 [3mhwm_mb[0m[2m=[0m335
[2m2026-09-15T06:31:57.583239Z[0m [32m INFO[0m [2mmidnight_bench[0m[2m:[0m [3mstage[0m[2m=[0m"finalise.compute_h_poly.materialise_perm_cosets.end" [3mrss_mb[0m[2m=[0m336 [3mhwm_mb[0m[2m=[0m336
[2m2026-09-15T06:31:57.704659Z[0m [32m INFO[0m [2mmidnight_bench[0m[2m:[0m [3mstage[0m[2m=[0m"finalise.compute_h_poly.drop_cosets.end" [3mrss_mb[0m[2m=[0m337 [3mhwm_mb[0m[2m=[0m337
[2m2026-09-15T06:31:57.704693Z[0m [32m INFO[0m [2mmidnight_bench[0m[2m:[0m [3mstage[0m[2m=[0m"finalise.compute_h_poly.end" [3mrss_mb[0m[2m=[0m337 [3mhwm_mb[0m[2m=[0m337
[2m2026-09-15T06:31:57.704704Z[0m [32m INFO[0m [2mmidnight_bench[0m[2m:[0m [3mstage[0m[2m=[0m"finalise.vanishing_construct.start" [3mrss_mb[0m[2m=[0m337 [3mhwm_mb[0m[2m=[0m337
[2m2026-09-15T06:31:57.791763Z[0m [32m INFO[0m [2mmidnight_bench[0m[2m:[0m [3mstage[0m[2m=[0m"finalise.vanishing_construct.end" [3mrss_mb[0m[2m=[0m337 [3mhwm_mb[0m[2m=[0m337
[2m2026-09-15T06:31:57.819658Z[0m [32m INFO[0m [2mmidnight_bench[0m[2m:[0m [3mstage[0m[2m=[0m"finalise.compute_queries.start" [3mrss_mb[0m[2m=[0m337 [3mhwm_mb[0m[2m=[0m337
[2m2026-09-15T06:31:57.819750Z[0m [32m INFO[0m [2mmidnight_bench[0m[2m:[0m [3mstage[0m[2m=[0m"finalise.multi_open.start" [3mrss_mb[0m[2m=[0m337 [3mhwm_mb[0m[2m=[0m337
[2m2026-09-15T06:31:57.907055Z[0m [32m INFO[0m [2mmidnight_bench[0m[2m:[0m [3mstage[0m[2m=[0m"finalise.multi_open.end" [3mrss_mb[0m[2m=[0m337 [3mhwm_mb[0m[2m=[0m337
[2m2026-09-15T06:31:57.907933Z[0m [32m INFO[0m [2mmidnight_bench[0m[2m:[0m [3mstage[0m[2m=[0m"create_proof.finalise_proof.end" [3mrss_mb[0m[2m=[0m314 [3mhwm_mb[0m[2m=[0m336
[2m2026-09-15T06:31:57.923573Z[0m [32m INFO[0m [2mactix_web::middleware::logger[0m[2m:[0m 192.168.65.1 POST /prove HTTP/1.1; took 0.666662s
[2m2026-09-15T06:31:57.957782Z[0m [32m INFO[0m [2mmidnight_proof_server::endpoints[0m[2m:[0m Starting to process request for /prove...
[2m2026-09-15T06:31:58.031822Z[0m [32m INFO[0m [2mmidnight_bench[0m[2m:[0m [3mstage[0m[2m=[0m"create_proof.compute_trace.start" [3mrss_mb[0m[2m=[0m319 [3mhwm_mb[0m[2m=[0m336
[2m2026-09-15T06:31:58.031854Z[0m [32m INFO[0m [2mmidnight_bench[0m[2m:[0m [3mstage[0m[2m=[0m"trace.compute_instances.start" [3mrss_mb[0m[2m=[0m319 [3mhwm_mb[0m[2m=[0m336
[2m2026-09-15T06:31:58.037069Z[0m [32m INFO[0m [2mmidnight_bench[0m[2m:[0m [3mstage[0m[2m=[0m"trace.compute_instances.end" [3mrss_mb[0m[2m=[0m319 [3mhwm_mb[0m[2m=[0m336
[2m2026-09-15T06:31:58.037103Z[0m [32m INFO[0m [2mmidnight_bench[0m[2m:[0m [3mstage[0m[2m=[0m"trace.parse_advices.start" [3mrss_mb[0m[2m=[0m319 [3mhwm_mb[0m[2m=[0m336
[2m2026-09-15T06:31:58.042910Z[0m [32m INFO[0m [2mmidnight_bench[0m[2m:[0m [3mstage[0m[2m=[0m"trace.parse_advices.end" [3mrss_mb[0m[2m=[0m323 [3mhwm_mb[0m[2m=[0m336
[2m2026-09-15T06:31:58.042937Z[0m [32m INFO[0m [2mmidnight_bench[0m[2m:[0m [3mstage[0m[2m=[0m"trace.lookups_permuted.start" [3mrss_mb[0m[2m=[0m323 [3mhwm_mb[0m[2m=[0m336
[2m2026-09-15T06:31:58.086575Z[0m [32m INFO[0m [2mmidnight_bench[0m[2m:[0m [3mstage[0m[2m=[0m"trace.lookups_permuted.end" [3mrss_mb[0m[2m=[0m329 [3mhwm_mb[0m[2m=[0m336
[2m2026-09-15T06:31:58.086603Z[0m [32m INFO[0m [2mmidnight_bench[0m[2m:[0m [3mstage[0m[2m=[0m"trace.permutations_commit.start" [3mrss_mb[0m[2m=[0m329 [3mhwm_mb[0m[2m=[0m336
[2m2026-09-15T06:31:58.158691Z[0m [32m INFO[0m [2mmidnight_bench[0m[2m:[0m [3mstage[0m[2m=[0m"trace.permutations_commit.end" [3mrss_mb[0m[2m=[0m336 [3mhwm_mb[0m[2m=[0m336
[2m2026-09-15T06:31:58.158725Z[0m [32m INFO[0m [2mmidnight_bench[0m[2m:[0m [3mstage[0m[2m=[0m"trace.lookups_product.start" [3mrss_mb[0m[2m=[0m336 [3mhwm_mb[0m[2m=[0m336
[2m2026-09-15T06:31:58.210006Z[0m [32m INFO[0m [2mmidnight_bench[0m[2m:[0m [3mstage[0m[2m=[0m"trace.lookups_product.end" [3mrss_mb[0m[2m=[0m336 [3mhwm_mb[0m[2m=[0m336
[2m2026-09-15T06:31:58.232629Z[0m [32m INFO[0m [2mmidnight_bench[0m[2m:[0m [3mstage[0m[2m=[0m"create_proof.compute_trace.end" [3mrss_mb[0m[2m=[0m337 [3mhwm_mb[0m[2m=[0m337
[2m2026-09-15T06:31:58.232657Z[0m [32m INFO[0m [2mmidnight_bench[0m[2m:[0m [3mstage[0m[2m=[0m"create_proof.finalise_proof.start" [3mrss_mb[0m[2m=[0m337 [3mhwm_mb[0m[2m=[0m337
[2m2026-09-15T06:31:58.232666Z[0m [32m INFO[0m [2mmidnight_bench[0m[2m:[0m [3mstage[0m[2m=[0m"finalise.compute_h_poly.start" [3mrss_mb[0m[2m=[0m337 [3mhwm_mb[0m[2m=[0m337
[2m2026-09-15T06:31:58.250921Z[0m [32m INFO[0m [2mmidnight_bench[0m[2m:[0m [3mstage[0m[2m=[0m"finalise.compute_h_poly.materialise_fixed_cosets.start" [3mrss_mb[0m[2m=[0m337 [3mhwm_mb[0m[2m=[0m337
[2m2026-09-15T06:31:58.274143Z[0m [32m INFO[0m [2mmidnight_bench[0m[2m:[0m [3mstage[0m[2m=[0m"finalise.compute_h_poly.materialise_fixed_cosets.end" [3mrss_mb[0m[2m=[0m337 [3mhwm_mb[0m[2m=[0m337
[2m2026-09-15T06:31:58.274169Z[0m [32m INFO[0m [2mmidnight_bench[0m[2m:[0m [3mstage[0m[2m=[0m"finalise.compute_h_poly.materialise_perm_cosets.start" [3mrss_mb[0m[2m=[0m337 [3mhwm_mb[0m[2m=[0m337
[2m2026-09-15T06:31:58.286290Z[0m [32m INFO[0m [2mmidnight_bench[0m[2m:[0m [3mstage[0m[2m=[0m"finalise.compute_h_poly.materialise_perm_cosets.end" [3mrss_mb[0m[2m=[0m337 [3mhwm_mb[0m[2m=[0m337
[2m2026-09-15T06:31:58.405303Z[0m [32m INFO[0m [2mmidnight_bench[0m[2m:[0m [3mstage[0m[2m=[0m"finalise.compute_h_poly.drop_cosets.end" [3mrss_mb[0m[2m=[0m337 [3mhwm_mb[0m[2m=[0m337
[2m2026-09-15T06:31:58.405337Z[0m [32m INFO[0m [2mmidnight_bench[0m[2m:[0m [3mstage[0m[2m=[0m"finalise.compute_h_poly.end" [3mrss_mb[0m[2m=[0m337 [3mhwm_mb[0m[2m=[0m337
[2m2026-09-15T06:31:58.405345Z[0m [32m INFO[0m [2mmidnight_bench[0m[2m:[0m [3mstage[0m[2m=[0m"finalise.vanishing_construct.start" [3mrss_mb[0m[2m=[0m337 [3mhwm_mb[0m[2m=[0m337
[2m2026-09-15T06:31:58.490610Z[0m [32m INFO[0m [2mmidnight_bench[0m[2m:[0m [3mstage[0m[2m=[0m"finalise.vanishing_construct.end" [3mrss_mb[0m[2m=[0m337 [3mhwm_mb[0m[2m=[0m337
[2m2026-09-15T06:31:58.518011Z[0m [32m INFO[0m [2mmidnight_bench[0m[2m:[0m [3mstage[0m[2m=[0m"finalise.compute_queries.start" [3mrss_mb[0m[2m=[0m337 [3mhwm_mb[0m[2m=[0m337
[2m2026-09-15T06:31:58.518114Z[0m [32m INFO[0m [2mmidnight_bench[0m[2m:[0m [3mstage[0m[2m=[0m"finalise.multi_open.start" [3mrss_mb[0m[2m=[0m337 [3mhwm_mb[0m[2m=[0m337
[2m2026-09-15T06:31:58.606243Z[0m [32m INFO[0m [2mmidnight_bench[0m[2m:[0m [3mstage[0m[2m=[0m"finalise.multi_open.end" [3mrss_mb[0m[2m=[0m337 [3mhwm_mb[0m[2m=[0m337
[2m2026-09-15T06:31:58.606984Z[0m [32m INFO[0m [2mmidnight_bench[0m[2m:[0m [3mstage[0m[2m=[0m"create_proof.finalise_proof.end" [3mrss_mb[0m[2m=[0m315 [3mhwm_mb[0m[2m=[0m336
[2m2026-09-15T06:31:58.621997Z[0m [32m INFO[0m [2mactix_web::middleware::logger[0m[2m:[0m 192.168.65.1 POST /prove HTTP/1.1; took 0.664240s
[2m2026-09-15T06:31:58.623901Z[0m [32m INFO[0m [2mmidnight_proof_server::endpoints[0m[2m:[0m Starting to process request for /prove...
[2m2026-09-15T06:31:58.696449Z[0m [32m INFO[0m [2mmidnight_bench[0m[2m:[0m [3mstage[0m[2m=[0m"create_proof.compute_trace.start" [3mrss_mb[0m[2m=[0m331 [3mhwm_mb[0m[2m=[0m336
[2m2026-09-15T06:31:58.696479Z[0m [32m INFO[0m [2mmidnight_bench[0m[2m:[0m [3mstage[0m[2m=[0m"trace.compute_instances.start" [3mrss_mb[0m[2m=[0m331 [3mhwm_mb[0m[2m=[0m336
[2m2026-09-15T06:31:58.700381Z[0m [32m INFO[0m [2mmidnight_bench[0m[2m:[0m [3mstage[0m[2m=[0m"trace.compute_instances.end" [3mrss_mb[0m[2m=[0m331 [3mhwm_mb[0m[2m=[0m336
[2m2026-09-15T06:31:58.700401Z[0m [32m INFO[0m [2mmidnight_bench[0m[2m:[0m [3mstage[0m[2m=[0m"trace.parse_advices.start" [3mrss_mb[0m[2m=[0m331 [3mhwm_mb[0m[2m=[0m336
[2m2026-09-15T06:31:58.705905Z[0m [32m INFO[0m [2mmidnight_bench[0m[2m:[0m [3mstage[0m[2m=[0m"trace.parse_advices.end" [3mrss_mb[0m[2m=[0m336 [3mhwm_mb[0m[2m=[0m336
[2m2026-09-15T06:31:58.705927Z[0m [32m INFO[0m [2mmidnight_bench[0m[2m:[0m [3mstage[0m[2m=[0m"trace.lookups_permuted.start" [3mrss_mb[0m[2m=[0m336 [3mhwm_mb[0m[2m=[0m336
[2m2026-09-15T06:31:58.749135Z[0m [32m INFO[0m [2mmidnight_bench[0m[2m:[0m [3mstage[0m[2m=[0m"trace.lookups_permuted.end" [3mrss_mb[0m[2m=[0m341 [3mhwm_mb[0m[2m=[0m341
[2m2026-09-15T06:31:58.749162Z[0m [32m INFO[0m [2mmidnight_bench[0m[2m:[0m [3mstage[0m[2m=[0m"trace.permutations_commit.start" [3mrss_mb[0m[2m=[0m341 [3mhwm_mb[0m[2m=[0m341
[2m2026-09-15T06:31:58.816365Z[0m [32m INFO[0m [2mmidnight_bench[0m[2m:[0m [3mstage[0m[2m=[0m"trace.permutations_commit.end" [3mrss_mb[0m[2m=[0m348 [3mhwm_mb[0m[2m=[0m348
[2m2026-09-15T06:31:58.816392Z[0m [32m INFO[0m [2mmidnight_bench[0m[2m:[0m [3mstage[0m[2m=[0m"trace.lookups_product.start" [3mrss_mb[0m[2m=[0m348 [3mhwm_mb[0m[2m=[0m348
[2m2026-09-15T06:31:58.864317Z[0m [32m INFO[0m [2mmidnight_bench[0m[2m:[0m [3mstage[0m[2m=[0m"trace.lookups_product.end" [3mrss_mb[0m[2m=[0m348 [3mhwm_mb[0m[2m=[0m348
[2m2026-09-15T06:31:58.890566Z[0m [32m INFO[0m [2mmidnight_bench[0m[2m:[0m [3mstage[0m[2m=[0m"create_proof.compute_trace.end" [3mrss_mb[0m[2m=[0m349 [3mhwm_mb[0m[2m=[0m349
[2m2026-09-15T06:31:58.890592Z[0m [32m INFO[0m [2mmidnight_bench[0m[2m:[0m [3mstage[0m[2m=[0m"create_proof.finalise_proof.start" [3mrss_mb[0m[2m=[0m349 [3mhwm_mb[0m[2m=[0m349
[2m2026-09-15T06:31:58.890602Z[0m [32m INFO[0m [2mmidnight_bench[0m[2m:[0m [3mstage[0m[2m=[0m"finalise.compute_h_poly.start" [3mrss_mb[0m[2m=[0m349 [3mhwm_mb[0m[2m=[0m349
[2m2026-09-15T06:31:58.907553Z[0m [32m INFO[0m [2mmidnight_bench[0m[2m:[0m [3mstage[0m[2m=[0m"finalise.compute_h_poly.materialise_fixed_cosets.start" [3mrss_mb[0m[2m=[0m349 [3mhwm_mb[0m[2m=[0m349
[2m2026-09-15T06:31:58.931052Z[0m [32m INFO[0m [2mmidnight_bench[0m[2m:[0m [3mstage[0m[2m=[0m"finalise.compute_h_poly.materialise_fixed_cosets.end" [3mrss_mb[0m[2m=[0m349 [3mhwm_mb[0m[2m=[0m349
[2m2026-09-15T06:31:58.931078Z[0m [32m INFO[0m [2mmidnight_bench[0m[2m:[0m [3mstage[0m[2m=[0m"finalise.compute_h_poly.materialise_perm_cosets.start" [3mrss_mb[0m[2m=[0m349 [3mhwm_mb[0m[2m=[0m349
[2m2026-09-15T06:31:58.942415Z[0m [32m INFO[0m [2mmidnight_bench[0m[2m:[0m [3mstage[0m[2m=[0m"finalise.compute_h_poly.materialise_perm_cosets.end" [3mrss_mb[0m[2m=[0m349 [3mhwm_mb[0m[2m=[0m349
[2m2026-09-15T06:31:59.065278Z[0m [32m INFO[0m [2mmidnight_bench[0m[2m:[0m [3mstage[0m[2m=[0m"finalise.compute_h_poly.drop_cosets.end" [3mrss_mb[0m[2m=[0m349 [3mhwm_mb[0m[2m=[0m349
[2m2026-09-15T06:31:59.065315Z[0m [32m INFO[0m [2mmidnight_bench[0m[2m:[0m [3mstage[0m[2m=[0m"finalise.compute_h_poly.end" [3mrss_mb[0m[2m=[0m349 [3mhwm_mb[0m[2m=[0m349
[2m2026-09-15T06:31:59.065325Z[0m [32m INFO[0m [2mmidnight_bench[0m[2m:[0m [3mstage[0m[2m=[0m"finalise.vanishing_construct.start" [3mrss_mb[0m[2m=[0m349 [3mhwm_mb[0m[2m=[0m349
[2m2026-09-15T06:31:59.156366Z[0m [32m INFO[0m [2mmidnight_bench[0m[2m:[0m [3mstage[0m[2m=[0m"finalise.vanishing_construct.end" [3mrss_mb[0m[2m=[0m349 [3mhwm_mb[0m[2m=[0m349
[2m2026-09-15T06:31:59.182817Z[0m [32m INFO[0m [2mmidnight_bench[0m[2m:[0m [3mstage[0m[2m=[0m"finalise.compute_queries.start" [3mrss_mb[0m[2m=[0m349 [3mhwm_mb[0m[2m=[0m349
[2m2026-09-15T06:31:59.182909Z[0m [32m INFO[0m [2mmidnight_bench[0m[2m:[0m [3mstage[0m[2m=[0m"finalise.multi_open.start" [3mrss_mb[0m[2m=[0m349 [3mhwm_mb[0m[2m=[0m349
[2m2026-09-15T06:31:59.272105Z[0m [32m INFO[0m [2mmidnight_bench[0m[2m:[0m [3mstage[0m[2m=[0m"finalise.multi_open.end" [3mrss_mb[0m[2m=[0m349 [3mhwm_mb[0m[2m=[0m349
[2m2026-09-15T06:31:59.272703Z[0m [32m INFO[0m [2mmidnight_bench[0m[2m:[0m [3mstage[0m[2m=[0m"create_proof.finalise_proof.end" [3mrss_mb[0m[2m=[0m327 [3mhwm_mb[0m[2m=[0m348
[2m2026-09-15T06:31:59.289409Z[0m [32m INFO[0m [2mactix_web::middleware::logger[0m[2m:[0m 192.168.65.1 POST /prove HTTP/1.1; took 0.665525s
[2m2026-09-15T06:31:59.291510Z[0m [32m INFO[0m [2mmidnight_proof_server::endpoints[0m[2m:[0m Starting to process request for /prove...
[2m2026-09-15T06:31:59.365832Z[0m [32m INFO[0m [2mmidnight_bench[0m[2m:[0m [3mstage[0m[2m=[0m"create_proof.compute_trace.start" [3mrss_mb[0m[2m=[0m344 [3mhwm_mb[0m[2m=[0m348
[2m2026-09-15T06:31:59.365864Z[0m [32m INFO[0m [2mmidnight_bench[0m[2m:[0m [3mstage[0m[2m=[0m"trace.compute_instances.start" [3mrss_mb[0m[2m=[0m344 [3mhwm_mb[0m[2m=[0m348
[2m2026-09-15T06:31:59.371608Z[0m [32m INFO[0m [2mmidnight_bench[0m[2m:[0m [3mstage[0m[2m=[0m"trace.compute_instances.end" [3mrss_mb[0m[2m=[0m344 [3mhwm_mb[0m[2m=[0m348
[2m2026-09-15T06:31:59.371628Z[0m [32m INFO[0m [2mmidnight_bench[0m[2m:[0m [3mstage[0m[2m=[0m"trace.parse_advices.start" [3mrss_mb[0m[2m=[0m344 [3mhwm_mb[0m[2m=[0m348
[2m2026-09-15T06:31:59.377499Z[0m [32m INFO[0m [2mmidnight_bench[0m[2m:[0m [3mstage[0m[2m=[0m"trace.parse_advices.end" [3mrss_mb[0m[2m=[0m348 [3mhwm_mb[0m[2m=[0m348
[2m2026-09-15T06:31:59.377530Z[0m [32m INFO[0m [2mmidnight_bench[0m[2m:[0m [3mstage[0m[2m=[0m"trace.lookups_permuted.start" [3mrss_mb[0m[2m=[0m348 [3mhwm_mb[0m[2m=[0m348
[2m2026-09-15T06:31:59.420253Z[0m [32m INFO[0m [2mmidnight_bench[0m[2m:[0m [3mstage[0m[2m=[0m"trace.lookups_permuted.end" [3mrss_mb[0m[2m=[0m354 [3mhwm_mb[0m[2m=[0m354
[2m2026-09-15T06:31:59.420280Z[0m [32m INFO[0m [2mmidnight_bench[0m[2m:[0m [3mstage[0m[2m=[0m"trace.permutations_commit.start" [3mrss_mb[0m[2m=[0m354 [3mhwm_mb[0m[2m=[0m354
[2m2026-09-15T06:31:59.493994Z[0m [32m INFO[0m [2mmidnight_bench[0m[2m:[0m [3mstage[0m[2m=[0m"trace.permutations_commit.end" [3mrss_mb[0m[2m=[0m361 [3mhwm_mb[0m[2m=[0m361
[2m2026-09-15T06:31:59.494028Z[0m [32m INFO[0m [2mmidnight_bench[0m[2m:[0m [3mstage[0m[2m=[0m"trace.lookups_product.start" [3mrss_mb[0m[2m=[0m361 [3mhwm_mb[0m[2m=[0m361
[2m2026-09-15T06:31:59.543264Z[0m [32m INFO[0m [2mmidnight_bench[0m[2m:[0m [3mstage[0m[2m=[0m"trace.lookups_product.end" [3mrss_mb[0m[2m=[0m361 [3mhwm_mb[0m[2m=[0m361
[2m2026-09-15T06:31:59.567056Z[0m [32m INFO[0m [2mmidnight_bench[0m[2m:[0m [3mstage[0m[2m=[0m"create_proof.compute_trace.end" [3mrss_mb[0m[2m=[0m362 [3mhwm_mb[0m[2m=[0m362
[2m2026-09-15T06:31:59.567080Z[0m [32m INFO[0m [2mmidnight_bench[0m[2m:[0m [3mstage[0m[2m=[0m"create_proof.finalise_proof.start" [3mrss_mb[0m[2m=[0m362 [3mhwm_mb[0m[2m=[0m362
[2m2026-09-15T06:31:59.567105Z[0m [32m INFO[0m [2mmidnight_bench[0m[2m:[0m [3mstage[0m[2m=[0m"finalise.compute_h_poly.start" [3mrss_mb[0m[2m=[0m362 [3mhwm_mb[0m[2m=[0m362
[2m2026-09-15T06:31:59.580752Z[0m [32m INFO[0m [2mmidnight_bench[0m[2m:[0m [3mstage[0m[2m=[0m"finalise.compute_h_poly.materialise_fixed_cosets.start" [3mrss_mb[0m[2m=[0m362 [3mhwm_mb[0m[2m=[0m362
[2m2026-09-15T06:31:59.611705Z[0m [32m INFO[0m [2mmidnight_bench[0m[2m:[0m [3mstage[0m[2m=[0m"finalise.compute_h_poly.materialise_fixed_cosets.end" [3mrss_mb[0m[2m=[0m362 [3mhwm_mb[0m[2m=[0m362
[2m2026-09-15T06:31:59.611754Z[0m [32m INFO[0m [2mmidnight_bench[0m[2m:[0m [3mstage[0m[2m=[0m"finalise.compute_h_poly.materialise_perm_cosets.start" [3mrss_mb[0m[2m=[0m362 [3mhwm_mb[0m[2m=[0m362
[2m2026-09-15T06:31:59.626263Z[0m [32m INFO[0m [2mmidnight_bench[0m[2m:[0m [3mstage[0m[2m=[0m"finalise.compute_h_poly.materialise_perm_cosets.end" [3mrss_mb[0m[2m=[0m362 [3mhwm_mb[0m[2m=[0m362
[2m2026-09-15T06:31:59.747248Z[0m [32m INFO[0m [2mmidnight_bench[0m[2m:[0m [3mstage[0m[2m=[0m"finalise.compute_h_poly.drop_cosets.end" [3mrss_mb[0m[2m=[0m362 [3mhwm_mb[0m[2m=[0m362
[2m2026-09-15T06:31:59.747281Z[0m [32m INFO[0m [2mmidnight_bench[0m[2m:[0m [3mstage[0m[2m=[0m"finalise.compute_h_poly.end" [3mrss_mb[0m[2m=[0m362 [3mhwm_mb[0m[2m=[0m362
[2m2026-09-15T06:31:59.747288Z[0m [32m INFO[0m [2mmidnight_bench[0m[2m:[0m [3mstage[0m[2m=[0m"finalise.vanishing_construct.start" [3mrss_mb[0m[2m=[0m362 [3mhwm_mb[0m[2m=[0m362
[2m2026-09-15T06:31:59.842417Z[0m [32m INFO[0m [2mmidnight_bench[0m[2m:[0m [3mstage[0m[2m=[0m"finalise.vanishing_construct.end" [3mrss_mb[0m[2m=[0m362 [3mhwm_mb[0m[2m=[0m362
[2m2026-09-15T06:31:59.869732Z[0m [32m INFO[0m [2mmidnight_bench[0m[2m:[0m [3mstage[0m[2m=[0m"finalise.compute_queries.start" [3mrss_mb[0m[2m=[0m362 [3mhwm_mb[0m[2m=[0m362
[2m2026-09-15T06:31:59.869824Z[0m [32m INFO[0m [2mmidnight_bench[0m[2m:[0m [3mstage[0m[2m=[0m"finalise.multi_open.start" [3mrss_mb[0m[2m=[0m362 [3mhwm_mb[0m[2m=[0m362
[2m2026-09-15T06:31:59.957787Z[0m [32m INFO[0m [2mmidnight_bench[0m[2m:[0m [3mstage[0m[2m=[0m"finalise.multi_open.end" [3mrss_mb[0m[2m=[0m362 [3mhwm_mb[0m[2m=[0m362
[2m2026-09-15T06:31:59.958359Z[0m [32m INFO[0m [2mmidnight_bench[0m[2m:[0m [3mstage[0m[2m=[0m"create_proof.finalise_proof.end" [3mrss_mb[0m[2m=[0m340 [3mhwm_mb[0m[2m=[0m361
[2m2026-09-15T06:31:59.973557Z[0m [32m INFO[0m [2mactix_web::middleware::logger[0m[2m:[0m 192.168.65.1 POST /prove HTTP/1.1; took 0.682071s
[2m2026-09-15T06:31:59.975013Z[0m [32m INFO[0m [2mmidnight_proof_server::endpoints[0m[2m:[0m Starting to process request for /prove...
[2m2026-09-15T06:32:00.047645Z[0m [32m INFO[0m [2mmidnight_bench[0m[2m:[0m [3mstage[0m[2m=[0m"create_proof.compute_trace.start" [3mrss_mb[0m[2m=[0m346 [3mhwm_mb[0m[2m=[0m361
[2m2026-09-15T06:32:00.047678Z[0m [32m INFO[0m [2mmidnight_bench[0m[2m:[0m [3mstage[0m[2m=[0m"trace.compute_instances.start" [3mrss_mb[0m[2m=[0m346 [3mhwm_mb[0m[2m=[0m361
[2m2026-09-15T06:32:00.053367Z[0m [32m INFO[0m [2mmidnight_bench[0m[2m:[0m [3mstage[0m[2m=[0m"trace.compute_instances.end" [3mrss_mb[0m[2m=[0m346 [3mhwm_mb[0m[2m=[0m361
[2m2026-09-15T06:32:00.053388Z[0m [32m INFO[0m [2mmidnight_bench[0m[2m:[0m [3mstage[0m[2m=[0m"trace.parse_advices.start" [3mrss_mb[0m[2m=[0m346 [3mhwm_mb[0m[2m=[0m361
[2m2026-09-15T06:32:00.059031Z[0m [32m INFO[0m [2mmidnight_bench[0m[2m:[0m [3mstage[0m[2m=[0m"trace.parse_advices.end" [3mrss_mb[0m[2m=[0m351 [3mhwm_mb[0m[2m=[0m361
[2m2026-09-15T06:32:00.059053Z[0m [32m INFO[0m [2mmidnight_bench[0m[2m:[0m [3mstage[0m[2m=[0m"trace.lookups_permuted.start" [3mrss_mb[0m[2m=[0m351 [3mhwm_mb[0m[2m=[0m361
[2m2026-09-15T06:32:00.103169Z[0m [32m INFO[0m [2mmidnight_bench[0m[2m:[0m [3mstage[0m[2m=[0m"trace.lookups_permuted.end" [3mrss_mb[0m[2m=[0m356 [3mhwm_mb[0m[2m=[0m361
[2m2026-09-15T06:32:00.103203Z[0m [32m INFO[0m [2mmidnight_bench[0m[2m:[0m [3mstage[0m[2m=[0m"trace.permutations_commit.start" [3mrss_mb[0m[2m=[0m356 [3mhwm_mb[0m[2m=[0m361
[2m2026-09-15T06:32:00.168721Z[0m [32m INFO[0m [2mmidnight_bench[0m[2m:[0m [3mstage[0m[2m=[0m"trace.permutations_commit.end" [3mrss_mb[0m[2m=[0m364 [3mhwm_mb[0m[2m=[0m364
[2m2026-09-15T06:32:00.168747Z[0m [32m INFO[0m [2mmidnight_bench[0m[2m:[0m [3mstage[0m[2m=[0m"trace.lookups_product.start" [3mrss_mb[0m[2m=[0m364 [3mhwm_mb[0m[2m=[0m364
[2m2026-09-15T06:32:00.218270Z[0m [32m INFO[0m [2mmidnight_bench[0m[2m:[0m [3mstage[0m[2m=[0m"trace.lookups_product.end" [3mrss_mb[0m[2m=[0m364 [3mhwm_mb[0m[2m=[0m364
[2m2026-09-15T06:32:00.240158Z[0m [32m INFO[0m [2mmidnight_bench[0m[2m:[0m [3mstage[0m[2m=[0m"create_proof.compute_trace.end" [3mrss_mb[0m[2m=[0m364 [3mhwm_mb[0m[2m=[0m364
[2m2026-09-15T06:32:00.240181Z[0m [32m INFO[0m [2mmidnight_bench[0m[2m:[0m [3mstage[0m[2m=[0m"create_proof.finalise_proof.start" [3mrss_mb[0m[2m=[0m364 [3mhwm_mb[0m[2m=[0m364
[2m2026-09-15T06:32:00.240190Z[0m [32m INFO[0m [2mmidnight_bench[0m[2m:[0m [3mstage[0m[2m=[0m"finalise.compute_h_poly.start" [3mrss_mb[0m[2m=[0m364 [3mhwm_mb[0m[2m=[0m364
[2m2026-09-15T06:32:00.254828Z[0m [32m INFO[0m [2mmidnight_bench[0m[2m:[0m [3mstage[0m[2m=[0m"finalise.compute_h_poly.materialise_fixed_cosets.start" [3mrss_mb[0m[2m=[0m364 [3mhwm_mb[0m[2m=[0m364
[2m2026-09-15T06:32:00.287664Z[0m [32m INFO[0m [2mmidnight_bench[0m[2m:[0m [3mstage[0m[2m=[0m"finalise.compute_h_poly.materialise_fixed_cosets.end" [3mrss_mb[0m[2m=[0m364 [3mhwm_mb[0m[2m=[0m364
[2m2026-09-15T06:32:00.287691Z[0m [32m INFO[0m [2mmidnight_bench[0m[2m:[0m [3mstage[0m[2m=[0m"finalise.compute_h_poly.materialise_perm_cosets.start" [3mrss_mb[0m[2m=[0m364 [3mhwm_mb[0m[2m=[0m364
[2m2026-09-15T06:32:00.301901Z[0m [32m INFO[0m [2mmidnight_bench[0m[2m:[0m [3mstage[0m[2m=[0m"finalise.compute_h_poly.materialise_perm_cosets.end" [3mrss_mb[0m[2m=[0m366 [3mhwm_mb[0m[2m=[0m366
[2m2026-09-15T06:32:00.422308Z[0m [32m INFO[0m [2mmidnight_bench[0m[2m:[0m [3mstage[0m[2m=[0m"finalise.compute_h_poly.drop_cosets.end" [3mrss_mb[0m[2m=[0m367 [3mhwm_mb[0m[2m=[0m367
[2m2026-09-15T06:32:00.422343Z[0m [32m INFO[0m [2mmidnight_bench[0m[2m:[0m [3mstage[0m[2m=[0m"finalise.compute_h_poly.end" [3mrss_mb[0m[2m=[0m367 [3mhwm_mb[0m[2m=[0m367
[2m2026-09-15T06:32:00.422350Z[0m [32m INFO[0m [2mmidnight_bench[0m[2m:[0m [3mstage[0m[2m=[0m"finalise.vanishing_construct.start" [3mrss_mb[0m[2m=[0m367 [3mhwm_mb[0m[2m=[0m367
[2m2026-09-15T06:32:00.505031Z[0m [32m INFO[0m [2mmidnight_bench[0m[2m:[0m [3mstage[0m[2m=[0m"finalise.vanishing_construct.end" [3mrss_mb[0m[2m=[0m367 [3mhwm_mb[0m[2m=[0m367
[2m2026-09-15T06:32:00.536591Z[0m [32m INFO[0m [2mmidnight_bench[0m[2m:[0m [3mstage[0m[2m=[0m"finalise.compute_queries.start" [3mrss_mb[0m[2m=[0m367 [3mhwm_mb[0m[2m=[0m367
[2m2026-09-15T06:32:00.536683Z[0m [32m INFO[0m [2mmidnight_bench[0m[2m:[0m [3mstage[0m[2m=[0m"finalise.multi_open.start" [3mrss_mb[0m[2m=[0m367 [3mhwm_mb[0m[2m=[0m367
[2m2026-09-15T06:32:00.629496Z[0m [32m INFO[0m [2mmidnight_bench[0m[2m:[0m [3mstage[0m[2m=[0m"finalise.multi_open.end" [3mrss_mb[0m[2m=[0m367 [3mhwm_mb[0m[2m=[0m367
[2m2026-09-15T06:32:00.630123Z[0m [32m INFO[0m [2mmidnight_bench[0m[2m:[0m [3mstage[0m[2m=[0m"create_proof.finalise_proof.end" [3mrss_mb[0m[2m=[0m344 [3mhwm_mb[0m[2m=[0m366
[2m2026-09-15T06:32:00.645607Z[0m [32m INFO[0m [2mactix_web::middleware::logger[0m[2m:[0m 192.168.65.1 POST /prove HTTP/1.1; took 0.670610s
[2m2026-09-15T06:32:00.647331Z[0m [32m INFO[0m [2mmidnight_proof_server::endpoints[0m[2m:[0m Starting to process request for /prove...
[2m2026-09-15T06:32:00.721796Z[0m [32m INFO[0m [2mmidnight_bench[0m[2m:[0m [3mstage[0m[2m=[0m"create_proof.compute_trace.start" [3mrss_mb[0m[2m=[0m335 [3mhwm_mb[0m[2m=[0m366
[2m2026-09-15T06:32:00.721829Z[0m [32m INFO[0m [2mmidnight_bench[0m[2m:[0m [3mstage[0m[2m=[0m"trace.compute_instances.start" [3mrss_mb[0m[2m=[0m335 [3mhwm_mb[0m[2m=[0m366
[2m2026-09-15T06:32:00.728757Z[0m [32m INFO[0m [2mmidnight_bench[0m[2m:[0m [3mstage[0m[2m=[0m"trace.compute_instances.end" [3mrss_mb[0m[2m=[0m335 [3mhwm_mb[0m[2m=[0m366
[2m2026-09-15T06:32:00.728795Z[0m [32m INFO[0m [2mmidnight_bench[0m[2m:[0m [3mstage[0m[2m=[0m"trace.parse_advices.start" [3mrss_mb[0m[2m=[0m335 [3mhwm_mb[0m[2m=[0m366
[2m2026-09-15T06:32:00.736692Z[0m [32m INFO[0m [2mmidnight_bench[0m[2m:[0m [3mstage[0m[2m=[0m"trace.parse_advices.end" [3mrss_mb[0m[2m=[0m340 [3mhwm_mb[0m[2m=[0m366
[2m2026-09-15T06:32:00.736719Z[0m [32m INFO[0m [2mmidnight_bench[0m[2m:[0m [3mstage[0m[2m=[0m"trace.lookups_permuted.start" [3mrss_mb[0m[2m=[0m340 [3mhwm_mb[0m[2m=[0m366
[2m2026-09-15T06:32:00.786834Z[0m [32m INFO[0m [2mmidnight_bench[0m[2m:[0m [3mstage[0m[2m=[0m"trace.lookups_permuted.end" [3mrss_mb[0m[2m=[0m345 [3mhwm_mb[0m[2m=[0m366
[2m2026-09-15T06:32:00.786867Z[0m [32m INFO[0m [2mmidnight_bench[0m[2m:[0m [3mstage[0m[2m=[0m"trace.permutations_commit.start" [3mrss_mb[0m[2m=[0m345 [3mhwm_mb[0m[2m=[0m366
[2m2026-09-15T06:32:00.918518Z[0m [32m INFO[0m [2mmidnight_bench[0m[2m:[0m [3mstage[0m[2m=[0m"trace.permutations_commit.end" [3mrss_mb[0m[2m=[0m353 [3mhwm_mb[0m[2m=[0m366
[2m2026-09-15T06:32:00.918547Z[0m [32m INFO[0m [2mmidnight_bench[0m[2m:[0m [3mstage[0m[2m=[0m"trace.lookups_product.start" [3mrss_mb[0m[2m=[0m353 [3mhwm_mb[0m[2m=[0m366
[2m2026-09-15T06:32:00.999601Z[0m [32m INFO[0m [2mmidnight_bench[0m[2m:[0m [3mstage[0m[2m=[0m"trace.lookups_product.end" [3mrss_mb[0m[2m=[0m353 [3mhwm_mb[0m[2m=[0m366
[2m2026-09-15T06:32:01.039853Z[0m [32m INFO[0m [2mmidnight_bench[0m[2m:[0m [3mstage[0m[2m=[0m"create_proof.compute_trace.end" [3mrss_mb[0m[2m=[0m353 [3mhwm_mb[0m[2m=[0m366
[2m2026-09-15T06:32:01.039907Z[0m [32m INFO[0m [2mmidnight_bench[0m[2m:[0m [3mstage[0m[2m=[0m"create_proof.finalise_proof.start" [3mrss_mb[0m[2m=[0m353 [3mhwm_mb[0m[2m=[0m366
[2m2026-09-15T06:32:01.039922Z[0m [32m INFO[0m [2mmidnight_bench[0m[2m:[0m [3mstage[0m[2m=[0m"finalise.compute_h_poly.start" [3mrss_mb[0m[2m=[0m353 [3mhwm_mb[0m[2m=[0m366
[2m2026-09-15T06:32:01.060916Z[0m [32m INFO[0m [2mmidnight_bench[0m[2m:[0m [3mstage[0m[2m=[0m"finalise.compute_h_poly.materialise_fixed_cosets.start" [3mrss_mb[0m[2m=[0m353 [3mhwm_mb[0m[2m=[0m366
[2m2026-09-15T06:32:01.097163Z[0m [32m INFO[0m [2mmidnight_bench[0m[2m:[0m [3mstage[0m[2m=[0m"finalise.compute_h_poly.materialise_fixed_cosets.end" [3mrss_mb[0m[2m=[0m353 [3mhwm_mb[0m[2m=[0m366
[2m2026-09-15T06:32:01.097214Z[0m [32m INFO[0m [2mmidnight_bench[0m[2m:[0m [3mstage[0m[2m=[0m"finalise.compute_h_poly.materialise_perm_cosets.start" [3mrss_mb[0m[2m=[0m353 [3mhwm_mb[0m[2m=[0m366
[2m2026-09-15T06:32:01.116677Z[0m [32m INFO[0m [2mmidnight_bench[0m[2m:[0m [3mstage[0m[2m=[0m"finalise.compute_h_poly.materialise_perm_cosets.end" [3mrss_mb[0m[2m=[0m355 [3mhwm_mb[0m[2m=[0m366
[2m2026-09-15T06:32:01.261235Z[0m [32m INFO[0m [2mmidnight_bench[0m[2m:[0m [3mstage[0m[2m=[0m"finalise.compute_h_poly.drop_cosets.end" [3mrss_mb[0m[2m=[0m355 [3mhwm_mb[0m[2m=[0m366
[2m2026-09-15T06:32:01.261271Z[0m [32m INFO[0m [2mmidnight_bench[0m[2m:[0m [3mstage[0m[2m=[0m"finalise.compute_h_poly.end" [3mrss_mb[0m[2m=[0m355 [3mhwm_mb[0m[2m=[0m366
[2m2026-09-15T06:32:01.261280Z[0m [32m INFO[0m [2mmidnight_bench[0m[2m:[0m [3mstage[0m[2m=[0m"finalise.vanishing_construct.start" [3mrss_mb[0m[2m=[0m355 [3mhwm_mb[0m[2m=[0m366
[2m2026-09-15T06:32:01.345926Z[0m [32m INFO[0m [2mmidnight_bench[0m[2m:[0m [3mstage[0m[2m=[0m"finalise.vanishing_construct.end" [3mrss_mb[0m[2m=[0m355 [3mhwm_mb[0m[2m=[0m366
[2m2026-09-15T06:32:01.372939Z[0m [32m INFO[0m [2mmidnight_bench[0m[2m:[0m [3mstage[0m[2m=[0m"finalise.compute_queries.start" [3mrss_mb[0m[2m=[0m355 [3mhwm_mb[0m[2m=[0m366
[2m2026-09-15T06:32:01.373026Z[0m [32m INFO[0m [2mmidnight_bench[0m[2m:[0m [3mstage[0m[2m=[0m"finalise.multi_open.start" [3mrss_mb[0m[2m=[0m355 [3mhwm_mb[0m[2m=[0m366
[2m2026-09-15T06:32:01.458857Z[0m [32m INFO[0m [2mmidnight_bench[0m[2m:[0m [3mstage[0m[2m=[0m"finalise.multi_open.end" [3mrss_mb[0m[2m=[0m355 [3mhwm_mb[0m[2m=[0m366
[2m2026-09-15T06:32:01.459443Z[0m [32m INFO[0m [2mmidnight_bench[0m[2m:[0m [3mstage[0m[2m=[0m"create_proof.finalise_proof.end" [3mrss_mb[0m[2m=[0m333 [3mhwm_mb[0m[2m=[0m366
[2m2026-09-15T06:32:01.475335Z[0m [32m INFO[0m [2mactix_web::middleware::logger[0m[2m:[0m 192.168.65.1 POST /prove HTTP/1.1; took 0.828020s
[2m2026-09-15T06:32:01.478128Z[0m [32m INFO[0m [2mmidnight_proof_server::endpoints[0m[2m:[0m Starting to process request for /prove...
[2m2026-09-15T06:32:01.556856Z[0m [32m INFO[0m [2mmidnight_bench[0m[2m:[0m [3mstage[0m[2m=[0m"create_proof.compute_trace.start" [3mrss_mb[0m[2m=[0m346 [3mhwm_mb[0m[2m=[0m366
[2m2026-09-15T06:32:01.556888Z[0m [32m INFO[0m [2mmidnight_bench[0m[2m:[0m [3mstage[0m[2m=[0m"trace.compute_instances.start" [3mrss_mb[0m[2m=[0m346 [3mhwm_mb[0m[2m=[0m366
[2m2026-09-15T06:32:01.562274Z[0m [32m INFO[0m [2mmidnight_bench[0m[2m:[0m [3mstage[0m[2m=[0m"trace.compute_instances.end" [3mrss_mb[0m[2m=[0m346 [3mhwm_mb[0m[2m=[0m366
[2m2026-09-15T06:32:01.562296Z[0m [32m INFO[0m [2mmidnight_bench[0m[2m:[0m [3mstage[0m[2m=[0m"trace.parse_advices.start" [3mrss_mb[0m[2m=[0m346 [3mhwm_mb[0m[2m=[0m366
[2m2026-09-15T06:32:01.568204Z[0m [32m INFO[0m [2mmidnight_bench[0m[2m:[0m [3mstage[0m[2m=[0m"trace.parse_advices.end" [3mrss_mb[0m[2m=[0m351 [3mhwm_mb[0m[2m=[0m366
[2m2026-09-15T06:32:01.568225Z[0m [32m INFO[0m [2mmidnight_bench[0m[2m:[0m [3mstage[0m[2m=[0m"trace.lookups_permuted.start" [3mrss_mb[0m[2m=[0m351 [3mhwm_mb[0m[2m=[0m366
[2m2026-09-15T06:32:01.614904Z[0m [32m INFO[0m [2mmidnight_bench[0m[2m:[0m [3mstage[0m[2m=[0m"trace.lookups_permuted.end" [3mrss_mb[0m[2m=[0m357 [3mhwm_mb[0m[2m=[0m366
[2m2026-09-15T06:32:01.614940Z[0m [32m INFO[0m [2mmidnight_bench[0m[2m:[0m [3mstage[0m[2m=[0m"trace.permutations_commit.start" [3mrss_mb[0m[2m=[0m357 [3mhwm_mb[0m[2m=[0m366
[2m2026-09-15T06:32:01.679639Z[0m [32m INFO[0m [2mmidnight_bench[0m[2m:[0m [3mstage[0m[2m=[0m"trace.permutations_commit.end" [3mrss_mb[0m[2m=[0m364 [3mhwm_mb[0m[2m=[0m366
[2m2026-09-15T06:32:01.679660Z[0m [32m INFO[0m [2mmidnight_bench[0m[2m:[0m [3mstage[0m[2m=[0m"trace.lookups_product.start" [3mrss_mb[0m[2m=[0m364 [3mhwm_mb[0m[2m=[0m366
[2m2026-09-15T06:32:01.730795Z[0m [32m INFO[0m [2mmidnight_bench[0m[2m:[0m [3mstage[0m[2m=[0m"trace.lookups_product.end" [3mrss_mb[0m[2m=[0m364 [3mhwm_mb[0m[2m=[0m366
[2m2026-09-15T06:32:01.757000Z[0m [32m INFO[0m [2mmidnight_bench[0m[2m:[0m [3mstage[0m[2m=[0m"create_proof.compute_trace.end" [3mrss_mb[0m[2m=[0m364 [3mhwm_mb[0m[2m=[0m366
[2m2026-09-15T06:32:01.757026Z[0m [32m INFO[0m [2mmidnight_bench[0m[2m:[0m [3mstage[0m[2m=[0m"create_proof.finalise_proof.start" [3mrss_mb[0m[2m=[0m364 [3mhwm_mb[0m[2m=[0m366
[2m2026-09-15T06:32:01.757034Z[0m [32m INFO[0m [2mmidnight_bench[0m[2m:[0m [3mstage[0m[2m=[0m"finalise.compute_h_poly.start" [3mrss_mb[0m[2m=[0m364 [3mhwm_mb[0m[2m=[0m366
[2m2026-09-15T06:32:01.772228Z[0m [32m INFO[0m [2mmidnight_bench[0m[2m:[0m [3mstage[0m[2m=[0m"finalise.compute_h_poly.materialise_fixed_cosets.start" [3mrss_mb[0m[2m=[0m364 [3mhwm_mb[0m[2m=[0m366
[2m2026-09-15T06:32:01.798188Z[0m [32m INFO[0m [2mmidnight_bench[0m[2m:[0m [3mstage[0m[2m=[0m"finalise.compute_h_poly.materialise_fixed_cosets.end" [3mrss_mb[0m[2m=[0m364 [3mhwm_mb[0m[2m=[0m366
[2m2026-09-15T06:32:01.798213Z[0m [32m INFO[0m [2mmidnight_bench[0m[2m:[0m [3mstage[0m[2m=[0m"finalise.compute_h_poly.materialise_perm_cosets.start" [3mrss_mb[0m[2m=[0m364 [3mhwm_mb[0m[2m=[0m366
[2m2026-09-15T06:32:01.810420Z[0m [32m INFO[0m [2mmidnight_bench[0m[2m:[0m [3mstage[0m[2m=[0m"finalise.compute_h_poly.materialise_perm_cosets.end" [3mrss_mb[0m[2m=[0m364 [3mhwm_mb[0m[2m=[0m366
[2m2026-09-15T06:32:01.935876Z[0m [32m INFO[0m [2mmidnight_bench[0m[2m:[0m [3mstage[0m[2m=[0m"finalise.compute_h_poly.drop_cosets.end" [3mrss_mb[0m[2m=[0m365 [3mhwm_mb[0m[2m=[0m366
[2m2026-09-15T06:32:01.935910Z[0m [32m INFO[0m [2mmidnight_bench[0m[2m:[0m [3mstage[0m[2m=[0m"finalise.compute_h_poly.end" [3mrss_mb[0m[2m=[0m365 [3mhwm_mb[0m[2m=[0m366
[2m2026-09-15T06:32:01.935918Z[0m [32m INFO[0m [2mmidnight_bench[0m[2m:[0m [3mstage[0m[2m=[0m"finalise.vanishing_construct.start" [3mrss_mb[0m[2m=[0m365 [3mhwm_mb[0m[2m=[0m366
[2m2026-09-15T06:32:02.032988Z[0m [32m INFO[0m [2mmidnight_bench[0m[2m:[0m [3mstage[0m[2m=[0m"finalise.vanishing_construct.end" [3mrss_mb[0m[2m=[0m365 [3mhwm_mb[0m[2m=[0m366
[2m2026-09-15T06:32:02.063016Z[0m [32m INFO[0m [2mmidnight_bench[0m[2m:[0m [3mstage[0m[2m=[0m"finalise.compute_queries.start" [3mrss_mb[0m[2m=[0m365 [3mhwm_mb[0m[2m=[0m366
[2m2026-09-15T06:32:02.063115Z[0m [32m INFO[0m [2mmidnight_bench[0m[2m:[0m [3mstage[0m[2m=[0m"finalise.multi_open.start" [3mrss_mb[0m[2m=[0m365 [3mhwm_mb[0m[2m=[0m366
[2m2026-09-15T06:32:02.151314Z[0m [32m INFO[0m [2mmidnight_bench[0m[2m:[0m [3mstage[0m[2m=[0m"finalise.multi_open.end" [3mrss_mb[0m[2m=[0m365 [3mhwm_mb[0m[2m=[0m366
[2m2026-09-15T06:32:02.151943Z[0m [32m INFO[0m [2mmidnight_bench[0m[2m:[0m [3mstage[0m[2m=[0m"create_proof.finalise_proof.end" [3mrss_mb[0m[2m=[0m343 [3mhwm_mb[0m[2m=[0m366
[2m2026-09-15T06:32:02.167109Z[0m [32m INFO[0m [2mactix_web::middleware::logger[0m[2m:[0m 192.168.65.1 POST /prove HTTP/1.1; took 0.688997s
[2m2026-09-15T06:32:02.169102Z[0m [32m INFO[0m [2mmidnight_proof_server::endpoints[0m[2m:[0m Starting to process request for /prove...
[2m2026-09-15T06:32:02.242009Z[0m [32m INFO[0m [2mmidnight_bench[0m[2m:[0m [3mstage[0m[2m=[0m"create_proof.compute_trace.start" [3mrss_mb[0m[2m=[0m361 [3mhwm_mb[0m[2m=[0m366
[2m2026-09-15T06:32:02.242040Z[0m [32m INFO[0m [2mmidnight_bench[0m[2m:[0m [3mstage[0m[2m=[0m"trace.compute_instances.start" [3mrss_mb[0m[2m=[0m361 [3mhwm_mb[0m[2m=[0m366
[2m2026-09-15T06:32:02.246950Z[0m [32m INFO[0m [2mmidnight_bench[0m[2m:[0m [3mstage[0m[2m=[0m"trace.compute_instances.end" [3mrss_mb[0m[2m=[0m361 [3mhwm_mb[0m[2m=[0m366
[2m2026-09-15T06:32:02.246966Z[0m [32m INFO[0m [2mmidnight_bench[0m[2m:[0m [3mstage[0m[2m=[0m"trace.parse_advices.start" [3mrss_mb[0m[2m=[0m361 [3mhwm_mb[0m[2m=[0m366
[2m2026-09-15T06:32:02.252705Z[0m [32m INFO[0m [2mmidnight_bench[0m[2m:[0m [3mstage[0m[2m=[0m"trace.parse_advices.end" [3mrss_mb[0m[2m=[0m366 [3mhwm_mb[0m[2m=[0m366
[2m2026-09-15T06:32:02.252734Z[0m [32m INFO[0m [2mmidnight_bench[0m[2m:[0m [3mstage[0m[2m=[0m"trace.lookups_permuted.start" [3mrss_mb[0m[2m=[0m366 [3mhwm_mb[0m[2m=[0m366
[2m2026-09-15T06:32:02.297740Z[0m [32m INFO[0m [2mmidnight_bench[0m[2m:[0m [3mstage[0m[2m=[0m"trace.lookups_permuted.end" [3mrss_mb[0m[2m=[0m371 [3mhwm_mb[0m[2m=[0m371
[2m2026-09-15T06:32:02.297771Z[0m [32m INFO[0m [2mmidnight_bench[0m[2m:[0m [3mstage[0m[2m=[0m"trace.permutations_commit.start" [3mrss_mb[0m[2m=[0m371 [3mhwm_mb[0m[2m=[0m371
[2m2026-09-15T06:32:02.367217Z[0m [32m INFO[0m [2mmidnight_bench[0m[2m:[0m [3mstage[0m[2m=[0m"trace.permutations_commit.end" [3mrss_mb[0m[2m=[0m379 [3mhwm_mb[0m[2m=[0m379
[2m2026-09-15T06:32:02.367242Z[0m [32m INFO[0m [2mmidnight_bench[0m[2m:[0m [3mstage[0m[2m=[0m"trace.lookups_product.start" [3mrss_mb[0m[2m=[0m379 [3mhwm_mb[0m[2m=[0m379
[2m2026-09-15T06:32:02.418955Z[0m [32m INFO[0m [2mmidnight_bench[0m[2m:[0m [3mstage[0m[2m=[0m"trace.lookups_product.end" [3mrss_mb[0m[2m=[0m379 [3mhwm_mb[0m[2m=[0m379
[2m2026-09-15T06:32:02.441988Z[0m [32m INFO[0m [2mmidnight_bench[0m[2m:[0m [3mstage[0m[2m=[0m"create_proof.compute_trace.end" [3mrss_mb[0m[2m=[0m379 [3mhwm_mb[0m[2m=[0m379
[2m2026-09-15T06:32:02.442011Z[0m [32m INFO[0m [2mmidnight_bench[0m[2m:[0m [3mstage[0m[2m=[0m"create_proof.finalise_proof.start" [3mrss_mb[0m[2m=[0m379 [3mhwm_mb[0m[2m=[0m379
[2m2026-09-15T06:32:02.442020Z[0m [32m INFO[0m [2mmidnight_bench[0m[2m:[0m [3mstage[0m[2m=[0m"finalise.compute_h_poly.start" [3mrss_mb[0m[2m=[0m379 [3mhwm_mb[0m[2m=[0m379
[2m2026-09-15T06:32:02.455562Z[0m [32m INFO[0m [2mmidnight_bench[0m[2m:[0m [3mstage[0m[2m=[0m"finalise.compute_h_poly.materialise_fixed_cosets.start" [3mrss_mb[0m[2m=[0m379 [3mhwm_mb[0m[2m=[0m379
[2m2026-09-15T06:32:02.479883Z[0m [32m INFO[0m [2mmidnight_bench[0m[2m:[0m [3mstage[0m[2m=[0m"finalise.compute_h_poly.materialise_fixed_cosets.end" [3mrss_mb[0m[2m=[0m379 [3mhwm_mb[0m[2m=[0m379
[2m2026-09-15T06:32:02.479911Z[0m [32m INFO[0m [2mmidnight_bench[0m[2m:[0m [3mstage[0m[2m=[0m"finalise.compute_h_poly.materialise_perm_cosets.start" [3mrss_mb[0m[2m=[0m379 [3mhwm_mb[0m[2m=[0m379
[2m2026-09-15T06:32:02.494351Z[0m [32m INFO[0m [2mmidnight_bench[0m[2m:[0m [3mstage[0m[2m=[0m"finalise.compute_h_poly.materialise_perm_cosets.end" [3mrss_mb[0m[2m=[0m379 [3mhwm_mb[0m[2m=[0m379
[2m2026-09-15T06:32:02.615542Z[0m [32m INFO[0m [2mmidnight_bench[0m[2m:[0m [3mstage[0m[2m=[0m"finalise.compute_h_poly.drop_cosets.end" [3mrss_mb[0m[2m=[0m380 [3mhwm_mb[0m[2m=[0m380
[2m2026-09-15T06:32:02.615582Z[0m [32m INFO[0m [2mmidnight_bench[0m[2m:[0m [3mstage[0m[2m=[0m"finalise.compute_h_poly.end" [3mrss_mb[0m[2m=[0m380 [3mhwm_mb[0m[2m=[0m380
[2m2026-09-15T06:32:02.615591Z[0m [32m INFO[0m [2mmidnight_bench[0m[2m:[0m [3mstage[0m[2m=[0m"finalise.vanishing_construct.start" [3mrss_mb[0m[2m=[0m380 [3mhwm_mb[0m[2m=[0m380
[2m2026-09-15T06:32:02.722639Z[0m [32m INFO[0m [2mmidnight_bench[0m[2m:[0m [3mstage[0m[2m=[0m"finalise.vanishing_construct.end" [3mrss_mb[0m[2m=[0m380 [3mhwm_mb[0m[2m=[0m380
[2m2026-09-15T06:32:02.753601Z[0m [32m INFO[0m [2mmidnight_bench[0m[2m:[0m [3mstage[0m[2m=[0m"finalise.compute_queries.start" [3mrss_mb[0m[2m=[0m380 [3mhwm_mb[0m[2m=[0m380
[2m2026-09-15T06:32:02.753693Z[0m [32m INFO[0m [2mmidnight_bench[0m[2m:[0m [3mstage[0m[2m=[0m"finalise.multi_open.start" [3mrss_mb[0m[2m=[0m380 [3mhwm_mb[0m[2m=[0m380
[2m2026-09-15T06:32:02.848047Z[0m [32m INFO[0m [2mmidnight_bench[0m[2m:[0m [3mstage[0m[2m=[0m"finalise.multi_open.end" [3mrss_mb[0m[2m=[0m380 [3mhwm_mb[0m[2m=[0m380
[2m2026-09-15T06:32:02.848680Z[0m [32m INFO[0m [2mmidnight_bench[0m[2m:[0m [3mstage[0m[2m=[0m"create_proof.finalise_proof.end" [3mrss_mb[0m[2m=[0m357 [3mhwm_mb[0m[2m=[0m378
[2m2026-09-15T06:32:02.864318Z[0m [32m INFO[0m [2mactix_web::middleware::logger[0m[2m:[0m 192.168.65.1 POST /prove HTTP/1.1; took 0.695241s
[2m2026-09-15T06:32:02.866509Z[0m [32m INFO[0m [2mmidnight_proof_server::endpoints[0m[2m:[0m Starting to process request for /prove...
[2m2026-09-15T06:32:02.940127Z[0m [32m INFO[0m [2mmidnight_bench[0m[2m:[0m [3mstage[0m[2m=[0m"create_proof.compute_trace.start" [3mrss_mb[0m[2m=[0m361 [3mhwm_mb[0m[2m=[0m378
[2m2026-09-15T06:32:02.940154Z[0m [32m INFO[0m [2mmidnight_bench[0m[2m:[0m [3mstage[0m[2m=[0m"trace.compute_instances.start" [3mrss_mb[0m[2m=[0m361 [3mhwm_mb[0m[2m=[0m378
[2m2026-09-15T06:32:02.945605Z[0m [32m INFO[0m [2mmidnight_bench[0m[2m:[0m [3mstage[0m[2m=[0m"trace.compute_instances.end" [3mrss_mb[0m[2m=[0m361 [3mhwm_mb[0m[2m=[0m378
[2m2026-09-15T06:32:02.945627Z[0m [32m INFO[0m [2mmidnight_bench[0m[2m:[0m [3mstage[0m[2m=[0m"trace.parse_advices.start" [3mrss_mb[0m[2m=[0m361 [3mhwm_mb[0m[2m=[0m378
[2m2026-09-15T06:32:02.951278Z[0m [32m INFO[0m [2mmidnight_bench[0m[2m:[0m [3mstage[0m[2m=[0m"trace.parse_advices.end" [3mrss_mb[0m[2m=[0m366 [3mhwm_mb[0m[2m=[0m378
[2m2026-09-15T06:32:02.951298Z[0m [32m INFO[0m [2mmidnight_bench[0m[2m:[0m [3mstage[0m[2m=[0m"trace.lookups_permuted.start" [3mrss_mb[0m[2m=[0m366 [3mhwm_mb[0m[2m=[0m378
[2m2026-09-15T06:32:02.997142Z[0m [32m INFO[0m [2mmidnight_bench[0m[2m:[0m [3mstage[0m[2m=[0m"trace.lookups_permuted.end" [3mrss_mb[0m[2m=[0m371 [3mhwm_mb[0m[2m=[0m378
[2m2026-09-15T06:32:02.997165Z[0m [32m INFO[0m [2mmidnight_bench[0m[2m:[0m [3mstage[0m[2m=[0m"trace.permutations_commit.start" [3mrss_mb[0m[2m=[0m371 [3mhwm_mb[0m[2m=[0m378
[2m2026-09-15T06:32:03.069615Z[0m [32m INFO[0m [2mmidnight_bench[0m[2m:[0m [3mstage[0m[2m=[0m"trace.permutations_commit.end" [3mrss_mb[0m[2m=[0m379 [3mhwm_mb[0m[2m=[0m379
[2m2026-09-15T06:32:03.069642Z[0m [32m INFO[0m [2mmidnight_bench[0m[2m:[0m [3mstage[0m[2m=[0m"trace.lookups_product.start" [3mrss_mb[0m[2m=[0m379 [3mhwm_mb[0m[2m=[0m379
[2m2026-09-15T06:32:03.123085Z[0m [32m INFO[0m [2mmidnight_bench[0m[2m:[0m [3mstage[0m[2m=[0m"trace.lookups_product.end" [3mrss_mb[0m[2m=[0m379 [3mhwm_mb[0m[2m=[0m379
[2m2026-09-15T06:32:03.145402Z[0m [32m INFO[0m [2mmidnight_bench[0m[2m:[0m [3mstage[0m[2m=[0m"create_proof.compute_trace.end" [3mrss_mb[0m[2m=[0m379 [3mhwm_mb[0m[2m=[0m379
[2m2026-09-15T06:32:03.145425Z[0m [32m INFO[0m [2mmidnight_bench[0m[2m:[0m [3mstage[0m[2m=[0m"create_proof.finalise_proof.start" [3mrss_mb[0m[2m=[0m379 [3mhwm_mb[0m[2m=[0m379
[2m2026-09-15T06:32:03.145432Z[0m [32m INFO[0m [2mmidnight_bench[0m[2m:[0m [3mstage[0m[2m=[0m"finalise.compute_h_poly.start" [3mrss_mb[0m[2m=[0m379 [3mhwm_mb[0m[2m=[0m379
[2m2026-09-15T06:32:03.159447Z[0m [32m INFO[0m [2mmidnight_bench[0m[2m:[0m [3mstage[0m[2m=[0m"finalise.compute_h_poly.materialise_fixed_cosets.start" [3mrss_mb[0m[2m=[0m379 [3mhwm_mb[0m[2m=[0m379
[2m2026-09-15T06:32:03.183484Z[0m [32m INFO[0m [2mmidnight_bench[0m[2m:[0m [3mstage[0m[2m=[0m"finalise.compute_h_poly.materialise_fixed_cosets.end" [3mrss_mb[0m[2m=[0m379 [3mhwm_mb[0m[2m=[0m379
[2m2026-09-15T06:32:03.183513Z[0m [32m INFO[0m [2mmidnight_bench[0m[2m:[0m [3mstage[0m[2m=[0m"finalise.compute_h_poly.materialise_perm_cosets.start" [3mrss_mb[0m[2m=[0m379 [3mhwm_mb[0m[2m=[0m379
[2m2026-09-15T06:32:03.199299Z[0m [32m INFO[0m [2mmidnight_bench[0m[2m:[0m [3mstage[0m[2m=[0m"finalise.compute_h_poly.materialise_perm_cosets.end" [3mrss_mb[0m[2m=[0m379 [3mhwm_mb[0m[2m=[0m379
[2m2026-09-15T06:32:03.317638Z[0m [32m INFO[0m [2mmidnight_bench[0m[2m:[0m [3mstage[0m[2m=[0m"finalise.compute_h_poly.drop_cosets.end" [3mrss_mb[0m[2m=[0m380 [3mhwm_mb[0m[2m=[0m380
[2m2026-09-15T06:32:03.317676Z[0m [32m INFO[0m [2mmidnight_bench[0m[2m:[0m [3mstage[0m[2m=[0m"finalise.compute_h_poly.end" [3mrss_mb[0m[2m=[0m380 [3mhwm_mb[0m[2m=[0m380
[2m2026-09-15T06:32:03.317683Z[0m [32m INFO[0m [2mmidnight_bench[0m[2m:[0m [3mstage[0m[2m=[0m"finalise.vanishing_construct.start" [3mrss_mb[0m[2m=[0m380 [3mhwm_mb[0m[2m=[0m380
[2m2026-09-15T06:32:03.403889Z[0m [32m INFO[0m [2mmidnight_bench[0m[2m:[0m [3mstage[0m[2m=[0m"finalise.vanishing_construct.end" [3mrss_mb[0m[2m=[0m380 [3mhwm_mb[0m[2m=[0m380
[2m2026-09-15T06:32:03.430994Z[0m [32m INFO[0m [2mmidnight_bench[0m[2m:[0m [3mstage[0m[2m=[0m"finalise.compute_queries.start" [3mrss_mb[0m[2m=[0m380 [3mhwm_mb[0m[2m=[0m380
[2m2026-09-15T06:32:03.431100Z[0m [32m INFO[0m [2mmidnight_bench[0m[2m:[0m [3mstage[0m[2m=[0m"finalise.multi_open.start" [3mrss_mb[0m[2m=[0m380 [3mhwm_mb[0m[2m=[0m380
[2m2026-09-15T06:32:03.521106Z[0m [32m INFO[0m [2mmidnight_bench[0m[2m:[0m [3mstage[0m[2m=[0m"finalise.multi_open.end" [3mrss_mb[0m[2m=[0m380 [3mhwm_mb[0m[2m=[0m380
[2m2026-09-15T06:32:03.521793Z[0m [32m INFO[0m [2mmidnight_bench[0m[2m:[0m [3mstage[0m[2m=[0m"create_proof.finalise_proof.end" [3mrss_mb[0m[2m=[0m357 [3mhwm_mb[0m[2m=[0m379
[2m2026-09-15T06:32:03.536764Z[0m [32m INFO[0m [2mactix_web::middleware::logger[0m[2m:[0m 192.168.65.1 POST /prove HTTP/1.1; took 0.670274s
[2m2026-09-15T06:32:03.538884Z[0m [32m INFO[0m [2mmidnight_proof_server::endpoints[0m[2m:[0m Starting to process request for /prove...
[2m2026-09-15T06:32:03.608748Z[0m [32m INFO[0m [2mmidnight_bench[0m[2m:[0m [3mstage[0m[2m=[0m"create_proof.compute_trace.start" [3mrss_mb[0m[2m=[0m364 [3mhwm_mb[0m[2m=[0m379
[2m2026-09-15T06:32:03.608780Z[0m [32m INFO[0m [2mmidnight_bench[0m[2m:[0m [3mstage[0m[2m=[0m"trace.compute_instances.start" [3mrss_mb[0m[2m=[0m364 [3mhwm_mb[0m[2m=[0m379
[2m2026-09-15T06:32:03.613368Z[0m [32m INFO[0m [2mmidnight_bench[0m[2m:[0m [3mstage[0m[2m=[0m"trace.compute_instances.end" [3mrss_mb[0m[2m=[0m364 [3mhwm_mb[0m[2m=[0m379
[2m2026-09-15T06:32:03.613390Z[0m [32m INFO[0m [2mmidnight_bench[0m[2m:[0m [3mstage[0m[2m=[0m"trace.parse_advices.start" [3mrss_mb[0m[2m=[0m364 [3mhwm_mb[0m[2m=[0m379
[2m2026-09-15T06:32:03.619104Z[0m [32m INFO[0m [2mmidnight_bench[0m[2m:[0m [3mstage[0m[2m=[0m"trace.parse_advices.end" [3mrss_mb[0m[2m=[0m368 [3mhwm_mb[0m[2m=[0m379
[2m2026-09-15T06:32:03.619125Z[0m [32m INFO[0m [2mmidnight_bench[0m[2m:[0m [3mstage[0m[2m=[0m"trace.lookups_permuted.start" [3mrss_mb[0m[2m=[0m368 [3mhwm_mb[0m[2m=[0m379
[2m2026-09-15T06:32:03.661570Z[0m [32m INFO[0m [2mmidnight_bench[0m[2m:[0m [3mstage[0m[2m=[0m"trace.lookups_permuted.end" [3mrss_mb[0m[2m=[0m374 [3mhwm_mb[0m[2m=[0m379
[2m2026-09-15T06:32:03.661595Z[0m [32m INFO[0m [2mmidnight_bench[0m[2m:[0m [3mstage[0m[2m=[0m"trace.permutations_commit.start" [3mrss_mb[0m[2m=[0m374 [3mhwm_mb[0m[2m=[0m379
[2m2026-09-15T06:32:03.727195Z[0m [32m INFO[0m [2mmidnight_bench[0m[2m:[0m [3mstage[0m[2m=[0m"trace.permutations_commit.end" [3mrss_mb[0m[2m=[0m381 [3mhwm_mb[0m[2m=[0m381
[2m2026-09-15T06:32:03.727227Z[0m [32m INFO[0m [2mmidnight_bench[0m[2m:[0m [3mstage[0m[2m=[0m"trace.lookups_product.start" [3mrss_mb[0m[2m=[0m381 [3mhwm_mb[0m[2m=[0m381
[2m2026-09-15T06:32:03.782308Z[0m [32m INFO[0m [2mmidnight_bench[0m[2m:[0m [3mstage[0m[2m=[0m"trace.lookups_product.end" [3mrss_mb[0m[2m=[0m381 [3mhwm_mb[0m[2m=[0m381
[2m2026-09-15T06:32:03.805806Z[0m [32m INFO[0m [2mmidnight_bench[0m[2m:[0m [3mstage[0m[2m=[0m"create_proof.compute_trace.end" [3mrss_mb[0m[2m=[0m382 [3mhwm_mb[0m[2m=[0m382
[2m2026-09-15T06:32:03.805825Z[0m [32m INFO[0m [2mmidnight_bench[0m[2m:[0m [3mstage[0m[2m=[0m"create_proof.finalise_proof.start" [3mrss_mb[0m[2m=[0m382 [3mhwm_mb[0m[2m=[0m382
[2m2026-09-15T06:32:03.805833Z[0m [32m INFO[0m [2mmidnight_bench[0m[2m:[0m [3mstage[0m[2m=[0m"finalise.compute_h_poly.start" [3mrss_mb[0m[2m=[0m382 [3mhwm_mb[0m[2m=[0m382
[2m2026-09-15T06:32:03.821240Z[0m [32m INFO[0m [2mmidnight_bench[0m[2m:[0m [3mstage[0m[2m=[0m"finalise.compute_h_poly.materialise_fixed_cosets.start" [3mrss_mb[0m[2m=[0m382 [3mhwm_mb[0m[2m=[0m382
[2m2026-09-15T06:32:03.847726Z[0m [32m INFO[0m [2mmidnight_bench[0m[2m:[0m [3mstage[0m[2m=[0m"finalise.compute_h_poly.materialise_fixed_cosets.end" [3mrss_mb[0m[2m=[0m382 [3mhwm_mb[0m[2m=[0m382
[2m2026-09-15T06:32:03.847752Z[0m [32m INFO[0m [2mmidnight_bench[0m[2m:[0m [3mstage[0m[2m=[0m"finalise.compute_h_poly.materialise_perm_cosets.start" [3mrss_mb[0m[2m=[0m382 [3mhwm_mb[0m[2m=[0m382
[2m2026-09-15T06:32:03.859896Z[0m [32m INFO[0m [2mmidnight_bench[0m[2m:[0m [3mstage[0m[2m=[0m"finalise.compute_h_poly.materialise_perm_cosets.end" [3mrss_mb[0m[2m=[0m383 [3mhwm_mb[0m[2m=[0m383
[2m2026-09-15T06:32:03.991626Z[0m [32m INFO[0m [2mmidnight_bench[0m[2m:[0m [3mstage[0m[2m=[0m"finalise.compute_h_poly.drop_cosets.end" [3mrss_mb[0m[2m=[0m383 [3mhwm_mb[0m[2m=[0m383
[2m2026-09-15T06:32:03.991660Z[0m [32m INFO[0m [2mmidnight_bench[0m[2m:[0m [3mstage[0m[2m=[0m"finalise.compute_h_poly.end" [3mrss_mb[0m[2m=[0m383 [3mhwm_mb[0m[2m=[0m383
[2m2026-09-15T06:32:03.991667Z[0m [32m INFO[0m [2mmidnight_bench[0m[2m:[0m [3mstage[0m[2m=[0m"finalise.vanishing_construct.start" [3mrss_mb[0m[2m=[0m383 [3mhwm_mb[0m[2m=[0m383
[2m2026-09-15T06:32:04.088009Z[0m [32m INFO[0m [2mmidnight_bench[0m[2m:[0m [3mstage[0m[2m=[0m"finalise.vanishing_construct.end" [3mrss_mb[0m[2m=[0m383 [3mhwm_mb[0m[2m=[0m383
[2m2026-09-15T06:32:04.117489Z[0m [32m INFO[0m [2mmidnight_bench[0m[2m:[0m [3mstage[0m[2m=[0m"finalise.compute_queries.start" [3mrss_mb[0m[2m=[0m383 [3mhwm_mb[0m[2m=[0m383
[2m2026-09-15T06:32:04.117580Z[0m [32m INFO[0m [2mmidnight_bench[0m[2m:[0m [3mstage[0m[2m=[0m"finalise.multi_open.start" [3mrss_mb[0m[2m=[0m383 [3mhwm_mb[0m[2m=[0m383
[2m2026-09-15T06:32:04.207582Z[0m [32m INFO[0m [2mmidnight_bench[0m[2m:[0m [3mstage[0m[2m=[0m"finalise.multi_open.end" [3mrss_mb[0m[2m=[0m383 [3mhwm_mb[0m[2m=[0m383
[2m2026-09-15T06:32:04.208188Z[0m [32m INFO[0m [2mmidnight_bench[0m[2m:[0m [3mstage[0m[2m=[0m"create_proof.finalise_proof.end" [3mrss_mb[0m[2m=[0m361 [3mhwm_mb[0m[2m=[0m382
[2m2026-09-15T06:32:04.223477Z[0m [32m INFO[0m [2mactix_web::middleware::logger[0m[2m:[0m 192.168.65.1 POST /prove HTTP/1.1; took 0.684742s
[2m2026-09-15T06:32:04.224913Z[0m [32m INFO[0m [2mmidnight_proof_server::endpoints[0m[2m:[0m Starting to process request for /prove...
[2m2026-09-15T06:32:04.296992Z[0m [32m INFO[0m [2mmidnight_bench[0m[2m:[0m [3mstage[0m[2m=[0m"create_proof.compute_trace.start" [3mrss_mb[0m[2m=[0m350 [3mhwm_mb[0m[2m=[0m382
[2m2026-09-15T06:32:04.297027Z[0m [32m INFO[0m [2mmidnight_bench[0m[2m:[0m [3mstage[0m[2m=[0m"trace.compute_instances.start" [3mrss_mb[0m[2m=[0m350 [3mhwm_mb[0m[2m=[0m382
[2m2026-09-15T06:32:04.301479Z[0m [32m INFO[0m [2mmidnight_bench[0m[2m:[0m [3mstage[0m[2m=[0m"trace.compute_instances.end" [3mrss_mb[0m[2m=[0m350 [3mhwm_mb[0m[2m=[0m382
[2m2026-09-15T06:32:04.301502Z[0m [32m INFO[0m [2mmidnight_bench[0m[2m:[0m [3mstage[0m[2m=[0m"trace.parse_advices.start" [3mrss_mb[0m[2m=[0m350 [3mhwm_mb[0m[2m=[0m382
[2m2026-09-15T06:32:04.307218Z[0m [32m INFO[0m [2mmidnight_bench[0m[2m:[0m [3mstage[0m[2m=[0m"trace.parse_advices.end" [3mrss_mb[0m[2m=[0m355 [3mhwm_mb[0m[2m=[0m382
[2m2026-09-15T06:32:04.307242Z[0m [32m INFO[0m [2mmidnight_bench[0m[2m:[0m [3mstage[0m[2m=[0m"trace.lookups_permuted.start" [3mrss_mb[0m[2m=[0m355 [3mhwm_mb[0m[2m=[0m382
[2m2026-09-15T06:32:04.349590Z[0m [32m INFO[0m [2mmidnight_bench[0m[2m:[0m [3mstage[0m[2m=[0m"trace.lookups_permuted.end" [3mrss_mb[0m[2m=[0m361 [3mhwm_mb[0m[2m=[0m382
[2m2026-09-15T06:32:04.349624Z[0m [32m INFO[0m [2mmidnight_bench[0m[2m:[0m [3mstage[0m[2m=[0m"trace.permutations_commit.start" [3mrss_mb[0m[2m=[0m361 [3mhwm_mb[0m[2m=[0m382
[2m2026-09-15T06:32:04.417062Z[0m [32m INFO[0m [2mmidnight_bench[0m[2m:[0m [3mstage[0m[2m=[0m"trace.permutations_commit.end" [3mrss_mb[0m[2m=[0m368 [3mhwm_mb[0m[2m=[0m382
[2m2026-09-15T06:32:04.417103Z[0m [32m INFO[0m [2mmidnight_bench[0m[2m:[0m [3mstage[0m[2m=[0m"trace.lookups_product.start" [3mrss_mb[0m[2m=[0m368 [3mhwm_mb[0m[2m=[0m382
[2m2026-09-15T06:32:04.466111Z[0m [32m INFO[0m [2mmidnight_bench[0m[2m:[0m [3mstage[0m[2m=[0m"trace.lookups_product.end" [3mrss_mb[0m[2m=[0m368 [3mhwm_mb[0m[2m=[0m382
[2m2026-09-15T06:32:04.490889Z[0m [32m INFO[0m [2mmidnight_bench[0m[2m:[0m [3mstage[0m[2m=[0m"create_proof.compute_trace.end" [3mrss_mb[0m[2m=[0m368 [3mhwm_mb[0m[2m=[0m382
[2m2026-09-15T06:32:04.490919Z[0m [32m INFO[0m [2mmidnight_bench[0m[2m:[0m [3mstage[0m[2m=[0m"create_proof.finalise_proof.start" [3mrss_mb[0m[2m=[0m368 [3mhwm_mb[0m[2m=[0m382
[2m2026-09-15T06:32:04.490928Z[0m [32m INFO[0m [2mmidnight_bench[0m[2m:[0m [3mstage[0m[2m=[0m"finalise.compute_h_poly.start" [3mrss_mb[0m[2m=[0m368 [3mhwm_mb[0m[2m=[0m382
[2m2026-09-15T06:32:04.505845Z[0m [32m INFO[0m [2mmidnight_bench[0m[2m:[0m [3mstage[0m[2m=[0m"finalise.compute_h_poly.materialise_fixed_cosets.start" [3mrss_mb[0m[2m=[0m368 [3mhwm_mb[0m[2m=[0m382
[2m2026-09-15T06:32:04.536675Z[0m [32m INFO[0m [2mmidnight_bench[0m[2m:[0m [3mstage[0m[2m=[0m"finalise.compute_h_poly.materialise_fixed_cosets.end" [3mrss_mb[0m[2m=[0m368 [3mhwm_mb[0m[2m=[0m382
[2m2026-09-15T06:32:04.536703Z[0m [32m INFO[0m [2mmidnight_bench[0m[2m:[0m [3mstage[0m[2m=[0m"finalise.compute_h_poly.materialise_perm_cosets.start" [3mrss_mb[0m[2m=[0m368 [3mhwm_mb[0m[2m=[0m382
[2m2026-09-15T06:32:04.550548Z[0m [32m INFO[0m [2mmidnight_bench[0m[2m:[0m [3mstage[0m[2m=[0m"finalise.compute_h_poly.materialise_perm_cosets.end" [3mrss_mb[0m[2m=[0m368 [3mhwm_mb[0m[2m=[0m382
[2m2026-09-15T06:32:04.671037Z[0m [32m INFO[0m [2mmidnight_bench[0m[2m:[0m [3mstage[0m[2m=[0m"finalise.compute_h_poly.drop_cosets.end" [3mrss_mb[0m[2m=[0m369 [3mhwm_mb[0m[2m=[0m382
[2m2026-09-15T06:32:04.671074Z[0m [32m INFO[0m [2mmidnight_bench[0m[2m:[0m [3mstage[0m[2m=[0m"finalise.compute_h_poly.end" [3mrss_mb[0m[2m=[0m369 [3mhwm_mb[0m[2m=[0m382
[2m2026-09-15T06:32:04.671085Z[0m [32m INFO[0m [2mmidnight_bench[0m[2m:[0m [3mstage[0m[2m=[0m"finalise.vanishing_construct.start" [3mrss_mb[0m[2m=[0m369 [3mhwm_mb[0m[2m=[0m382
[2m2026-09-15T06:32:04.763628Z[0m [32m INFO[0m [2mmidnight_bench[0m[2m:[0m [3mstage[0m[2m=[0m"finalise.vanishing_construct.end" [3mrss_mb[0m[2m=[0m369 [3mhwm_mb[0m[2m=[0m382
[2m2026-09-15T06:32:04.792538Z[0m [32m INFO[0m [2mmidnight_bench[0m[2m:[0m [3mstage[0m[2m=[0m"finalise.compute_queries.start" [3mrss_mb[0m[2m=[0m369 [3mhwm_mb[0m[2m=[0m382
[2m2026-09-15T06:32:04.792694Z[0m [32m INFO[0m [2mmidnight_bench[0m[2m:[0m [3mstage[0m[2m=[0m"finalise.multi_open.start" [3mrss_mb[0m[2m=[0m369 [3mhwm_mb[0m[2m=[0m382
[2m2026-09-15T06:32:04.883202Z[0m [32m INFO[0m [2mmidnight_bench[0m[2m:[0m [3mstage[0m[2m=[0m"finalise.multi_open.end" [3mrss_mb[0m[2m=[0m369 [3mhwm_mb[0m[2m=[0m382
[2m2026-09-15T06:32:04.883780Z[0m [32m INFO[0m [2mmidnight_bench[0m[2m:[0m [3mstage[0m[2m=[0m"create_proof.finalise_proof.end" [3mrss_mb[0m[2m=[0m347 [3mhwm_mb[0m[2m=[0m382
[2m2026-09-15T06:32:04.899208Z[0m [32m INFO[0m [2mactix_web::middleware::logger[0m[2m:[0m 192.168.65.1 POST /prove HTTP/1.1; took 0.674311s
[2m2026-09-15T06:32:04.900739Z[0m [32m INFO[0m [2mmidnight_proof_server::endpoints[0m[2m:[0m Starting to process request for /prove...
[2m2026-09-15T06:32:04.977257Z[0m [32m INFO[0m [2mmidnight_bench[0m[2m:[0m [3mstage[0m[2m=[0m"create_proof.compute_trace.start" [3mrss_mb[0m[2m=[0m351 [3mhwm_mb[0m[2m=[0m382
[2m2026-09-15T06:32:04.977286Z[0m [32m INFO[0m [2mmidnight_bench[0m[2m:[0m [3mstage[0m[2m=[0m"trace.compute_instances.start" [3mrss_mb[0m[2m=[0m351 [3mhwm_mb[0m[2m=[0m382
[2m2026-09-15T06:32:04.982784Z[0m [32m INFO[0m [2mmidnight_bench[0m[2m:[0m [3mstage[0m[2m=[0m"trace.compute_instances.end" [3mrss_mb[0m[2m=[0m351 [3mhwm_mb[0m[2m=[0m382
[2m2026-09-15T06:32:04.982809Z[0m [32m INFO[0m [2mmidnight_bench[0m[2m:[0m [3mstage[0m[2m=[0m"trace.parse_advices.start" [3mrss_mb[0m[2m=[0m351 [3mhwm_mb[0m[2m=[0m382
[2m2026-09-15T06:32:04.988908Z[0m [32m INFO[0m [2mmidnight_bench[0m[2m:[0m [3mstage[0m[2m=[0m"trace.parse_advices.end" [3mrss_mb[0m[2m=[0m356 [3mhwm_mb[0m[2m=[0m382
[2m2026-09-15T06:32:04.988931Z[0m [32m INFO[0m [2mmidnight_bench[0m[2m:[0m [3mstage[0m[2m=[0m"trace.lookups_permuted.start" [3mrss_mb[0m[2m=[0m356 [3mhwm_mb[0m[2m=[0m382
[2m2026-09-15T06:32:05.034871Z[0m [32m INFO[0m [2mmidnight_bench[0m[2m:[0m [3mstage[0m[2m=[0m"trace.lookups_permuted.end" [3mrss_mb[0m[2m=[0m362 [3mhwm_mb[0m[2m=[0m382
[2m2026-09-15T06:32:05.034902Z[0m [32m INFO[0m [2mmidnight_bench[0m[2m:[0m [3mstage[0m[2m=[0m"trace.permutations_commit.start" [3mrss_mb[0m[2m=[0m362 [3mhwm_mb[0m[2m=[0m382
[2m2026-09-15T06:32:05.100910Z[0m [32m INFO[0m [2mmidnight_bench[0m[2m:[0m [3mstage[0m[2m=[0m"trace.permutations_commit.end" [3mrss_mb[0m[2m=[0m369 [3mhwm_mb[0m[2m=[0m382
[2m2026-09-15T06:32:05.100942Z[0m [32m INFO[0m [2mmidnight_bench[0m[2m:[0m [3mstage[0m[2m=[0m"trace.lookups_product.start" [3mrss_mb[0m[2m=[0m369 [3mhwm_mb[0m[2m=[0m382
[2m2026-09-15T06:32:05.151289Z[0m [32m INFO[0m [2mmidnight_bench[0m[2m:[0m [3mstage[0m[2m=[0m"trace.lookups_product.end" [3mrss_mb[0m[2m=[0m369 [3mhwm_mb[0m[2m=[0m382
[2m2026-09-15T06:32:05.177109Z[0m [32m INFO[0m [2mmidnight_bench[0m[2m:[0m [3mstage[0m[2m=[0m"create_proof.compute_trace.end" [3mrss_mb[0m[2m=[0m369 [3mhwm_mb[0m[2m=[0m382
[2m2026-09-15T06:32:05.177137Z[0m [32m INFO[0m [2mmidnight_bench[0m[2m:[0m [3mstage[0m[2m=[0m"create_proof.finalise_proof.start" [3mrss_mb[0m[2m=[0m369 [3mhwm_mb[0m[2m=[0m382
[2m2026-09-15T06:32:05.177145Z[0m [32m INFO[0m [2mmidnight_bench[0m[2m:[0m [3mstage[0m[2m=[0m"finalise.compute_h_poly.start" [3mrss_mb[0m[2m=[0m369 [3mhwm_mb[0m[2m=[0m382
[2m2026-09-15T06:32:05.191618Z[0m [32m INFO[0m [2mmidnight_bench[0m[2m:[0m [3mstage[0m[2m=[0m"finalise.compute_h_poly.materialise_fixed_cosets.start" [3mrss_mb[0m[2m=[0m369 [3mhwm_mb[0m[2m=[0m382
[2m2026-09-15T06:32:05.214933Z[0m [32m INFO[0m [2mmidnight_bench[0m[2m:[0m [3mstage[0m[2m=[0m"finalise.compute_h_poly.materialise_fixed_cosets.end" [3mrss_mb[0m[2m=[0m369 [3mhwm_mb[0m[2m=[0m382
[2m2026-09-15T06:32:05.214959Z[0m [32m INFO[0m [2mmidnight_bench[0m[2m:[0m [3mstage[0m[2m=[0m"finalise.compute_h_poly.materialise_perm_cosets.start" [3mrss_mb[0m[2m=[0m369 [3mhwm_mb[0m[2m=[0m382
[2m2026-09-15T06:32:05.227608Z[0m [32m INFO[0m [2mmidnight_bench[0m[2m:[0m [3mstage[0m[2m=[0m"finalise.compute_h_poly.materialise_perm_cosets.end" [3mrss_mb[0m[2m=[0m369 [3mhwm_mb[0m[2m=[0m382
[2m2026-09-15T06:32:05.352049Z[0m [32m INFO[0m [2mmidnight_bench[0m[2m:[0m [3mstage[0m[2m=[0m"finalise.compute_h_poly.drop_cosets.end" [3mrss_mb[0m[2m=[0m370 [3mhwm_mb[0m[2m=[0m382
[2m2026-09-15T06:32:05.352081Z[0m [32m INFO[0m [2mmidnight_bench[0m[2m:[0m [3mstage[0m[2m=[0m"finalise.compute_h_poly.end" [3mrss_mb[0m[2m=[0m370 [3mhwm_mb[0m[2m=[0m382
[2m2026-09-15T06:32:05.352101Z[0m [32m INFO[0m [2mmidnight_bench[0m[2m:[0m [3mstage[0m[2m=[0m"finalise.vanishing_construct.start" [3mrss_mb[0m[2m=[0m370 [3mhwm_mb[0m[2m=[0m382
[2m2026-09-15T06:32:05.442755Z[0m [32m INFO[0m [2mmidnight_bench[0m[2m:[0m [3mstage[0m[2m=[0m"finalise.vanishing_construct.end" [3mrss_mb[0m[2m=[0m370 [3mhwm_mb[0m[2m=[0m382
[2m2026-09-15T06:32:05.469968Z[0m [32m INFO[0m [2mmidnight_bench[0m[2m:[0m [3mstage[0m[2m=[0m"finalise.compute_queries.start" [3mrss_mb[0m[2m=[0m370 [3mhwm_mb[0m[2m=[0m382
[2m2026-09-15T06:32:05.470062Z[0m [32m INFO[0m [2mmidnight_bench[0m[2m:[0m [3mstage[0m[2m=[0m"finalise.multi_open.start" [3mrss_mb[0m[2m=[0m370 [3mhwm_mb[0m[2m=[0m382
[2m2026-09-15T06:32:05.563390Z[0m [32m INFO[0m [2mmidnight_bench[0m[2m:[0m [3mstage[0m[2m=[0m"finalise.multi_open.end" [3mrss_mb[0m[2m=[0m370 [3mhwm_mb[0m[2m=[0m382
[2m2026-09-15T06:32:05.563960Z[0m [32m INFO[0m [2mmidnight_bench[0m[2m:[0m [3mstage[0m[2m=[0m"create_proof.finalise_proof.end" [3mrss_mb[0m[2m=[0m347 [3mhwm_mb[0m[2m=[0m382
[2m2026-09-15T06:32:05.579890Z[0m [32m INFO[0m [2mactix_web::middleware::logger[0m[2m:[0m 192.168.65.1 POST /prove HTTP/1.1; took 0.679168s
[2m2026-09-15T06:32:05.583050Z[0m [32m INFO[0m [2mmidnight_proof_server::endpoints[0m[2m:[0m Starting to process request for /prove...
[2m2026-09-15T06:32:05.656321Z[0m [32m INFO[0m [2mmidnight_bench[0m[2m:[0m [3mstage[0m[2m=[0m"create_proof.compute_trace.start" [3mrss_mb[0m[2m=[0m352 [3mhwm_mb[0m[2m=[0m382
[2m2026-09-15T06:32:05.656353Z[0m [32m INFO[0m [2mmidnight_bench[0m[2m:[0m [3mstage[0m[2m=[0m"trace.compute_instances.start" [3mrss_mb[0m[2m=[0m352 [3mhwm_mb[0m[2m=[0m382
[2m2026-09-15T06:32:05.664213Z[0m [32m INFO[0m [2mmidnight_bench[0m[2m:[0m [3mstage[0m[2m=[0m"trace.compute_instances.end" [3mrss_mb[0m[2m=[0m352 [3mhwm_mb[0m[2m=[0m382
[2m2026-09-15T06:32:05.664238Z[0m [32m INFO[0m [2mmidnight_bench[0m[2m:[0m [3mstage[0m[2m=[0m"trace.parse_advices.start" [3mrss_mb[0m[2m=[0m352 [3mhwm_mb[0m[2m=[0m382
[2m2026-09-15T06:32:05.670195Z[0m [32m INFO[0m [2mmidnight_bench[0m[2m:[0m [3mstage[0m[2m=[0m"trace.parse_advices.end" [3mrss_mb[0m[2m=[0m357 [3mhwm_mb[0m[2m=[0m382
[2m2026-09-15T06:32:05.670224Z[0m [32m INFO[0m [2mmidnight_bench[0m[2m:[0m [3mstage[0m[2m=[0m"trace.lookups_permuted.start" [3mrss_mb[0m[2m=[0m357 [3mhwm_mb[0m[2m=[0m382
[2m2026-09-15T06:32:05.713158Z[0m [32m INFO[0m [2mmidnight_bench[0m[2m:[0m [3mstage[0m[2m=[0m"trace.lookups_permuted.end" [3mrss_mb[0m[2m=[0m363 [3mhwm_mb[0m[2m=[0m382
[2m2026-09-15T06:32:05.713189Z[0m [32m INFO[0m [2mmidnight_bench[0m[2m:[0m [3mstage[0m[2m=[0m"trace.permutations_commit.start" [3mrss_mb[0m[2m=[0m363 [3mhwm_mb[0m[2m=[0m382
[2m2026-09-15T06:32:05.776151Z[0m [32m INFO[0m [2mmidnight_bench[0m[2m:[0m [3mstage[0m[2m=[0m"trace.permutations_commit.end" [3mrss_mb[0m[2m=[0m370 [3mhwm_mb[0m[2m=[0m382
[2m2026-09-15T06:32:05.776178Z[0m [32m INFO[0m [2mmidnight_bench[0m[2m:[0m [3mstage[0m[2m=[0m"trace.lookups_product.start" [3mrss_mb[0m[2m=[0m370 [3mhwm_mb[0m[2m=[0m382
[2m2026-09-15T06:32:05.826329Z[0m [32m INFO[0m [2mmidnight_bench[0m[2m:[0m [3mstage[0m[2m=[0m"trace.lookups_product.end" [3mrss_mb[0m[2m=[0m370 [3mhwm_mb[0m[2m=[0m382
[2m2026-09-15T06:32:05.850707Z[0m [32m INFO[0m [2mmidnight_bench[0m[2m:[0m [3mstage[0m[2m=[0m"create_proof.compute_trace.end" [3mrss_mb[0m[2m=[0m370 [3mhwm_mb[0m[2m=[0m382
[2m2026-09-15T06:32:05.850738Z[0m [32m INFO[0m [2mmidnight_bench[0m[2m:[0m [3mstage[0m[2m=[0m"create_proof.finalise_proof.start" [3mrss_mb[0m[2m=[0m370 [3mhwm_mb[0m[2m=[0m382
[2m2026-09-15T06:32:05.850746Z[0m [32m INFO[0m [2mmidnight_bench[0m[2m:[0m [3mstage[0m[2m=[0m"finalise.compute_h_poly.start" [3mrss_mb[0m[2m=[0m370 [3mhwm_mb[0m[2m=[0m382
[2m2026-09-15T06:32:05.863529Z[0m [32m INFO[0m [2mmidnight_bench[0m[2m:[0m [3mstage[0m[2m=[0m"finalise.compute_h_poly.materialise_fixed_cosets.start" [3mrss_mb[0m[2m=[0m370 [3mhwm_mb[0m[2m=[0m382
[2m2026-09-15T06:32:05.888576Z[0m [32m INFO[0m [2mmidnight_bench[0m[2m:[0m [3mstage[0m[2m=[0m"finalise.compute_h_poly.materialise_fixed_cosets.end" [3mrss_mb[0m[2m=[0m371 [3mhwm_mb[0m[2m=[0m382
[2m2026-09-15T06:32:05.888598Z[0m [32m INFO[0m [2mmidnight_bench[0m[2m:[0m [3mstage[0m[2m=[0m"finalise.compute_h_poly.materialise_perm_cosets.start" [3mrss_mb[0m[2m=[0m371 [3mhwm_mb[0m[2m=[0m382
[2m2026-09-15T06:32:05.900289Z[0m [32m INFO[0m [2mmidnight_bench[0m[2m:[0m [3mstage[0m[2m=[0m"finalise.compute_h_poly.materialise_perm_cosets.end" [3mrss_mb[0m[2m=[0m371 [3mhwm_mb[0m[2m=[0m382
[2m2026-09-15T06:32:06.023208Z[0m [32m INFO[0m [2mmidnight_bench[0m[2m:[0m [3mstage[0m[2m=[0m"finalise.compute_h_poly.drop_cosets.end" [3mrss_mb[0m[2m=[0m371 [3mhwm_mb[0m[2m=[0m382
[2m2026-09-15T06:32:06.023248Z[0m [32m INFO[0m [2mmidnight_bench[0m[2m:[0m [3mstage[0m[2m=[0m"finalise.compute_h_poly.end" [3mrss_mb[0m[2m=[0m371 [3mhwm_mb[0m[2m=[0m382
[2m2026-09-15T06:32:06.023256Z[0m [32m INFO[0m [2mmidnight_bench[0m[2m:[0m [3mstage[0m[2m=[0m"finalise.vanishing_construct.start" [3mrss_mb[0m[2m=[0m371 [3mhwm_mb[0m[2m=[0m382
[2m2026-09-15T06:32:06.110065Z[0m [32m INFO[0m [2mmidnight_bench[0m[2m:[0m [3mstage[0m[2m=[0m"finalise.vanishing_construct.end" [3mrss_mb[0m[2m=[0m371 [3mhwm_mb[0m[2m=[0m382
[2m2026-09-15T06:32:06.136312Z[0m [32m INFO[0m [2mmidnight_bench[0m[2m:[0m [3mstage[0m[2m=[0m"finalise.compute_queries.start" [3mrss_mb[0m[2m=[0m371 [3mhwm_mb[0m[2m=[0m382
[2m2026-09-15T06:32:06.136396Z[0m [32m INFO[0m [2mmidnight_bench[0m[2m:[0m [3mstage[0m[2m=[0m"finalise.multi_open.start" [3mrss_mb[0m[2m=[0m371 [3mhwm_mb[0m[2m=[0m382
[2m2026-09-15T06:32:06.225396Z[0m [32m INFO[0m [2mmidnight_bench[0m[2m:[0m [3mstage[0m[2m=[0m"finalise.multi_open.end" [3mrss_mb[0m[2m=[0m371 [3mhwm_mb[0m[2m=[0m382
[2m2026-09-15T06:32:06.226108Z[0m [32m INFO[0m [2mmidnight_bench[0m[2m:[0m [3mstage[0m[2m=[0m"create_proof.finalise_proof.end" [3mrss_mb[0m[2m=[0m349 [3mhwm_mb[0m[2m=[0m382
[2m2026-09-15T06:32:06.241043Z[0m [32m INFO[0m [2mactix_web::middleware::logger[0m[2m:[0m 192.168.65.1 POST /prove HTTP/1.1; took 0.658010s
[2m2026-09-15T06:32:06.242777Z[0m [32m INFO[0m [2mmidnight_proof_server::endpoints[0m[2m:[0m Starting to process request for /prove...
[2m2026-09-15T06:32:06.317827Z[0m [32m INFO[0m [2mmidnight_bench[0m[2m:[0m [3mstage[0m[2m=[0m"create_proof.compute_trace.start" [3mrss_mb[0m[2m=[0m353 [3mhwm_mb[0m[2m=[0m382
[2m2026-09-15T06:32:06.317858Z[0m [32m INFO[0m [2mmidnight_bench[0m[2m:[0m [3mstage[0m[2m=[0m"trace.compute_instances.start" [3mrss_mb[0m[2m=[0m353 [3mhwm_mb[0m[2m=[0m382
[2m2026-09-15T06:32:06.323377Z[0m [32m INFO[0m [2mmidnight_bench[0m[2m:[0m [3mstage[0m[2m=[0m"trace.compute_instances.end" [3mrss_mb[0m[2m=[0m353 [3mhwm_mb[0m[2m=[0m382
[2m2026-09-15T06:32:06.323399Z[0m [32m INFO[0m [2mmidnight_bench[0m[2m:[0m [3mstage[0m[2m=[0m"trace.parse_advices.start" [3mrss_mb[0m[2m=[0m353 [3mhwm_mb[0m[2m=[0m382
[2m2026-09-15T06:32:06.329407Z[0m [32m INFO[0m [2mmidnight_bench[0m[2m:[0m [3mstage[0m[2m=[0m"trace.parse_advices.end" [3mrss_mb[0m[2m=[0m358 [3mhwm_mb[0m[2m=[0m382
[2m2026-09-15T06:32:06.329429Z[0m [32m INFO[0m [2mmidnight_bench[0m[2m:[0m [3mstage[0m[2m=[0m"trace.lookups_permuted.start" [3mrss_mb[0m[2m=[0m358 [3mhwm_mb[0m[2m=[0m382
[2m2026-09-15T06:32:06.371651Z[0m [32m INFO[0m [2mmidnight_bench[0m[2m:[0m [3mstage[0m[2m=[0m"trace.lookups_permuted.end" [3mrss_mb[0m[2m=[0m364 [3mhwm_mb[0m[2m=[0m382
[2m2026-09-15T06:32:06.371679Z[0m [32m INFO[0m [2mmidnight_bench[0m[2m:[0m [3mstage[0m[2m=[0m"trace.permutations_commit.start" [3mrss_mb[0m[2m=[0m364 [3mhwm_mb[0m[2m=[0m382
[2m2026-09-15T06:32:06.436504Z[0m [32m INFO[0m [2mmidnight_bench[0m[2m:[0m [3mstage[0m[2m=[0m"trace.permutations_commit.end" [3mrss_mb[0m[2m=[0m371 [3mhwm_mb[0m[2m=[0m382
[2m2026-09-15T06:32:06.436529Z[0m [32m INFO[0m [2mmidnight_bench[0m[2m:[0m [3mstage[0m[2m=[0m"trace.lookups_product.start" [3mrss_mb[0m[2m=[0m371 [3mhwm_mb[0m[2m=[0m382
[2m2026-09-15T06:32:06.485384Z[0m [32m INFO[0m [2mmidnight_bench[0m[2m:[0m [3mstage[0m[2m=[0m"trace.lookups_product.end" [3mrss_mb[0m[2m=[0m371 [3mhwm_mb[0m[2m=[0m382
[2m2026-09-15T06:32:06.509273Z[0m [32m INFO[0m [2mmidnight_bench[0m[2m:[0m [3mstage[0m[2m=[0m"create_proof.compute_trace.end" [3mrss_mb[0m[2m=[0m371 [3mhwm_mb[0m[2m=[0m382
[2m2026-09-15T06:32:06.509301Z[0m [32m INFO[0m [2mmidnight_bench[0m[2m:[0m [3mstage[0m[2m=[0m"create_proof.finalise_proof.start" [3mrss_mb[0m[2m=[0m371 [3mhwm_mb[0m[2m=[0m382
[2m2026-09-15T06:32:06.509308Z[0m [32m INFO[0m [2mmidnight_bench[0m[2m:[0m [3mstage[0m[2m=[0m"finalise.compute_h_poly.start" [3mrss_mb[0m[2m=[0m371 [3mhwm_mb[0m[2m=[0m382
[2m2026-09-15T06:32:06.522905Z[0m [32m INFO[0m [2mmidnight_bench[0m[2m:[0m [3mstage[0m[2m=[0m"finalise.compute_h_poly.materialise_fixed_cosets.start" [3mrss_mb[0m[2m=[0m371 [3mhwm_mb[0m[2m=[0m382
[2m2026-09-15T06:32:06.549633Z[0m [32m INFO[0m [2mmidnight_bench[0m[2m:[0m [3mstage[0m[2m=[0m"finalise.compute_h_poly.materialise_fixed_cosets.end" [3mrss_mb[0m[2m=[0m371 [3mhwm_mb[0m[2m=[0m382
[2m2026-09-15T06:32:06.549654Z[0m [32m INFO[0m [2mmidnight_bench[0m[2m:[0m [3mstage[0m[2m=[0m"finalise.compute_h_poly.materialise_perm_cosets.start" [3mrss_mb[0m[2m=[0m371 [3mhwm_mb[0m[2m=[0m382
[2m2026-09-15T06:32:06.562345Z[0m [32m INFO[0m [2mmidnight_bench[0m[2m:[0m [3mstage[0m[2m=[0m"finalise.compute_h_poly.materialise_perm_cosets.end" [3mrss_mb[0m[2m=[0m371 [3mhwm_mb[0m[2m=[0m382
[2m2026-09-15T06:32:06.684653Z[0m [32m INFO[0m [2mmidnight_bench[0m[2m:[0m [3mstage[0m[2m=[0m"finalise.compute_h_poly.drop_cosets.end" [3mrss_mb[0m[2m=[0m372 [3mhwm_mb[0m[2m=[0m382
[2m2026-09-15T06:32:06.684690Z[0m [32m INFO[0m [2mmidnight_bench[0m[2m:[0m [3mstage[0m[2m=[0m"finalise.compute_h_poly.end" [3mrss_mb[0m[2m=[0m372 [3mhwm_mb[0m[2m=[0m382
[2m2026-09-15T06:32:06.684697Z[0m [32m INFO[0m [2mmidnight_bench[0m[2m:[0m [3mstage[0m[2m=[0m"finalise.vanishing_construct.start" [3mrss_mb[0m[2m=[0m372 [3mhwm_mb[0m[2m=[0m382
[2m2026-09-15T06:32:06.773636Z[0m [32m INFO[0m [2mmidnight_bench[0m[2m:[0m [3mstage[0m[2m=[0m"finalise.vanishing_construct.end" [3mrss_mb[0m[2m=[0m372 [3mhwm_mb[0m[2m=[0m382
[2m2026-09-15T06:32:06.803243Z[0m [32m INFO[0m [2mmidnight_bench[0m[2m:[0m [3mstage[0m[2m=[0m"finalise.compute_queries.start" [3mrss_mb[0m[2m=[0m372 [3mhwm_mb[0m[2m=[0m382
[2m2026-09-15T06:32:06.803335Z[0m [32m INFO[0m [2mmidnight_bench[0m[2m:[0m [3mstage[0m[2m=[0m"finalise.multi_open.start" [3mrss_mb[0m[2m=[0m372 [3mhwm_mb[0m[2m=[0m382
[2m2026-09-15T06:32:06.891333Z[0m [32m INFO[0m [2mmidnight_bench[0m[2m:[0m [3mstage[0m[2m=[0m"finalise.multi_open.end" [3mrss_mb[0m[2m=[0m372 [3mhwm_mb[0m[2m=[0m382
[2m2026-09-15T06:32:06.891962Z[0m [32m INFO[0m [2mmidnight_bench[0m[2m:[0m [3mstage[0m[2m=[0m"create_proof.finalise_proof.end" [3mrss_mb[0m[2m=[0m349 [3mhwm_mb[0m[2m=[0m382
[2m2026-09-15T06:32:06.907353Z[0m [32m INFO[0m [2mactix_web::middleware::logger[0m[2m:[0m 192.168.65.1 POST /prove HTTP/1.1; took 0.664594s
[2m2026-09-15T06:32:06.908886Z[0m [32m INFO[0m [2mmidnight_proof_server::endpoints[0m[2m:[0m Starting to process request for /prove...
[2m2026-09-15T06:32:06.985915Z[0m [32m INFO[0m [2mmidnight_bench[0m[2m:[0m [3mstage[0m[2m=[0m"create_proof.compute_trace.start" [3mrss_mb[0m[2m=[0m354 [3mhwm_mb[0m[2m=[0m382
[2m2026-09-15T06:32:06.985948Z[0m [32m INFO[0m [2mmidnight_bench[0m[2m:[0m [3mstage[0m[2m=[0m"trace.compute_instances.start" [3mrss_mb[0m[2m=[0m354 [3mhwm_mb[0m[2m=[0m382
[2m2026-09-15T06:32:06.991006Z[0m [32m INFO[0m [2mmidnight_bench[0m[2m:[0m [3mstage[0m[2m=[0m"trace.compute_instances.end" [3mrss_mb[0m[2m=[0m354 [3mhwm_mb[0m[2m=[0m382
[2m2026-09-15T06:32:06.991030Z[0m [32m INFO[0m [2mmidnight_bench[0m[2m:[0m [3mstage[0m[2m=[0m"trace.parse_advices.start" [3mrss_mb[0m[2m=[0m354 [3mhwm_mb[0m[2m=[0m382
[2m2026-09-15T06:32:06.996855Z[0m [32m INFO[0m [2mmidnight_bench[0m[2m:[0m [3mstage[0m[2m=[0m"trace.parse_advices.end" [3mrss_mb[0m[2m=[0m359 [3mhwm_mb[0m[2m=[0m382
[2m2026-09-15T06:32:06.996877Z[0m [32m INFO[0m [2mmidnight_bench[0m[2m:[0m [3mstage[0m[2m=[0m"trace.lookups_permuted.start" [3mrss_mb[0m[2m=[0m359 [3mhwm_mb[0m[2m=[0m382
[2m2026-09-15T06:32:07.042506Z[0m [32m INFO[0m [2mmidnight_bench[0m[2m:[0m [3mstage[0m[2m=[0m"trace.lookups_permuted.end" [3mrss_mb[0m[2m=[0m365 [3mhwm_mb[0m[2m=[0m382
[2m2026-09-15T06:32:07.042536Z[0m [32m INFO[0m [2mmidnight_bench[0m[2m:[0m [3mstage[0m[2m=[0m"trace.permutations_commit.start" [3mrss_mb[0m[2m=[0m365 [3mhwm_mb[0m[2m=[0m382
[2m2026-09-15T06:32:07.116151Z[0m [32m INFO[0m [2mmidnight_bench[0m[2m:[0m [3mstage[0m[2m=[0m"trace.permutations_commit.end" [3mrss_mb[0m[2m=[0m372 [3mhwm_mb[0m[2m=[0m382
[2m2026-09-15T06:32:07.116176Z[0m [32m INFO[0m [2mmidnight_bench[0m[2m:[0m [3mstage[0m[2m=[0m"trace.lookups_product.start" [3mrss_mb[0m[2m=[0m372 [3mhwm_mb[0m[2m=[0m382
[2m2026-09-15T06:32:07.165646Z[0m [32m INFO[0m [2mmidnight_bench[0m[2m:[0m [3mstage[0m[2m=[0m"trace.lookups_product.end" [3mrss_mb[0m[2m=[0m372 [3mhwm_mb[0m[2m=[0m382
[2m2026-09-15T06:32:07.189281Z[0m [32m INFO[0m [2mmidnight_bench[0m[2m:[0m [3mstage[0m[2m=[0m"create_proof.compute_trace.end" [3mrss_mb[0m[2m=[0m373 [3mhwm_mb[0m[2m=[0m382
[2m2026-09-15T06:32:07.189308Z[0m [32m INFO[0m [2mmidnight_bench[0m[2m:[0m [3mstage[0m[2m=[0m"create_proof.finalise_proof.start" [3mrss_mb[0m[2m=[0m373 [3mhwm_mb[0m[2m=[0m382
[2m2026-09-15T06:32:07.189317Z[0m [32m INFO[0m [2mmidnight_bench[0m[2m:[0m [3mstage[0m[2m=[0m"finalise.compute_h_poly.start" [3mrss_mb[0m[2m=[0m373 [3mhwm_mb[0m[2m=[0m382
[2m2026-09-15T06:32:07.203626Z[0m [32m INFO[0m [2mmidnight_bench[0m[2m:[0m [3mstage[0m[2m=[0m"finalise.compute_h_poly.materialise_fixed_cosets.start" [3mrss_mb[0m[2m=[0m373 [3mhwm_mb[0m[2m=[0m382
[2m2026-09-15T06:32:07.230700Z[0m [32m INFO[0m [2mmidnight_bench[0m[2m:[0m [3mstage[0m[2m=[0m"finalise.compute_h_poly.materialise_fixed_cosets.end" [3mrss_mb[0m[2m=[0m373 [3mhwm_mb[0m[2m=[0m382
[2m2026-09-15T06:32:07.230726Z[0m [32m INFO[0m [2mmidnight_bench[0m[2m:[0m [3mstage[0m[2m=[0m"finalise.compute_h_poly.materialise_perm_cosets.start" [3mrss_mb[0m[2m=[0m373 [3mhwm_mb[0m[2m=[0m382
[2m2026-09-15T06:32:07.245199Z[0m [32m INFO[0m [2mmidnight_bench[0m[2m:[0m [3mstage[0m[2m=[0m"finalise.compute_h_poly.materialise_perm_cosets.end" [3mrss_mb[0m[2m=[0m373 [3mhwm_mb[0m[2m=[0m382
[2m2026-09-15T06:32:07.367238Z[0m [32m INFO[0m [2mmidnight_bench[0m[2m:[0m [3mstage[0m[2m=[0m"finalise.compute_h_poly.drop_cosets.end" [3mrss_mb[0m[2m=[0m373 [3mhwm_mb[0m[2m=[0m382
[2m2026-09-15T06:32:07.367275Z[0m [32m INFO[0m [2mmidnight_bench[0m[2m:[0m [3mstage[0m[2m=[0m"finalise.compute_h_poly.end" [3mrss_mb[0m[2m=[0m373 [3mhwm_mb[0m[2m=[0m382
[2m2026-09-15T06:32:07.367283Z[0m [32m INFO[0m [2mmidnight_bench[0m[2m:[0m [3mstage[0m[2m=[0m"finalise.vanishing_construct.start" [3mrss_mb[0m[2m=[0m373 [3mhwm_mb[0m[2m=[0m382
[2m2026-09-15T06:32:07.458886Z[0m [32m INFO[0m [2mmidnight_bench[0m[2m:[0m [3mstage[0m[2m=[0m"finalise.vanishing_construct.end" [3mrss_mb[0m[2m=[0m373 [3mhwm_mb[0m[2m=[0m382
[2m2026-09-15T06:32:07.486414Z[0m [32m INFO[0m [2mmidnight_bench[0m[2m:[0m [3mstage[0m[2m=[0m"finalise.compute_queries.start" [3mrss_mb[0m[2m=[0m373 [3mhwm_mb[0m[2m=[0m382
[2m2026-09-15T06:32:07.486505Z[0m [32m INFO[0m [2mmidnight_bench[0m[2m:[0m [3mstage[0m[2m=[0m"finalise.multi_open.start" [3mrss_mb[0m[2m=[0m373 [3mhwm_mb[0m[2m=[0m382
[2m2026-09-15T06:32:07.576487Z[0m [32m INFO[0m [2mmidnight_bench[0m[2m:[0m [3mstage[0m[2m=[0m"finalise.multi_open.end" [3mrss_mb[0m[2m=[0m373 [3mhwm_mb[0m[2m=[0m382
[2m2026-09-15T06:32:07.577065Z[0m [32m INFO[0m [2mmidnight_bench[0m[2m:[0m [3mstage[0m[2m=[0m"create_proof.finalise_proof.end" [3mrss_mb[0m[2m=[0m351 [3mhwm_mb[0m[2m=[0m382
[2m2026-09-15T06:32:07.592819Z[0m [32m INFO[0m [2mactix_web::middleware::logger[0m[2m:[0m 192.168.65.1 POST /prove HTTP/1.1; took 0.683950s
