[2m2026-09-15T07:00:15.397773Z[0m [32m INFO[0m [2mactix_server::builder[0m[2m:[0m starting 12 workers
[2m2026-09-15T07:00:15.397791Z[0m [32m INFO[0m [2mactix_server::server[0m[2m:[0m Actix runtime found; starting in Actix runtime
[2m2026-09-15T07:00:15.397793Z[0m [32m INFO[0m [2mactix_server::server[0m[2m:[0m starting service: "actix-web-service-0.0.0.0:6311", workers: 12, listening on: 0.0.0.0:6311
[2m2026-09-15T07:00:15.426769Z[0m [32m INFO[0m [2mactix_web::middleware::logger[0m[2m:[0m 192.168.65.1 GET /health HTTP/1.1; took 0.000049s
[2m2026-09-15T07:00:15.428578Z[0m [32m INFO[0m [2mactix_web::middleware::logger[0m[2m:[0m 192.168.65.1 GET /ready HTTP/1.1; took 0.000035s
[2m2026-09-15T07:00:15.430313Z[0m [32m INFO[0m [2mmidnight_proof_server::endpoints[0m[2m:[0m Starting to process request for /prove...
[2m2026-09-15T07:00:15.761830Z[0m [32m INFO[0m [2mmidnight_bench[0m[2m:[0m [3mstage[0m[2m=[0m"create_proof.compute_trace.start" [3mrss_mb[0m[2m=[0m131 [3mhwm_mb[0m[2m=[0m148
[2m2026-09-15T07:00:15.761862Z[0m [32m INFO[0m [2mmidnight_bench[0m[2m:[0m [3mstage[0m[2m=[0m"trace.compute_instances.start" [3mrss_mb[0m[2m=[0m131 [3mhwm_mb[0m[2m=[0m148
[2m2026-09-15T07:00:15.768603Z[0m [32m INFO[0m [2mmidnight_bench[0m[2m:[0m [3mstage[0m[2m=[0m"trace.compute_instances.end" [3mrss_mb[0m[2m=[0m133 [3mhwm_mb[0m[2m=[0m148
[2m2026-09-15T07:00:15.768628Z[0m [32m INFO[0m [2mmidnight_bench[0m[2m:[0m [3mstage[0m[2m=[0m"trace.parse_advices.start" [3mrss_mb[0m[2m=[0m133 [3mhwm_mb[0m[2m=[0m148
[2m2026-09-15T07:00:15.776271Z[0m [32m INFO[0m [2mmidnight_bench[0m[2m:[0m [3mstage[0m[2m=[0m"trace.parse_advices.end" [3mrss_mb[0m[2m=[0m145 [3mhwm_mb[0m[2m=[0m148
[2m2026-09-15T07:00:15.776299Z[0m [32m INFO[0m [2mmidnight_bench[0m[2m:[0m [3mstage[0m[2m=[0m"trace.lookups_permuted.start" [3mrss_mb[0m[2m=[0m145 [3mhwm_mb[0m[2m=[0m148
[2m2026-09-15T07:00:15.822618Z[0m [32m INFO[0m [2mmidnight_bench[0m[2m:[0m [3mstage[0m[2m=[0m"trace.lookups_permuted.end" [3mrss_mb[0m[2m=[0m150 [3mhwm_mb[0m[2m=[0m150
[2m2026-09-15T07:00:15.822646Z[0m [32m INFO[0m [2mmidnight_bench[0m[2m:[0m [3mstage[0m[2m=[0m"trace.permutations_commit.start" [3mrss_mb[0m[2m=[0m150 [3mhwm_mb[0m[2m=[0m150
[2m2026-09-15T07:00:15.898786Z[0m [32m INFO[0m [2mmidnight_bench[0m[2m:[0m [3mstage[0m[2m=[0m"trace.permutations_commit.end" [3mrss_mb[0m[2m=[0m160 [3mhwm_mb[0m[2m=[0m160
[2m2026-09-15T07:00:15.898811Z[0m [32m INFO[0m [2mmidnight_bench[0m[2m:[0m [3mstage[0m[2m=[0m"trace.lookups_product.start" [3mrss_mb[0m[2m=[0m160 [3mhwm_mb[0m[2m=[0m160
[2m2026-09-15T07:00:15.958987Z[0m [32m INFO[0m [2mmidnight_bench[0m[2m:[0m [3mstage[0m[2m=[0m"trace.lookups_product.end" [3mrss_mb[0m[2m=[0m160 [3mhwm_mb[0m[2m=[0m160
[2m2026-09-15T07:00:15.989993Z[0m [32m INFO[0m [2mmidnight_bench[0m[2m:[0m [3mstage[0m[2m=[0m"create_proof.compute_trace.end" [3mrss_mb[0m[2m=[0m160 [3mhwm_mb[0m[2m=[0m160
[2m2026-09-15T07:00:15.990057Z[0m [32m INFO[0m [2mmidnight_bench[0m[2m:[0m [3mstage[0m[2m=[0m"create_proof.finalise_proof.start" [3mrss_mb[0m[2m=[0m160 [3mhwm_mb[0m[2m=[0m160
[2m2026-09-15T07:00:15.990074Z[0m [32m INFO[0m [2mmidnight_bench[0m[2m:[0m [3mstage[0m[2m=[0m"finalise.compute_h_poly.start" [3mrss_mb[0m[2m=[0m160 [3mhwm_mb[0m[2m=[0m160
[2m2026-09-15T07:00:16.146325Z[0m [32m INFO[0m [2mmidnight_bench[0m[2m:[0m [3mstage[0m[2m=[0m"finalise.compute_h_poly.drop_cosets.end" [3mrss_mb[0m[2m=[0m175 [3mhwm_mb[0m[2m=[0m175
[2m2026-09-15T07:00:16.146358Z[0m [32m INFO[0m [2mmidnight_bench[0m[2m:[0m [3mstage[0m[2m=[0m"finalise.compute_h_poly.end" [3mrss_mb[0m[2m=[0m175 [3mhwm_mb[0m[2m=[0m175
[2m2026-09-15T07:00:16.146366Z[0m [32m INFO[0m [2mmidnight_bench[0m[2m:[0m [3mstage[0m[2m=[0m"finalise.vanishing_construct.start" [3mrss_mb[0m[2m=[0m175 [3mhwm_mb[0m[2m=[0m175
[2m2026-09-15T07:00:16.251206Z[0m [32m INFO[0m [2mmidnight_bench[0m[2m:[0m [3mstage[0m[2m=[0m"finalise.vanishing_construct.end" [3mrss_mb[0m[2m=[0m175 [3mhwm_mb[0m[2m=[0m175
[2m2026-09-15T07:00:16.295430Z[0m [32m INFO[0m [2mmidnight_bench[0m[2m:[0m [3mstage[0m[2m=[0m"finalise.compute_queries.start" [3mrss_mb[0m[2m=[0m175 [3mhwm_mb[0m[2m=[0m175
[2m2026-09-15T07:00:16.295539Z[0m [32m INFO[0m [2mmidnight_bench[0m[2m:[0m [3mstage[0m[2m=[0m"finalise.multi_open.start" [3mrss_mb[0m[2m=[0m175 [3mhwm_mb[0m[2m=[0m175
[2m2026-09-15T07:00:16.394353Z[0m [32m INFO[0m [2mmidnight_bench[0m[2m:[0m [3mstage[0m[2m=[0m"finalise.multi_open.end" [3mrss_mb[0m[2m=[0m176 [3mhwm_mb[0m[2m=[0m176
[2m2026-09-15T07:00:16.394835Z[0m [32m INFO[0m [2mmidnight_bench[0m[2m:[0m [3mstage[0m[2m=[0m"create_proof.finalise_proof.end" [3mrss_mb[0m[2m=[0m162 [3mhwm_mb[0m[2m=[0m175
[2m2026-09-15T07:00:16.411551Z[0m [32m INFO[0m [2mactix_web::middleware::logger[0m[2m:[0m 192.168.65.1 POST /prove HTTP/1.1; took 0.981251s
[2m2026-09-15T07:00:16.438868Z[0m [32m INFO[0m [2mmidnight_proof_server::endpoints[0m[2m:[0m Starting to process request for /prove...
[2m2026-09-15T07:00:16.514579Z[0m [32m INFO[0m [2mmidnight_bench[0m[2m:[0m [3mstage[0m[2m=[0m"create_proof.compute_trace.start" [3mrss_mb[0m[2m=[0m153 [3mhwm_mb[0m[2m=[0m175
[2m2026-09-15T07:00:16.514620Z[0m [32m INFO[0m [2mmidnight_bench[0m[2m:[0m [3mstage[0m[2m=[0m"trace.compute_instances.start" [3mrss_mb[0m[2m=[0m153 [3mhwm_mb[0m[2m=[0m175
[2m2026-09-15T07:00:16.522046Z[0m [32m INFO[0m [2mmidnight_bench[0m[2m:[0m [3mstage[0m[2m=[0m"trace.compute_instances.end" [3mrss_mb[0m[2m=[0m153 [3mhwm_mb[0m[2m=[0m175
[2m2026-09-15T07:00:16.522066Z[0m [32m INFO[0m [2mmidnight_bench[0m[2m:[0m [3mstage[0m[2m=[0m"trace.parse_advices.start" [3mrss_mb[0m[2m=[0m153 [3mhwm_mb[0m[2m=[0m175
[2m2026-09-15T07:00:16.528620Z[0m [32m INFO[0m [2mmidnight_bench[0m[2m:[0m [3mstage[0m[2m=[0m"trace.parse_advices.end" [3mrss_mb[0m[2m=[0m162 [3mhwm_mb[0m[2m=[0m175
[2m2026-09-15T07:00:16.528645Z[0m [32m INFO[0m [2mmidnight_bench[0m[2m:[0m [3mstage[0m[2m=[0m"trace.lookups_permuted.start" [3mrss_mb[0m[2m=[0m162 [3mhwm_mb[0m[2m=[0m175
[2m2026-09-15T07:00:16.579019Z[0m [32m INFO[0m [2mmidnight_bench[0m[2m:[0m [3mstage[0m[2m=[0m"trace.lookups_permuted.end" [3mrss_mb[0m[2m=[0m167 [3mhwm_mb[0m[2m=[0m175
[2m2026-09-15T07:00:16.579047Z[0m [32m INFO[0m [2mmidnight_bench[0m[2m:[0m [3mstage[0m[2m=[0m"trace.permutations_commit.start" [3mrss_mb[0m[2m=[0m167 [3mhwm_mb[0m[2m=[0m175
[2m2026-09-15T07:00:16.650803Z[0m [32m INFO[0m [2mmidnight_bench[0m[2m:[0m [3mstage[0m[2m=[0m"trace.permutations_commit.end" [3mrss_mb[0m[2m=[0m174 [3mhwm_mb[0m[2m=[0m175
[2m2026-09-15T07:00:16.650826Z[0m [32m INFO[0m [2mmidnight_bench[0m[2m:[0m [3mstage[0m[2m=[0m"trace.lookups_product.start" [3mrss_mb[0m[2m=[0m174 [3mhwm_mb[0m[2m=[0m175
[2m2026-09-15T07:00:16.703624Z[0m [32m INFO[0m [2mmidnight_bench[0m[2m:[0m [3mstage[0m[2m=[0m"trace.lookups_product.end" [3mrss_mb[0m[2m=[0m174 [3mhwm_mb[0m[2m=[0m175
[2m2026-09-15T07:00:16.728979Z[0m [32m INFO[0m [2mmidnight_bench[0m[2m:[0m [3mstage[0m[2m=[0m"create_proof.compute_trace.end" [3mrss_mb[0m[2m=[0m175 [3mhwm_mb[0m[2m=[0m175
[2m2026-09-15T07:00:16.729001Z[0m [32m INFO[0m [2mmidnight_bench[0m[2m:[0m [3mstage[0m[2m=[0m"create_proof.finalise_proof.start" [3mrss_mb[0m[2m=[0m175 [3mhwm_mb[0m[2m=[0m175
[2m2026-09-15T07:00:16.729008Z[0m [32m INFO[0m [2mmidnight_bench[0m[2m:[0m [3mstage[0m[2m=[0m"finalise.compute_h_poly.start" [3mrss_mb[0m[2m=[0m175 [3mhwm_mb[0m[2m=[0m175
[2m2026-09-15T07:00:16.882712Z[0m [32m INFO[0m [2mmidnight_bench[0m[2m:[0m [3mstage[0m[2m=[0m"finalise.compute_h_poly.drop_cosets.end" [3mrss_mb[0m[2m=[0m183 [3mhwm_mb[0m[2m=[0m183
[2m2026-09-15T07:00:16.882759Z[0m [32m INFO[0m [2mmidnight_bench[0m[2m:[0m [3mstage[0m[2m=[0m"finalise.compute_h_poly.end" [3mrss_mb[0m[2m=[0m183 [3mhwm_mb[0m[2m=[0m183
[2m2026-09-15T07:00:16.882783Z[0m [32m INFO[0m [2mmidnight_bench[0m[2m:[0m [3mstage[0m[2m=[0m"finalise.vanishing_construct.start" [3mrss_mb[0m[2m=[0m183 [3mhwm_mb[0m[2m=[0m183
[2m2026-09-15T07:00:16.976712Z[0m [32m INFO[0m [2mmidnight_bench[0m[2m:[0m [3mstage[0m[2m=[0m"finalise.vanishing_construct.end" [3mrss_mb[0m[2m=[0m183 [3mhwm_mb[0m[2m=[0m183
[2m2026-09-15T07:00:17.006521Z[0m [32m INFO[0m [2mmidnight_bench[0m[2m:[0m [3mstage[0m[2m=[0m"finalise.compute_queries.start" [3mrss_mb[0m[2m=[0m183 [3mhwm_mb[0m[2m=[0m183
[2m2026-09-15T07:00:17.006612Z[0m [32m INFO[0m [2mmidnight_bench[0m[2m:[0m [3mstage[0m[2m=[0m"finalise.multi_open.start" [3mrss_mb[0m[2m=[0m183 [3mhwm_mb[0m[2m=[0m183
[2m2026-09-15T07:00:17.188750Z[0m [32m INFO[0m [2mmidnight_bench[0m[2m:[0m [3mstage[0m[2m=[0m"finalise.multi_open.end" [3mrss_mb[0m[2m=[0m183 [3mhwm_mb[0m[2m=[0m183
[2m2026-09-15T07:00:17.189734Z[0m [32m INFO[0m [2mmidnight_bench[0m[2m:[0m [3mstage[0m[2m=[0m"create_proof.finalise_proof.end" [3mrss_mb[0m[2m=[0m158 [3mhwm_mb[0m[2m=[0m182
[2m2026-09-15T07:00:17.205647Z[0m [32m INFO[0m [2mactix_web::middleware::logger[0m[2m:[0m 192.168.65.1 POST /prove HTTP/1.1; took 0.766806s
[2m2026-09-15T07:00:17.207678Z[0m [32m INFO[0m [2mmidnight_proof_server::endpoints[0m[2m:[0m Starting to process request for /prove...
[2m2026-09-15T07:00:17.314741Z[0m [32m INFO[0m [2mmidnight_bench[0m[2m:[0m [3mstage[0m[2m=[0m"create_proof.compute_trace.start" [3mrss_mb[0m[2m=[0m163 [3mhwm_mb[0m[2m=[0m182
[2m2026-09-15T07:00:17.314770Z[0m [32m INFO[0m [2mmidnight_bench[0m[2m:[0m [3mstage[0m[2m=[0m"trace.compute_instances.start" [3mrss_mb[0m[2m=[0m163 [3mhwm_mb[0m[2m=[0m182
[2m2026-09-15T07:00:17.319986Z[0m [32m INFO[0m [2mmidnight_bench[0m[2m:[0m [3mstage[0m[2m=[0m"trace.compute_instances.end" [3mrss_mb[0m[2m=[0m163 [3mhwm_mb[0m[2m=[0m182
[2m2026-09-15T07:00:17.320010Z[0m [32m INFO[0m [2mmidnight_bench[0m[2m:[0m [3mstage[0m[2m=[0m"trace.parse_advices.start" [3mrss_mb[0m[2m=[0m163 [3mhwm_mb[0m[2m=[0m182
[2m2026-09-15T07:00:17.326997Z[0m [32m INFO[0m [2mmidnight_bench[0m[2m:[0m [3mstage[0m[2m=[0m"trace.parse_advices.end" [3mrss_mb[0m[2m=[0m171 [3mhwm_mb[0m[2m=[0m182
[2m2026-09-15T07:00:17.327026Z[0m [32m INFO[0m [2mmidnight_bench[0m[2m:[0m [3mstage[0m[2m=[0m"trace.lookups_permuted.start" [3mrss_mb[0m[2m=[0m171 [3mhwm_mb[0m[2m=[0m182
[2m2026-09-15T07:00:17.379727Z[0m [32m INFO[0m [2mmidnight_bench[0m[2m:[0m [3mstage[0m[2m=[0m"trace.lookups_permuted.end" [3mrss_mb[0m[2m=[0m176 [3mhwm_mb[0m[2m=[0m182
[2m2026-09-15T07:00:17.379762Z[0m [32m INFO[0m [2mmidnight_bench[0m[2m:[0m [3mstage[0m[2m=[0m"trace.permutations_commit.start" [3mrss_mb[0m[2m=[0m176 [3mhwm_mb[0m[2m=[0m182
[2m2026-09-15T07:00:17.480378Z[0m [32m INFO[0m [2mmidnight_bench[0m[2m:[0m [3mstage[0m[2m=[0m"trace.permutations_commit.end" [3mrss_mb[0m[2m=[0m183 [3mhwm_mb[0m[2m=[0m183
[2m2026-09-15T07:00:17.480403Z[0m [32m INFO[0m [2mmidnight_bench[0m[2m:[0m [3mstage[0m[2m=[0m"trace.lookups_product.start" [3mrss_mb[0m[2m=[0m183 [3mhwm_mb[0m[2m=[0m183
[2m2026-09-15T07:00:17.533702Z[0m [32m INFO[0m [2mmidnight_bench[0m[2m:[0m [3mstage[0m[2m=[0m"trace.lookups_product.end" [3mrss_mb[0m[2m=[0m183 [3mhwm_mb[0m[2m=[0m183
[2m2026-09-15T07:00:17.561160Z[0m [32m INFO[0m [2mmidnight_bench[0m[2m:[0m [3mstage[0m[2m=[0m"create_proof.compute_trace.end" [3mrss_mb[0m[2m=[0m184 [3mhwm_mb[0m[2m=[0m184
[2m2026-09-15T07:00:17.561184Z[0m [32m INFO[0m [2mmidnight_bench[0m[2m:[0m [3mstage[0m[2m=[0m"create_proof.finalise_proof.start" [3mrss_mb[0m[2m=[0m184 [3mhwm_mb[0m[2m=[0m184
[2m2026-09-15T07:00:17.561193Z[0m [32m INFO[0m [2mmidnight_bench[0m[2m:[0m [3mstage[0m[2m=[0m"finalise.compute_h_poly.start" [3mrss_mb[0m[2m=[0m184 [3mhwm_mb[0m[2m=[0m184
[2m2026-09-15T07:00:17.712387Z[0m [32m INFO[0m [2mmidnight_bench[0m[2m:[0m [3mstage[0m[2m=[0m"finalise.compute_h_poly.drop_cosets.end" [3mrss_mb[0m[2m=[0m184 [3mhwm_mb[0m[2m=[0m184
[2m2026-09-15T07:00:17.712416Z[0m [32m INFO[0m [2mmidnight_bench[0m[2m:[0m [3mstage[0m[2m=[0m"finalise.compute_h_poly.end" [3mrss_mb[0m[2m=[0m184 [3mhwm_mb[0m[2m=[0m184
[2m2026-09-15T07:00:17.712424Z[0m [32m INFO[0m [2mmidnight_bench[0m[2m:[0m [3mstage[0m[2m=[0m"finalise.vanishing_construct.start" [3mrss_mb[0m[2m=[0m184 [3mhwm_mb[0m[2m=[0m184
[2m2026-09-15T07:00:17.804469Z[0m [32m INFO[0m [2mmidnight_bench[0m[2m:[0m [3mstage[0m[2m=[0m"finalise.vanishing_construct.end" [3mrss_mb[0m[2m=[0m184 [3mhwm_mb[0m[2m=[0m184
[2m2026-09-15T07:00:17.833207Z[0m [32m INFO[0m [2mmidnight_bench[0m[2m:[0m [3mstage[0m[2m=[0m"finalise.compute_queries.start" [3mrss_mb[0m[2m=[0m184 [3mhwm_mb[0m[2m=[0m184
[2m2026-09-15T07:00:17.833303Z[0m [32m INFO[0m [2mmidnight_bench[0m[2m:[0m [3mstage[0m[2m=[0m"finalise.multi_open.start" [3mrss_mb[0m[2m=[0m184 [3mhwm_mb[0m[2m=[0m184
[2m2026-09-15T07:00:17.923212Z[0m [32m INFO[0m [2mmidnight_bench[0m[2m:[0m [3mstage[0m[2m=[0m"finalise.multi_open.end" [3mrss_mb[0m[2m=[0m184 [3mhwm_mb[0m[2m=[0m184
[2m2026-09-15T07:00:17.924045Z[0m [32m INFO[0m [2mmidnight_bench[0m[2m:[0m [3mstage[0m[2m=[0m"create_proof.finalise_proof.end" [3mrss_mb[0m[2m=[0m159 [3mhwm_mb[0m[2m=[0m184
[2m2026-09-15T07:00:17.940406Z[0m [32m INFO[0m [2mactix_web::middleware::logger[0m[2m:[0m 192.168.65.1 POST /prove HTTP/1.1; took 0.732744s
[2m2026-09-15T07:00:17.942451Z[0m [32m INFO[0m [2mmidnight_proof_server::endpoints[0m[2m:[0m Starting to process request for /prove...
[2m2026-09-15T07:00:18.012650Z[0m [32m INFO[0m [2mmidnight_bench[0m[2m:[0m [3mstage[0m[2m=[0m"create_proof.compute_trace.start" [3mrss_mb[0m[2m=[0m162 [3mhwm_mb[0m[2m=[0m184
[2m2026-09-15T07:00:18.012684Z[0m [32m INFO[0m [2mmidnight_bench[0m[2m:[0m [3mstage[0m[2m=[0m"trace.compute_instances.start" [3mrss_mb[0m[2m=[0m162 [3mhwm_mb[0m[2m=[0m184
[2m2026-09-15T07:00:18.017443Z[0m [32m INFO[0m [2mmidnight_bench[0m[2m:[0m [3mstage[0m[2m=[0m"trace.compute_instances.end" [3mrss_mb[0m[2m=[0m162 [3mhwm_mb[0m[2m=[0m184
[2m2026-09-15T07:00:18.017463Z[0m [32m INFO[0m [2mmidnight_bench[0m[2m:[0m [3mstage[0m[2m=[0m"trace.parse_advices.start" [3mrss_mb[0m[2m=[0m162 [3mhwm_mb[0m[2m=[0m184
[2m2026-09-15T07:00:18.023695Z[0m [32m INFO[0m [2mmidnight_bench[0m[2m:[0m [3mstage[0m[2m=[0m"trace.parse_advices.end" [3mrss_mb[0m[2m=[0m171 [3mhwm_mb[0m[2m=[0m184
[2m2026-09-15T07:00:18.023716Z[0m [32m INFO[0m [2mmidnight_bench[0m[2m:[0m [3mstage[0m[2m=[0m"trace.lookups_permuted.start" [3mrss_mb[0m[2m=[0m171 [3mhwm_mb[0m[2m=[0m184
[2m2026-09-15T07:00:18.069062Z[0m [32m INFO[0m [2mmidnight_bench[0m[2m:[0m [3mstage[0m[2m=[0m"trace.lookups_permuted.end" [3mrss_mb[0m[2m=[0m176 [3mhwm_mb[0m[2m=[0m184
[2m2026-09-15T07:00:18.069094Z[0m [32m INFO[0m [2mmidnight_bench[0m[2m:[0m [3mstage[0m[2m=[0m"trace.permutations_commit.start" [3mrss_mb[0m[2m=[0m176 [3mhwm_mb[0m[2m=[0m184
[2m2026-09-15T07:00:18.137218Z[0m [32m INFO[0m [2mmidnight_bench[0m[2m:[0m [3mstage[0m[2m=[0m"trace.permutations_commit.end" [3mrss_mb[0m[2m=[0m183 [3mhwm_mb[0m[2m=[0m184
[2m2026-09-15T07:00:18.137255Z[0m [32m INFO[0m [2mmidnight_bench[0m[2m:[0m [3mstage[0m[2m=[0m"trace.lookups_product.start" [3mrss_mb[0m[2m=[0m183 [3mhwm_mb[0m[2m=[0m184
[2m2026-09-15T07:00:18.188428Z[0m [32m INFO[0m [2mmidnight_bench[0m[2m:[0m [3mstage[0m[2m=[0m"trace.lookups_product.end" [3mrss_mb[0m[2m=[0m183 [3mhwm_mb[0m[2m=[0m184
[2m2026-09-15T07:00:18.213957Z[0m [32m INFO[0m [2mmidnight_bench[0m[2m:[0m [3mstage[0m[2m=[0m"create_proof.compute_trace.end" [3mrss_mb[0m[2m=[0m184 [3mhwm_mb[0m[2m=[0m184
[2m2026-09-15T07:00:18.213987Z[0m [32m INFO[0m [2mmidnight_bench[0m[2m:[0m [3mstage[0m[2m=[0m"create_proof.finalise_proof.start" [3mrss_mb[0m[2m=[0m184 [3mhwm_mb[0m[2m=[0m184
[2m2026-09-15T07:00:18.213995Z[0m [32m INFO[0m [2mmidnight_bench[0m[2m:[0m [3mstage[0m[2m=[0m"finalise.compute_h_poly.start" [3mrss_mb[0m[2m=[0m184 [3mhwm_mb[0m[2m=[0m184
[2m2026-09-15T07:00:18.359869Z[0m [32m INFO[0m [2mmidnight_bench[0m[2m:[0m [3mstage[0m[2m=[0m"finalise.compute_h_poly.drop_cosets.end" [3mrss_mb[0m[2m=[0m187 [3mhwm_mb[0m[2m=[0m187
[2m2026-09-15T07:00:18.359896Z[0m [32m INFO[0m [2mmidnight_bench[0m[2m:[0m [3mstage[0m[2m=[0m"finalise.compute_h_poly.end" [3mrss_mb[0m[2m=[0m187 [3mhwm_mb[0m[2m=[0m187
[2m2026-09-15T07:00:18.359904Z[0m [32m INFO[0m [2mmidnight_bench[0m[2m:[0m [3mstage[0m[2m=[0m"finalise.vanishing_construct.start" [3mrss_mb[0m[2m=[0m187 [3mhwm_mb[0m[2m=[0m187
[2m2026-09-15T07:00:18.447221Z[0m [32m INFO[0m [2mmidnight_bench[0m[2m:[0m [3mstage[0m[2m=[0m"finalise.vanishing_construct.end" [3mrss_mb[0m[2m=[0m187 [3mhwm_mb[0m[2m=[0m187
[2m2026-09-15T07:00:18.476185Z[0m [32m INFO[0m [2mmidnight_bench[0m[2m:[0m [3mstage[0m[2m=[0m"finalise.compute_queries.start" [3mrss_mb[0m[2m=[0m187 [3mhwm_mb[0m[2m=[0m187
[2m2026-09-15T07:00:18.476270Z[0m [32m INFO[0m [2mmidnight_bench[0m[2m:[0m [3mstage[0m[2m=[0m"finalise.multi_open.start" [3mrss_mb[0m[2m=[0m187 [3mhwm_mb[0m[2m=[0m187
[2m2026-09-15T07:00:18.565452Z[0m [32m INFO[0m [2mmidnight_bench[0m[2m:[0m [3mstage[0m[2m=[0m"finalise.multi_open.end" [3mrss_mb[0m[2m=[0m187 [3mhwm_mb[0m[2m=[0m187
[2m2026-09-15T07:00:18.566286Z[0m [32m INFO[0m [2mmidnight_bench[0m[2m:[0m [3mstage[0m[2m=[0m"create_proof.finalise_proof.end" [3mrss_mb[0m[2m=[0m162 [3mhwm_mb[0m[2m=[0m187
[2m2026-09-15T07:00:18.582152Z[0m [32m INFO[0m [2mactix_web::middleware::logger[0m[2m:[0m 192.168.65.1 POST /prove HTTP/1.1; took 0.639719s
[2m2026-09-15T07:00:18.583892Z[0m [32m INFO[0m [2mmidnight_proof_server::endpoints[0m[2m:[0m Starting to process request for /prove...
[2m2026-09-15T07:00:18.659265Z[0m [32m INFO[0m [2mmidnight_bench[0m[2m:[0m [3mstage[0m[2m=[0m"create_proof.compute_trace.start" [3mrss_mb[0m[2m=[0m174 [3mhwm_mb[0m[2m=[0m187
[2m2026-09-15T07:00:18.659303Z[0m [32m INFO[0m [2mmidnight_bench[0m[2m:[0m [3mstage[0m[2m=[0m"trace.compute_instances.start" [3mrss_mb[0m[2m=[0m174 [3mhwm_mb[0m[2m=[0m187
[2m2026-09-15T07:00:18.664615Z[0m [32m INFO[0m [2mmidnight_bench[0m[2m:[0m [3mstage[0m[2m=[0m"trace.compute_instances.end" [3mrss_mb[0m[2m=[0m174 [3mhwm_mb[0m[2m=[0m187
[2m2026-09-15T07:00:18.664635Z[0m [32m INFO[0m [2mmidnight_bench[0m[2m:[0m [3mstage[0m[2m=[0m"trace.parse_advices.start" [3mrss_mb[0m[2m=[0m174 [3mhwm_mb[0m[2m=[0m187
[2m2026-09-15T07:00:18.671026Z[0m [32m INFO[0m [2mmidnight_bench[0m[2m:[0m [3mstage[0m[2m=[0m"trace.parse_advices.end" [3mrss_mb[0m[2m=[0m182 [3mhwm_mb[0m[2m=[0m187
[2m2026-09-15T07:00:18.671048Z[0m [32m INFO[0m [2mmidnight_bench[0m[2m:[0m [3mstage[0m[2m=[0m"trace.lookups_permuted.start" [3mrss_mb[0m[2m=[0m182 [3mhwm_mb[0m[2m=[0m187
[2m2026-09-15T07:00:18.715006Z[0m [32m INFO[0m [2mmidnight_bench[0m[2m:[0m [3mstage[0m[2m=[0m"trace.lookups_permuted.end" [3mrss_mb[0m[2m=[0m187 [3mhwm_mb[0m[2m=[0m187
[2m2026-09-15T07:00:18.715039Z[0m [32m INFO[0m [2mmidnight_bench[0m[2m:[0m [3mstage[0m[2m=[0m"trace.permutations_commit.start" [3mrss_mb[0m[2m=[0m187 [3mhwm_mb[0m[2m=[0m187
[2m2026-09-15T07:00:18.784559Z[0m [32m INFO[0m [2mmidnight_bench[0m[2m:[0m [3mstage[0m[2m=[0m"trace.permutations_commit.end" [3mrss_mb[0m[2m=[0m194 [3mhwm_mb[0m[2m=[0m194
[2m2026-09-15T07:00:18.784584Z[0m [32m INFO[0m [2mmidnight_bench[0m[2m:[0m [3mstage[0m[2m=[0m"trace.lookups_product.start" [3mrss_mb[0m[2m=[0m194 [3mhwm_mb[0m[2m=[0m194
[2m2026-09-15T07:00:18.836876Z[0m [32m INFO[0m [2mmidnight_bench[0m[2m:[0m [3mstage[0m[2m=[0m"trace.lookups_product.end" [3mrss_mb[0m[2m=[0m194 [3mhwm_mb[0m[2m=[0m194
[2m2026-09-15T07:00:18.861913Z[0m [32m INFO[0m [2mmidnight_bench[0m[2m:[0m [3mstage[0m[2m=[0m"create_proof.compute_trace.end" [3mrss_mb[0m[2m=[0m195 [3mhwm_mb[0m[2m=[0m195
[2m2026-09-15T07:00:18.861937Z[0m [32m INFO[0m [2mmidnight_bench[0m[2m:[0m [3mstage[0m[2m=[0m"create_proof.finalise_proof.start" [3mrss_mb[0m[2m=[0m195 [3mhwm_mb[0m[2m=[0m195
[2m2026-09-15T07:00:18.861946Z[0m [32m INFO[0m [2mmidnight_bench[0m[2m:[0m [3mstage[0m[2m=[0m"finalise.compute_h_poly.start" [3mrss_mb[0m[2m=[0m195 [3mhwm_mb[0m[2m=[0m195
[2m2026-09-15T07:00:19.006278Z[0m [32m INFO[0m [2mmidnight_bench[0m[2m:[0m [3mstage[0m[2m=[0m"finalise.compute_h_poly.drop_cosets.end" [3mrss_mb[0m[2m=[0m201 [3mhwm_mb[0m[2m=[0m201
[2m2026-09-15T07:00:19.006305Z[0m [32m INFO[0m [2mmidnight_bench[0m[2m:[0m [3mstage[0m[2m=[0m"finalise.compute_h_poly.end" [3mrss_mb[0m[2m=[0m201 [3mhwm_mb[0m[2m=[0m201
[2m2026-09-15T07:00:19.006313Z[0m [32m INFO[0m [2mmidnight_bench[0m[2m:[0m [3mstage[0m[2m=[0m"finalise.vanishing_construct.start" [3mrss_mb[0m[2m=[0m201 [3mhwm_mb[0m[2m=[0m201
[2m2026-09-15T07:00:19.098502Z[0m [32m INFO[0m [2mmidnight_bench[0m[2m:[0m [3mstage[0m[2m=[0m"finalise.vanishing_construct.end" [3mrss_mb[0m[2m=[0m201 [3mhwm_mb[0m[2m=[0m201
[2m2026-09-15T07:00:19.126886Z[0m [32m INFO[0m [2mmidnight_bench[0m[2m:[0m [3mstage[0m[2m=[0m"finalise.compute_queries.start" [3mrss_mb[0m[2m=[0m201 [3mhwm_mb[0m[2m=[0m201
[2m2026-09-15T07:00:19.126984Z[0m [32m INFO[0m [2mmidnight_bench[0m[2m:[0m [3mstage[0m[2m=[0m"finalise.multi_open.start" [3mrss_mb[0m[2m=[0m201 [3mhwm_mb[0m[2m=[0m201
[2m2026-09-15T07:00:19.216458Z[0m [32m INFO[0m [2mmidnight_bench[0m[2m:[0m [3mstage[0m[2m=[0m"finalise.multi_open.end" [3mrss_mb[0m[2m=[0m201 [3mhwm_mb[0m[2m=[0m201
[2m2026-09-15T07:00:19.217013Z[0m [32m INFO[0m [2mmidnight_bench[0m[2m:[0m [3mstage[0m[2m=[0m"create_proof.finalise_proof.end" [3mrss_mb[0m[2m=[0m186 [3mhwm_mb[0m[2m=[0m200
[2m2026-09-15T07:00:19.233431Z[0m [32m INFO[0m [2mactix_web::middleware::logger[0m[2m:[0m 192.168.65.1 POST /prove HTTP/1.1; took 0.649556s
[2m2026-09-15T07:00:19.235154Z[0m [32m INFO[0m [2mmidnight_proof_server::endpoints[0m[2m:[0m Starting to process request for /prove...
[2m2026-09-15T07:00:19.314411Z[0m [32m INFO[0m [2mmidnight_bench[0m[2m:[0m [3mstage[0m[2m=[0m"create_proof.compute_trace.start" [3mrss_mb[0m[2m=[0m193 [3mhwm_mb[0m[2m=[0m200
[2m2026-09-15T07:00:19.314441Z[0m [32m INFO[0m [2mmidnight_bench[0m[2m:[0m [3mstage[0m[2m=[0m"trace.compute_instances.start" [3mrss_mb[0m[2m=[0m193 [3mhwm_mb[0m[2m=[0m200
[2m2026-09-15T07:00:19.320471Z[0m [32m INFO[0m [2mmidnight_bench[0m[2m:[0m [3mstage[0m[2m=[0m"trace.compute_instances.end" [3mrss_mb[0m[2m=[0m193 [3mhwm_mb[0m[2m=[0m200
[2m2026-09-15T07:00:19.320492Z[0m [32m INFO[0m [2mmidnight_bench[0m[2m:[0m [3mstage[0m[2m=[0m"trace.parse_advices.start" [3mrss_mb[0m[2m=[0m193 [3mhwm_mb[0m[2m=[0m200
[2m2026-09-15T07:00:19.326807Z[0m [32m INFO[0m [2mmidnight_bench[0m[2m:[0m [3mstage[0m[2m=[0m"trace.parse_advices.end" [3mrss_mb[0m[2m=[0m201 [3mhwm_mb[0m[2m=[0m201
[2m2026-09-15T07:00:19.326828Z[0m [32m INFO[0m [2mmidnight_bench[0m[2m:[0m [3mstage[0m[2m=[0m"trace.lookups_permuted.start" [3mrss_mb[0m[2m=[0m201 [3mhwm_mb[0m[2m=[0m201
[2m2026-09-15T07:00:19.373289Z[0m [32m INFO[0m [2mmidnight_bench[0m[2m:[0m [3mstage[0m[2m=[0m"trace.lookups_permuted.end" [3mrss_mb[0m[2m=[0m206 [3mhwm_mb[0m[2m=[0m206
[2m2026-09-15T07:00:19.373317Z[0m [32m INFO[0m [2mmidnight_bench[0m[2m:[0m [3mstage[0m[2m=[0m"trace.permutations_commit.start" [3mrss_mb[0m[2m=[0m206 [3mhwm_mb[0m[2m=[0m206
[2m2026-09-15T07:00:19.442905Z[0m [32m INFO[0m [2mmidnight_bench[0m[2m:[0m [3mstage[0m[2m=[0m"trace.permutations_commit.end" [3mrss_mb[0m[2m=[0m213 [3mhwm_mb[0m[2m=[0m213
[2m2026-09-15T07:00:19.442929Z[0m [32m INFO[0m [2mmidnight_bench[0m[2m:[0m [3mstage[0m[2m=[0m"trace.lookups_product.start" [3mrss_mb[0m[2m=[0m213 [3mhwm_mb[0m[2m=[0m213
[2m2026-09-15T07:00:19.494093Z[0m [32m INFO[0m [2mmidnight_bench[0m[2m:[0m [3mstage[0m[2m=[0m"trace.lookups_product.end" [3mrss_mb[0m[2m=[0m213 [3mhwm_mb[0m[2m=[0m213
[2m2026-09-15T07:00:19.518922Z[0m [32m INFO[0m [2mmidnight_bench[0m[2m:[0m [3mstage[0m[2m=[0m"create_proof.compute_trace.end" [3mrss_mb[0m[2m=[0m214 [3mhwm_mb[0m[2m=[0m214
[2m2026-09-15T07:00:19.518950Z[0m [32m INFO[0m [2mmidnight_bench[0m[2m:[0m [3mstage[0m[2m=[0m"create_proof.finalise_proof.start" [3mrss_mb[0m[2m=[0m214 [3mhwm_mb[0m[2m=[0m214
[2m2026-09-15T07:00:19.518960Z[0m [32m INFO[0m [2mmidnight_bench[0m[2m:[0m [3mstage[0m[2m=[0m"finalise.compute_h_poly.start" [3mrss_mb[0m[2m=[0m214 [3mhwm_mb[0m[2m=[0m214
[2m2026-09-15T07:00:19.677550Z[0m [32m INFO[0m [2mmidnight_bench[0m[2m:[0m [3mstage[0m[2m=[0m"finalise.compute_h_poly.drop_cosets.end" [3mrss_mb[0m[2m=[0m215 [3mhwm_mb[0m[2m=[0m215
[2m2026-09-15T07:00:19.677581Z[0m [32m INFO[0m [2mmidnight_bench[0m[2m:[0m [3mstage[0m[2m=[0m"finalise.compute_h_poly.end" [3mrss_mb[0m[2m=[0m215 [3mhwm_mb[0m[2m=[0m215
[2m2026-09-15T07:00:19.677588Z[0m [32m INFO[0m [2mmidnight_bench[0m[2m:[0m [3mstage[0m[2m=[0m"finalise.vanishing_construct.start" [3mrss_mb[0m[2m=[0m215 [3mhwm_mb[0m[2m=[0m215
[2m2026-09-15T07:00:19.786928Z[0m [32m INFO[0m [2mmidnight_bench[0m[2m:[0m [3mstage[0m[2m=[0m"finalise.vanishing_construct.end" [3mrss_mb[0m[2m=[0m215 [3mhwm_mb[0m[2m=[0m215
[2m2026-09-15T07:00:19.816226Z[0m [32m INFO[0m [2mmidnight_bench[0m[2m:[0m [3mstage[0m[2m=[0m"finalise.compute_queries.start" [3mrss_mb[0m[2m=[0m215 [3mhwm_mb[0m[2m=[0m215
[2m2026-09-15T07:00:19.816320Z[0m [32m INFO[0m [2mmidnight_bench[0m[2m:[0m [3mstage[0m[2m=[0m"finalise.multi_open.start" [3mrss_mb[0m[2m=[0m215 [3mhwm_mb[0m[2m=[0m215
[2m2026-09-15T07:00:19.910125Z[0m [32m INFO[0m [2mmidnight_bench[0m[2m:[0m [3mstage[0m[2m=[0m"finalise.multi_open.end" [3mrss_mb[0m[2m=[0m215 [3mhwm_mb[0m[2m=[0m215
[2m2026-09-15T07:00:19.910596Z[0m [32m INFO[0m [2mmidnight_bench[0m[2m:[0m [3mstage[0m[2m=[0m"create_proof.finalise_proof.end" [3mrss_mb[0m[2m=[0m200 [3mhwm_mb[0m[2m=[0m214
[2m2026-09-15T07:00:19.927776Z[0m [32m INFO[0m [2mactix_web::middleware::logger[0m[2m:[0m 192.168.65.1 POST /prove HTTP/1.1; took 0.692638s
[2m2026-09-15T07:00:19.930301Z[0m [32m INFO[0m [2mmidnight_proof_server::endpoints[0m[2m:[0m Starting to process request for /prove...
[2m2026-09-15T07:00:20.001713Z[0m [32m INFO[0m [2mmidnight_bench[0m[2m:[0m [3mstage[0m[2m=[0m"create_proof.compute_trace.start" [3mrss_mb[0m[2m=[0m193 [3mhwm_mb[0m[2m=[0m214
[2m2026-09-15T07:00:20.001743Z[0m [32m INFO[0m [2mmidnight_bench[0m[2m:[0m [3mstage[0m[2m=[0m"trace.compute_instances.start" [3mrss_mb[0m[2m=[0m193 [3mhwm_mb[0m[2m=[0m214
[2m2026-09-15T07:00:20.007855Z[0m [32m INFO[0m [2mmidnight_bench[0m[2m:[0m [3mstage[0m[2m=[0m"trace.compute_instances.end" [3mrss_mb[0m[2m=[0m193 [3mhwm_mb[0m[2m=[0m214
[2m2026-09-15T07:00:20.007874Z[0m [32m INFO[0m [2mmidnight_bench[0m[2m:[0m [3mstage[0m[2m=[0m"trace.parse_advices.start" [3mrss_mb[0m[2m=[0m193 [3mhwm_mb[0m[2m=[0m214
[2m2026-09-15T07:00:20.014361Z[0m [32m INFO[0m [2mmidnight_bench[0m[2m:[0m [3mstage[0m[2m=[0m"trace.parse_advices.end" [3mrss_mb[0m[2m=[0m202 [3mhwm_mb[0m[2m=[0m214
[2m2026-09-15T07:00:20.014384Z[0m [32m INFO[0m [2mmidnight_bench[0m[2m:[0m [3mstage[0m[2m=[0m"trace.lookups_permuted.start" [3mrss_mb[0m[2m=[0m202 [3mhwm_mb[0m[2m=[0m214
[2m2026-09-15T07:00:20.064720Z[0m [32m INFO[0m [2mmidnight_bench[0m[2m:[0m [3mstage[0m[2m=[0m"trace.lookups_permuted.end" [3mrss_mb[0m[2m=[0m207 [3mhwm_mb[0m[2m=[0m214
[2m2026-09-15T07:00:20.064752Z[0m [32m INFO[0m [2mmidnight_bench[0m[2m:[0m [3mstage[0m[2m=[0m"trace.permutations_commit.start" [3mrss_mb[0m[2m=[0m207 [3mhwm_mb[0m[2m=[0m214
[2m2026-09-15T07:00:20.139586Z[0m [32m INFO[0m [2mmidnight_bench[0m[2m:[0m [3mstage[0m[2m=[0m"trace.permutations_commit.end" [3mrss_mb[0m[2m=[0m214 [3mhwm_mb[0m[2m=[0m214
[2m2026-09-15T07:00:20.139610Z[0m [32m INFO[0m [2mmidnight_bench[0m[2m:[0m [3mstage[0m[2m=[0m"trace.lookups_product.start" [3mrss_mb[0m[2m=[0m214 [3mhwm_mb[0m[2m=[0m214
[2m2026-09-15T07:00:20.194874Z[0m [32m INFO[0m [2mmidnight_bench[0m[2m:[0m [3mstage[0m[2m=[0m"trace.lookups_product.end" [3mrss_mb[0m[2m=[0m214 [3mhwm_mb[0m[2m=[0m214
[2m2026-09-15T07:00:20.222790Z[0m [32m INFO[0m [2mmidnight_bench[0m[2m:[0m [3mstage[0m[2m=[0m"create_proof.compute_trace.end" [3mrss_mb[0m[2m=[0m215 [3mhwm_mb[0m[2m=[0m215
[2m2026-09-15T07:00:20.222818Z[0m [32m INFO[0m [2mmidnight_bench[0m[2m:[0m [3mstage[0m[2m=[0m"create_proof.finalise_proof.start" [3mrss_mb[0m[2m=[0m215 [3mhwm_mb[0m[2m=[0m215
[2m2026-09-15T07:00:20.222826Z[0m [32m INFO[0m [2mmidnight_bench[0m[2m:[0m [3mstage[0m[2m=[0m"finalise.compute_h_poly.start" [3mrss_mb[0m[2m=[0m215 [3mhwm_mb[0m[2m=[0m215
[2m2026-09-15T07:00:20.380270Z[0m [32m INFO[0m [2mmidnight_bench[0m[2m:[0m [3mstage[0m[2m=[0m"finalise.compute_h_poly.drop_cosets.end" [3mrss_mb[0m[2m=[0m217 [3mhwm_mb[0m[2m=[0m217
[2m2026-09-15T07:00:20.380298Z[0m [32m INFO[0m [2mmidnight_bench[0m[2m:[0m [3mstage[0m[2m=[0m"finalise.compute_h_poly.end" [3mrss_mb[0m[2m=[0m217 [3mhwm_mb[0m[2m=[0m217
[2m2026-09-15T07:00:20.380306Z[0m [32m INFO[0m [2mmidnight_bench[0m[2m:[0m [3mstage[0m[2m=[0m"finalise.vanishing_construct.start" [3mrss_mb[0m[2m=[0m217 [3mhwm_mb[0m[2m=[0m217
[2m2026-09-15T07:00:20.472278Z[0m [32m INFO[0m [2mmidnight_bench[0m[2m:[0m [3mstage[0m[2m=[0m"finalise.vanishing_construct.end" [3mrss_mb[0m[2m=[0m217 [3mhwm_mb[0m[2m=[0m217
[2m2026-09-15T07:00:20.502314Z[0m [32m INFO[0m [2mmidnight_bench[0m[2m:[0m [3mstage[0m[2m=[0m"finalise.compute_queries.start" [3mrss_mb[0m[2m=[0m217 [3mhwm_mb[0m[2m=[0m217
[2m2026-09-15T07:00:20.502415Z[0m [32m INFO[0m [2mmidnight_bench[0m[2m:[0m [3mstage[0m[2m=[0m"finalise.multi_open.start" [3mrss_mb[0m[2m=[0m217 [3mhwm_mb[0m[2m=[0m217
[2m2026-09-15T07:00:20.597486Z[0m [32m INFO[0m [2mmidnight_bench[0m[2m:[0m [3mstage[0m[2m=[0m"finalise.multi_open.end" [3mrss_mb[0m[2m=[0m217 [3mhwm_mb[0m[2m=[0m217
[2m2026-09-15T07:00:20.597976Z[0m [32m INFO[0m [2mmidnight_bench[0m[2m:[0m [3mstage[0m[2m=[0m"create_proof.finalise_proof.end" [3mrss_mb[0m[2m=[0m202 [3mhwm_mb[0m[2m=[0m216
[2m2026-09-15T07:00:20.614410Z[0m [32m INFO[0m [2mactix_web::middleware::logger[0m[2m:[0m 192.168.65.1 POST /prove HTTP/1.1; took 0.684157s
[2m2026-09-15T07:00:20.616068Z[0m [32m INFO[0m [2mmidnight_proof_server::endpoints[0m[2m:[0m Starting to process request for /prove...
[2m2026-09-15T07:00:20.693176Z[0m [32m INFO[0m [2mmidnight_bench[0m[2m:[0m [3mstage[0m[2m=[0m"create_proof.compute_trace.start" [3mrss_mb[0m[2m=[0m210 [3mhwm_mb[0m[2m=[0m216
[2m2026-09-15T07:00:20.693203Z[0m [32m INFO[0m [2mmidnight_bench[0m[2m:[0m [3mstage[0m[2m=[0m"trace.compute_instances.start" [3mrss_mb[0m[2m=[0m210 [3mhwm_mb[0m[2m=[0m216
[2m2026-09-15T07:00:20.699295Z[0m [32m INFO[0m [2mmidnight_bench[0m[2m:[0m [3mstage[0m[2m=[0m"trace.compute_instances.end" [3mrss_mb[0m[2m=[0m210 [3mhwm_mb[0m[2m=[0m216
[2m2026-09-15T07:00:20.699315Z[0m [32m INFO[0m [2mmidnight_bench[0m[2m:[0m [3mstage[0m[2m=[0m"trace.parse_advices.start" [3mrss_mb[0m[2m=[0m210 [3mhwm_mb[0m[2m=[0m216
[2m2026-09-15T07:00:20.705824Z[0m [32m INFO[0m [2mmidnight_bench[0m[2m:[0m [3mstage[0m[2m=[0m"trace.parse_advices.end" [3mrss_mb[0m[2m=[0m218 [3mhwm_mb[0m[2m=[0m218
[2m2026-09-15T07:00:20.705843Z[0m [32m INFO[0m [2mmidnight_bench[0m[2m:[0m [3mstage[0m[2m=[0m"trace.lookups_permuted.start" [3mrss_mb[0m[2m=[0m218 [3mhwm_mb[0m[2m=[0m218
[2m2026-09-15T07:00:20.756430Z[0m [32m INFO[0m [2mmidnight_bench[0m[2m:[0m [3mstage[0m[2m=[0m"trace.lookups_permuted.end" [3mrss_mb[0m[2m=[0m223 [3mhwm_mb[0m[2m=[0m223
[2m2026-09-15T07:00:20.756459Z[0m [32m INFO[0m [2mmidnight_bench[0m[2m:[0m [3mstage[0m[2m=[0m"trace.permutations_commit.start" [3mrss_mb[0m[2m=[0m223 [3mhwm_mb[0m[2m=[0m223
[2m2026-09-15T07:00:20.827179Z[0m [32m INFO[0m [2mmidnight_bench[0m[2m:[0m [3mstage[0m[2m=[0m"trace.permutations_commit.end" [3mrss_mb[0m[2m=[0m231 [3mhwm_mb[0m[2m=[0m231
[2m2026-09-15T07:00:20.827205Z[0m [32m INFO[0m [2mmidnight_bench[0m[2m:[0m [3mstage[0m[2m=[0m"trace.lookups_product.start" [3mrss_mb[0m[2m=[0m231 [3mhwm_mb[0m[2m=[0m231
[2m2026-09-15T07:00:20.879964Z[0m [32m INFO[0m [2mmidnight_bench[0m[2m:[0m [3mstage[0m[2m=[0m"trace.lookups_product.end" [3mrss_mb[0m[2m=[0m231 [3mhwm_mb[0m[2m=[0m231
[2m2026-09-15T07:00:20.906411Z[0m [32m INFO[0m [2mmidnight_bench[0m[2m:[0m [3mstage[0m[2m=[0m"create_proof.compute_trace.end" [3mrss_mb[0m[2m=[0m232 [3mhwm_mb[0m[2m=[0m232
[2m2026-09-15T07:00:20.906434Z[0m [32m INFO[0m [2mmidnight_bench[0m[2m:[0m [3mstage[0m[2m=[0m"create_proof.finalise_proof.start" [3mrss_mb[0m[2m=[0m232 [3mhwm_mb[0m[2m=[0m232
[2m2026-09-15T07:00:20.906443Z[0m [32m INFO[0m [2mmidnight_bench[0m[2m:[0m [3mstage[0m[2m=[0m"finalise.compute_h_poly.start" [3mrss_mb[0m[2m=[0m232 [3mhwm_mb[0m[2m=[0m232
[2m2026-09-15T07:00:21.061161Z[0m [32m INFO[0m [2mmidnight_bench[0m[2m:[0m [3mstage[0m[2m=[0m"finalise.compute_h_poly.drop_cosets.end" [3mrss_mb[0m[2m=[0m237 [3mhwm_mb[0m[2m=[0m237
[2m2026-09-15T07:00:21.061193Z[0m [32m INFO[0m [2mmidnight_bench[0m[2m:[0m [3mstage[0m[2m=[0m"finalise.compute_h_poly.end" [3mrss_mb[0m[2m=[0m237 [3mhwm_mb[0m[2m=[0m237
[2m2026-09-15T07:00:21.061201Z[0m [32m INFO[0m [2mmidnight_bench[0m[2m:[0m [3mstage[0m[2m=[0m"finalise.vanishing_construct.start" [3mrss_mb[0m[2m=[0m237 [3mhwm_mb[0m[2m=[0m237
[2m2026-09-15T07:00:21.153512Z[0m [32m INFO[0m [2mmidnight_bench[0m[2m:[0m [3mstage[0m[2m=[0m"finalise.vanishing_construct.end" [3mrss_mb[0m[2m=[0m237 [3mhwm_mb[0m[2m=[0m237
[2m2026-09-15T07:00:21.180991Z[0m [32m INFO[0m [2mmidnight_bench[0m[2m:[0m [3mstage[0m[2m=[0m"finalise.compute_queries.start" [3mrss_mb[0m[2m=[0m237 [3mhwm_mb[0m[2m=[0m237
[2m2026-09-15T07:00:21.181078Z[0m [32m INFO[0m [2mmidnight_bench[0m[2m:[0m [3mstage[0m[2m=[0m"finalise.multi_open.start" [3mrss_mb[0m[2m=[0m237 [3mhwm_mb[0m[2m=[0m237
[2m2026-09-15T07:00:21.270683Z[0m [32m INFO[0m [2mmidnight_bench[0m[2m:[0m [3mstage[0m[2m=[0m"finalise.multi_open.end" [3mrss_mb[0m[2m=[0m237 [3mhwm_mb[0m[2m=[0m237
[2m2026-09-15T07:00:21.271196Z[0m [32m INFO[0m [2mmidnight_bench[0m[2m:[0m [3mstage[0m[2m=[0m"create_proof.finalise_proof.end" [3mrss_mb[0m[2m=[0m222 [3mhwm_mb[0m[2m=[0m236
[2m2026-09-15T07:00:21.287593Z[0m [32m INFO[0m [2mactix_web::middleware::logger[0m[2m:[0m 192.168.65.1 POST /prove HTTP/1.1; took 0.671542s
[2m2026-09-15T07:00:21.289207Z[0m [32m INFO[0m [2mmidnight_proof_server::endpoints[0m[2m:[0m Starting to process request for /prove...
[2m2026-09-15T07:00:21.369142Z[0m [32m INFO[0m [2mmidnight_bench[0m[2m:[0m [3mstage[0m[2m=[0m"create_proof.compute_trace.start" [3mrss_mb[0m[2m=[0m224 [3mhwm_mb[0m[2m=[0m236
[2m2026-09-15T07:00:21.369176Z[0m [32m INFO[0m [2mmidnight_bench[0m[2m:[0m [3mstage[0m[2m=[0m"trace.compute_instances.start" [3mrss_mb[0m[2m=[0m224 [3mhwm_mb[0m[2m=[0m236
[2m2026-09-15T07:00:21.374703Z[0m [32m INFO[0m [2mmidnight_bench[0m[2m:[0m [3mstage[0m[2m=[0m"trace.compute_instances.end" [3mrss_mb[0m[2m=[0m224 [3mhwm_mb[0m[2m=[0m236
[2m2026-09-15T07:00:21.374722Z[0m [32m INFO[0m [2mmidnight_bench[0m[2m:[0m [3mstage[0m[2m=[0m"trace.parse_advices.start" [3mrss_mb[0m[2m=[0m224 [3mhwm_mb[0m[2m=[0m236
[2m2026-09-15T07:00:21.381190Z[0m [32m INFO[0m [2mmidnight_bench[0m[2m:[0m [3mstage[0m[2m=[0m"trace.parse_advices.end" [3mrss_mb[0m[2m=[0m233 [3mhwm_mb[0m[2m=[0m236
[2m2026-09-15T07:00:21.381209Z[0m [32m INFO[0m [2mmidnight_bench[0m[2m:[0m [3mstage[0m[2m=[0m"trace.lookups_permuted.start" [3mrss_mb[0m[2m=[0m233 [3mhwm_mb[0m[2m=[0m236
[2m2026-09-15T07:00:21.425646Z[0m [32m INFO[0m [2mmidnight_bench[0m[2m:[0m [3mstage[0m[2m=[0m"trace.lookups_permuted.end" [3mrss_mb[0m[2m=[0m238 [3mhwm_mb[0m[2m=[0m238
[2m2026-09-15T07:00:21.425673Z[0m [32m INFO[0m [2mmidnight_bench[0m[2m:[0m [3mstage[0m[2m=[0m"trace.permutations_commit.start" [3mrss_mb[0m[2m=[0m238 [3mhwm_mb[0m[2m=[0m238
[2m2026-09-15T07:00:21.498867Z[0m [32m INFO[0m [2mmidnight_bench[0m[2m:[0m [3mstage[0m[2m=[0m"trace.permutations_commit.end" [3mrss_mb[0m[2m=[0m245 [3mhwm_mb[0m[2m=[0m245
[2m2026-09-15T07:00:21.498893Z[0m [32m INFO[0m [2mmidnight_bench[0m[2m:[0m [3mstage[0m[2m=[0m"trace.lookups_product.start" [3mrss_mb[0m[2m=[0m245 [3mhwm_mb[0m[2m=[0m245
[2m2026-09-15T07:00:21.552450Z[0m [32m INFO[0m [2mmidnight_bench[0m[2m:[0m [3mstage[0m[2m=[0m"trace.lookups_product.end" [3mrss_mb[0m[2m=[0m245 [3mhwm_mb[0m[2m=[0m245
[2m2026-09-15T07:00:21.580427Z[0m [32m INFO[0m [2mmidnight_bench[0m[2m:[0m [3mstage[0m[2m=[0m"create_proof.compute_trace.end" [3mrss_mb[0m[2m=[0m246 [3mhwm_mb[0m[2m=[0m246
[2m2026-09-15T07:00:21.580449Z[0m [32m INFO[0m [2mmidnight_bench[0m[2m:[0m [3mstage[0m[2m=[0m"create_proof.finalise_proof.start" [3mrss_mb[0m[2m=[0m246 [3mhwm_mb[0m[2m=[0m246
[2m2026-09-15T07:00:21.580457Z[0m [32m INFO[0m [2mmidnight_bench[0m[2m:[0m [3mstage[0m[2m=[0m"finalise.compute_h_poly.start" [3mrss_mb[0m[2m=[0m246 [3mhwm_mb[0m[2m=[0m246
[2m2026-09-15T07:00:21.725657Z[0m [32m INFO[0m [2mmidnight_bench[0m[2m:[0m [3mstage[0m[2m=[0m"finalise.compute_h_poly.drop_cosets.end" [3mrss_mb[0m[2m=[0m246 [3mhwm_mb[0m[2m=[0m246
[2m2026-09-15T07:00:21.725683Z[0m [32m INFO[0m [2mmidnight_bench[0m[2m:[0m [3mstage[0m[2m=[0m"finalise.compute_h_poly.end" [3mrss_mb[0m[2m=[0m246 [3mhwm_mb[0m[2m=[0m246
[2m2026-09-15T07:00:21.725690Z[0m [32m INFO[0m [2mmidnight_bench[0m[2m:[0m [3mstage[0m[2m=[0m"finalise.vanishing_construct.start" [3mrss_mb[0m[2m=[0m246 [3mhwm_mb[0m[2m=[0m246
[2m2026-09-15T07:00:21.816874Z[0m [32m INFO[0m [2mmidnight_bench[0m[2m:[0m [3mstage[0m[2m=[0m"finalise.vanishing_construct.end" [3mrss_mb[0m[2m=[0m246 [3mhwm_mb[0m[2m=[0m246
[2m2026-09-15T07:00:21.847485Z[0m [32m INFO[0m [2mmidnight_bench[0m[2m:[0m [3mstage[0m[2m=[0m"finalise.compute_queries.start" [3mrss_mb[0m[2m=[0m246 [3mhwm_mb[0m[2m=[0m246
[2m2026-09-15T07:00:21.847572Z[0m [32m INFO[0m [2mmidnight_bench[0m[2m:[0m [3mstage[0m[2m=[0m"finalise.multi_open.start" [3mrss_mb[0m[2m=[0m246 [3mhwm_mb[0m[2m=[0m246
[2m2026-09-15T07:00:21.940983Z[0m [32m INFO[0m [2mmidnight_bench[0m[2m:[0m [3mstage[0m[2m=[0m"finalise.multi_open.end" [3mrss_mb[0m[2m=[0m246 [3mhwm_mb[0m[2m=[0m246
[2m2026-09-15T07:00:21.941810Z[0m [32m INFO[0m [2mmidnight_bench[0m[2m:[0m [3mstage[0m[2m=[0m"create_proof.finalise_proof.end" [3mrss_mb[0m[2m=[0m220 [3mhwm_mb[0m[2m=[0m245
[2m2026-09-15T07:00:21.958032Z[0m [32m INFO[0m [2mactix_web::middleware::logger[0m[2m:[0m 192.168.65.1 POST /prove HTTP/1.1; took 0.668845s
[2m2026-09-15T07:00:21.960353Z[0m [32m INFO[0m [2mmidnight_proof_server::endpoints[0m[2m:[0m Starting to process request for /prove...
[2m2026-09-15T07:00:22.041589Z[0m [32m INFO[0m [2mmidnight_bench[0m[2m:[0m [3mstage[0m[2m=[0m"create_proof.compute_trace.start" [3mrss_mb[0m[2m=[0m225 [3mhwm_mb[0m[2m=[0m245
[2m2026-09-15T07:00:22.041618Z[0m [32m INFO[0m [2mmidnight_bench[0m[2m:[0m [3mstage[0m[2m=[0m"trace.compute_instances.start" [3mrss_mb[0m[2m=[0m225 [3mhwm_mb[0m[2m=[0m245
[2m2026-09-15T07:00:22.047076Z[0m [32m INFO[0m [2mmidnight_bench[0m[2m:[0m [3mstage[0m[2m=[0m"trace.compute_instances.end" [3mrss_mb[0m[2m=[0m225 [3mhwm_mb[0m[2m=[0m245
[2m2026-09-15T07:00:22.047098Z[0m [32m INFO[0m [2mmidnight_bench[0m[2m:[0m [3mstage[0m[2m=[0m"trace.parse_advices.start" [3mrss_mb[0m[2m=[0m225 [3mhwm_mb[0m[2m=[0m245
[2m2026-09-15T07:00:22.053440Z[0m [32m INFO[0m [2mmidnight_bench[0m[2m:[0m [3mstage[0m[2m=[0m"trace.parse_advices.end" [3mrss_mb[0m[2m=[0m233 [3mhwm_mb[0m[2m=[0m245
[2m2026-09-15T07:00:22.053464Z[0m [32m INFO[0m [2mmidnight_bench[0m[2m:[0m [3mstage[0m[2m=[0m"trace.lookups_permuted.start" [3mrss_mb[0m[2m=[0m233 [3mhwm_mb[0m[2m=[0m245
[2m2026-09-15T07:00:22.104560Z[0m [32m INFO[0m [2mmidnight_bench[0m[2m:[0m [3mstage[0m[2m=[0m"trace.lookups_permuted.end" [3mrss_mb[0m[2m=[0m238 [3mhwm_mb[0m[2m=[0m245
[2m2026-09-15T07:00:22.104586Z[0m [32m INFO[0m [2mmidnight_bench[0m[2m:[0m [3mstage[0m[2m=[0m"trace.permutations_commit.start" [3mrss_mb[0m[2m=[0m238 [3mhwm_mb[0m[2m=[0m245
[2m2026-09-15T07:00:22.178255Z[0m [32m INFO[0m [2mmidnight_bench[0m[2m:[0m [3mstage[0m[2m=[0m"trace.permutations_commit.end" [3mrss_mb[0m[2m=[0m246 [3mhwm_mb[0m[2m=[0m246
[2m2026-09-15T07:00:22.178282Z[0m [32m INFO[0m [2mmidnight_bench[0m[2m:[0m [3mstage[0m[2m=[0m"trace.lookups_product.start" [3mrss_mb[0m[2m=[0m246 [3mhwm_mb[0m[2m=[0m246
[2m2026-09-15T07:00:22.230669Z[0m [32m INFO[0m [2mmidnight_bench[0m[2m:[0m [3mstage[0m[2m=[0m"trace.lookups_product.end" [3mrss_mb[0m[2m=[0m246 [3mhwm_mb[0m[2m=[0m246
[2m2026-09-15T07:00:22.259275Z[0m [32m INFO[0m [2mmidnight_bench[0m[2m:[0m [3mstage[0m[2m=[0m"create_proof.compute_trace.end" [3mrss_mb[0m[2m=[0m247 [3mhwm_mb[0m[2m=[0m247
[2m2026-09-15T07:00:22.259302Z[0m [32m INFO[0m [2mmidnight_bench[0m[2m:[0m [3mstage[0m[2m=[0m"create_proof.finalise_proof.start" [3mrss_mb[0m[2m=[0m247 [3mhwm_mb[0m[2m=[0m247
[2m2026-09-15T07:00:22.259310Z[0m [32m INFO[0m [2mmidnight_bench[0m[2m:[0m [3mstage[0m[2m=[0m"finalise.compute_h_poly.start" [3mrss_mb[0m[2m=[0m247 [3mhwm_mb[0m[2m=[0m247
[2m2026-09-15T07:00:22.417935Z[0m [32m INFO[0m [2mmidnight_bench[0m[2m:[0m [3mstage[0m[2m=[0m"finalise.compute_h_poly.drop_cosets.end" [3mrss_mb[0m[2m=[0m249 [3mhwm_mb[0m[2m=[0m249
[2m2026-09-15T07:00:22.417963Z[0m [32m INFO[0m [2mmidnight_bench[0m[2m:[0m [3mstage[0m[2m=[0m"finalise.compute_h_poly.end" [3mrss_mb[0m[2m=[0m249 [3mhwm_mb[0m[2m=[0m249
[2m2026-09-15T07:00:22.417971Z[0m [32m INFO[0m [2mmidnight_bench[0m[2m:[0m [3mstage[0m[2m=[0m"finalise.vanishing_construct.start" [3mrss_mb[0m[2m=[0m249 [3mhwm_mb[0m[2m=[0m249
[2m2026-09-15T07:00:22.511838Z[0m [32m INFO[0m [2mmidnight_bench[0m[2m:[0m [3mstage[0m[2m=[0m"finalise.vanishing_construct.end" [3mrss_mb[0m[2m=[0m249 [3mhwm_mb[0m[2m=[0m249
[2m2026-09-15T07:00:22.541619Z[0m [32m INFO[0m [2mmidnight_bench[0m[2m:[0m [3mstage[0m[2m=[0m"finalise.compute_queries.start" [3mrss_mb[0m[2m=[0m249 [3mhwm_mb[0m[2m=[0m249
[2m2026-09-15T07:00:22.541702Z[0m [32m INFO[0m [2mmidnight_bench[0m[2m:[0m [3mstage[0m[2m=[0m"finalise.multi_open.start" [3mrss_mb[0m[2m=[0m249 [3mhwm_mb[0m[2m=[0m249
[2m2026-09-15T07:00:22.630067Z[0m [32m INFO[0m [2mmidnight_bench[0m[2m:[0m [3mstage[0m[2m=[0m"finalise.multi_open.end" [3mrss_mb[0m[2m=[0m249 [3mhwm_mb[0m[2m=[0m249
[2m2026-09-15T07:00:22.630885Z[0m [32m INFO[0m [2mmidnight_bench[0m[2m:[0m [3mstage[0m[2m=[0m"create_proof.finalise_proof.end" [3mrss_mb[0m[2m=[0m223 [3mhwm_mb[0m[2m=[0m248
[2m2026-09-15T07:00:22.647173Z[0m [32m INFO[0m [2mactix_web::middleware::logger[0m[2m:[0m 192.168.65.1 POST /prove HTTP/1.1; took 0.686839s
[2m2026-09-15T07:00:22.648877Z[0m [32m INFO[0m [2mmidnight_proof_server::endpoints[0m[2m:[0m Starting to process request for /prove...
[2m2026-09-15T07:00:22.723679Z[0m [32m INFO[0m [2mmidnight_bench[0m[2m:[0m [3mstage[0m[2m=[0m"create_proof.compute_trace.start" [3mrss_mb[0m[2m=[0m227 [3mhwm_mb[0m[2m=[0m248
[2m2026-09-15T07:00:22.723710Z[0m [32m INFO[0m [2mmidnight_bench[0m[2m:[0m [3mstage[0m[2m=[0m"trace.compute_instances.start" [3mrss_mb[0m[2m=[0m227 [3mhwm_mb[0m[2m=[0m248
[2m2026-09-15T07:00:22.731999Z[0m [32m INFO[0m [2mmidnight_bench[0m[2m:[0m [3mstage[0m[2m=[0m"trace.compute_instances.end" [3mrss_mb[0m[2m=[0m227 [3mhwm_mb[0m[2m=[0m248
[2m2026-09-15T07:00:22.732049Z[0m [32m INFO[0m [2mmidnight_bench[0m[2m:[0m [3mstage[0m[2m=[0m"trace.parse_advices.start" [3mrss_mb[0m[2m=[0m227 [3mhwm_mb[0m[2m=[0m248
[2m2026-09-15T07:00:22.745160Z[0m [32m INFO[0m [2mmidnight_bench[0m[2m:[0m [3mstage[0m[2m=[0m"trace.parse_advices.end" [3mrss_mb[0m[2m=[0m235 [3mhwm_mb[0m[2m=[0m248
[2m2026-09-15T07:00:22.745224Z[0m [32m INFO[0m [2mmidnight_bench[0m[2m:[0m [3mstage[0m[2m=[0m"trace.lookups_permuted.start" [3mrss_mb[0m[2m=[0m235 [3mhwm_mb[0m[2m=[0m248
[2m2026-09-15T07:00:22.800556Z[0m [32m INFO[0m [2mmidnight_bench[0m[2m:[0m [3mstage[0m[2m=[0m"trace.lookups_permuted.end" [3mrss_mb[0m[2m=[0m240 [3mhwm_mb[0m[2m=[0m248
[2m2026-09-15T07:00:22.800580Z[0m [32m INFO[0m [2mmidnight_bench[0m[2m:[0m [3mstage[0m[2m=[0m"trace.permutations_commit.start" [3mrss_mb[0m[2m=[0m240 [3mhwm_mb[0m[2m=[0m248
[2m2026-09-15T07:00:22.874494Z[0m [32m INFO[0m [2mmidnight_bench[0m[2m:[0m [3mstage[0m[2m=[0m"trace.permutations_commit.end" [3mrss_mb[0m[2m=[0m247 [3mhwm_mb[0m[2m=[0m248
[2m2026-09-15T07:00:22.874521Z[0m [32m INFO[0m [2mmidnight_bench[0m[2m:[0m [3mstage[0m[2m=[0m"trace.lookups_product.start" [3mrss_mb[0m[2m=[0m247 [3mhwm_mb[0m[2m=[0m248
[2m2026-09-15T07:00:22.939348Z[0m [32m INFO[0m [2mmidnight_bench[0m[2m:[0m [3mstage[0m[2m=[0m"trace.lookups_product.end" [3mrss_mb[0m[2m=[0m247 [3mhwm_mb[0m[2m=[0m248
[2m2026-09-15T07:00:22.964940Z[0m [32m INFO[0m [2mmidnight_bench[0m[2m:[0m [3mstage[0m[2m=[0m"create_proof.compute_trace.end" [3mrss_mb[0m[2m=[0m248 [3mhwm_mb[0m[2m=[0m248
[2m2026-09-15T07:00:22.964966Z[0m [32m INFO[0m [2mmidnight_bench[0m[2m:[0m [3mstage[0m[2m=[0m"create_proof.finalise_proof.start" [3mrss_mb[0m[2m=[0m248 [3mhwm_mb[0m[2m=[0m248
[2m2026-09-15T07:00:22.964975Z[0m [32m INFO[0m [2mmidnight_bench[0m[2m:[0m [3mstage[0m[2m=[0m"finalise.compute_h_poly.start" [3mrss_mb[0m[2m=[0m248 [3mhwm_mb[0m[2m=[0m248
[2m2026-09-15T07:00:23.203150Z[0m [32m INFO[0m [2mmidnight_bench[0m[2m:[0m [3mstage[0m[2m=[0m"finalise.compute_h_poly.drop_cosets.end" [3mrss_mb[0m[2m=[0m248 [3mhwm_mb[0m[2m=[0m248
[2m2026-09-15T07:00:23.203178Z[0m [32m INFO[0m [2mmidnight_bench[0m[2m:[0m [3mstage[0m[2m=[0m"finalise.compute_h_poly.end" [3mrss_mb[0m[2m=[0m248 [3mhwm_mb[0m[2m=[0m248
[2m2026-09-15T07:00:23.203194Z[0m [32m INFO[0m [2mmidnight_bench[0m[2m:[0m [3mstage[0m[2m=[0m"finalise.vanishing_construct.start" [3mrss_mb[0m[2m=[0m248 [3mhwm_mb[0m[2m=[0m248
[2m2026-09-15T07:00:23.335252Z[0m [32m INFO[0m [2mmidnight_bench[0m[2m:[0m [3mstage[0m[2m=[0m"finalise.vanishing_construct.end" [3mrss_mb[0m[2m=[0m248 [3mhwm_mb[0m[2m=[0m248
[2m2026-09-15T07:00:23.371492Z[0m [32m INFO[0m [2mmidnight_bench[0m[2m:[0m [3mstage[0m[2m=[0m"finalise.compute_queries.start" [3mrss_mb[0m[2m=[0m248 [3mhwm_mb[0m[2m=[0m248
[2m2026-09-15T07:00:23.371579Z[0m [32m INFO[0m [2mmidnight_bench[0m[2m:[0m [3mstage[0m[2m=[0m"finalise.multi_open.start" [3mrss_mb[0m[2m=[0m248 [3mhwm_mb[0m[2m=[0m248
[2m2026-09-15T07:00:23.485867Z[0m [32m INFO[0m [2mmidnight_bench[0m[2m:[0m [3mstage[0m[2m=[0m"finalise.multi_open.end" [3mrss_mb[0m[2m=[0m248 [3mhwm_mb[0m[2m=[0m248
[2m2026-09-15T07:00:23.486734Z[0m [32m INFO[0m [2mmidnight_bench[0m[2m:[0m [3mstage[0m[2m=[0m"create_proof.finalise_proof.end" [3mrss_mb[0m[2m=[0m223 [3mhwm_mb[0m[2m=[0m248
[2m2026-09-15T07:00:23.503580Z[0m [32m INFO[0m [2mactix_web::middleware::logger[0m[2m:[0m 192.168.65.1 POST /prove HTTP/1.1; took 0.854719s
[2m2026-09-15T07:00:23.505755Z[0m [32m INFO[0m [2mmidnight_proof_server::endpoints[0m[2m:[0m Starting to process request for /prove...
[2m2026-09-15T07:00:23.579215Z[0m [32m INFO[0m [2mmidnight_bench[0m[2m:[0m [3mstage[0m[2m=[0m"create_proof.compute_trace.start" [3mrss_mb[0m[2m=[0m226 [3mhwm_mb[0m[2m=[0m248
[2m2026-09-15T07:00:23.579244Z[0m [32m INFO[0m [2mmidnight_bench[0m[2m:[0m [3mstage[0m[2m=[0m"trace.compute_instances.start" [3mrss_mb[0m[2m=[0m226 [3mhwm_mb[0m[2m=[0m248
[2m2026-09-15T07:00:23.585341Z[0m [32m INFO[0m [2mmidnight_bench[0m[2m:[0m [3mstage[0m[2m=[0m"trace.compute_instances.end" [3mrss_mb[0m[2m=[0m226 [3mhwm_mb[0m[2m=[0m248
[2m2026-09-15T07:00:23.585360Z[0m [32m INFO[0m [2mmidnight_bench[0m[2m:[0m [3mstage[0m[2m=[0m"trace.parse_advices.start" [3mrss_mb[0m[2m=[0m226 [3mhwm_mb[0m[2m=[0m248
[2m2026-09-15T07:00:23.591739Z[0m [32m INFO[0m [2mmidnight_bench[0m[2m:[0m [3mstage[0m[2m=[0m"trace.parse_advices.end" [3mrss_mb[0m[2m=[0m234 [3mhwm_mb[0m[2m=[0m248
[2m2026-09-15T07:00:23.591762Z[0m [32m INFO[0m [2mmidnight_bench[0m[2m:[0m [3mstage[0m[2m=[0m"trace.lookups_permuted.start" [3mrss_mb[0m[2m=[0m234 [3mhwm_mb[0m[2m=[0m248
[2m2026-09-15T07:00:23.642947Z[0m [32m INFO[0m [2mmidnight_bench[0m[2m:[0m [3mstage[0m[2m=[0m"trace.lookups_permuted.end" [3mrss_mb[0m[2m=[0m240 [3mhwm_mb[0m[2m=[0m248
[2m2026-09-15T07:00:23.642974Z[0m [32m INFO[0m [2mmidnight_bench[0m[2m:[0m [3mstage[0m[2m=[0m"trace.permutations_commit.start" [3mrss_mb[0m[2m=[0m240 [3mhwm_mb[0m[2m=[0m248
[2m2026-09-15T07:00:23.718101Z[0m [32m INFO[0m [2mmidnight_bench[0m[2m:[0m [3mstage[0m[2m=[0m"trace.permutations_commit.end" [3mrss_mb[0m[2m=[0m247 [3mhwm_mb[0m[2m=[0m248
[2m2026-09-15T07:00:23.718125Z[0m [32m INFO[0m [2mmidnight_bench[0m[2m:[0m [3mstage[0m[2m=[0m"trace.lookups_product.start" [3mrss_mb[0m[2m=[0m247 [3mhwm_mb[0m[2m=[0m248
[2m2026-09-15T07:00:23.769742Z[0m [32m INFO[0m [2mmidnight_bench[0m[2m:[0m [3mstage[0m[2m=[0m"trace.lookups_product.end" [3mrss_mb[0m[2m=[0m247 [3mhwm_mb[0m[2m=[0m248
[2m2026-09-15T07:00:23.798050Z[0m [32m INFO[0m [2mmidnight_bench[0m[2m:[0m [3mstage[0m[2m=[0m"create_proof.compute_trace.end" [3mrss_mb[0m[2m=[0m248 [3mhwm_mb[0m[2m=[0m248
[2m2026-09-15T07:00:23.798076Z[0m [32m INFO[0m [2mmidnight_bench[0m[2m:[0m [3mstage[0m[2m=[0m"create_proof.finalise_proof.start" [3mrss_mb[0m[2m=[0m248 [3mhwm_mb[0m[2m=[0m248
[2m2026-09-15T07:00:23.798085Z[0m [32m INFO[0m [2mmidnight_bench[0m[2m:[0m [3mstage[0m[2m=[0m"finalise.compute_h_poly.start" [3mrss_mb[0m[2m=[0m248 [3mhwm_mb[0m[2m=[0m248
[2m2026-09-15T07:00:23.944045Z[0m [32m INFO[0m [2mmidnight_bench[0m[2m:[0m [3mstage[0m[2m=[0m"finalise.compute_h_poly.drop_cosets.end" [3mrss_mb[0m[2m=[0m248 [3mhwm_mb[0m[2m=[0m248
[2m2026-09-15T07:00:23.944073Z[0m [32m INFO[0m [2mmidnight_bench[0m[2m:[0m [3mstage[0m[2m=[0m"finalise.compute_h_poly.end" [3mrss_mb[0m[2m=[0m248 [3mhwm_mb[0m[2m=[0m248
[2m2026-09-15T07:00:23.944081Z[0m [32m INFO[0m [2mmidnight_bench[0m[2m:[0m [3mstage[0m[2m=[0m"finalise.vanishing_construct.start" [3mrss_mb[0m[2m=[0m248 [3mhwm_mb[0m[2m=[0m248
[2m2026-09-15T07:00:24.036365Z[0m [32m INFO[0m [2mmidnight_bench[0m[2m:[0m [3mstage[0m[2m=[0m"finalise.vanishing_construct.end" [3mrss_mb[0m[2m=[0m248 [3mhwm_mb[0m[2m=[0m248
[2m2026-09-15T07:00:24.066353Z[0m [32m INFO[0m [2mmidnight_bench[0m[2m:[0m [3mstage[0m[2m=[0m"finalise.compute_queries.start" [3mrss_mb[0m[2m=[0m248 [3mhwm_mb[0m[2m=[0m248
[2m2026-09-15T07:00:24.066449Z[0m [32m INFO[0m [2mmidnight_bench[0m[2m:[0m [3mstage[0m[2m=[0m"finalise.multi_open.start" [3mrss_mb[0m[2m=[0m248 [3mhwm_mb[0m[2m=[0m248
[2m2026-09-15T07:00:24.156323Z[0m [32m INFO[0m [2mmidnight_bench[0m[2m:[0m [3mstage[0m[2m=[0m"finalise.multi_open.end" [3mrss_mb[0m[2m=[0m248 [3mhwm_mb[0m[2m=[0m248
[2m2026-09-15T07:00:24.157085Z[0m [32m INFO[0m [2mmidnight_bench[0m[2m:[0m [3mstage[0m[2m=[0m"create_proof.finalise_proof.end" [3mrss_mb[0m[2m=[0m222 [3mhwm_mb[0m[2m=[0m248
[2m2026-09-15T07:00:24.173009Z[0m [32m INFO[0m [2mactix_web::middleware::logger[0m[2m:[0m 192.168.65.1 POST /prove HTTP/1.1; took 0.667270s
[2m2026-09-15T07:00:24.174696Z[0m [32m INFO[0m [2mmidnight_proof_server::endpoints[0m[2m:[0m Starting to process request for /prove...
[2m2026-09-15T07:00:24.249229Z[0m [32m INFO[0m [2mmidnight_bench[0m[2m:[0m [3mstage[0m[2m=[0m"create_proof.compute_trace.start" [3mrss_mb[0m[2m=[0m240 [3mhwm_mb[0m[2m=[0m248
[2m2026-09-15T07:00:24.249264Z[0m [32m INFO[0m [2mmidnight_bench[0m[2m:[0m [3mstage[0m[2m=[0m"trace.compute_instances.start" [3mrss_mb[0m[2m=[0m240 [3mhwm_mb[0m[2m=[0m248
[2m2026-09-15T07:00:24.256385Z[0m [32m INFO[0m [2mmidnight_bench[0m[2m:[0m [3mstage[0m[2m=[0m"trace.compute_instances.end" [3mrss_mb[0m[2m=[0m240 [3mhwm_mb[0m[2m=[0m248
[2m2026-09-15T07:00:24.256406Z[0m [32m INFO[0m [2mmidnight_bench[0m[2m:[0m [3mstage[0m[2m=[0m"trace.parse_advices.start" [3mrss_mb[0m[2m=[0m240 [3mhwm_mb[0m[2m=[0m248
[2m2026-09-15T07:00:24.262524Z[0m [32m INFO[0m [2mmidnight_bench[0m[2m:[0m [3mstage[0m[2m=[0m"trace.parse_advices.end" [3mrss_mb[0m[2m=[0m249 [3mhwm_mb[0m[2m=[0m249
[2m2026-09-15T07:00:24.262551Z[0m [32m INFO[0m [2mmidnight_bench[0m[2m:[0m [3mstage[0m[2m=[0m"trace.lookups_permuted.start" [3mrss_mb[0m[2m=[0m249 [3mhwm_mb[0m[2m=[0m249
[2m2026-09-15T07:00:24.308098Z[0m [32m INFO[0m [2mmidnight_bench[0m[2m:[0m [3mstage[0m[2m=[0m"trace.lookups_permuted.end" [3mrss_mb[0m[2m=[0m254 [3mhwm_mb[0m[2m=[0m254
[2m2026-09-15T07:00:24.308127Z[0m [32m INFO[0m [2mmidnight_bench[0m[2m:[0m [3mstage[0m[2m=[0m"trace.permutations_commit.start" [3mrss_mb[0m[2m=[0m254 [3mhwm_mb[0m[2m=[0m254
[2m2026-09-15T07:00:24.376599Z[0m [32m INFO[0m [2mmidnight_bench[0m[2m:[0m [3mstage[0m[2m=[0m"trace.permutations_commit.end" [3mrss_mb[0m[2m=[0m261 [3mhwm_mb[0m[2m=[0m261
[2m2026-09-15T07:00:24.376626Z[0m [32m INFO[0m [2mmidnight_bench[0m[2m:[0m [3mstage[0m[2m=[0m"trace.lookups_product.start" [3mrss_mb[0m[2m=[0m261 [3mhwm_mb[0m[2m=[0m261
[2m2026-09-15T07:00:24.429262Z[0m [32m INFO[0m [2mmidnight_bench[0m[2m:[0m [3mstage[0m[2m=[0m"trace.lookups_product.end" [3mrss_mb[0m[2m=[0m261 [3mhwm_mb[0m[2m=[0m261
[2m2026-09-15T07:00:24.453525Z[0m [32m INFO[0m [2mmidnight_bench[0m[2m:[0m [3mstage[0m[2m=[0m"create_proof.compute_trace.end" [3mrss_mb[0m[2m=[0m262 [3mhwm_mb[0m[2m=[0m262
[2m2026-09-15T07:00:24.453551Z[0m [32m INFO[0m [2mmidnight_bench[0m[2m:[0m [3mstage[0m[2m=[0m"create_proof.finalise_proof.start" [3mrss_mb[0m[2m=[0m262 [3mhwm_mb[0m[2m=[0m262
[2m2026-09-15T07:00:24.453560Z[0m [32m INFO[0m [2mmidnight_bench[0m[2m:[0m [3mstage[0m[2m=[0m"finalise.compute_h_poly.start" [3mrss_mb[0m[2m=[0m262 [3mhwm_mb[0m[2m=[0m262
[2m2026-09-15T07:00:24.600277Z[0m [32m INFO[0m [2mmidnight_bench[0m[2m:[0m [3mstage[0m[2m=[0m"finalise.compute_h_poly.drop_cosets.end" [3mrss_mb[0m[2m=[0m262 [3mhwm_mb[0m[2m=[0m262
[2m2026-09-15T07:00:24.600302Z[0m [32m INFO[0m [2mmidnight_bench[0m[2m:[0m [3mstage[0m[2m=[0m"finalise.compute_h_poly.end" [3mrss_mb[0m[2m=[0m262 [3mhwm_mb[0m[2m=[0m262
[2m2026-09-15T07:00:24.600309Z[0m [32m INFO[0m [2mmidnight_bench[0m[2m:[0m [3mstage[0m[2m=[0m"finalise.vanishing_construct.start" [3mrss_mb[0m[2m=[0m262 [3mhwm_mb[0m[2m=[0m262
[2m2026-09-15T07:00:24.696954Z[0m [32m INFO[0m [2mmidnight_bench[0m[2m:[0m [3mstage[0m[2m=[0m"finalise.vanishing_construct.end" [3mrss_mb[0m[2m=[0m262 [3mhwm_mb[0m[2m=[0m262
[2m2026-09-15T07:00:24.726016Z[0m [32m INFO[0m [2mmidnight_bench[0m[2m:[0m [3mstage[0m[2m=[0m"finalise.compute_queries.start" [3mrss_mb[0m[2m=[0m262 [3mhwm_mb[0m[2m=[0m262
[2m2026-09-15T07:00:24.726109Z[0m [32m INFO[0m [2mmidnight_bench[0m[2m:[0m [3mstage[0m[2m=[0m"finalise.multi_open.start" [3mrss_mb[0m[2m=[0m262 [3mhwm_mb[0m[2m=[0m262
[2m2026-09-15T07:00:24.823514Z[0m [32m INFO[0m [2mmidnight_bench[0m[2m:[0m [3mstage[0m[2m=[0m"finalise.multi_open.end" [3mrss_mb[0m[2m=[0m262 [3mhwm_mb[0m[2m=[0m262
[2m2026-09-15T07:00:24.824400Z[0m [32m INFO[0m [2mmidnight_bench[0m[2m:[0m [3mstage[0m[2m=[0m"create_proof.finalise_proof.end" [3mrss_mb[0m[2m=[0m237 [3mhwm_mb[0m[2m=[0m261
[2m2026-09-15T07:00:24.841453Z[0m [32m INFO[0m [2mactix_web::middleware::logger[0m[2m:[0m 192.168.65.1 POST /prove HTTP/1.1; took 0.666775s
[2m2026-09-15T07:00:24.843253Z[0m [32m INFO[0m [2mmidnight_proof_server::endpoints[0m[2m:[0m Starting to process request for /prove...
[2m2026-09-15T07:00:24.916748Z[0m [32m INFO[0m [2mmidnight_bench[0m[2m:[0m [3mstage[0m[2m=[0m"create_proof.compute_trace.start" [3mrss_mb[0m[2m=[0m238 [3mhwm_mb[0m[2m=[0m261
[2m2026-09-15T07:00:24.916775Z[0m [32m INFO[0m [2mmidnight_bench[0m[2m:[0m [3mstage[0m[2m=[0m"trace.compute_instances.start" [3mrss_mb[0m[2m=[0m238 [3mhwm_mb[0m[2m=[0m261
[2m2026-09-15T07:00:24.921856Z[0m [32m INFO[0m [2mmidnight_bench[0m[2m:[0m [3mstage[0m[2m=[0m"trace.compute_instances.end" [3mrss_mb[0m[2m=[0m238 [3mhwm_mb[0m[2m=[0m261
[2m2026-09-15T07:00:24.921875Z[0m [32m INFO[0m [2mmidnight_bench[0m[2m:[0m [3mstage[0m[2m=[0m"trace.parse_advices.start" [3mrss_mb[0m[2m=[0m238 [3mhwm_mb[0m[2m=[0m261
[2m2026-09-15T07:00:24.928436Z[0m [32m INFO[0m [2mmidnight_bench[0m[2m:[0m [3mstage[0m[2m=[0m"trace.parse_advices.end" [3mrss_mb[0m[2m=[0m247 [3mhwm_mb[0m[2m=[0m261
[2m2026-09-15T07:00:24.928459Z[0m [32m INFO[0m [2mmidnight_bench[0m[2m:[0m [3mstage[0m[2m=[0m"trace.lookups_permuted.start" [3mrss_mb[0m[2m=[0m247 [3mhwm_mb[0m[2m=[0m261
[2m2026-09-15T07:00:24.973056Z[0m [32m INFO[0m [2mmidnight_bench[0m[2m:[0m [3mstage[0m[2m=[0m"trace.lookups_permuted.end" [3mrss_mb[0m[2m=[0m252 [3mhwm_mb[0m[2m=[0m261
[2m2026-09-15T07:00:24.973080Z[0m [32m INFO[0m [2mmidnight_bench[0m[2m:[0m [3mstage[0m[2m=[0m"trace.permutations_commit.start" [3mrss_mb[0m[2m=[0m252 [3mhwm_mb[0m[2m=[0m261
[2m2026-09-15T07:00:25.042604Z[0m [32m INFO[0m [2mmidnight_bench[0m[2m:[0m [3mstage[0m[2m=[0m"trace.permutations_commit.end" [3mrss_mb[0m[2m=[0m259 [3mhwm_mb[0m[2m=[0m261
[2m2026-09-15T07:00:25.042629Z[0m [32m INFO[0m [2mmidnight_bench[0m[2m:[0m [3mstage[0m[2m=[0m"trace.lookups_product.start" [3mrss_mb[0m[2m=[0m259 [3mhwm_mb[0m[2m=[0m261
[2m2026-09-15T07:00:25.092567Z[0m [32m INFO[0m [2mmidnight_bench[0m[2m:[0m [3mstage[0m[2m=[0m"trace.lookups_product.end" [3mrss_mb[0m[2m=[0m259 [3mhwm_mb[0m[2m=[0m261
[2m2026-09-15T07:00:25.118121Z[0m [32m INFO[0m [2mmidnight_bench[0m[2m:[0m [3mstage[0m[2m=[0m"create_proof.compute_trace.end" [3mrss_mb[0m[2m=[0m260 [3mhwm_mb[0m[2m=[0m261
[2m2026-09-15T07:00:25.118139Z[0m [32m INFO[0m [2mmidnight_bench[0m[2m:[0m [3mstage[0m[2m=[0m"create_proof.finalise_proof.start" [3mrss_mb[0m[2m=[0m260 [3mhwm_mb[0m[2m=[0m261
[2m2026-09-15T07:00:25.118147Z[0m [32m INFO[0m [2mmidnight_bench[0m[2m:[0m [3mstage[0m[2m=[0m"finalise.compute_h_poly.start" [3mrss_mb[0m[2m=[0m260 [3mhwm_mb[0m[2m=[0m261
[2m2026-09-15T07:00:25.261635Z[0m [32m INFO[0m [2mmidnight_bench[0m[2m:[0m [3mstage[0m[2m=[0m"finalise.compute_h_poly.drop_cosets.end" [3mrss_mb[0m[2m=[0m260 [3mhwm_mb[0m[2m=[0m261
[2m2026-09-15T07:00:25.261663Z[0m [32m INFO[0m [2mmidnight_bench[0m[2m:[0m [3mstage[0m[2m=[0m"finalise.compute_h_poly.end" [3mrss_mb[0m[2m=[0m260 [3mhwm_mb[0m[2m=[0m261
[2m2026-09-15T07:00:25.261670Z[0m [32m INFO[0m [2mmidnight_bench[0m[2m:[0m [3mstage[0m[2m=[0m"finalise.vanishing_construct.start" [3mrss_mb[0m[2m=[0m260 [3mhwm_mb[0m[2m=[0m261
[2m2026-09-15T07:00:25.349550Z[0m [32m INFO[0m [2mmidnight_bench[0m[2m:[0m [3mstage[0m[2m=[0m"finalise.vanishing_construct.end" [3mrss_mb[0m[2m=[0m260 [3mhwm_mb[0m[2m=[0m261
[2m2026-09-15T07:00:25.377742Z[0m [32m INFO[0m [2mmidnight_bench[0m[2m:[0m [3mstage[0m[2m=[0m"finalise.compute_queries.start" [3mrss_mb[0m[2m=[0m260 [3mhwm_mb[0m[2m=[0m261
[2m2026-09-15T07:00:25.377838Z[0m [32m INFO[0m [2mmidnight_bench[0m[2m:[0m [3mstage[0m[2m=[0m"finalise.multi_open.start" [3mrss_mb[0m[2m=[0m260 [3mhwm_mb[0m[2m=[0m261
[2m2026-09-15T07:00:25.471686Z[0m [32m INFO[0m [2mmidnight_bench[0m[2m:[0m [3mstage[0m[2m=[0m"finalise.multi_open.end" [3mrss_mb[0m[2m=[0m260 [3mhwm_mb[0m[2m=[0m261
[2m2026-09-15T07:00:25.472468Z[0m [32m INFO[0m [2mmidnight_bench[0m[2m:[0m [3mstage[0m[2m=[0m"create_proof.finalise_proof.end" [3mrss_mb[0m[2m=[0m234 [3mhwm_mb[0m[2m=[0m261
[2m2026-09-15T07:00:25.488065Z[0m [32m INFO[0m [2mactix_web::middleware::logger[0m[2m:[0m 192.168.65.1 POST /prove HTTP/1.1; took 0.644832s
[2m2026-09-15T07:00:25.490037Z[0m [32m INFO[0m [2mmidnight_proof_server::endpoints[0m[2m:[0m Starting to process request for /prove...
[2m2026-09-15T07:00:25.565897Z[0m [32m INFO[0m [2mmidnight_bench[0m[2m:[0m [3mstage[0m[2m=[0m"create_proof.compute_trace.start" [3mrss_mb[0m[2m=[0m252 [3mhwm_mb[0m[2m=[0m261
[2m2026-09-15T07:00:25.565930Z[0m [32m INFO[0m [2mmidnight_bench[0m[2m:[0m [3mstage[0m[2m=[0m"trace.compute_instances.start" [3mrss_mb[0m[2m=[0m252 [3mhwm_mb[0m[2m=[0m261
[2m2026-09-15T07:00:25.570952Z[0m [32m INFO[0m [2mmidnight_bench[0m[2m:[0m [3mstage[0m[2m=[0m"trace.compute_instances.end" [3mrss_mb[0m[2m=[0m252 [3mhwm_mb[0m[2m=[0m261
[2m2026-09-15T07:00:25.570979Z[0m [32m INFO[0m [2mmidnight_bench[0m[2m:[0m [3mstage[0m[2m=[0m"trace.parse_advices.start" [3mrss_mb[0m[2m=[0m252 [3mhwm_mb[0m[2m=[0m261
[2m2026-09-15T07:00:25.577409Z[0m [32m INFO[0m [2mmidnight_bench[0m[2m:[0m [3mstage[0m[2m=[0m"trace.parse_advices.end" [3mrss_mb[0m[2m=[0m260 [3mhwm_mb[0m[2m=[0m261
[2m2026-09-15T07:00:25.577432Z[0m [32m INFO[0m [2mmidnight_bench[0m[2m:[0m [3mstage[0m[2m=[0m"trace.lookups_permuted.start" [3mrss_mb[0m[2m=[0m260 [3mhwm_mb[0m[2m=[0m261
[2m2026-09-15T07:00:25.624296Z[0m [32m INFO[0m [2mmidnight_bench[0m[2m:[0m [3mstage[0m[2m=[0m"trace.lookups_permuted.end" [3mrss_mb[0m[2m=[0m265 [3mhwm_mb[0m[2m=[0m265
[2m2026-09-15T07:00:25.624326Z[0m [32m INFO[0m [2mmidnight_bench[0m[2m:[0m [3mstage[0m[2m=[0m"trace.permutations_commit.start" [3mrss_mb[0m[2m=[0m265 [3mhwm_mb[0m[2m=[0m265
[2m2026-09-15T07:00:25.693514Z[0m [32m INFO[0m [2mmidnight_bench[0m[2m:[0m [3mstage[0m[2m=[0m"trace.permutations_commit.end" [3mrss_mb[0m[2m=[0m272 [3mhwm_mb[0m[2m=[0m272
[2m2026-09-15T07:00:25.693538Z[0m [32m INFO[0m [2mmidnight_bench[0m[2m:[0m [3mstage[0m[2m=[0m"trace.lookups_product.start" [3mrss_mb[0m[2m=[0m272 [3mhwm_mb[0m[2m=[0m272
[2m2026-09-15T07:00:25.745827Z[0m [32m INFO[0m [2mmidnight_bench[0m[2m:[0m [3mstage[0m[2m=[0m"trace.lookups_product.end" [3mrss_mb[0m[2m=[0m272 [3mhwm_mb[0m[2m=[0m272
[2m2026-09-15T07:00:25.770250Z[0m [32m INFO[0m [2mmidnight_bench[0m[2m:[0m [3mstage[0m[2m=[0m"create_proof.compute_trace.end" [3mrss_mb[0m[2m=[0m273 [3mhwm_mb[0m[2m=[0m273
[2m2026-09-15T07:00:25.770283Z[0m [32m INFO[0m [2mmidnight_bench[0m[2m:[0m [3mstage[0m[2m=[0m"create_proof.finalise_proof.start" [3mrss_mb[0m[2m=[0m273 [3mhwm_mb[0m[2m=[0m273
[2m2026-09-15T07:00:25.770294Z[0m [32m INFO[0m [2mmidnight_bench[0m[2m:[0m [3mstage[0m[2m=[0m"finalise.compute_h_poly.start" [3mrss_mb[0m[2m=[0m273 [3mhwm_mb[0m[2m=[0m273
[2m2026-09-15T07:00:25.915056Z[0m [32m INFO[0m [2mmidnight_bench[0m[2m:[0m [3mstage[0m[2m=[0m"finalise.compute_h_poly.drop_cosets.end" [3mrss_mb[0m[2m=[0m273 [3mhwm_mb[0m[2m=[0m273
[2m2026-09-15T07:00:25.915086Z[0m [32m INFO[0m [2mmidnight_bench[0m[2m:[0m [3mstage[0m[2m=[0m"finalise.compute_h_poly.end" [3mrss_mb[0m[2m=[0m273 [3mhwm_mb[0m[2m=[0m273
[2m2026-09-15T07:00:25.915094Z[0m [32m INFO[0m [2mmidnight_bench[0m[2m:[0m [3mstage[0m[2m=[0m"finalise.vanishing_construct.start" [3mrss_mb[0m[2m=[0m273 [3mhwm_mb[0m[2m=[0m273
[2m2026-09-15T07:00:26.013384Z[0m [32m INFO[0m [2mmidnight_bench[0m[2m:[0m [3mstage[0m[2m=[0m"finalise.vanishing_construct.end" [3mrss_mb[0m[2m=[0m273 [3mhwm_mb[0m[2m=[0m273
[2m2026-09-15T07:00:26.044908Z[0m [32m INFO[0m [2mmidnight_bench[0m[2m:[0m [3mstage[0m[2m=[0m"finalise.compute_queries.start" [3mrss_mb[0m[2m=[0m273 [3mhwm_mb[0m[2m=[0m273
[2m2026-09-15T07:00:26.044997Z[0m [32m INFO[0m [2mmidnight_bench[0m[2m:[0m [3mstage[0m[2m=[0m"finalise.multi_open.start" [3mrss_mb[0m[2m=[0m273 [3mhwm_mb[0m[2m=[0m273
[2m2026-09-15T07:00:26.142596Z[0m [32m INFO[0m [2mmidnight_bench[0m[2m:[0m [3mstage[0m[2m=[0m"finalise.multi_open.end" [3mrss_mb[0m[2m=[0m273 [3mhwm_mb[0m[2m=[0m273
[2m2026-09-15T07:00:26.143384Z[0m [32m INFO[0m [2mmidnight_bench[0m[2m:[0m [3mstage[0m[2m=[0m"create_proof.finalise_proof.end" [3mrss_mb[0m[2m=[0m248 [3mhwm_mb[0m[2m=[0m272
[2m2026-09-15T07:00:26.158983Z[0m [32m INFO[0m [2mactix_web::middleware::logger[0m[2m:[0m 192.168.65.1 POST /prove HTTP/1.1; took 0.668965s
[2m2026-09-15T07:00:26.161274Z[0m [32m INFO[0m [2mmidnight_proof_server::endpoints[0m[2m:[0m Starting to process request for /prove...
[2m2026-09-15T07:00:26.232972Z[0m [32m INFO[0m [2mmidnight_bench[0m[2m:[0m [3mstage[0m[2m=[0m"create_proof.compute_trace.start" [3mrss_mb[0m[2m=[0m262 [3mhwm_mb[0m[2m=[0m272
[2m2026-09-15T07:00:26.233004Z[0m [32m INFO[0m [2mmidnight_bench[0m[2m:[0m [3mstage[0m[2m=[0m"trace.compute_instances.start" [3mrss_mb[0m[2m=[0m262 [3mhwm_mb[0m[2m=[0m272
[2m2026-09-15T07:00:26.238440Z[0m [32m INFO[0m [2mmidnight_bench[0m[2m:[0m [3mstage[0m[2m=[0m"trace.compute_instances.end" [3mrss_mb[0m[2m=[0m262 [3mhwm_mb[0m[2m=[0m272
[2m2026-09-15T07:00:26.238462Z[0m [32m INFO[0m [2mmidnight_bench[0m[2m:[0m [3mstage[0m[2m=[0m"trace.parse_advices.start" [3mrss_mb[0m[2m=[0m262 [3mhwm_mb[0m[2m=[0m272
[2m2026-09-15T07:00:26.244656Z[0m [32m INFO[0m [2mmidnight_bench[0m[2m:[0m [3mstage[0m[2m=[0m"trace.parse_advices.end" [3mrss_mb[0m[2m=[0m270 [3mhwm_mb[0m[2m=[0m272
[2m2026-09-15T07:00:26.244681Z[0m [32m INFO[0m [2mmidnight_bench[0m[2m:[0m [3mstage[0m[2m=[0m"trace.lookups_permuted.start" [3mrss_mb[0m[2m=[0m270 [3mhwm_mb[0m[2m=[0m272
[2m2026-09-15T07:00:26.293439Z[0m [32m INFO[0m [2mmidnight_bench[0m[2m:[0m [3mstage[0m[2m=[0m"trace.lookups_permuted.end" [3mrss_mb[0m[2m=[0m275 [3mhwm_mb[0m[2m=[0m275
[2m2026-09-15T07:00:26.293465Z[0m [32m INFO[0m [2mmidnight_bench[0m[2m:[0m [3mstage[0m[2m=[0m"trace.permutations_commit.start" [3mrss_mb[0m[2m=[0m275 [3mhwm_mb[0m[2m=[0m275
[2m2026-09-15T07:00:26.360464Z[0m [32m INFO[0m [2mmidnight_bench[0m[2m:[0m [3mstage[0m[2m=[0m"trace.permutations_commit.end" [3mrss_mb[0m[2m=[0m282 [3mhwm_mb[0m[2m=[0m282
[2m2026-09-15T07:00:26.360492Z[0m [32m INFO[0m [2mmidnight_bench[0m[2m:[0m [3mstage[0m[2m=[0m"trace.lookups_product.start" [3mrss_mb[0m[2m=[0m282 [3mhwm_mb[0m[2m=[0m282
[2m2026-09-15T07:00:26.411203Z[0m [32m INFO[0m [2mmidnight_bench[0m[2m:[0m [3mstage[0m[2m=[0m"trace.lookups_product.end" [3mrss_mb[0m[2m=[0m282 [3mhwm_mb[0m[2m=[0m282
[2m2026-09-15T07:00:26.439693Z[0m [32m INFO[0m [2mmidnight_bench[0m[2m:[0m [3mstage[0m[2m=[0m"create_proof.compute_trace.end" [3mrss_mb[0m[2m=[0m283 [3mhwm_mb[0m[2m=[0m283
[2m2026-09-15T07:00:26.439727Z[0m [32m INFO[0m [2mmidnight_bench[0m[2m:[0m [3mstage[0m[2m=[0m"create_proof.finalise_proof.start" [3mrss_mb[0m[2m=[0m283 [3mhwm_mb[0m[2m=[0m283
[2m2026-09-15T07:00:26.439736Z[0m [32m INFO[0m [2mmidnight_bench[0m[2m:[0m [3mstage[0m[2m=[0m"finalise.compute_h_poly.start" [3mrss_mb[0m[2m=[0m283 [3mhwm_mb[0m[2m=[0m283
[2m2026-09-15T07:00:26.586137Z[0m [32m INFO[0m [2mmidnight_bench[0m[2m:[0m [3mstage[0m[2m=[0m"finalise.compute_h_poly.drop_cosets.end" [3mrss_mb[0m[2m=[0m283 [3mhwm_mb[0m[2m=[0m283
[2m2026-09-15T07:00:26.586162Z[0m [32m INFO[0m [2mmidnight_bench[0m[2m:[0m [3mstage[0m[2m=[0m"finalise.compute_h_poly.end" [3mrss_mb[0m[2m=[0m283 [3mhwm_mb[0m[2m=[0m283
[2m2026-09-15T07:00:26.586169Z[0m [32m INFO[0m [2mmidnight_bench[0m[2m:[0m [3mstage[0m[2m=[0m"finalise.vanishing_construct.start" [3mrss_mb[0m[2m=[0m283 [3mhwm_mb[0m[2m=[0m283
[2m2026-09-15T07:00:26.684898Z[0m [32m INFO[0m [2mmidnight_bench[0m[2m:[0m [3mstage[0m[2m=[0m"finalise.vanishing_construct.end" [3mrss_mb[0m[2m=[0m283 [3mhwm_mb[0m[2m=[0m283
[2m2026-09-15T07:00:26.717198Z[0m [32m INFO[0m [2mmidnight_bench[0m[2m:[0m [3mstage[0m[2m=[0m"finalise.compute_queries.start" [3mrss_mb[0m[2m=[0m283 [3mhwm_mb[0m[2m=[0m283
[2m2026-09-15T07:00:26.717287Z[0m [32m INFO[0m [2mmidnight_bench[0m[2m:[0m [3mstage[0m[2m=[0m"finalise.multi_open.start" [3mrss_mb[0m[2m=[0m283 [3mhwm_mb[0m[2m=[0m283
[2m2026-09-15T07:00:26.811056Z[0m [32m INFO[0m [2mmidnight_bench[0m[2m:[0m [3mstage[0m[2m=[0m"finalise.multi_open.end" [3mrss_mb[0m[2m=[0m283 [3mhwm_mb[0m[2m=[0m283
[2m2026-09-15T07:00:26.811888Z[0m [32m INFO[0m [2mmidnight_bench[0m[2m:[0m [3mstage[0m[2m=[0m"create_proof.finalise_proof.end" [3mrss_mb[0m[2m=[0m258 [3mhwm_mb[0m[2m=[0m282
[2m2026-09-15T07:00:26.827673Z[0m [32m INFO[0m [2mactix_web::middleware::logger[0m[2m:[0m 192.168.65.1 POST /prove HTTP/1.1; took 0.666423s
[2m2026-09-15T07:00:26.829022Z[0m [32m INFO[0m [2mmidnight_proof_server::endpoints[0m[2m:[0m Starting to process request for /prove...
[2m2026-09-15T07:00:26.897540Z[0m [32m INFO[0m [2mmidnight_bench[0m[2m:[0m [3mstage[0m[2m=[0m"create_proof.compute_trace.start" [3mrss_mb[0m[2m=[0m264 [3mhwm_mb[0m[2m=[0m282
[2m2026-09-15T07:00:26.897570Z[0m [32m INFO[0m [2mmidnight_bench[0m[2m:[0m [3mstage[0m[2m=[0m"trace.compute_instances.start" [3mrss_mb[0m[2m=[0m264 [3mhwm_mb[0m[2m=[0m282
[2m2026-09-15T07:00:26.902810Z[0m [32m INFO[0m [2mmidnight_bench[0m[2m:[0m [3mstage[0m[2m=[0m"trace.compute_instances.end" [3mrss_mb[0m[2m=[0m264 [3mhwm_mb[0m[2m=[0m282
[2m2026-09-15T07:00:26.902830Z[0m [32m INFO[0m [2mmidnight_bench[0m[2m:[0m [3mstage[0m[2m=[0m"trace.parse_advices.start" [3mrss_mb[0m[2m=[0m264 [3mhwm_mb[0m[2m=[0m282
[2m2026-09-15T07:00:26.916304Z[0m [32m INFO[0m [2mmidnight_bench[0m[2m:[0m [3mstage[0m[2m=[0m"trace.parse_advices.end" [3mrss_mb[0m[2m=[0m273 [3mhwm_mb[0m[2m=[0m282
[2m2026-09-15T07:00:26.916332Z[0m [32m INFO[0m [2mmidnight_bench[0m[2m:[0m [3mstage[0m[2m=[0m"trace.lookups_permuted.start" [3mrss_mb[0m[2m=[0m273 [3mhwm_mb[0m[2m=[0m282
[2m2026-09-15T07:00:26.964017Z[0m [32m INFO[0m [2mmidnight_bench[0m[2m:[0m [3mstage[0m[2m=[0m"trace.lookups_permuted.end" [3mrss_mb[0m[2m=[0m278 [3mhwm_mb[0m[2m=[0m282
[2m2026-09-15T07:00:26.964047Z[0m [32m INFO[0m [2mmidnight_bench[0m[2m:[0m [3mstage[0m[2m=[0m"trace.permutations_commit.start" [3mrss_mb[0m[2m=[0m278 [3mhwm_mb[0m[2m=[0m282
[2m2026-09-15T07:00:27.031665Z[0m [32m INFO[0m [2mmidnight_bench[0m[2m:[0m [3mstage[0m[2m=[0m"trace.permutations_commit.end" [3mrss_mb[0m[2m=[0m285 [3mhwm_mb[0m[2m=[0m285
[2m2026-09-15T07:00:27.031689Z[0m [32m INFO[0m [2mmidnight_bench[0m[2m:[0m [3mstage[0m[2m=[0m"trace.lookups_product.start" [3mrss_mb[0m[2m=[0m285 [3mhwm_mb[0m[2m=[0m285
[2m2026-09-15T07:00:27.081677Z[0m [32m INFO[0m [2mmidnight_bench[0m[2m:[0m [3mstage[0m[2m=[0m"trace.lookups_product.end" [3mrss_mb[0m[2m=[0m285 [3mhwm_mb[0m[2m=[0m285
[2m2026-09-15T07:00:27.105846Z[0m [32m INFO[0m [2mmidnight_bench[0m[2m:[0m [3mstage[0m[2m=[0m"create_proof.compute_trace.end" [3mrss_mb[0m[2m=[0m286 [3mhwm_mb[0m[2m=[0m286
[2m2026-09-15T07:00:27.105869Z[0m [32m INFO[0m [2mmidnight_bench[0m[2m:[0m [3mstage[0m[2m=[0m"create_proof.finalise_proof.start" [3mrss_mb[0m[2m=[0m286 [3mhwm_mb[0m[2m=[0m286
[2m2026-09-15T07:00:27.105877Z[0m [32m INFO[0m [2mmidnight_bench[0m[2m:[0m [3mstage[0m[2m=[0m"finalise.compute_h_poly.start" [3mrss_mb[0m[2m=[0m286 [3mhwm_mb[0m[2m=[0m286
[2m2026-09-15T07:00:27.246527Z[0m [32m INFO[0m [2mmidnight_bench[0m[2m:[0m [3mstage[0m[2m=[0m"finalise.compute_h_poly.drop_cosets.end" [3mrss_mb[0m[2m=[0m286 [3mhwm_mb[0m[2m=[0m286
[2m2026-09-15T07:00:27.246558Z[0m [32m INFO[0m [2mmidnight_bench[0m[2m:[0m [3mstage[0m[2m=[0m"finalise.compute_h_poly.end" [3mrss_mb[0m[2m=[0m286 [3mhwm_mb[0m[2m=[0m286
[2m2026-09-15T07:00:27.246568Z[0m [32m INFO[0m [2mmidnight_bench[0m[2m:[0m [3mstage[0m[2m=[0m"finalise.vanishing_construct.start" [3mrss_mb[0m[2m=[0m286 [3mhwm_mb[0m[2m=[0m286
[2m2026-09-15T07:00:27.334777Z[0m [32m INFO[0m [2mmidnight_bench[0m[2m:[0m [3mstage[0m[2m=[0m"finalise.vanishing_construct.end" [3mrss_mb[0m[2m=[0m286 [3mhwm_mb[0m[2m=[0m286
[2m2026-09-15T07:00:27.363219Z[0m [32m INFO[0m [2mmidnight_bench[0m[2m:[0m [3mstage[0m[2m=[0m"finalise.compute_queries.start" [3mrss_mb[0m[2m=[0m286 [3mhwm_mb[0m[2m=[0m286
[2m2026-09-15T07:00:27.363314Z[0m [32m INFO[0m [2mmidnight_bench[0m[2m:[0m [3mstage[0m[2m=[0m"finalise.multi_open.start" [3mrss_mb[0m[2m=[0m286 [3mhwm_mb[0m[2m=[0m286
[2m2026-09-15T07:00:27.452450Z[0m [32m INFO[0m [2mmidnight_bench[0m[2m:[0m [3mstage[0m[2m=[0m"finalise.multi_open.end" [3mrss_mb[0m[2m=[0m286 [3mhwm_mb[0m[2m=[0m286
[2m2026-09-15T07:00:27.453241Z[0m [32m INFO[0m [2mmidnight_bench[0m[2m:[0m [3mstage[0m[2m=[0m"create_proof.finalise_proof.end" [3mrss_mb[0m[2m=[0m261 [3mhwm_mb[0m[2m=[0m285
[2m2026-09-15T07:00:27.468684Z[0m [32m INFO[0m [2mactix_web::middleware::logger[0m[2m:[0m 192.168.65.1 POST /prove HTTP/1.1; took 0.639681s
[2m2026-09-15T07:00:27.470027Z[0m [32m INFO[0m [2mmidnight_proof_server::endpoints[0m[2m:[0m Starting to process request for /prove...
[2m2026-09-15T07:00:27.544090Z[0m [32m INFO[0m [2mmidnight_bench[0m[2m:[0m [3mstage[0m[2m=[0m"create_proof.compute_trace.start" [3mrss_mb[0m[2m=[0m280 [3mhwm_mb[0m[2m=[0m285
[2m2026-09-15T07:00:27.544117Z[0m [32m INFO[0m [2mmidnight_bench[0m[2m:[0m [3mstage[0m[2m=[0m"trace.compute_instances.start" [3mrss_mb[0m[2m=[0m280 [3mhwm_mb[0m[2m=[0m285
[2m2026-09-15T07:00:27.549011Z[0m [32m INFO[0m [2mmidnight_bench[0m[2m:[0m [3mstage[0m[2m=[0m"trace.compute_instances.end" [3mrss_mb[0m[2m=[0m280 [3mhwm_mb[0m[2m=[0m285
[2m2026-09-15T07:00:27.549034Z[0m [32m INFO[0m [2mmidnight_bench[0m[2m:[0m [3mstage[0m[2m=[0m"trace.parse_advices.start" [3mrss_mb[0m[2m=[0m280 [3mhwm_mb[0m[2m=[0m285
[2m2026-09-15T07:00:27.555391Z[0m [32m INFO[0m [2mmidnight_bench[0m[2m:[0m [3mstage[0m[2m=[0m"trace.parse_advices.end" [3mrss_mb[0m[2m=[0m288 [3mhwm_mb[0m[2m=[0m288
[2m2026-09-15T07:00:27.555412Z[0m [32m INFO[0m [2mmidnight_bench[0m[2m:[0m [3mstage[0m[2m=[0m"trace.lookups_permuted.start" [3mrss_mb[0m[2m=[0m288 [3mhwm_mb[0m[2m=[0m288
[2m2026-09-15T07:00:27.598440Z[0m [32m INFO[0m [2mmidnight_bench[0m[2m:[0m [3mstage[0m[2m=[0m"trace.lookups_permuted.end" [3mrss_mb[0m[2m=[0m293 [3mhwm_mb[0m[2m=[0m293
[2m2026-09-15T07:00:27.598470Z[0m [32m INFO[0m [2mmidnight_bench[0m[2m:[0m [3mstage[0m[2m=[0m"trace.permutations_commit.start" [3mrss_mb[0m[2m=[0m293 [3mhwm_mb[0m[2m=[0m293
[2m2026-09-15T07:00:27.664890Z[0m [32m INFO[0m [2mmidnight_bench[0m[2m:[0m [3mstage[0m[2m=[0m"trace.permutations_commit.end" [3mrss_mb[0m[2m=[0m300 [3mhwm_mb[0m[2m=[0m300
[2m2026-09-15T07:00:27.664916Z[0m [32m INFO[0m [2mmidnight_bench[0m[2m:[0m [3mstage[0m[2m=[0m"trace.lookups_product.start" [3mrss_mb[0m[2m=[0m300 [3mhwm_mb[0m[2m=[0m300
[2m2026-09-15T07:00:27.716770Z[0m [32m INFO[0m [2mmidnight_bench[0m[2m:[0m [3mstage[0m[2m=[0m"trace.lookups_product.end" [3mrss_mb[0m[2m=[0m300 [3mhwm_mb[0m[2m=[0m300
[2m2026-09-15T07:00:27.741878Z[0m [32m INFO[0m [2mmidnight_bench[0m[2m:[0m [3mstage[0m[2m=[0m"create_proof.compute_trace.end" [3mrss_mb[0m[2m=[0m301 [3mhwm_mb[0m[2m=[0m301
[2m2026-09-15T07:00:27.741899Z[0m [32m INFO[0m [2mmidnight_bench[0m[2m:[0m [3mstage[0m[2m=[0m"create_proof.finalise_proof.start" [3mrss_mb[0m[2m=[0m301 [3mhwm_mb[0m[2m=[0m301
[2m2026-09-15T07:00:27.741908Z[0m [32m INFO[0m [2mmidnight_bench[0m[2m:[0m [3mstage[0m[2m=[0m"finalise.compute_h_poly.start" [3mrss_mb[0m[2m=[0m301 [3mhwm_mb[0m[2m=[0m301
[2m2026-09-15T07:00:27.903817Z[0m [32m INFO[0m [2mmidnight_bench[0m[2m:[0m [3mstage[0m[2m=[0m"finalise.compute_h_poly.drop_cosets.end" [3mrss_mb[0m[2m=[0m301 [3mhwm_mb[0m[2m=[0m301
[2m2026-09-15T07:00:27.903848Z[0m [32m INFO[0m [2mmidnight_bench[0m[2m:[0m [3mstage[0m[2m=[0m"finalise.compute_h_poly.end" [3mrss_mb[0m[2m=[0m301 [3mhwm_mb[0m[2m=[0m301
[2m2026-09-15T07:00:27.903857Z[0m [32m INFO[0m [2mmidnight_bench[0m[2m:[0m [3mstage[0m[2m=[0m"finalise.vanishing_construct.start" [3mrss_mb[0m[2m=[0m301 [3mhwm_mb[0m[2m=[0m301
[2m2026-09-15T07:00:27.994835Z[0m [32m INFO[0m [2mmidnight_bench[0m[2m:[0m [3mstage[0m[2m=[0m"finalise.vanishing_construct.end" [3mrss_mb[0m[2m=[0m301 [3mhwm_mb[0m[2m=[0m301
[2m2026-09-15T07:00:28.023961Z[0m [32m INFO[0m [2mmidnight_bench[0m[2m:[0m [3mstage[0m[2m=[0m"finalise.compute_queries.start" [3mrss_mb[0m[2m=[0m301 [3mhwm_mb[0m[2m=[0m301
[2m2026-09-15T07:00:28.024043Z[0m [32m INFO[0m [2mmidnight_bench[0m[2m:[0m [3mstage[0m[2m=[0m"finalise.multi_open.start" [3mrss_mb[0m[2m=[0m301 [3mhwm_mb[0m[2m=[0m301
[2m2026-09-15T07:00:28.118939Z[0m [32m INFO[0m [2mmidnight_bench[0m[2m:[0m [3mstage[0m[2m=[0m"finalise.multi_open.end" [3mrss_mb[0m[2m=[0m301 [3mhwm_mb[0m[2m=[0m301
[2m2026-09-15T07:00:28.119831Z[0m [32m INFO[0m [2mmidnight_bench[0m[2m:[0m [3mstage[0m[2m=[0m"create_proof.finalise_proof.end" [3mrss_mb[0m[2m=[0m276 [3mhwm_mb[0m[2m=[0m300
[2m2026-09-15T07:00:28.141347Z[0m [32m INFO[0m [2mactix_web::middleware::logger[0m[2m:[0m 192.168.65.1 POST /prove HTTP/1.1; took 0.671337s
[2m2026-09-15T07:00:28.168422Z[0m [32m INFO[0m [2mmidnight_proof_server::endpoints[0m[2m:[0m Starting to process request for /prove...
[2m2026-09-15T07:00:28.238475Z[0m [32m INFO[0m [2mmidnight_bench[0m[2m:[0m [3mstage[0m[2m=[0m"create_proof.compute_trace.start" [3mrss_mb[0m[2m=[0m281 [3mhwm_mb[0m[2m=[0m300
[2m2026-09-15T07:00:28.238508Z[0m [32m INFO[0m [2mmidnight_bench[0m[2m:[0m [3mstage[0m[2m=[0m"trace.compute_instances.start" [3mrss_mb[0m[2m=[0m281 [3mhwm_mb[0m[2m=[0m300
[2m2026-09-15T07:00:28.243232Z[0m [32m INFO[0m [2mmidnight_bench[0m[2m:[0m [3mstage[0m[2m=[0m"trace.compute_instances.end" [3mrss_mb[0m[2m=[0m281 [3mhwm_mb[0m[2m=[0m300
[2m2026-09-15T07:00:28.243254Z[0m [32m INFO[0m [2mmidnight_bench[0m[2m:[0m [3mstage[0m[2m=[0m"trace.parse_advices.start" [3mrss_mb[0m[2m=[0m281 [3mhwm_mb[0m[2m=[0m300
[2m2026-09-15T07:00:28.249653Z[0m [32m INFO[0m [2mmidnight_bench[0m[2m:[0m [3mstage[0m[2m=[0m"trace.parse_advices.end" [3mrss_mb[0m[2m=[0m289 [3mhwm_mb[0m[2m=[0m300
[2m2026-09-15T07:00:28.249675Z[0m [32m INFO[0m [2mmidnight_bench[0m[2m:[0m [3mstage[0m[2m=[0m"trace.lookups_permuted.start" [3mrss_mb[0m[2m=[0m289 [3mhwm_mb[0m[2m=[0m300
[2m2026-09-15T07:00:28.294527Z[0m [32m INFO[0m [2mmidnight_bench[0m[2m:[0m [3mstage[0m[2m=[0m"trace.lookups_permuted.end" [3mrss_mb[0m[2m=[0m295 [3mhwm_mb[0m[2m=[0m300
[2m2026-09-15T07:00:28.294557Z[0m [32m INFO[0m [2mmidnight_bench[0m[2m:[0m [3mstage[0m[2m=[0m"trace.permutations_commit.start" [3mrss_mb[0m[2m=[0m295 [3mhwm_mb[0m[2m=[0m300
[2m2026-09-15T07:00:28.364758Z[0m [32m INFO[0m [2mmidnight_bench[0m[2m:[0m [3mstage[0m[2m=[0m"trace.permutations_commit.end" [3mrss_mb[0m[2m=[0m302 [3mhwm_mb[0m[2m=[0m302
[2m2026-09-15T07:00:28.364786Z[0m [32m INFO[0m [2mmidnight_bench[0m[2m:[0m [3mstage[0m[2m=[0m"trace.lookups_product.start" [3mrss_mb[0m[2m=[0m302 [3mhwm_mb[0m[2m=[0m302
[2m2026-09-15T07:00:28.416473Z[0m [32m INFO[0m [2mmidnight_bench[0m[2m:[0m [3mstage[0m[2m=[0m"trace.lookups_product.end" [3mrss_mb[0m[2m=[0m302 [3mhwm_mb[0m[2m=[0m302
[2m2026-09-15T07:00:28.451930Z[0m [32m INFO[0m [2mmidnight_bench[0m[2m:[0m [3mstage[0m[2m=[0m"create_proof.compute_trace.end" [3mrss_mb[0m[2m=[0m303 [3mhwm_mb[0m[2m=[0m303
[2m2026-09-15T07:00:28.451957Z[0m [32m INFO[0m [2mmidnight_bench[0m[2m:[0m [3mstage[0m[2m=[0m"create_proof.finalise_proof.start" [3mrss_mb[0m[2m=[0m303 [3mhwm_mb[0m[2m=[0m303
[2m2026-09-15T07:00:28.451966Z[0m [32m INFO[0m [2mmidnight_bench[0m[2m:[0m [3mstage[0m[2m=[0m"finalise.compute_h_poly.start" [3mrss_mb[0m[2m=[0m303 [3mhwm_mb[0m[2m=[0m303
[2m2026-09-15T07:00:28.603071Z[0m [32m INFO[0m [2mmidnight_bench[0m[2m:[0m [3mstage[0m[2m=[0m"finalise.compute_h_poly.drop_cosets.end" [3mrss_mb[0m[2m=[0m303 [3mhwm_mb[0m[2m=[0m303
[2m2026-09-15T07:00:28.603096Z[0m [32m INFO[0m [2mmidnight_bench[0m[2m:[0m [3mstage[0m[2m=[0m"finalise.compute_h_poly.end" [3mrss_mb[0m[2m=[0m303 [3mhwm_mb[0m[2m=[0m303
[2m2026-09-15T07:00:28.603104Z[0m [32m INFO[0m [2mmidnight_bench[0m[2m:[0m [3mstage[0m[2m=[0m"finalise.vanishing_construct.start" [3mrss_mb[0m[2m=[0m303 [3mhwm_mb[0m[2m=[0m303
[2m2026-09-15T07:00:28.694543Z[0m [32m INFO[0m [2mmidnight_bench[0m[2m:[0m [3mstage[0m[2m=[0m"finalise.vanishing_construct.end" [3mrss_mb[0m[2m=[0m303 [3mhwm_mb[0m[2m=[0m303
[2m2026-09-15T07:00:28.723458Z[0m [32m INFO[0m [2mmidnight_bench[0m[2m:[0m [3mstage[0m[2m=[0m"finalise.compute_queries.start" [3mrss_mb[0m[2m=[0m303 [3mhwm_mb[0m[2m=[0m303
[2m2026-09-15T07:00:28.723543Z[0m [32m INFO[0m [2mmidnight_bench[0m[2m:[0m [3mstage[0m[2m=[0m"finalise.multi_open.start" [3mrss_mb[0m[2m=[0m303 [3mhwm_mb[0m[2m=[0m303
[2m2026-09-15T07:00:28.818711Z[0m [32m INFO[0m [2mmidnight_bench[0m[2m:[0m [3mstage[0m[2m=[0m"finalise.multi_open.end" [3mrss_mb[0m[2m=[0m303 [3mhwm_mb[0m[2m=[0m303
[2m2026-09-15T07:00:28.820423Z[0m [32m INFO[0m [2mmidnight_bench[0m[2m:[0m [3mstage[0m[2m=[0m"create_proof.finalise_proof.end" [3mrss_mb[0m[2m=[0m277 [3mhwm_mb[0m[2m=[0m302
[2m2026-09-15T07:00:28.840308Z[0m [32m INFO[0m [2mactix_web::middleware::logger[0m[2m:[0m 192.168.65.1 POST /prove HTTP/1.1; took 0.671906s
[2m2026-09-15T07:00:28.842086Z[0m [32m INFO[0m [2mmidnight_proof_server::endpoints[0m[2m:[0m Starting to process request for /prove...
[2m2026-09-15T07:00:28.913402Z[0m [32m INFO[0m [2mmidnight_bench[0m[2m:[0m [3mstage[0m[2m=[0m"create_proof.compute_trace.start" [3mrss_mb[0m[2m=[0m287 [3mhwm_mb[0m[2m=[0m302
[2m2026-09-15T07:00:28.913429Z[0m [32m INFO[0m [2mmidnight_bench[0m[2m:[0m [3mstage[0m[2m=[0m"trace.compute_instances.start" [3mrss_mb[0m[2m=[0m287 [3mhwm_mb[0m[2m=[0m302
[2m2026-09-15T07:00:28.918766Z[0m [32m INFO[0m [2mmidnight_bench[0m[2m:[0m [3mstage[0m[2m=[0m"trace.compute_instances.end" [3mrss_mb[0m[2m=[0m287 [3mhwm_mb[0m[2m=[0m302
[2m2026-09-15T07:00:28.918801Z[0m [32m INFO[0m [2mmidnight_bench[0m[2m:[0m [3mstage[0m[2m=[0m"trace.parse_advices.start" [3mrss_mb[0m[2m=[0m287 [3mhwm_mb[0m[2m=[0m302
[2m2026-09-15T07:00:28.925324Z[0m [32m INFO[0m [2mmidnight_bench[0m[2m:[0m [3mstage[0m[2m=[0m"trace.parse_advices.end" [3mrss_mb[0m[2m=[0m295 [3mhwm_mb[0m[2m=[0m302
[2m2026-09-15T07:00:28.925348Z[0m [32m INFO[0m [2mmidnight_bench[0m[2m:[0m [3mstage[0m[2m=[0m"trace.lookups_permuted.start" [3mrss_mb[0m[2m=[0m295 [3mhwm_mb[0m[2m=[0m302
[2m2026-09-15T07:00:28.970123Z[0m [32m INFO[0m [2mmidnight_bench[0m[2m:[0m [3mstage[0m[2m=[0m"trace.lookups_permuted.end" [3mrss_mb[0m[2m=[0m300 [3mhwm_mb[0m[2m=[0m302
[2m2026-09-15T07:00:28.970159Z[0m [32m INFO[0m [2mmidnight_bench[0m[2m:[0m [3mstage[0m[2m=[0m"trace.permutations_commit.start" [3mrss_mb[0m[2m=[0m300 [3mhwm_mb[0m[2m=[0m302
[2m2026-09-15T07:00:29.037914Z[0m [32m INFO[0m [2mmidnight_bench[0m[2m:[0m [3mstage[0m[2m=[0m"trace.permutations_commit.end" [3mrss_mb[0m[2m=[0m308 [3mhwm_mb[0m[2m=[0m308
[2m2026-09-15T07:00:29.037936Z[0m [32m INFO[0m [2mmidnight_bench[0m[2m:[0m [3mstage[0m[2m=[0m"trace.lookups_product.start" [3mrss_mb[0m[2m=[0m308 [3mhwm_mb[0m[2m=[0m308
[2m2026-09-15T07:00:29.087611Z[0m [32m INFO[0m [2mmidnight_bench[0m[2m:[0m [3mstage[0m[2m=[0m"trace.lookups_product.end" [3mrss_mb[0m[2m=[0m308 [3mhwm_mb[0m[2m=[0m308
[2m2026-09-15T07:00:29.116028Z[0m [32m INFO[0m [2mmidnight_bench[0m[2m:[0m [3mstage[0m[2m=[0m"create_proof.compute_trace.end" [3mrss_mb[0m[2m=[0m308 [3mhwm_mb[0m[2m=[0m308
[2m2026-09-15T07:00:29.116049Z[0m [32m INFO[0m [2mmidnight_bench[0m[2m:[0m [3mstage[0m[2m=[0m"create_proof.finalise_proof.start" [3mrss_mb[0m[2m=[0m308 [3mhwm_mb[0m[2m=[0m308
[2m2026-09-15T07:00:29.116057Z[0m [32m INFO[0m [2mmidnight_bench[0m[2m:[0m [3mstage[0m[2m=[0m"finalise.compute_h_poly.start" [3mrss_mb[0m[2m=[0m308 [3mhwm_mb[0m[2m=[0m308
[2m2026-09-15T07:00:29.277077Z[0m [32m INFO[0m [2mmidnight_bench[0m[2m:[0m [3mstage[0m[2m=[0m"finalise.compute_h_poly.drop_cosets.end" [3mrss_mb[0m[2m=[0m308 [3mhwm_mb[0m[2m=[0m308
[2m2026-09-15T07:00:29.277101Z[0m [32m INFO[0m [2mmidnight_bench[0m[2m:[0m [3mstage[0m[2m=[0m"finalise.compute_h_poly.end" [3mrss_mb[0m[2m=[0m308 [3mhwm_mb[0m[2m=[0m308
[2m2026-09-15T07:00:29.277108Z[0m [32m INFO[0m [2mmidnight_bench[0m[2m:[0m [3mstage[0m[2m=[0m"finalise.vanishing_construct.start" [3mrss_mb[0m[2m=[0m308 [3mhwm_mb[0m[2m=[0m308
[2m2026-09-15T07:00:29.367041Z[0m [32m INFO[0m [2mmidnight_bench[0m[2m:[0m [3mstage[0m[2m=[0m"finalise.vanishing_construct.end" [3mrss_mb[0m[2m=[0m308 [3mhwm_mb[0m[2m=[0m308
[2m2026-09-15T07:00:29.395478Z[0m [32m INFO[0m [2mmidnight_bench[0m[2m:[0m [3mstage[0m[2m=[0m"finalise.compute_queries.start" [3mrss_mb[0m[2m=[0m308 [3mhwm_mb[0m[2m=[0m308
[2m2026-09-15T07:00:29.395559Z[0m [32m INFO[0m [2mmidnight_bench[0m[2m:[0m [3mstage[0m[2m=[0m"finalise.multi_open.start" [3mrss_mb[0m[2m=[0m308 [3mhwm_mb[0m[2m=[0m308
[2m2026-09-15T07:00:29.491793Z[0m [32m INFO[0m [2mmidnight_bench[0m[2m:[0m [3mstage[0m[2m=[0m"finalise.multi_open.end" [3mrss_mb[0m[2m=[0m308 [3mhwm_mb[0m[2m=[0m308
[2m2026-09-15T07:00:29.492877Z[0m [32m INFO[0m [2mmidnight_bench[0m[2m:[0m [3mstage[0m[2m=[0m"create_proof.finalise_proof.end" [3mrss_mb[0m[2m=[0m283 [3mhwm_mb[0m[2m=[0m307
[2m2026-09-15T07:00:29.512914Z[0m [32m INFO[0m [2mactix_web::middleware::logger[0m[2m:[0m 192.168.65.1 POST /prove HTTP/1.1; took 0.670846s
[2m2026-09-15T07:00:29.515182Z[0m [32m INFO[0m [2mmidnight_proof_server::endpoints[0m[2m:[0m Starting to process request for /prove...
[2m2026-09-15T07:00:29.603204Z[0m [32m INFO[0m [2mmidnight_bench[0m[2m:[0m [3mstage[0m[2m=[0m"create_proof.compute_trace.start" [3mrss_mb[0m[2m=[0m301 [3mhwm_mb[0m[2m=[0m307
[2m2026-09-15T07:00:29.603241Z[0m [32m INFO[0m [2mmidnight_bench[0m[2m:[0m [3mstage[0m[2m=[0m"trace.compute_instances.start" [3mrss_mb[0m[2m=[0m301 [3mhwm_mb[0m[2m=[0m307
[2m2026-09-15T07:00:29.609384Z[0m [32m INFO[0m [2mmidnight_bench[0m[2m:[0m [3mstage[0m[2m=[0m"trace.compute_instances.end" [3mrss_mb[0m[2m=[0m301 [3mhwm_mb[0m[2m=[0m307
[2m2026-09-15T07:00:29.609404Z[0m [32m INFO[0m [2mmidnight_bench[0m[2m:[0m [3mstage[0m[2m=[0m"trace.parse_advices.start" [3mrss_mb[0m[2m=[0m301 [3mhwm_mb[0m[2m=[0m307
[2m2026-09-15T07:00:29.615375Z[0m [32m INFO[0m [2mmidnight_bench[0m[2m:[0m [3mstage[0m[2m=[0m"trace.parse_advices.end" [3mrss_mb[0m[2m=[0m309 [3mhwm_mb[0m[2m=[0m309
[2m2026-09-15T07:00:29.615397Z[0m [32m INFO[0m [2mmidnight_bench[0m[2m:[0m [3mstage[0m[2m=[0m"trace.lookups_permuted.start" [3mrss_mb[0m[2m=[0m309 [3mhwm_mb[0m[2m=[0m309
[2m2026-09-15T07:00:29.660448Z[0m [32m INFO[0m [2mmidnight_bench[0m[2m:[0m [3mstage[0m[2m=[0m"trace.lookups_permuted.end" [3mrss_mb[0m[2m=[0m315 [3mhwm_mb[0m[2m=[0m315
[2m2026-09-15T07:00:29.660476Z[0m [32m INFO[0m [2mmidnight_bench[0m[2m:[0m [3mstage[0m[2m=[0m"trace.permutations_commit.start" [3mrss_mb[0m[2m=[0m315 [3mhwm_mb[0m[2m=[0m315
[2m2026-09-15T07:00:29.728817Z[0m [32m INFO[0m [2mmidnight_bench[0m[2m:[0m [3mstage[0m[2m=[0m"trace.permutations_commit.end" [3mrss_mb[0m[2m=[0m322 [3mhwm_mb[0m[2m=[0m322
[2m2026-09-15T07:00:29.728841Z[0m [32m INFO[0m [2mmidnight_bench[0m[2m:[0m [3mstage[0m[2m=[0m"trace.lookups_product.start" [3mrss_mb[0m[2m=[0m322 [3mhwm_mb[0m[2m=[0m322
[2m2026-09-15T07:00:29.778038Z[0m [32m INFO[0m [2mmidnight_bench[0m[2m:[0m [3mstage[0m[2m=[0m"trace.lookups_product.end" [3mrss_mb[0m[2m=[0m322 [3mhwm_mb[0m[2m=[0m322
[2m2026-09-15T07:00:29.803337Z[0m [32m INFO[0m [2mmidnight_bench[0m[2m:[0m [3mstage[0m[2m=[0m"create_proof.compute_trace.end" [3mrss_mb[0m[2m=[0m323 [3mhwm_mb[0m[2m=[0m323
[2m2026-09-15T07:00:29.803363Z[0m [32m INFO[0m [2mmidnight_bench[0m[2m:[0m [3mstage[0m[2m=[0m"create_proof.finalise_proof.start" [3mrss_mb[0m[2m=[0m323 [3mhwm_mb[0m[2m=[0m323
[2m2026-09-15T07:00:29.803372Z[0m [32m INFO[0m [2mmidnight_bench[0m[2m:[0m [3mstage[0m[2m=[0m"finalise.compute_h_poly.start" [3mrss_mb[0m[2m=[0m323 [3mhwm_mb[0m[2m=[0m323
[2m2026-09-15T07:00:29.975567Z[0m [32m INFO[0m [2mmidnight_bench[0m[2m:[0m [3mstage[0m[2m=[0m"finalise.compute_h_poly.drop_cosets.end" [3mrss_mb[0m[2m=[0m323 [3mhwm_mb[0m[2m=[0m323
[2m2026-09-15T07:00:29.975593Z[0m [32m INFO[0m [2mmidnight_bench[0m[2m:[0m [3mstage[0m[2m=[0m"finalise.compute_h_poly.end" [3mrss_mb[0m[2m=[0m323 [3mhwm_mb[0m[2m=[0m323
[2m2026-09-15T07:00:29.975599Z[0m [32m INFO[0m [2mmidnight_bench[0m[2m:[0m [3mstage[0m[2m=[0m"finalise.vanishing_construct.start" [3mrss_mb[0m[2m=[0m323 [3mhwm_mb[0m[2m=[0m323
[2m2026-09-15T07:00:30.067975Z[0m [32m INFO[0m [2mmidnight_bench[0m[2m:[0m [3mstage[0m[2m=[0m"finalise.vanishing_construct.end" [3mrss_mb[0m[2m=[0m323 [3mhwm_mb[0m[2m=[0m323
[2m2026-09-15T07:00:30.100237Z[0m [32m INFO[0m [2mmidnight_bench[0m[2m:[0m [3mstage[0m[2m=[0m"finalise.compute_queries.start" [3mrss_mb[0m[2m=[0m323 [3mhwm_mb[0m[2m=[0m323
[2m2026-09-15T07:00:30.100326Z[0m [32m INFO[0m [2mmidnight_bench[0m[2m:[0m [3mstage[0m[2m=[0m"finalise.multi_open.start" [3mrss_mb[0m[2m=[0m323 [3mhwm_mb[0m[2m=[0m323
[2m2026-09-15T07:00:30.201390Z[0m [32m INFO[0m [2mmidnight_bench[0m[2m:[0m [3mstage[0m[2m=[0m"finalise.multi_open.end" [3mrss_mb[0m[2m=[0m323 [3mhwm_mb[0m[2m=[0m323
[2m2026-09-15T07:00:30.201457Z[0m [32m INFO[0m [2mmidnight_bench[0m[2m:[0m [3mstage[0m[2m=[0m"create_proof.finalise_proof.end" [3mrss_mb[0m[2m=[0m323 [3mhwm_mb[0m[2m=[0m323
[2m2026-09-15T07:00:30.221930Z[0m [32m INFO[0m [2mactix_web::middleware::logger[0m[2m:[0m 192.168.65.1 POST /prove HTTP/1.1; took 0.706766s
[2m2026-09-15T07:00:30.224060Z[0m [32m INFO[0m [2mmidnight_proof_server::endpoints[0m[2m:[0m Starting to process request for /prove...
[2m2026-09-15T07:00:30.310883Z[0m [32m INFO[0m [2mmidnight_bench[0m[2m:[0m [3mstage[0m[2m=[0m"create_proof.compute_trace.start" [3mrss_mb[0m[2m=[0m317 [3mhwm_mb[0m[2m=[0m322
[2m2026-09-15T07:00:30.310915Z[0m [32m INFO[0m [2mmidnight_bench[0m[2m:[0m [3mstage[0m[2m=[0m"trace.compute_instances.start" [3mrss_mb[0m[2m=[0m317 [3mhwm_mb[0m[2m=[0m322
[2m2026-09-15T07:00:30.316354Z[0m [32m INFO[0m [2mmidnight_bench[0m[2m:[0m [3mstage[0m[2m=[0m"trace.compute_instances.end" [3mrss_mb[0m[2m=[0m317 [3mhwm_mb[0m[2m=[0m322
[2m2026-09-15T07:00:30.316376Z[0m [32m INFO[0m [2mmidnight_bench[0m[2m:[0m [3mstage[0m[2m=[0m"trace.parse_advices.start" [3mrss_mb[0m[2m=[0m317 [3mhwm_mb[0m[2m=[0m322
[2m2026-09-15T07:00:30.322531Z[0m [32m INFO[0m [2mmidnight_bench[0m[2m:[0m [3mstage[0m[2m=[0m"trace.parse_advices.end" [3mrss_mb[0m[2m=[0m325 [3mhwm_mb[0m[2m=[0m325
[2m2026-09-15T07:00:30.322558Z[0m [32m INFO[0m [2mmidnight_bench[0m[2m:[0m [3mstage[0m[2m=[0m"trace.lookups_permuted.start" [3mrss_mb[0m[2m=[0m325 [3mhwm_mb[0m[2m=[0m325
[2m2026-09-15T07:00:30.372090Z[0m [32m INFO[0m [2mmidnight_bench[0m[2m:[0m [3mstage[0m[2m=[0m"trace.lookups_permuted.end" [3mrss_mb[0m[2m=[0m330 [3mhwm_mb[0m[2m=[0m330
[2m2026-09-15T07:00:30.372119Z[0m [32m INFO[0m [2mmidnight_bench[0m[2m:[0m [3mstage[0m[2m=[0m"trace.permutations_commit.start" [3mrss_mb[0m[2m=[0m330 [3mhwm_mb[0m[2m=[0m330
[2m2026-09-15T07:00:30.444220Z[0m [32m INFO[0m [2mmidnight_bench[0m[2m:[0m [3mstage[0m[2m=[0m"trace.permutations_commit.end" [3mrss_mb[0m[2m=[0m337 [3mhwm_mb[0m[2m=[0m337
[2m2026-09-15T07:00:30.444253Z[0m [32m INFO[0m [2mmidnight_bench[0m[2m:[0m [3mstage[0m[2m=[0m"trace.lookups_product.start" [3mrss_mb[0m[2m=[0m337 [3mhwm_mb[0m[2m=[0m337
[2m2026-09-15T07:00:30.495891Z[0m [32m INFO[0m [2mmidnight_bench[0m[2m:[0m [3mstage[0m[2m=[0m"trace.lookups_product.end" [3mrss_mb[0m[2m=[0m337 [3mhwm_mb[0m[2m=[0m337
[2m2026-09-15T07:00:30.523941Z[0m [32m INFO[0m [2mmidnight_bench[0m[2m:[0m [3mstage[0m[2m=[0m"create_proof.compute_trace.end" [3mrss_mb[0m[2m=[0m338 [3mhwm_mb[0m[2m=[0m338
[2m2026-09-15T07:00:30.523967Z[0m [32m INFO[0m [2mmidnight_bench[0m[2m:[0m [3mstage[0m[2m=[0m"create_proof.finalise_proof.start" [3mrss_mb[0m[2m=[0m338 [3mhwm_mb[0m[2m=[0m338
[2m2026-09-15T07:00:30.523975Z[0m [32m INFO[0m [2mmidnight_bench[0m[2m:[0m [3mstage[0m[2m=[0m"finalise.compute_h_poly.start" [3mrss_mb[0m[2m=[0m338 [3mhwm_mb[0m[2m=[0m338
[2m2026-09-15T07:00:30.678605Z[0m [32m INFO[0m [2mmidnight_bench[0m[2m:[0m [3mstage[0m[2m=[0m"finalise.compute_h_poly.drop_cosets.end" [3mrss_mb[0m[2m=[0m338 [3mhwm_mb[0m[2m=[0m338
[2m2026-09-15T07:00:30.678634Z[0m [32m INFO[0m [2mmidnight_bench[0m[2m:[0m [3mstage[0m[2m=[0m"finalise.compute_h_poly.end" [3mrss_mb[0m[2m=[0m338 [3mhwm_mb[0m[2m=[0m338
[2m2026-09-15T07:00:30.678642Z[0m [32m INFO[0m [2mmidnight_bench[0m[2m:[0m [3mstage[0m[2m=[0m"finalise.vanishing_construct.start" [3mrss_mb[0m[2m=[0m338 [3mhwm_mb[0m[2m=[0m338
[2m2026-09-15T07:00:30.771381Z[0m [32m INFO[0m [2mmidnight_bench[0m[2m:[0m [3mstage[0m[2m=[0m"finalise.vanishing_construct.end" [3mrss_mb[0m[2m=[0m338 [3mhwm_mb[0m[2m=[0m338
[2m2026-09-15T07:00:30.799792Z[0m [32m INFO[0m [2mmidnight_bench[0m[2m:[0m [3mstage[0m[2m=[0m"finalise.compute_queries.start" [3mrss_mb[0m[2m=[0m338 [3mhwm_mb[0m[2m=[0m338
[2m2026-09-15T07:00:30.799875Z[0m [32m INFO[0m [2mmidnight_bench[0m[2m:[0m [3mstage[0m[2m=[0m"finalise.multi_open.start" [3mrss_mb[0m[2m=[0m338 [3mhwm_mb[0m[2m=[0m338
[2m2026-09-15T07:00:30.888459Z[0m [32m INFO[0m [2mmidnight_bench[0m[2m:[0m [3mstage[0m[2m=[0m"finalise.multi_open.end" [3mrss_mb[0m[2m=[0m338 [3mhwm_mb[0m[2m=[0m338
[2m2026-09-15T07:00:30.889324Z[0m [32m INFO[0m [2mmidnight_bench[0m[2m:[0m [3mstage[0m[2m=[0m"create_proof.finalise_proof.end" [3mrss_mb[0m[2m=[0m313 [3mhwm_mb[0m[2m=[0m337
[2m2026-09-15T07:00:30.906715Z[0m [32m INFO[0m [2mactix_web::middleware::logger[0m[2m:[0m 192.168.65.1 POST /prove HTTP/1.1; took 0.682673s
[2m2026-09-15T07:00:30.911420Z[0m [32m INFO[0m [2mmidnight_proof_server::endpoints[0m[2m:[0m Starting to process request for /prove...
[2m2026-09-15T07:00:31.005387Z[0m [32m INFO[0m [2mmidnight_bench[0m[2m:[0m [3mstage[0m[2m=[0m"create_proof.compute_trace.start" [3mrss_mb[0m[2m=[0m331 [3mhwm_mb[0m[2m=[0m337
[2m2026-09-15T07:00:31.005516Z[0m [32m INFO[0m [2mmidnight_bench[0m[2m:[0m [3mstage[0m[2m=[0m"trace.compute_instances.start" [3mrss_mb[0m[2m=[0m331 [3mhwm_mb[0m[2m=[0m337
[2m2026-09-15T07:00:31.018018Z[0m [32m INFO[0m [2mmidnight_bench[0m[2m:[0m [3mstage[0m[2m=[0m"trace.compute_instances.end" [3mrss_mb[0m[2m=[0m331 [3mhwm_mb[0m[2m=[0m337
[2m2026-09-15T07:00:31.018045Z[0m [32m INFO[0m [2mmidnight_bench[0m[2m:[0m [3mstage[0m[2m=[0m"trace.parse_advices.start" [3mrss_mb[0m[2m=[0m331 [3mhwm_mb[0m[2m=[0m337
[2m2026-09-15T07:00:31.027739Z[0m [32m INFO[0m [2mmidnight_bench[0m[2m:[0m [3mstage[0m[2m=[0m"trace.parse_advices.end" [3mrss_mb[0m[2m=[0m339 [3mhwm_mb[0m[2m=[0m339
[2m2026-09-15T07:00:31.027769Z[0m [32m INFO[0m [2mmidnight_bench[0m[2m:[0m [3mstage[0m[2m=[0m"trace.lookups_permuted.start" [3mrss_mb[0m[2m=[0m339 [3mhwm_mb[0m[2m=[0m339
[2m2026-09-15T07:00:31.086826Z[0m [32m INFO[0m [2mmidnight_bench[0m[2m:[0m [3mstage[0m[2m=[0m"trace.lookups_permuted.end" [3mrss_mb[0m[2m=[0m344 [3mhwm_mb[0m[2m=[0m344
[2m2026-09-15T07:00:31.086872Z[0m [32m INFO[0m [2mmidnight_bench[0m[2m:[0m [3mstage[0m[2m=[0m"trace.permutations_commit.start" [3mrss_mb[0m[2m=[0m344 [3mhwm_mb[0m[2m=[0m344
[2m2026-09-15T07:00:31.174288Z[0m [32m INFO[0m [2mmidnight_bench[0m[2m:[0m [3mstage[0m[2m=[0m"trace.permutations_commit.end" [3mrss_mb[0m[2m=[0m352 [3mhwm_mb[0m[2m=[0m352
[2m2026-09-15T07:00:31.174304Z[0m [32m INFO[0m [2mmidnight_bench[0m[2m:[0m [3mstage[0m[2m=[0m"trace.lookups_product.start" [3mrss_mb[0m[2m=[0m352 [3mhwm_mb[0m[2m=[0m352
[2m2026-09-15T07:00:31.250171Z[0m [32m INFO[0m [2mmidnight_bench[0m[2m:[0m [3mstage[0m[2m=[0m"trace.lookups_product.end" [3mrss_mb[0m[2m=[0m352 [3mhwm_mb[0m[2m=[0m352
[2m2026-09-15T07:00:31.281269Z[0m [32m INFO[0m [2mmidnight_bench[0m[2m:[0m [3mstage[0m[2m=[0m"create_proof.compute_trace.end" [3mrss_mb[0m[2m=[0m353 [3mhwm_mb[0m[2m=[0m353
[2m2026-09-15T07:00:31.281285Z[0m [32m INFO[0m [2mmidnight_bench[0m[2m:[0m [3mstage[0m[2m=[0m"create_proof.finalise_proof.start" [3mrss_mb[0m[2m=[0m353 [3mhwm_mb[0m[2m=[0m353
[2m2026-09-15T07:00:31.281293Z[0m [32m INFO[0m [2mmidnight_bench[0m[2m:[0m [3mstage[0m[2m=[0m"finalise.compute_h_poly.start" [3mrss_mb[0m[2m=[0m353 [3mhwm_mb[0m[2m=[0m353
[2m2026-09-15T07:00:31.475863Z[0m [32m INFO[0m [2mmidnight_bench[0m[2m:[0m [3mstage[0m[2m=[0m"finalise.compute_h_poly.drop_cosets.end" [3mrss_mb[0m[2m=[0m353 [3mhwm_mb[0m[2m=[0m353
[2m2026-09-15T07:00:31.475895Z[0m [32m INFO[0m [2mmidnight_bench[0m[2m:[0m [3mstage[0m[2m=[0m"finalise.compute_h_poly.end" [3mrss_mb[0m[2m=[0m353 [3mhwm_mb[0m[2m=[0m353
[2m2026-09-15T07:00:31.475903Z[0m [32m INFO[0m [2mmidnight_bench[0m[2m:[0m [3mstage[0m[2m=[0m"finalise.vanishing_construct.start" [3mrss_mb[0m[2m=[0m353 [3mhwm_mb[0m[2m=[0m353
[2m2026-09-15T07:00:31.592140Z[0m [32m INFO[0m [2mmidnight_bench[0m[2m:[0m [3mstage[0m[2m=[0m"finalise.vanishing_construct.end" [3mrss_mb[0m[2m=[0m353 [3mhwm_mb[0m[2m=[0m353
[2m2026-09-15T07:00:31.654955Z[0m [32m INFO[0m [2mmidnight_bench[0m[2m:[0m [3mstage[0m[2m=[0m"finalise.compute_queries.start" [3mrss_mb[0m[2m=[0m353 [3mhwm_mb[0m[2m=[0m353
[2m2026-09-15T07:00:31.655090Z[0m [32m INFO[0m [2mmidnight_bench[0m[2m:[0m [3mstage[0m[2m=[0m"finalise.multi_open.start" [3mrss_mb[0m[2m=[0m353 [3mhwm_mb[0m[2m=[0m353
[2m2026-09-15T07:00:31.759170Z[0m [32m INFO[0m [2mmidnight_bench[0m[2m:[0m [3mstage[0m[2m=[0m"finalise.multi_open.end" [3mrss_mb[0m[2m=[0m353 [3mhwm_mb[0m[2m=[0m353
[2m2026-09-15T07:00:31.760245Z[0m [32m INFO[0m [2mmidnight_bench[0m[2m:[0m [3mstage[0m[2m=[0m"create_proof.finalise_proof.end" [3mrss_mb[0m[2m=[0m327 [3mhwm_mb[0m[2m=[0m352
[2m2026-09-15T07:00:31.777054Z[0m [32m INFO[0m [2mactix_web::middleware::logger[0m[2m:[0m 192.168.65.1 POST /prove HTTP/1.1; took 0.865648s
[2m2026-09-15T07:00:31.779709Z[0m [32m INFO[0m [2mmidnight_proof_server::endpoints[0m[2m:[0m Starting to process request for /prove...
[2m2026-09-15T07:00:31.847481Z[0m [32m INFO[0m [2mmidnight_bench[0m[2m:[0m [3mstage[0m[2m=[0m"create_proof.compute_trace.start" [3mrss_mb[0m[2m=[0m318 [3mhwm_mb[0m[2m=[0m352
[2m2026-09-15T07:00:31.847509Z[0m [32m INFO[0m [2mmidnight_bench[0m[2m:[0m [3mstage[0m[2m=[0m"trace.compute_instances.start" [3mrss_mb[0m[2m=[0m318 [3mhwm_mb[0m[2m=[0m352
[2m2026-09-15T07:00:31.852517Z[0m [32m INFO[0m [2mmidnight_bench[0m[2m:[0m [3mstage[0m[2m=[0m"trace.compute_instances.end" [3mrss_mb[0m[2m=[0m318 [3mhwm_mb[0m[2m=[0m352
[2m2026-09-15T07:00:31.852539Z[0m [32m INFO[0m [2mmidnight_bench[0m[2m:[0m [3mstage[0m[2m=[0m"trace.parse_advices.start" [3mrss_mb[0m[2m=[0m318 [3mhwm_mb[0m[2m=[0m352
[2m2026-09-15T07:00:31.859274Z[0m [32m INFO[0m [2mmidnight_bench[0m[2m:[0m [3mstage[0m[2m=[0m"trace.parse_advices.end" [3mrss_mb[0m[2m=[0m326 [3mhwm_mb[0m[2m=[0m352
[2m2026-09-15T07:00:31.859294Z[0m [32m INFO[0m [2mmidnight_bench[0m[2m:[0m [3mstage[0m[2m=[0m"trace.lookups_permuted.start" [3mrss_mb[0m[2m=[0m326 [3mhwm_mb[0m[2m=[0m352
[2m2026-09-15T07:00:31.903594Z[0m [32m INFO[0m [2mmidnight_bench[0m[2m:[0m [3mstage[0m[2m=[0m"trace.lookups_permuted.end" [3mrss_mb[0m[2m=[0m332 [3mhwm_mb[0m[2m=[0m352
[2m2026-09-15T07:00:31.903622Z[0m [32m INFO[0m [2mmidnight_bench[0m[2m:[0m [3mstage[0m[2m=[0m"trace.permutations_commit.start" [3mrss_mb[0m[2m=[0m332 [3mhwm_mb[0m[2m=[0m352
[2m2026-09-15T07:00:31.973057Z[0m [32m INFO[0m [2mmidnight_bench[0m[2m:[0m [3mstage[0m[2m=[0m"trace.permutations_commit.end" [3mrss_mb[0m[2m=[0m339 [3mhwm_mb[0m[2m=[0m352
[2m2026-09-15T07:00:31.973093Z[0m [32m INFO[0m [2mmidnight_bench[0m[2m:[0m [3mstage[0m[2m=[0m"trace.lookups_product.start" [3mrss_mb[0m[2m=[0m339 [3mhwm_mb[0m[2m=[0m352
[2m2026-09-15T07:00:32.023461Z[0m [32m INFO[0m [2mmidnight_bench[0m[2m:[0m [3mstage[0m[2m=[0m"trace.lookups_product.end" [3mrss_mb[0m[2m=[0m339 [3mhwm_mb[0m[2m=[0m352
[2m2026-09-15T07:00:32.049765Z[0m [32m INFO[0m [2mmidnight_bench[0m[2m:[0m [3mstage[0m[2m=[0m"create_proof.compute_trace.end" [3mrss_mb[0m[2m=[0m340 [3mhwm_mb[0m[2m=[0m352
[2m2026-09-15T07:00:32.049793Z[0m [32m INFO[0m [2mmidnight_bench[0m[2m:[0m [3mstage[0m[2m=[0m"create_proof.finalise_proof.start" [3mrss_mb[0m[2m=[0m340 [3mhwm_mb[0m[2m=[0m352
[2m2026-09-15T07:00:32.049800Z[0m [32m INFO[0m [2mmidnight_bench[0m[2m:[0m [3mstage[0m[2m=[0m"finalise.compute_h_poly.start" [3mrss_mb[0m[2m=[0m340 [3mhwm_mb[0m[2m=[0m352
[2m2026-09-15T07:00:32.208307Z[0m [32m INFO[0m [2mmidnight_bench[0m[2m:[0m [3mstage[0m[2m=[0m"finalise.compute_h_poly.drop_cosets.end" [3mrss_mb[0m[2m=[0m340 [3mhwm_mb[0m[2m=[0m352
[2m2026-09-15T07:00:32.208333Z[0m [32m INFO[0m [2mmidnight_bench[0m[2m:[0m [3mstage[0m[2m=[0m"finalise.compute_h_poly.end" [3mrss_mb[0m[2m=[0m340 [3mhwm_mb[0m[2m=[0m352
[2m2026-09-15T07:00:32.208344Z[0m [32m INFO[0m [2mmidnight_bench[0m[2m:[0m [3mstage[0m[2m=[0m"finalise.vanishing_construct.start" [3mrss_mb[0m[2m=[0m340 [3mhwm_mb[0m[2m=[0m352
[2m2026-09-15T07:00:32.302761Z[0m [32m INFO[0m [2mmidnight_bench[0m[2m:[0m [3mstage[0m[2m=[0m"finalise.vanishing_construct.end" [3mrss_mb[0m[2m=[0m340 [3mhwm_mb[0m[2m=[0m352
[2m2026-09-15T07:00:32.335007Z[0m [32m INFO[0m [2mmidnight_bench[0m[2m:[0m [3mstage[0m[2m=[0m"finalise.compute_queries.start" [3mrss_mb[0m[2m=[0m340 [3mhwm_mb[0m[2m=[0m352
[2m2026-09-15T07:00:32.335109Z[0m [32m INFO[0m [2mmidnight_bench[0m[2m:[0m [3mstage[0m[2m=[0m"finalise.multi_open.start" [3mrss_mb[0m[2m=[0m340 [3mhwm_mb[0m[2m=[0m352
[2m2026-09-15T07:00:32.426774Z[0m [32m INFO[0m [2mmidnight_bench[0m[2m:[0m [3mstage[0m[2m=[0m"finalise.multi_open.end" [3mrss_mb[0m[2m=[0m340 [3mhwm_mb[0m[2m=[0m352
[2m2026-09-15T07:00:32.427557Z[0m [32m INFO[0m [2mmidnight_bench[0m[2m:[0m [3mstage[0m[2m=[0m"create_proof.finalise_proof.end" [3mrss_mb[0m[2m=[0m314 [3mhwm_mb[0m[2m=[0m352
[2m2026-09-15T07:00:32.443632Z[0m [32m INFO[0m [2mactix_web::middleware::logger[0m[2m:[0m 192.168.65.1 POST /prove HTTP/1.1; took 0.664001s
[2m2026-09-15T07:00:32.445248Z[0m [32m INFO[0m [2mmidnight_proof_server::endpoints[0m[2m:[0m Starting to process request for /prove...
[2m2026-09-15T07:00:32.521938Z[0m [32m INFO[0m [2mmidnight_bench[0m[2m:[0m [3mstage[0m[2m=[0m"create_proof.compute_trace.start" [3mrss_mb[0m[2m=[0m331 [3mhwm_mb[0m[2m=[0m352
[2m2026-09-15T07:00:32.521970Z[0m [32m INFO[0m [2mmidnight_bench[0m[2m:[0m [3mstage[0m[2m=[0m"trace.compute_instances.start" [3mrss_mb[0m[2m=[0m331 [3mhwm_mb[0m[2m=[0m352
[2m2026-09-15T07:00:32.528023Z[0m [32m INFO[0m [2mmidnight_bench[0m[2m:[0m [3mstage[0m[2m=[0m"trace.compute_instances.end" [3mrss_mb[0m[2m=[0m331 [3mhwm_mb[0m[2m=[0m352
[2m2026-09-15T07:00:32.528041Z[0m [32m INFO[0m [2mmidnight_bench[0m[2m:[0m [3mstage[0m[2m=[0m"trace.parse_advices.start" [3mrss_mb[0m[2m=[0m331 [3mhwm_mb[0m[2m=[0m352
[2m2026-09-15T07:00:32.534361Z[0m [32m INFO[0m [2mmidnight_bench[0m[2m:[0m [3mstage[0m[2m=[0m"trace.parse_advices.end" [3mrss_mb[0m[2m=[0m339 [3mhwm_mb[0m[2m=[0m352
[2m2026-09-15T07:00:32.534378Z[0m [32m INFO[0m [2mmidnight_bench[0m[2m:[0m [3mstage[0m[2m=[0m"trace.lookups_permuted.start" [3mrss_mb[0m[2m=[0m339 [3mhwm_mb[0m[2m=[0m352
[2m2026-09-15T07:00:32.580493Z[0m [32m INFO[0m [2mmidnight_bench[0m[2m:[0m [3mstage[0m[2m=[0m"trace.lookups_permuted.end" [3mrss_mb[0m[2m=[0m345 [3mhwm_mb[0m[2m=[0m352
[2m2026-09-15T07:00:32.580522Z[0m [32m INFO[0m [2mmidnight_bench[0m[2m:[0m [3mstage[0m[2m=[0m"trace.permutations_commit.start" [3mrss_mb[0m[2m=[0m345 [3mhwm_mb[0m[2m=[0m352
[2m2026-09-15T07:00:32.653577Z[0m [32m INFO[0m [2mmidnight_bench[0m[2m:[0m [3mstage[0m[2m=[0m"trace.permutations_commit.end" [3mrss_mb[0m[2m=[0m352 [3mhwm_mb[0m[2m=[0m352
[2m2026-09-15T07:00:32.653600Z[0m [32m INFO[0m [2mmidnight_bench[0m[2m:[0m [3mstage[0m[2m=[0m"trace.lookups_product.start" [3mrss_mb[0m[2m=[0m352 [3mhwm_mb[0m[2m=[0m352
[2m2026-09-15T07:00:32.711522Z[0m [32m INFO[0m [2mmidnight_bench[0m[2m:[0m [3mstage[0m[2m=[0m"trace.lookups_product.end" [3mrss_mb[0m[2m=[0m352 [3mhwm_mb[0m[2m=[0m352
[2m2026-09-15T07:00:32.737511Z[0m [32m INFO[0m [2mmidnight_bench[0m[2m:[0m [3mstage[0m[2m=[0m"create_proof.compute_trace.end" [3mrss_mb[0m[2m=[0m353 [3mhwm_mb[0m[2m=[0m353
[2m2026-09-15T07:00:32.737542Z[0m [32m INFO[0m [2mmidnight_bench[0m[2m:[0m [3mstage[0m[2m=[0m"create_proof.finalise_proof.start" [3mrss_mb[0m[2m=[0m353 [3mhwm_mb[0m[2m=[0m353
[2m2026-09-15T07:00:32.737550Z[0m [32m INFO[0m [2mmidnight_bench[0m[2m:[0m [3mstage[0m[2m=[0m"finalise.compute_h_poly.start" [3mrss_mb[0m[2m=[0m353 [3mhwm_mb[0m[2m=[0m353
[2m2026-09-15T07:00:32.891757Z[0m [32m INFO[0m [2mmidnight_bench[0m[2m:[0m [3mstage[0m[2m=[0m"finalise.compute_h_poly.drop_cosets.end" [3mrss_mb[0m[2m=[0m353 [3mhwm_mb[0m[2m=[0m353
[2m2026-09-15T07:00:32.891787Z[0m [32m INFO[0m [2mmidnight_bench[0m[2m:[0m [3mstage[0m[2m=[0m"finalise.compute_h_poly.end" [3mrss_mb[0m[2m=[0m353 [3mhwm_mb[0m[2m=[0m353
[2m2026-09-15T07:00:32.891795Z[0m [32m INFO[0m [2mmidnight_bench[0m[2m:[0m [3mstage[0m[2m=[0m"finalise.vanishing_construct.start" [3mrss_mb[0m[2m=[0m353 [3mhwm_mb[0m[2m=[0m353
[2m2026-09-15T07:00:32.985171Z[0m [32m INFO[0m [2mmidnight_bench[0m[2m:[0m [3mstage[0m[2m=[0m"finalise.vanishing_construct.end" [3mrss_mb[0m[2m=[0m353 [3mhwm_mb[0m[2m=[0m353
[2m2026-09-15T07:00:33.018951Z[0m [32m INFO[0m [2mmidnight_bench[0m[2m:[0m [3mstage[0m[2m=[0m"finalise.compute_queries.start" [3mrss_mb[0m[2m=[0m353 [3mhwm_mb[0m[2m=[0m353
[2m2026-09-15T07:00:33.019037Z[0m [32m INFO[0m [2mmidnight_bench[0m[2m:[0m [3mstage[0m[2m=[0m"finalise.multi_open.start" [3mrss_mb[0m[2m=[0m353 [3mhwm_mb[0m[2m=[0m353
[2m2026-09-15T07:00:33.112530Z[0m [32m INFO[0m [2mmidnight_bench[0m[2m:[0m [3mstage[0m[2m=[0m"finalise.multi_open.end" [3mrss_mb[0m[2m=[0m353 [3mhwm_mb[0m[2m=[0m353
[2m2026-09-15T07:00:33.113315Z[0m [32m INFO[0m [2mmidnight_bench[0m[2m:[0m [3mstage[0m[2m=[0m"create_proof.finalise_proof.end" [3mrss_mb[0m[2m=[0m327 [3mhwm_mb[0m[2m=[0m352
[2m2026-09-15T07:00:33.129173Z[0m [32m INFO[0m [2mactix_web::middleware::logger[0m[2m:[0m 192.168.65.1 POST /prove HTTP/1.1; took 0.683946s
[2m2026-09-15T07:00:33.132436Z[0m [32m INFO[0m [2mmidnight_proof_server::endpoints[0m[2m:[0m Starting to process request for /prove...
[2m2026-09-15T07:00:33.201093Z[0m [32m INFO[0m [2mmidnight_bench[0m[2m:[0m [3mstage[0m[2m=[0m"create_proof.compute_trace.start" [3mrss_mb[0m[2m=[0m333 [3mhwm_mb[0m[2m=[0m352
[2m2026-09-15T07:00:33.201121Z[0m [32m INFO[0m [2mmidnight_bench[0m[2m:[0m [3mstage[0m[2m=[0m"trace.compute_instances.start" [3mrss_mb[0m[2m=[0m333 [3mhwm_mb[0m[2m=[0m352
[2m2026-09-15T07:00:33.206858Z[0m [32m INFO[0m [2mmidnight_bench[0m[2m:[0m [3mstage[0m[2m=[0m"trace.compute_instances.end" [3mrss_mb[0m[2m=[0m333 [3mhwm_mb[0m[2m=[0m352
[2m2026-09-15T07:00:33.206878Z[0m [32m INFO[0m [2mmidnight_bench[0m[2m:[0m [3mstage[0m[2m=[0m"trace.parse_advices.start" [3mrss_mb[0m[2m=[0m333 [3mhwm_mb[0m[2m=[0m352
[2m2026-09-15T07:00:33.212991Z[0m [32m INFO[0m [2mmidnight_bench[0m[2m:[0m [3mstage[0m[2m=[0m"trace.parse_advices.end" [3mrss_mb[0m[2m=[0m341 [3mhwm_mb[0m[2m=[0m352
[2m2026-09-15T07:00:33.213014Z[0m [32m INFO[0m [2mmidnight_bench[0m[2m:[0m [3mstage[0m[2m=[0m"trace.lookups_permuted.start" [3mrss_mb[0m[2m=[0m341 [3mhwm_mb[0m[2m=[0m352
[2m2026-09-15T07:00:33.254726Z[0m [32m INFO[0m [2mmidnight_bench[0m[2m:[0m [3mstage[0m[2m=[0m"trace.lookups_permuted.end" [3mrss_mb[0m[2m=[0m346 [3mhwm_mb[0m[2m=[0m352
[2m2026-09-15T07:00:33.254754Z[0m [32m INFO[0m [2mmidnight_bench[0m[2m:[0m [3mstage[0m[2m=[0m"trace.permutations_commit.start" [3mrss_mb[0m[2m=[0m346 [3mhwm_mb[0m[2m=[0m352
[2m2026-09-15T07:00:33.326583Z[0m [32m INFO[0m [2mmidnight_bench[0m[2m:[0m [3mstage[0m[2m=[0m"trace.permutations_commit.end" [3mrss_mb[0m[2m=[0m353 [3mhwm_mb[0m[2m=[0m353
[2m2026-09-15T07:00:33.326608Z[0m [32m INFO[0m [2mmidnight_bench[0m[2m:[0m [3mstage[0m[2m=[0m"trace.lookups_product.start" [3mrss_mb[0m[2m=[0m353 [3mhwm_mb[0m[2m=[0m353
[2m2026-09-15T07:00:33.381554Z[0m [32m INFO[0m [2mmidnight_bench[0m[2m:[0m [3mstage[0m[2m=[0m"trace.lookups_product.end" [3mrss_mb[0m[2m=[0m353 [3mhwm_mb[0m[2m=[0m353
[2m2026-09-15T07:00:33.409428Z[0m [32m INFO[0m [2mmidnight_bench[0m[2m:[0m [3mstage[0m[2m=[0m"create_proof.compute_trace.end" [3mrss_mb[0m[2m=[0m354 [3mhwm_mb[0m[2m=[0m354
[2m2026-09-15T07:00:33.409451Z[0m [32m INFO[0m [2mmidnight_bench[0m[2m:[0m [3mstage[0m[2m=[0m"create_proof.finalise_proof.start" [3mrss_mb[0m[2m=[0m354 [3mhwm_mb[0m[2m=[0m354
[2m2026-09-15T07:00:33.409459Z[0m [32m INFO[0m [2mmidnight_bench[0m[2m:[0m [3mstage[0m[2m=[0m"finalise.compute_h_poly.start" [3mrss_mb[0m[2m=[0m354 [3mhwm_mb[0m[2m=[0m354
[2m2026-09-15T07:00:33.556319Z[0m [32m INFO[0m [2mmidnight_bench[0m[2m:[0m [3mstage[0m[2m=[0m"finalise.compute_h_poly.drop_cosets.end" [3mrss_mb[0m[2m=[0m354 [3mhwm_mb[0m[2m=[0m354
[2m2026-09-15T07:00:33.556356Z[0m [32m INFO[0m [2mmidnight_bench[0m[2m:[0m [3mstage[0m[2m=[0m"finalise.compute_h_poly.end" [3mrss_mb[0m[2m=[0m354 [3mhwm_mb[0m[2m=[0m354
[2m2026-09-15T07:00:33.556364Z[0m [32m INFO[0m [2mmidnight_bench[0m[2m:[0m [3mstage[0m[2m=[0m"finalise.vanishing_construct.start" [3mrss_mb[0m[2m=[0m354 [3mhwm_mb[0m[2m=[0m354
[2m2026-09-15T07:00:33.654793Z[0m [32m INFO[0m [2mmidnight_bench[0m[2m:[0m [3mstage[0m[2m=[0m"finalise.vanishing_construct.end" [3mrss_mb[0m[2m=[0m354 [3mhwm_mb[0m[2m=[0m354
[2m2026-09-15T07:00:33.687175Z[0m [32m INFO[0m [2mmidnight_bench[0m[2m:[0m [3mstage[0m[2m=[0m"finalise.compute_queries.start" [3mrss_mb[0m[2m=[0m354 [3mhwm_mb[0m[2m=[0m354
[2m2026-09-15T07:00:33.687283Z[0m [32m INFO[0m [2mmidnight_bench[0m[2m:[0m [3mstage[0m[2m=[0m"finalise.multi_open.start" [3mrss_mb[0m[2m=[0m354 [3mhwm_mb[0m[2m=[0m354
[2m2026-09-15T07:00:33.787487Z[0m [32m INFO[0m [2mmidnight_bench[0m[2m:[0m [3mstage[0m[2m=[0m"finalise.multi_open.end" [3mrss_mb[0m[2m=[0m354 [3mhwm_mb[0m[2m=[0m354
[2m2026-09-15T07:00:33.788297Z[0m [32m INFO[0m [2mmidnight_bench[0m[2m:[0m [3mstage[0m[2m=[0m"create_proof.finalise_proof.end" [3mrss_mb[0m[2m=[0m329 [3mhwm_mb[0m[2m=[0m353
[2m2026-09-15T07:00:33.804331Z[0m [32m INFO[0m [2mactix_web::middleware::logger[0m[2m:[0m 192.168.65.1 POST /prove HTTP/1.1; took 0.671913s
[2m2026-09-15T07:00:33.807016Z[0m [32m INFO[0m [2mmidnight_proof_server::endpoints[0m[2m:[0m Starting to process request for /prove...
[2m2026-09-15T07:00:33.880034Z[0m [32m INFO[0m [2mmidnight_bench[0m[2m:[0m [3mstage[0m[2m=[0m"create_proof.compute_trace.start" [3mrss_mb[0m[2m=[0m333 [3mhwm_mb[0m[2m=[0m353
[2m2026-09-15T07:00:33.880068Z[0m [32m INFO[0m [2mmidnight_bench[0m[2m:[0m [3mstage[0m[2m=[0m"trace.compute_instances.start" [3mrss_mb[0m[2m=[0m333 [3mhwm_mb[0m[2m=[0m353
[2m2026-09-15T07:00:33.885441Z[0m [32m INFO[0m [2mmidnight_bench[0m[2m:[0m [3mstage[0m[2m=[0m"trace.compute_instances.end" [3mrss_mb[0m[2m=[0m333 [3mhwm_mb[0m[2m=[0m353
[2m2026-09-15T07:00:33.885463Z[0m [32m INFO[0m [2mmidnight_bench[0m[2m:[0m [3mstage[0m[2m=[0m"trace.parse_advices.start" [3mrss_mb[0m[2m=[0m333 [3mhwm_mb[0m[2m=[0m353
[2m2026-09-15T07:00:33.892391Z[0m [32m INFO[0m [2mmidnight_bench[0m[2m:[0m [3mstage[0m[2m=[0m"trace.parse_advices.end" [3mrss_mb[0m[2m=[0m341 [3mhwm_mb[0m[2m=[0m353
[2m2026-09-15T07:00:33.892415Z[0m [32m INFO[0m [2mmidnight_bench[0m[2m:[0m [3mstage[0m[2m=[0m"trace.lookups_permuted.start" [3mrss_mb[0m[2m=[0m341 [3mhwm_mb[0m[2m=[0m353
[2m2026-09-15T07:00:33.941494Z[0m [32m INFO[0m [2mmidnight_bench[0m[2m:[0m [3mstage[0m[2m=[0m"trace.lookups_permuted.end" [3mrss_mb[0m[2m=[0m346 [3mhwm_mb[0m[2m=[0m353
[2m2026-09-15T07:00:33.941524Z[0m [32m INFO[0m [2mmidnight_bench[0m[2m:[0m [3mstage[0m[2m=[0m"trace.permutations_commit.start" [3mrss_mb[0m[2m=[0m346 [3mhwm_mb[0m[2m=[0m353
[2m2026-09-15T07:00:34.018883Z[0m [32m INFO[0m [2mmidnight_bench[0m[2m:[0m [3mstage[0m[2m=[0m"trace.permutations_commit.end" [3mrss_mb[0m[2m=[0m354 [3mhwm_mb[0m[2m=[0m354
[2m2026-09-15T07:00:34.018912Z[0m [32m INFO[0m [2mmidnight_bench[0m[2m:[0m [3mstage[0m[2m=[0m"trace.lookups_product.start" [3mrss_mb[0m[2m=[0m354 [3mhwm_mb[0m[2m=[0m354
[2m2026-09-15T07:00:34.072863Z[0m [32m INFO[0m [2mmidnight_bench[0m[2m:[0m [3mstage[0m[2m=[0m"trace.lookups_product.end" [3mrss_mb[0m[2m=[0m354 [3mhwm_mb[0m[2m=[0m354
[2m2026-09-15T07:00:34.097429Z[0m [32m INFO[0m [2mmidnight_bench[0m[2m:[0m [3mstage[0m[2m=[0m"create_proof.compute_trace.end" [3mrss_mb[0m[2m=[0m355 [3mhwm_mb[0m[2m=[0m355
[2m2026-09-15T07:00:34.097458Z[0m [32m INFO[0m [2mmidnight_bench[0m[2m:[0m [3mstage[0m[2m=[0m"create_proof.finalise_proof.start" [3mrss_mb[0m[2m=[0m355 [3mhwm_mb[0m[2m=[0m355
[2m2026-09-15T07:00:34.097468Z[0m [32m INFO[0m [2mmidnight_bench[0m[2m:[0m [3mstage[0m[2m=[0m"finalise.compute_h_poly.start" [3mrss_mb[0m[2m=[0m355 [3mhwm_mb[0m[2m=[0m355
[2m2026-09-15T07:00:34.258981Z[0m [32m INFO[0m [2mmidnight_bench[0m[2m:[0m [3mstage[0m[2m=[0m"finalise.compute_h_poly.drop_cosets.end" [3mrss_mb[0m[2m=[0m355 [3mhwm_mb[0m[2m=[0m355
[2m2026-09-15T07:00:34.259008Z[0m [32m INFO[0m [2mmidnight_bench[0m[2m:[0m [3mstage[0m[2m=[0m"finalise.compute_h_poly.end" [3mrss_mb[0m[2m=[0m355 [3mhwm_mb[0m[2m=[0m355
[2m2026-09-15T07:00:34.259015Z[0m [32m INFO[0m [2mmidnight_bench[0m[2m:[0m [3mstage[0m[2m=[0m"finalise.vanishing_construct.start" [3mrss_mb[0m[2m=[0m355 [3mhwm_mb[0m[2m=[0m355
[2m2026-09-15T07:00:34.362897Z[0m [32m INFO[0m [2mmidnight_bench[0m[2m:[0m [3mstage[0m[2m=[0m"finalise.vanishing_construct.end" [3mrss_mb[0m[2m=[0m355 [3mhwm_mb[0m[2m=[0m355
[2m2026-09-15T07:00:34.391293Z[0m [32m INFO[0m [2mmidnight_bench[0m[2m:[0m [3mstage[0m[2m=[0m"finalise.compute_queries.start" [3mrss_mb[0m[2m=[0m355 [3mhwm_mb[0m[2m=[0m355
[2m2026-09-15T07:00:34.391405Z[0m [32m INFO[0m [2mmidnight_bench[0m[2m:[0m [3mstage[0m[2m=[0m"finalise.multi_open.start" [3mrss_mb[0m[2m=[0m355 [3mhwm_mb[0m[2m=[0m355
[2m2026-09-15T07:00:34.489260Z[0m [32m INFO[0m [2mmidnight_bench[0m[2m:[0m [3mstage[0m[2m=[0m"finalise.multi_open.end" [3mrss_mb[0m[2m=[0m355 [3mhwm_mb[0m[2m=[0m355
[2m2026-09-15T07:00:34.490615Z[0m [32m INFO[0m [2mmidnight_bench[0m[2m:[0m [3mstage[0m[2m=[0m"create_proof.finalise_proof.end" [3mrss_mb[0m[2m=[0m329 [3mhwm_mb[0m[2m=[0m353
[2m2026-09-15T07:00:34.506887Z[0m [32m INFO[0m [2mactix_web::middleware::logger[0m[2m:[0m 192.168.65.1 POST /prove HTTP/1.1; took 0.699891s
[2m2026-09-15T07:00:34.508279Z[0m [32m INFO[0m [2mmidnight_proof_server::endpoints[0m[2m:[0m Starting to process request for /prove...
[2m2026-09-15T07:00:34.591599Z[0m [32m INFO[0m [2mmidnight_bench[0m[2m:[0m [3mstage[0m[2m=[0m"create_proof.compute_trace.start" [3mrss_mb[0m[2m=[0m334 [3mhwm_mb[0m[2m=[0m353
[2m2026-09-15T07:00:34.591629Z[0m [32m INFO[0m [2mmidnight_bench[0m[2m:[0m [3mstage[0m[2m=[0m"trace.compute_instances.start" [3mrss_mb[0m[2m=[0m334 [3mhwm_mb[0m[2m=[0m353
[2m2026-09-15T07:00:34.597222Z[0m [32m INFO[0m [2mmidnight_bench[0m[2m:[0m [3mstage[0m[2m=[0m"trace.compute_instances.end" [3mrss_mb[0m[2m=[0m334 [3mhwm_mb[0m[2m=[0m353
[2m2026-09-15T07:00:34.597244Z[0m [32m INFO[0m [2mmidnight_bench[0m[2m:[0m [3mstage[0m[2m=[0m"trace.parse_advices.start" [3mrss_mb[0m[2m=[0m334 [3mhwm_mb[0m[2m=[0m353
[2m2026-09-15T07:00:34.603888Z[0m [32m INFO[0m [2mmidnight_bench[0m[2m:[0m [3mstage[0m[2m=[0m"trace.parse_advices.end" [3mrss_mb[0m[2m=[0m342 [3mhwm_mb[0m[2m=[0m353
[2m2026-09-15T07:00:34.603911Z[0m [32m INFO[0m [2mmidnight_bench[0m[2m:[0m [3mstage[0m[2m=[0m"trace.lookups_permuted.start" [3mrss_mb[0m[2m=[0m342 [3mhwm_mb[0m[2m=[0m353
[2m2026-09-15T07:00:34.656411Z[0m [32m INFO[0m [2mmidnight_bench[0m[2m:[0m [3mstage[0m[2m=[0m"trace.lookups_permuted.end" [3mrss_mb[0m[2m=[0m347 [3mhwm_mb[0m[2m=[0m353
[2m2026-09-15T07:00:34.656443Z[0m [32m INFO[0m [2mmidnight_bench[0m[2m:[0m [3mstage[0m[2m=[0m"trace.permutations_commit.start" [3mrss_mb[0m[2m=[0m347 [3mhwm_mb[0m[2m=[0m353
[2m2026-09-15T07:00:34.730864Z[0m [32m INFO[0m [2mmidnight_bench[0m[2m:[0m [3mstage[0m[2m=[0m"trace.permutations_commit.end" [3mrss_mb[0m[2m=[0m355 [3mhwm_mb[0m[2m=[0m355
[2m2026-09-15T07:00:34.730899Z[0m [32m INFO[0m [2mmidnight_bench[0m[2m:[0m [3mstage[0m[2m=[0m"trace.lookups_product.start" [3mrss_mb[0m[2m=[0m355 [3mhwm_mb[0m[2m=[0m355
[2m2026-09-15T07:00:34.787245Z[0m [32m INFO[0m [2mmidnight_bench[0m[2m:[0m [3mstage[0m[2m=[0m"trace.lookups_product.end" [3mrss_mb[0m[2m=[0m355 [3mhwm_mb[0m[2m=[0m355
[2m2026-09-15T07:00:34.815710Z[0m [32m INFO[0m [2mmidnight_bench[0m[2m:[0m [3mstage[0m[2m=[0m"create_proof.compute_trace.end" [3mrss_mb[0m[2m=[0m356 [3mhwm_mb[0m[2m=[0m356
[2m2026-09-15T07:00:34.815738Z[0m [32m INFO[0m [2mmidnight_bench[0m[2m:[0m [3mstage[0m[2m=[0m"create_proof.finalise_proof.start" [3mrss_mb[0m[2m=[0m356 [3mhwm_mb[0m[2m=[0m356
[2m2026-09-15T07:00:34.815746Z[0m [32m INFO[0m [2mmidnight_bench[0m[2m:[0m [3mstage[0m[2m=[0m"finalise.compute_h_poly.start" [3mrss_mb[0m[2m=[0m356 [3mhwm_mb[0m[2m=[0m356
[2m2026-09-15T07:00:34.969933Z[0m [32m INFO[0m [2mmidnight_bench[0m[2m:[0m [3mstage[0m[2m=[0m"finalise.compute_h_poly.drop_cosets.end" [3mrss_mb[0m[2m=[0m356 [3mhwm_mb[0m[2m=[0m356
[2m2026-09-15T07:00:34.969964Z[0m [32m INFO[0m [2mmidnight_bench[0m[2m:[0m [3mstage[0m[2m=[0m"finalise.compute_h_poly.end" [3mrss_mb[0m[2m=[0m356 [3mhwm_mb[0m[2m=[0m356
[2m2026-09-15T07:00:34.969972Z[0m [32m INFO[0m [2mmidnight_bench[0m[2m:[0m [3mstage[0m[2m=[0m"finalise.vanishing_construct.start" [3mrss_mb[0m[2m=[0m356 [3mhwm_mb[0m[2m=[0m356
[2m2026-09-15T07:00:35.068009Z[0m [32m INFO[0m [2mmidnight_bench[0m[2m:[0m [3mstage[0m[2m=[0m"finalise.vanishing_construct.end" [3mrss_mb[0m[2m=[0m356 [3mhwm_mb[0m[2m=[0m356
[2m2026-09-15T07:00:35.096959Z[0m [32m INFO[0m [2mmidnight_bench[0m[2m:[0m [3mstage[0m[2m=[0m"finalise.compute_queries.start" [3mrss_mb[0m[2m=[0m356 [3mhwm_mb[0m[2m=[0m356
[2m2026-09-15T07:00:35.097048Z[0m [32m INFO[0m [2mmidnight_bench[0m[2m:[0m [3mstage[0m[2m=[0m"finalise.multi_open.start" [3mrss_mb[0m[2m=[0m356 [3mhwm_mb[0m[2m=[0m356
[2m2026-09-15T07:00:35.187580Z[0m [32m INFO[0m [2mmidnight_bench[0m[2m:[0m [3mstage[0m[2m=[0m"finalise.multi_open.end" [3mrss_mb[0m[2m=[0m356 [3mhwm_mb[0m[2m=[0m356
[2m2026-09-15T07:00:35.188378Z[0m [32m INFO[0m [2mmidnight_bench[0m[2m:[0m [3mstage[0m[2m=[0m"create_proof.finalise_proof.end" [3mrss_mb[0m[2m=[0m330 [3mhwm_mb[0m[2m=[0m355
[2m2026-09-15T07:00:35.203691Z[0m [32m INFO[0m [2mactix_web::middleware::logger[0m[2m:[0m 192.168.65.1 POST /prove HTTP/1.1; took 0.695429s
[2m2026-09-15T07:00:35.205736Z[0m [32m INFO[0m [2mmidnight_proof_server::endpoints[0m[2m:[0m Starting to process request for /prove...
[2m2026-09-15T07:00:35.274323Z[0m [32m INFO[0m [2mmidnight_bench[0m[2m:[0m [3mstage[0m[2m=[0m"create_proof.compute_trace.start" [3mrss_mb[0m[2m=[0m335 [3mhwm_mb[0m[2m=[0m355
[2m2026-09-15T07:00:35.274361Z[0m [32m INFO[0m [2mmidnight_bench[0m[2m:[0m [3mstage[0m[2m=[0m"trace.compute_instances.start" [3mrss_mb[0m[2m=[0m335 [3mhwm_mb[0m[2m=[0m355
[2m2026-09-15T07:00:35.279434Z[0m [32m INFO[0m [2mmidnight_bench[0m[2m:[0m [3mstage[0m[2m=[0m"trace.compute_instances.end" [3mrss_mb[0m[2m=[0m335 [3mhwm_mb[0m[2m=[0m355
[2m2026-09-15T07:00:35.279453Z[0m [32m INFO[0m [2mmidnight_bench[0m[2m:[0m [3mstage[0m[2m=[0m"trace.parse_advices.start" [3mrss_mb[0m[2m=[0m335 [3mhwm_mb[0m[2m=[0m355
[2m2026-09-15T07:00:35.285647Z[0m [32m INFO[0m [2mmidnight_bench[0m[2m:[0m [3mstage[0m[2m=[0m"trace.parse_advices.end" [3mrss_mb[0m[2m=[0m343 [3mhwm_mb[0m[2m=[0m355
[2m2026-09-15T07:00:35.285671Z[0m [32m INFO[0m [2mmidnight_bench[0m[2m:[0m [3mstage[0m[2m=[0m"trace.lookups_permuted.start" [3mrss_mb[0m[2m=[0m343 [3mhwm_mb[0m[2m=[0m355
[2m2026-09-15T07:00:35.335587Z[0m [32m INFO[0m [2mmidnight_bench[0m[2m:[0m [3mstage[0m[2m=[0m"trace.lookups_permuted.end" [3mrss_mb[0m[2m=[0m348 [3mhwm_mb[0m[2m=[0m355
[2m2026-09-15T07:00:35.335616Z[0m [32m INFO[0m [2mmidnight_bench[0m[2m:[0m [3mstage[0m[2m=[0m"trace.permutations_commit.start" [3mrss_mb[0m[2m=[0m348 [3mhwm_mb[0m[2m=[0m355
[2m2026-09-15T07:00:35.407332Z[0m [32m INFO[0m [2mmidnight_bench[0m[2m:[0m [3mstage[0m[2m=[0m"trace.permutations_commit.end" [3mrss_mb[0m[2m=[0m355 [3mhwm_mb[0m[2m=[0m355
[2m2026-09-15T07:00:35.407357Z[0m [32m INFO[0m [2mmidnight_bench[0m[2m:[0m [3mstage[0m[2m=[0m"trace.lookups_product.start" [3mrss_mb[0m[2m=[0m355 [3mhwm_mb[0m[2m=[0m355
[2m2026-09-15T07:00:35.458992Z[0m [32m INFO[0m [2mmidnight_bench[0m[2m:[0m [3mstage[0m[2m=[0m"trace.lookups_product.end" [3mrss_mb[0m[2m=[0m355 [3mhwm_mb[0m[2m=[0m355
[2m2026-09-15T07:00:35.484006Z[0m [32m INFO[0m [2mmidnight_bench[0m[2m:[0m [3mstage[0m[2m=[0m"create_proof.compute_trace.end" [3mrss_mb[0m[2m=[0m356 [3mhwm_mb[0m[2m=[0m356
[2m2026-09-15T07:00:35.484034Z[0m [32m INFO[0m [2mmidnight_bench[0m[2m:[0m [3mstage[0m[2m=[0m"create_proof.finalise_proof.start" [3mrss_mb[0m[2m=[0m356 [3mhwm_mb[0m[2m=[0m356
[2m2026-09-15T07:00:35.484043Z[0m [32m INFO[0m [2mmidnight_bench[0m[2m:[0m [3mstage[0m[2m=[0m"finalise.compute_h_poly.start" [3mrss_mb[0m[2m=[0m356 [3mhwm_mb[0m[2m=[0m356
[2m2026-09-15T07:00:35.623996Z[0m [32m INFO[0m [2mmidnight_bench[0m[2m:[0m [3mstage[0m[2m=[0m"finalise.compute_h_poly.drop_cosets.end" [3mrss_mb[0m[2m=[0m358 [3mhwm_mb[0m[2m=[0m358
[2m2026-09-15T07:00:35.624022Z[0m [32m INFO[0m [2mmidnight_bench[0m[2m:[0m [3mstage[0m[2m=[0m"finalise.compute_h_poly.end" [3mrss_mb[0m[2m=[0m358 [3mhwm_mb[0m[2m=[0m358
[2m2026-09-15T07:00:35.624029Z[0m [32m INFO[0m [2mmidnight_bench[0m[2m:[0m [3mstage[0m[2m=[0m"finalise.vanishing_construct.start" [3mrss_mb[0m[2m=[0m358 [3mhwm_mb[0m[2m=[0m358
[2m2026-09-15T07:00:35.716002Z[0m [32m INFO[0m [2mmidnight_bench[0m[2m:[0m [3mstage[0m[2m=[0m"finalise.vanishing_construct.end" [3mrss_mb[0m[2m=[0m358 [3mhwm_mb[0m[2m=[0m358
[2m2026-09-15T07:00:35.744718Z[0m [32m INFO[0m [2mmidnight_bench[0m[2m:[0m [3mstage[0m[2m=[0m"finalise.compute_queries.start" [3mrss_mb[0m[2m=[0m358 [3mhwm_mb[0m[2m=[0m358
[2m2026-09-15T07:00:35.744808Z[0m [32m INFO[0m [2mmidnight_bench[0m[2m:[0m [3mstage[0m[2m=[0m"finalise.multi_open.start" [3mrss_mb[0m[2m=[0m358 [3mhwm_mb[0m[2m=[0m358
[2m2026-09-15T07:00:35.846994Z[0m [32m INFO[0m [2mmidnight_bench[0m[2m:[0m [3mstage[0m[2m=[0m"finalise.multi_open.end" [3mrss_mb[0m[2m=[0m358 [3mhwm_mb[0m[2m=[0m358
[2m2026-09-15T07:00:35.847707Z[0m [32m INFO[0m [2mmidnight_bench[0m[2m:[0m [3mstage[0m[2m=[0m"create_proof.finalise_proof.end" [3mrss_mb[0m[2m=[0m333 [3mhwm_mb[0m[2m=[0m357
[2m2026-09-15T07:00:35.863173Z[0m [32m INFO[0m [2mactix_web::middleware::logger[0m[2m:[0m 192.168.65.1 POST /prove HTTP/1.1; took 0.657456s
[2m2026-09-15T07:00:35.865172Z[0m [32m INFO[0m [2mmidnight_proof_server::endpoints[0m[2m:[0m Starting to process request for /prove...
[2m2026-09-15T07:00:35.938656Z[0m [32m INFO[0m [2mmidnight_bench[0m[2m:[0m [3mstage[0m[2m=[0m"create_proof.compute_trace.start" [3mrss_mb[0m[2m=[0m338 [3mhwm_mb[0m[2m=[0m357
[2m2026-09-15T07:00:35.938683Z[0m [32m INFO[0m [2mmidnight_bench[0m[2m:[0m [3mstage[0m[2m=[0m"trace.compute_instances.start" [3mrss_mb[0m[2m=[0m338 [3mhwm_mb[0m[2m=[0m357
[2m2026-09-15T07:00:35.943447Z[0m [32m INFO[0m [2mmidnight_bench[0m[2m:[0m [3mstage[0m[2m=[0m"trace.compute_instances.end" [3mrss_mb[0m[2m=[0m338 [3mhwm_mb[0m[2m=[0m357
[2m2026-09-15T07:00:35.943470Z[0m [32m INFO[0m [2mmidnight_bench[0m[2m:[0m [3mstage[0m[2m=[0m"trace.parse_advices.start" [3mrss_mb[0m[2m=[0m338 [3mhwm_mb[0m[2m=[0m357
[2m2026-09-15T07:00:35.949673Z[0m [32m INFO[0m [2mmidnight_bench[0m[2m:[0m [3mstage[0m[2m=[0m"trace.parse_advices.end" [3mrss_mb[0m[2m=[0m347 [3mhwm_mb[0m[2m=[0m357
[2m2026-09-15T07:00:35.949711Z[0m [32m INFO[0m [2mmidnight_bench[0m[2m:[0m [3mstage[0m[2m=[0m"trace.lookups_permuted.start" [3mrss_mb[0m[2m=[0m347 [3mhwm_mb[0m[2m=[0m357
[2m2026-09-15T07:00:35.995066Z[0m [32m INFO[0m [2mmidnight_bench[0m[2m:[0m [3mstage[0m[2m=[0m"trace.lookups_permuted.end" [3mrss_mb[0m[2m=[0m352 [3mhwm_mb[0m[2m=[0m357
[2m2026-09-15T07:00:35.995094Z[0m [32m INFO[0m [2mmidnight_bench[0m[2m:[0m [3mstage[0m[2m=[0m"trace.permutations_commit.start" [3mrss_mb[0m[2m=[0m352 [3mhwm_mb[0m[2m=[0m357
[2m2026-09-15T07:00:36.069142Z[0m [32m INFO[0m [2mmidnight_bench[0m[2m:[0m [3mstage[0m[2m=[0m"trace.permutations_commit.end" [3mrss_mb[0m[2m=[0m359 [3mhwm_mb[0m[2m=[0m359
[2m2026-09-15T07:00:36.069167Z[0m [32m INFO[0m [2mmidnight_bench[0m[2m:[0m [3mstage[0m[2m=[0m"trace.lookups_product.start" [3mrss_mb[0m[2m=[0m359 [3mhwm_mb[0m[2m=[0m359
[2m2026-09-15T07:00:36.121331Z[0m [32m INFO[0m [2mmidnight_bench[0m[2m:[0m [3mstage[0m[2m=[0m"trace.lookups_product.end" [3mrss_mb[0m[2m=[0m359 [3mhwm_mb[0m[2m=[0m359
[2m2026-09-15T07:00:36.147321Z[0m [32m INFO[0m [2mmidnight_bench[0m[2m:[0m [3mstage[0m[2m=[0m"create_proof.compute_trace.end" [3mrss_mb[0m[2m=[0m360 [3mhwm_mb[0m[2m=[0m360
[2m2026-09-15T07:00:36.147345Z[0m [32m INFO[0m [2mmidnight_bench[0m[2m:[0m [3mstage[0m[2m=[0m"create_proof.finalise_proof.start" [3mrss_mb[0m[2m=[0m360 [3mhwm_mb[0m[2m=[0m360
[2m2026-09-15T07:00:36.147353Z[0m [32m INFO[0m [2mmidnight_bench[0m[2m:[0m [3mstage[0m[2m=[0m"finalise.compute_h_poly.start" [3mrss_mb[0m[2m=[0m360 [3mhwm_mb[0m[2m=[0m360
[2m2026-09-15T07:00:36.295230Z[0m [32m INFO[0m [2mmidnight_bench[0m[2m:[0m [3mstage[0m[2m=[0m"finalise.compute_h_poly.drop_cosets.end" [3mrss_mb[0m[2m=[0m360 [3mhwm_mb[0m[2m=[0m360
[2m2026-09-15T07:00:36.295257Z[0m [32m INFO[0m [2mmidnight_bench[0m[2m:[0m [3mstage[0m[2m=[0m"finalise.compute_h_poly.end" [3mrss_mb[0m[2m=[0m360 [3mhwm_mb[0m[2m=[0m360
[2m2026-09-15T07:00:36.295265Z[0m [32m INFO[0m [2mmidnight_bench[0m[2m:[0m [3mstage[0m[2m=[0m"finalise.vanishing_construct.start" [3mrss_mb[0m[2m=[0m360 [3mhwm_mb[0m[2m=[0m360
[2m2026-09-15T07:00:36.390752Z[0m [32m INFO[0m [2mmidnight_bench[0m[2m:[0m [3mstage[0m[2m=[0m"finalise.vanishing_construct.end" [3mrss_mb[0m[2m=[0m360 [3mhwm_mb[0m[2m=[0m360
[2m2026-09-15T07:00:36.418228Z[0m [32m INFO[0m [2mmidnight_bench[0m[2m:[0m [3mstage[0m[2m=[0m"finalise.compute_queries.start" [3mrss_mb[0m[2m=[0m360 [3mhwm_mb[0m[2m=[0m360
[2m2026-09-15T07:00:36.418317Z[0m [32m INFO[0m [2mmidnight_bench[0m[2m:[0m [3mstage[0m[2m=[0m"finalise.multi_open.start" [3mrss_mb[0m[2m=[0m360 [3mhwm_mb[0m[2m=[0m360
[2m2026-09-15T07:00:36.506812Z[0m [32m INFO[0m [2mmidnight_bench[0m[2m:[0m [3mstage[0m[2m=[0m"finalise.multi_open.end" [3mrss_mb[0m[2m=[0m360 [3mhwm_mb[0m[2m=[0m360
[2m2026-09-15T07:00:36.507619Z[0m [32m INFO[0m [2mmidnight_bench[0m[2m:[0m [3mstage[0m[2m=[0m"create_proof.finalise_proof.end" [3mrss_mb[0m[2m=[0m334 [3mhwm_mb[0m[2m=[0m359
[2m2026-09-15T07:00:36.523995Z[0m [32m INFO[0m [2mactix_web::middleware::logger[0m[2m:[0m 192.168.65.1 POST /prove HTTP/1.1; took 0.658840s
[2m2026-09-15T07:00:36.525742Z[0m [32m INFO[0m [2mmidnight_proof_server::endpoints[0m[2m:[0m Starting to process request for /prove...
[2m2026-09-15T07:00:36.597150Z[0m [32m INFO[0m [2mmidnight_bench[0m[2m:[0m [3mstage[0m[2m=[0m"create_proof.compute_trace.start" [3mrss_mb[0m[2m=[0m322 [3mhwm_mb[0m[2m=[0m359
[2m2026-09-15T07:00:36.597179Z[0m [32m INFO[0m [2mmidnight_bench[0m[2m:[0m [3mstage[0m[2m=[0m"trace.compute_instances.start" [3mrss_mb[0m[2m=[0m322 [3mhwm_mb[0m[2m=[0m359
[2m2026-09-15T07:00:36.602738Z[0m [32m INFO[0m [2mmidnight_bench[0m[2m:[0m [3mstage[0m[2m=[0m"trace.compute_instances.end" [3mrss_mb[0m[2m=[0m322 [3mhwm_mb[0m[2m=[0m359
[2m2026-09-15T07:00:36.602759Z[0m [32m INFO[0m [2mmidnight_bench[0m[2m:[0m [3mstage[0m[2m=[0m"trace.parse_advices.start" [3mrss_mb[0m[2m=[0m322 [3mhwm_mb[0m[2m=[0m359
[2m2026-09-15T07:00:36.609568Z[0m [32m INFO[0m [2mmidnight_bench[0m[2m:[0m [3mstage[0m[2m=[0m"trace.parse_advices.end" [3mrss_mb[0m[2m=[0m330 [3mhwm_mb[0m[2m=[0m359
[2m2026-09-15T07:00:36.609594Z[0m [32m INFO[0m [2mmidnight_bench[0m[2m:[0m [3mstage[0m[2m=[0m"trace.lookups_permuted.start" [3mrss_mb[0m[2m=[0m330 [3mhwm_mb[0m[2m=[0m359
[2m2026-09-15T07:00:36.651449Z[0m [32m INFO[0m [2mmidnight_bench[0m[2m:[0m [3mstage[0m[2m=[0m"trace.lookups_permuted.end" [3mrss_mb[0m[2m=[0m335 [3mhwm_mb[0m[2m=[0m359
[2m2026-09-15T07:00:36.651477Z[0m [32m INFO[0m [2mmidnight_bench[0m[2m:[0m [3mstage[0m[2m=[0m"trace.permutations_commit.start" [3mrss_mb[0m[2m=[0m335 [3mhwm_mb[0m[2m=[0m359
[2m2026-09-15T07:00:36.723475Z[0m [32m INFO[0m [2mmidnight_bench[0m[2m:[0m [3mstage[0m[2m=[0m"trace.permutations_commit.end" [3mrss_mb[0m[2m=[0m343 [3mhwm_mb[0m[2m=[0m359
[2m2026-09-15T07:00:36.723496Z[0m [32m INFO[0m [2mmidnight_bench[0m[2m:[0m [3mstage[0m[2m=[0m"trace.lookups_product.start" [3mrss_mb[0m[2m=[0m343 [3mhwm_mb[0m[2m=[0m359
[2m2026-09-15T07:00:36.779448Z[0m [32m INFO[0m [2mmidnight_bench[0m[2m:[0m [3mstage[0m[2m=[0m"trace.lookups_product.end" [3mrss_mb[0m[2m=[0m343 [3mhwm_mb[0m[2m=[0m359
[2m2026-09-15T07:00:36.806911Z[0m [32m INFO[0m [2mmidnight_bench[0m[2m:[0m [3mstage[0m[2m=[0m"create_proof.compute_trace.end" [3mrss_mb[0m[2m=[0m344 [3mhwm_mb[0m[2m=[0m359
[2m2026-09-15T07:00:36.806939Z[0m [32m INFO[0m [2mmidnight_bench[0m[2m:[0m [3mstage[0m[2m=[0m"create_proof.finalise_proof.start" [3mrss_mb[0m[2m=[0m344 [3mhwm_mb[0m[2m=[0m359
[2m2026-09-15T07:00:36.806948Z[0m [32m INFO[0m [2mmidnight_bench[0m[2m:[0m [3mstage[0m[2m=[0m"finalise.compute_h_poly.start" [3mrss_mb[0m[2m=[0m344 [3mhwm_mb[0m[2m=[0m359
[2m2026-09-15T07:00:36.967096Z[0m [32m INFO[0m [2mmidnight_bench[0m[2m:[0m [3mstage[0m[2m=[0m"finalise.compute_h_poly.drop_cosets.end" [3mrss_mb[0m[2m=[0m344 [3mhwm_mb[0m[2m=[0m359
[2m2026-09-15T07:00:36.967127Z[0m [32m INFO[0m [2mmidnight_bench[0m[2m:[0m [3mstage[0m[2m=[0m"finalise.compute_h_poly.end" [3mrss_mb[0m[2m=[0m344 [3mhwm_mb[0m[2m=[0m359
[2m2026-09-15T07:00:36.967134Z[0m [32m INFO[0m [2mmidnight_bench[0m[2m:[0m [3mstage[0m[2m=[0m"finalise.vanishing_construct.start" [3mrss_mb[0m[2m=[0m344 [3mhwm_mb[0m[2m=[0m359
[2m2026-09-15T07:00:37.067529Z[0m [32m INFO[0m [2mmidnight_bench[0m[2m:[0m [3mstage[0m[2m=[0m"finalise.vanishing_construct.end" [3mrss_mb[0m[2m=[0m344 [3mhwm_mb[0m[2m=[0m359
[2m2026-09-15T07:00:37.100578Z[0m [32m INFO[0m [2mmidnight_bench[0m[2m:[0m [3mstage[0m[2m=[0m"finalise.compute_queries.start" [3mrss_mb[0m[2m=[0m344 [3mhwm_mb[0m[2m=[0m359
[2m2026-09-15T07:00:37.100671Z[0m [32m INFO[0m [2mmidnight_bench[0m[2m:[0m [3mstage[0m[2m=[0m"finalise.multi_open.start" [3mrss_mb[0m[2m=[0m344 [3mhwm_mb[0m[2m=[0m359
[2m2026-09-15T07:00:37.204774Z[0m [32m INFO[0m [2mmidnight_bench[0m[2m:[0m [3mstage[0m[2m=[0m"finalise.multi_open.end" [3mrss_mb[0m[2m=[0m344 [3mhwm_mb[0m[2m=[0m359
[2m2026-09-15T07:00:37.205521Z[0m [32m INFO[0m [2mmidnight_bench[0m[2m:[0m [3mstage[0m[2m=[0m"create_proof.finalise_proof.end" [3mrss_mb[0m[2m=[0m318 [3mhwm_mb[0m[2m=[0m359
[2m2026-09-15T07:00:37.221245Z[0m [32m INFO[0m [2mactix_web::middleware::logger[0m[2m:[0m 192.168.65.1 POST /prove HTTP/1.1; took 0.695518s
[2m2026-09-15T07:00:37.222851Z[0m [32m INFO[0m [2mmidnight_proof_server::endpoints[0m[2m:[0m Starting to process request for /prove...
[2m2026-09-15T07:00:37.294430Z[0m [32m INFO[0m [2mmidnight_bench[0m[2m:[0m [3mstage[0m[2m=[0m"create_proof.compute_trace.start" [3mrss_mb[0m[2m=[0m322 [3mhwm_mb[0m[2m=[0m359
[2m2026-09-15T07:00:37.294466Z[0m [32m INFO[0m [2mmidnight_bench[0m[2m:[0m [3mstage[0m[2m=[0m"trace.compute_instances.start" [3mrss_mb[0m[2m=[0m322 [3mhwm_mb[0m[2m=[0m359
[2m2026-09-15T07:00:37.300334Z[0m [32m INFO[0m [2mmidnight_bench[0m[2m:[0m [3mstage[0m[2m=[0m"trace.compute_instances.end" [3mrss_mb[0m[2m=[0m322 [3mhwm_mb[0m[2m=[0m359
[2m2026-09-15T07:00:37.300357Z[0m [32m INFO[0m [2mmidnight_bench[0m[2m:[0m [3mstage[0m[2m=[0m"trace.parse_advices.start" [3mrss_mb[0m[2m=[0m322 [3mhwm_mb[0m[2m=[0m359
[2m2026-09-15T07:00:37.306711Z[0m [32m INFO[0m [2mmidnight_bench[0m[2m:[0m [3mstage[0m[2m=[0m"trace.parse_advices.end" [3mrss_mb[0m[2m=[0m330 [3mhwm_mb[0m[2m=[0m359
[2m2026-09-15T07:00:37.306739Z[0m [32m INFO[0m [2mmidnight_bench[0m[2m:[0m [3mstage[0m[2m=[0m"trace.lookups_permuted.start" [3mrss_mb[0m[2m=[0m330 [3mhwm_mb[0m[2m=[0m359
[2m2026-09-15T07:00:37.356245Z[0m [32m INFO[0m [2mmidnight_bench[0m[2m:[0m [3mstage[0m[2m=[0m"trace.lookups_permuted.end" [3mrss_mb[0m[2m=[0m335 [3mhwm_mb[0m[2m=[0m359
[2m2026-09-15T07:00:37.356273Z[0m [32m INFO[0m [2mmidnight_bench[0m[2m:[0m [3mstage[0m[2m=[0m"trace.permutations_commit.start" [3mrss_mb[0m[2m=[0m335 [3mhwm_mb[0m[2m=[0m359
[2m2026-09-15T07:00:37.432690Z[0m [32m INFO[0m [2mmidnight_bench[0m[2m:[0m [3mstage[0m[2m=[0m"trace.permutations_commit.end" [3mrss_mb[0m[2m=[0m343 [3mhwm_mb[0m[2m=[0m359
[2m2026-09-15T07:00:37.432714Z[0m [32m INFO[0m [2mmidnight_bench[0m[2m:[0m [3mstage[0m[2m=[0m"trace.lookups_product.start" [3mrss_mb[0m[2m=[0m343 [3mhwm_mb[0m[2m=[0m359
[2m2026-09-15T07:00:37.487320Z[0m [32m INFO[0m [2mmidnight_bench[0m[2m:[0m [3mstage[0m[2m=[0m"trace.lookups_product.end" [3mrss_mb[0m[2m=[0m343 [3mhwm_mb[0m[2m=[0m359
[2m2026-09-15T07:00:37.512775Z[0m [32m INFO[0m [2mmidnight_bench[0m[2m:[0m [3mstage[0m[2m=[0m"create_proof.compute_trace.end" [3mrss_mb[0m[2m=[0m344 [3mhwm_mb[0m[2m=[0m359
[2m2026-09-15T07:00:37.512800Z[0m [32m INFO[0m [2mmidnight_bench[0m[2m:[0m [3mstage[0m[2m=[0m"create_proof.finalise_proof.start" [3mrss_mb[0m[2m=[0m344 [3mhwm_mb[0m[2m=[0m359
[2m2026-09-15T07:00:37.512809Z[0m [32m INFO[0m [2mmidnight_bench[0m[2m:[0m [3mstage[0m[2m=[0m"finalise.compute_h_poly.start" [3mrss_mb[0m[2m=[0m344 [3mhwm_mb[0m[2m=[0m359
[2m2026-09-15T07:00:37.678636Z[0m [32m INFO[0m [2mmidnight_bench[0m[2m:[0m [3mstage[0m[2m=[0m"finalise.compute_h_poly.drop_cosets.end" [3mrss_mb[0m[2m=[0m344 [3mhwm_mb[0m[2m=[0m359
[2m2026-09-15T07:00:37.678665Z[0m [32m INFO[0m [2mmidnight_bench[0m[2m:[0m [3mstage[0m[2m=[0m"finalise.compute_h_poly.end" [3mrss_mb[0m[2m=[0m344 [3mhwm_mb[0m[2m=[0m359
[2m2026-09-15T07:00:37.678673Z[0m [32m INFO[0m [2mmidnight_bench[0m[2m:[0m [3mstage[0m[2m=[0m"finalise.vanishing_construct.start" [3mrss_mb[0m[2m=[0m344 [3mhwm_mb[0m[2m=[0m359
[2m2026-09-15T07:00:37.778401Z[0m [32m INFO[0m [2mmidnight_bench[0m[2m:[0m [3mstage[0m[2m=[0m"finalise.vanishing_construct.end" [3mrss_mb[0m[2m=[0m344 [3mhwm_mb[0m[2m=[0m359
[2m2026-09-15T07:00:37.806491Z[0m [32m INFO[0m [2mmidnight_bench[0m[2m:[0m [3mstage[0m[2m=[0m"finalise.compute_queries.start" [3mrss_mb[0m[2m=[0m344 [3mhwm_mb[0m[2m=[0m359
[2m2026-09-15T07:00:37.806582Z[0m [32m INFO[0m [2mmidnight_bench[0m[2m:[0m [3mstage[0m[2m=[0m"finalise.multi_open.start" [3mrss_mb[0m[2m=[0m344 [3mhwm_mb[0m[2m=[0m359
[2m2026-09-15T07:00:37.902278Z[0m [32m INFO[0m [2mmidnight_bench[0m[2m:[0m [3mstage[0m[2m=[0m"finalise.multi_open.end" [3mrss_mb[0m[2m=[0m344 [3mhwm_mb[0m[2m=[0m359
[2m2026-09-15T07:00:37.903049Z[0m [32m INFO[0m [2mmidnight_bench[0m[2m:[0m [3mstage[0m[2m=[0m"create_proof.finalise_proof.end" [3mrss_mb[0m[2m=[0m318 [3mhwm_mb[0m[2m=[0m359
[2m2026-09-15T07:00:37.919213Z[0m [32m INFO[0m [2mactix_web::middleware::logger[0m[2m:[0m 192.168.65.1 POST /prove HTTP/1.1; took 0.696382s
