[2m2026-09-15T06:25:06.120287Z[0m [32m INFO[0m [2mactix_server::builder[0m[2m:[0m starting 12 workers
[2m2026-09-15T06:25:06.120306Z[0m [32m INFO[0m [2mactix_server::server[0m[2m:[0m Actix runtime found; starting in Actix runtime
[2m2026-09-15T06:25:06.120308Z[0m [32m INFO[0m [2mactix_server::server[0m[2m:[0m starting service: "actix-web-service-0.0.0.0:6311", workers: 12, listening on: 0.0.0.0:6311
[2m2026-09-15T06:25:06.149707Z[0m [32m INFO[0m [2mactix_web::middleware::logger[0m[2m:[0m 192.168.65.1 GET /health HTTP/1.1; took 0.000055s
[2m2026-09-15T06:25:06.151033Z[0m [32m INFO[0m [2mactix_web::middleware::logger[0m[2m:[0m 192.168.65.1 GET /ready HTTP/1.1; took 0.000052s
[2m2026-09-15T06:25:06.152547Z[0m [32m INFO[0m [2mmidnight_proof_server::endpoints[0m[2m:[0m Starting to process request for /prove...
[2m2026-09-15T06:25:06.511887Z[0m [32m INFO[0m [2mmidnight_bench[0m[2m:[0m [3mstage[0m[2m=[0m"create_proof.compute_trace.start" [3mrss_mb[0m[2m=[0m130 [3mhwm_mb[0m[2m=[0m147
[2m2026-09-15T06:25:06.511928Z[0m [32m INFO[0m [2mmidnight_bench[0m[2m:[0m [3mstage[0m[2m=[0m"trace.compute_instances.start" [3mrss_mb[0m[2m=[0m130 [3mhwm_mb[0m[2m=[0m147
[2m2026-09-15T06:25:06.518086Z[0m [32m INFO[0m [2mmidnight_bench[0m[2m:[0m [3mstage[0m[2m=[0m"trace.compute_instances.end" [3mrss_mb[0m[2m=[0m132 [3mhwm_mb[0m[2m=[0m147
[2m2026-09-15T06:25:06.518104Z[0m [32m INFO[0m [2mmidnight_bench[0m[2m:[0m [3mstage[0m[2m=[0m"trace.parse_advices.start" [3mrss_mb[0m[2m=[0m132 [3mhwm_mb[0m[2m=[0m147
[2m2026-09-15T06:25:06.528184Z[0m [32m INFO[0m [2mmidnight_bench[0m[2m:[0m [3mstage[0m[2m=[0m"trace.parse_advices.end" [3mrss_mb[0m[2m=[0m145 [3mhwm_mb[0m[2m=[0m147
[2m2026-09-15T06:25:06.528210Z[0m [32m INFO[0m [2mmidnight_bench[0m[2m:[0m [3mstage[0m[2m=[0m"trace.lookups_permuted.start" [3mrss_mb[0m[2m=[0m145 [3mhwm_mb[0m[2m=[0m147
[2m2026-09-15T06:25:06.583803Z[0m [32m INFO[0m [2mmidnight_bench[0m[2m:[0m [3mstage[0m[2m=[0m"trace.lookups_permuted.end" [3mrss_mb[0m[2m=[0m150 [3mhwm_mb[0m[2m=[0m150
[2m2026-09-15T06:25:06.583839Z[0m [32m INFO[0m [2mmidnight_bench[0m[2m:[0m [3mstage[0m[2m=[0m"trace.permutations_commit.start" [3mrss_mb[0m[2m=[0m150 [3mhwm_mb[0m[2m=[0m150
[2m2026-09-15T06:25:06.656445Z[0m [32m INFO[0m [2mmidnight_bench[0m[2m:[0m [3mstage[0m[2m=[0m"trace.permutations_commit.end" [3mrss_mb[0m[2m=[0m159 [3mhwm_mb[0m[2m=[0m159
[2m2026-09-15T06:25:06.656559Z[0m [32m INFO[0m [2mmidnight_bench[0m[2m:[0m [3mstage[0m[2m=[0m"trace.lookups_product.start" [3mrss_mb[0m[2m=[0m159 [3mhwm_mb[0m[2m=[0m159
[2m2026-09-15T06:25:06.711105Z[0m [32m INFO[0m [2mmidnight_bench[0m[2m:[0m [3mstage[0m[2m=[0m"trace.lookups_product.end" [3mrss_mb[0m[2m=[0m160 [3mhwm_mb[0m[2m=[0m160
[2m2026-09-15T06:25:06.735336Z[0m [32m INFO[0m [2mmidnight_bench[0m[2m:[0m [3mstage[0m[2m=[0m"create_proof.compute_trace.end" [3mrss_mb[0m[2m=[0m160 [3mhwm_mb[0m[2m=[0m160
[2m2026-09-15T06:25:06.735370Z[0m [32m INFO[0m [2mmidnight_bench[0m[2m:[0m [3mstage[0m[2m=[0m"create_proof.finalise_proof.start" [3mrss_mb[0m[2m=[0m160 [3mhwm_mb[0m[2m=[0m160
[2m2026-09-15T06:25:06.735378Z[0m [32m INFO[0m [2mmidnight_bench[0m[2m:[0m [3mstage[0m[2m=[0m"finalise.compute_h_poly.start" [3mrss_mb[0m[2m=[0m160 [3mhwm_mb[0m[2m=[0m160
[2m2026-09-15T06:25:06.881619Z[0m [32m INFO[0m [2mmidnight_bench[0m[2m:[0m [3mstage[0m[2m=[0m"finalise.compute_h_poly.drop_cosets.end" [3mrss_mb[0m[2m=[0m176 [3mhwm_mb[0m[2m=[0m176
[2m2026-09-15T06:25:06.881650Z[0m [32m INFO[0m [2mmidnight_bench[0m[2m:[0m [3mstage[0m[2m=[0m"finalise.compute_h_poly.end" [3mrss_mb[0m[2m=[0m176 [3mhwm_mb[0m[2m=[0m176
[2m2026-09-15T06:25:06.881659Z[0m [32m INFO[0m [2mmidnight_bench[0m[2m:[0m [3mstage[0m[2m=[0m"finalise.vanishing_construct.start" [3mrss_mb[0m[2m=[0m176 [3mhwm_mb[0m[2m=[0m176
[2m2026-09-15T06:25:06.972015Z[0m [32m INFO[0m [2mmidnight_bench[0m[2m:[0m [3mstage[0m[2m=[0m"finalise.vanishing_construct.end" [3mrss_mb[0m[2m=[0m176 [3mhwm_mb[0m[2m=[0m176
[2m2026-09-15T06:25:07.003136Z[0m [32m INFO[0m [2mmidnight_bench[0m[2m:[0m [3mstage[0m[2m=[0m"finalise.compute_queries.start" [3mrss_mb[0m[2m=[0m176 [3mhwm_mb[0m[2m=[0m176
[2m2026-09-15T06:25:07.003260Z[0m [32m INFO[0m [2mmidnight_bench[0m[2m:[0m [3mstage[0m[2m=[0m"finalise.multi_open.start" [3mrss_mb[0m[2m=[0m176 [3mhwm_mb[0m[2m=[0m176
[2m2026-09-15T06:25:07.098208Z[0m [32m INFO[0m [2mmidnight_bench[0m[2m:[0m [3mstage[0m[2m=[0m"finalise.multi_open.end" [3mrss_mb[0m[2m=[0m176 [3mhwm_mb[0m[2m=[0m176
[2m2026-09-15T06:25:07.098775Z[0m [32m INFO[0m [2mmidnight_bench[0m[2m:[0m [3mstage[0m[2m=[0m"create_proof.finalise_proof.end" [3mrss_mb[0m[2m=[0m163 [3mhwm_mb[0m[2m=[0m175
[2m2026-09-15T06:25:07.117162Z[0m [32m INFO[0m [2mactix_web::middleware::logger[0m[2m:[0m 192.168.65.1 POST /prove HTTP/1.1; took 0.964638s
[2m2026-09-15T06:25:07.149374Z[0m [32m INFO[0m [2mmidnight_proof_server::endpoints[0m[2m:[0m Starting to process request for /prove...
[2m2026-09-15T06:25:07.220764Z[0m [32m INFO[0m [2mmidnight_bench[0m[2m:[0m [3mstage[0m[2m=[0m"create_proof.compute_trace.start" [3mrss_mb[0m[2m=[0m156 [3mhwm_mb[0m[2m=[0m175
[2m2026-09-15T06:25:07.220795Z[0m [32m INFO[0m [2mmidnight_bench[0m[2m:[0m [3mstage[0m[2m=[0m"trace.compute_instances.start" [3mrss_mb[0m[2m=[0m156 [3mhwm_mb[0m[2m=[0m175
[2m2026-09-15T06:25:07.225990Z[0m [32m INFO[0m [2mmidnight_bench[0m[2m:[0m [3mstage[0m[2m=[0m"trace.compute_instances.end" [3mrss_mb[0m[2m=[0m156 [3mhwm_mb[0m[2m=[0m175
[2m2026-09-15T06:25:07.226010Z[0m [32m INFO[0m [2mmidnight_bench[0m[2m:[0m [3mstage[0m[2m=[0m"trace.parse_advices.start" [3mrss_mb[0m[2m=[0m156 [3mhwm_mb[0m[2m=[0m175
[2m2026-09-15T06:25:07.232765Z[0m [32m INFO[0m [2mmidnight_bench[0m[2m:[0m [3mstage[0m[2m=[0m"trace.parse_advices.end" [3mrss_mb[0m[2m=[0m164 [3mhwm_mb[0m[2m=[0m175
[2m2026-09-15T06:25:07.232790Z[0m [32m INFO[0m [2mmidnight_bench[0m[2m:[0m [3mstage[0m[2m=[0m"trace.lookups_permuted.start" [3mrss_mb[0m[2m=[0m164 [3mhwm_mb[0m[2m=[0m175
[2m2026-09-15T06:25:07.278171Z[0m [32m INFO[0m [2mmidnight_bench[0m[2m:[0m [3mstage[0m[2m=[0m"trace.lookups_permuted.end" [3mrss_mb[0m[2m=[0m169 [3mhwm_mb[0m[2m=[0m175
[2m2026-09-15T06:25:07.278203Z[0m [32m INFO[0m [2mmidnight_bench[0m[2m:[0m [3mstage[0m[2m=[0m"trace.permutations_commit.start" [3mrss_mb[0m[2m=[0m169 [3mhwm_mb[0m[2m=[0m175
[2m2026-09-15T06:25:07.343308Z[0m [32m INFO[0m [2mmidnight_bench[0m[2m:[0m [3mstage[0m[2m=[0m"trace.permutations_commit.end" [3mrss_mb[0m[2m=[0m176 [3mhwm_mb[0m[2m=[0m176
[2m2026-09-15T06:25:07.343334Z[0m [32m INFO[0m [2mmidnight_bench[0m[2m:[0m [3mstage[0m[2m=[0m"trace.lookups_product.start" [3mrss_mb[0m[2m=[0m176 [3mhwm_mb[0m[2m=[0m176
[2m2026-09-15T06:25:07.391951Z[0m [32m INFO[0m [2mmidnight_bench[0m[2m:[0m [3mstage[0m[2m=[0m"trace.lookups_product.end" [3mrss_mb[0m[2m=[0m176 [3mhwm_mb[0m[2m=[0m176
[2m2026-09-15T06:25:07.415117Z[0m [32m INFO[0m [2mmidnight_bench[0m[2m:[0m [3mstage[0m[2m=[0m"create_proof.compute_trace.end" [3mrss_mb[0m[2m=[0m177 [3mhwm_mb[0m[2m=[0m177
[2m2026-09-15T06:25:07.415140Z[0m [32m INFO[0m [2mmidnight_bench[0m[2m:[0m [3mstage[0m[2m=[0m"create_proof.finalise_proof.start" [3mrss_mb[0m[2m=[0m177 [3mhwm_mb[0m[2m=[0m177
[2m2026-09-15T06:25:07.415149Z[0m [32m INFO[0m [2mmidnight_bench[0m[2m:[0m [3mstage[0m[2m=[0m"finalise.compute_h_poly.start" [3mrss_mb[0m[2m=[0m177 [3mhwm_mb[0m[2m=[0m177
[2m2026-09-15T06:25:07.563692Z[0m [32m INFO[0m [2mmidnight_bench[0m[2m:[0m [3mstage[0m[2m=[0m"finalise.compute_h_poly.drop_cosets.end" [3mrss_mb[0m[2m=[0m184 [3mhwm_mb[0m[2m=[0m184
[2m2026-09-15T06:25:07.563724Z[0m [32m INFO[0m [2mmidnight_bench[0m[2m:[0m [3mstage[0m[2m=[0m"finalise.compute_h_poly.end" [3mrss_mb[0m[2m=[0m184 [3mhwm_mb[0m[2m=[0m184
[2m2026-09-15T06:25:07.563733Z[0m [32m INFO[0m [2mmidnight_bench[0m[2m:[0m [3mstage[0m[2m=[0m"finalise.vanishing_construct.start" [3mrss_mb[0m[2m=[0m184 [3mhwm_mb[0m[2m=[0m184
[2m2026-09-15T06:25:07.648876Z[0m [32m INFO[0m [2mmidnight_bench[0m[2m:[0m [3mstage[0m[2m=[0m"finalise.vanishing_construct.end" [3mrss_mb[0m[2m=[0m184 [3mhwm_mb[0m[2m=[0m184
[2m2026-09-15T06:25:07.676377Z[0m [32m INFO[0m [2mmidnight_bench[0m[2m:[0m [3mstage[0m[2m=[0m"finalise.compute_queries.start" [3mrss_mb[0m[2m=[0m184 [3mhwm_mb[0m[2m=[0m184
[2m2026-09-15T06:25:07.676476Z[0m [32m INFO[0m [2mmidnight_bench[0m[2m:[0m [3mstage[0m[2m=[0m"finalise.multi_open.start" [3mrss_mb[0m[2m=[0m184 [3mhwm_mb[0m[2m=[0m184
[2m2026-09-15T06:25:07.761149Z[0m [32m INFO[0m [2mmidnight_bench[0m[2m:[0m [3mstage[0m[2m=[0m"finalise.multi_open.end" [3mrss_mb[0m[2m=[0m184 [3mhwm_mb[0m[2m=[0m184
[2m2026-09-15T06:25:07.761690Z[0m [32m INFO[0m [2mmidnight_bench[0m[2m:[0m [3mstage[0m[2m=[0m"create_proof.finalise_proof.end" [3mrss_mb[0m[2m=[0m169 [3mhwm_mb[0m[2m=[0m183
[2m2026-09-15T06:25:07.777809Z[0m [32m INFO[0m [2mactix_web::middleware::logger[0m[2m:[0m 192.168.65.1 POST /prove HTTP/1.1; took 0.628459s
[2m2026-09-15T06:25:07.779778Z[0m [32m INFO[0m [2mmidnight_proof_server::endpoints[0m[2m:[0m Starting to process request for /prove...
[2m2026-09-15T06:25:07.848089Z[0m [32m INFO[0m [2mmidnight_bench[0m[2m:[0m [3mstage[0m[2m=[0m"create_proof.compute_trace.start" [3mrss_mb[0m[2m=[0m164 [3mhwm_mb[0m[2m=[0m183
[2m2026-09-15T06:25:07.848118Z[0m [32m INFO[0m [2mmidnight_bench[0m[2m:[0m [3mstage[0m[2m=[0m"trace.compute_instances.start" [3mrss_mb[0m[2m=[0m164 [3mhwm_mb[0m[2m=[0m183
[2m2026-09-15T06:25:07.852396Z[0m [32m INFO[0m [2mmidnight_bench[0m[2m:[0m [3mstage[0m[2m=[0m"trace.compute_instances.end" [3mrss_mb[0m[2m=[0m164 [3mhwm_mb[0m[2m=[0m183
[2m2026-09-15T06:25:07.852413Z[0m [32m INFO[0m [2mmidnight_bench[0m[2m:[0m [3mstage[0m[2m=[0m"trace.parse_advices.start" [3mrss_mb[0m[2m=[0m164 [3mhwm_mb[0m[2m=[0m183
[2m2026-09-15T06:25:07.858744Z[0m [32m INFO[0m [2mmidnight_bench[0m[2m:[0m [3mstage[0m[2m=[0m"trace.parse_advices.end" [3mrss_mb[0m[2m=[0m173 [3mhwm_mb[0m[2m=[0m183
[2m2026-09-15T06:25:07.858766Z[0m [32m INFO[0m [2mmidnight_bench[0m[2m:[0m [3mstage[0m[2m=[0m"trace.lookups_permuted.start" [3mrss_mb[0m[2m=[0m173 [3mhwm_mb[0m[2m=[0m183
[2m2026-09-15T06:25:07.902231Z[0m [32m INFO[0m [2mmidnight_bench[0m[2m:[0m [3mstage[0m[2m=[0m"trace.lookups_permuted.end" [3mrss_mb[0m[2m=[0m178 [3mhwm_mb[0m[2m=[0m183
[2m2026-09-15T06:25:07.902261Z[0m [32m INFO[0m [2mmidnight_bench[0m[2m:[0m [3mstage[0m[2m=[0m"trace.permutations_commit.start" [3mrss_mb[0m[2m=[0m178 [3mhwm_mb[0m[2m=[0m183
[2m2026-09-15T06:25:07.973878Z[0m [32m INFO[0m [2mmidnight_bench[0m[2m:[0m [3mstage[0m[2m=[0m"trace.permutations_commit.end" [3mrss_mb[0m[2m=[0m185 [3mhwm_mb[0m[2m=[0m185
[2m2026-09-15T06:25:07.973901Z[0m [32m INFO[0m [2mmidnight_bench[0m[2m:[0m [3mstage[0m[2m=[0m"trace.lookups_product.start" [3mrss_mb[0m[2m=[0m185 [3mhwm_mb[0m[2m=[0m185
[2m2026-09-15T06:25:08.027219Z[0m [32m INFO[0m [2mmidnight_bench[0m[2m:[0m [3mstage[0m[2m=[0m"trace.lookups_product.end" [3mrss_mb[0m[2m=[0m185 [3mhwm_mb[0m[2m=[0m185
[2m2026-09-15T06:25:08.052419Z[0m [32m INFO[0m [2mmidnight_bench[0m[2m:[0m [3mstage[0m[2m=[0m"create_proof.compute_trace.end" [3mrss_mb[0m[2m=[0m186 [3mhwm_mb[0m[2m=[0m186
[2m2026-09-15T06:25:08.052441Z[0m [32m INFO[0m [2mmidnight_bench[0m[2m:[0m [3mstage[0m[2m=[0m"create_proof.finalise_proof.start" [3mrss_mb[0m[2m=[0m186 [3mhwm_mb[0m[2m=[0m186
[2m2026-09-15T06:25:08.052448Z[0m [32m INFO[0m [2mmidnight_bench[0m[2m:[0m [3mstage[0m[2m=[0m"finalise.compute_h_poly.start" [3mrss_mb[0m[2m=[0m186 [3mhwm_mb[0m[2m=[0m186
[2m2026-09-15T06:25:08.193505Z[0m [32m INFO[0m [2mmidnight_bench[0m[2m:[0m [3mstage[0m[2m=[0m"finalise.compute_h_poly.drop_cosets.end" [3mrss_mb[0m[2m=[0m190 [3mhwm_mb[0m[2m=[0m190
[2m2026-09-15T06:25:08.193534Z[0m [32m INFO[0m [2mmidnight_bench[0m[2m:[0m [3mstage[0m[2m=[0m"finalise.compute_h_poly.end" [3mrss_mb[0m[2m=[0m190 [3mhwm_mb[0m[2m=[0m190
[2m2026-09-15T06:25:08.193557Z[0m [32m INFO[0m [2mmidnight_bench[0m[2m:[0m [3mstage[0m[2m=[0m"finalise.vanishing_construct.start" [3mrss_mb[0m[2m=[0m190 [3mhwm_mb[0m[2m=[0m190
[2m2026-09-15T06:25:08.297595Z[0m [32m INFO[0m [2mmidnight_bench[0m[2m:[0m [3mstage[0m[2m=[0m"finalise.vanishing_construct.end" [3mrss_mb[0m[2m=[0m190 [3mhwm_mb[0m[2m=[0m190
[2m2026-09-15T06:25:08.323573Z[0m [32m INFO[0m [2mmidnight_bench[0m[2m:[0m [3mstage[0m[2m=[0m"finalise.compute_queries.start" [3mrss_mb[0m[2m=[0m190 [3mhwm_mb[0m[2m=[0m190
[2m2026-09-15T06:25:08.323658Z[0m [32m INFO[0m [2mmidnight_bench[0m[2m:[0m [3mstage[0m[2m=[0m"finalise.multi_open.start" [3mrss_mb[0m[2m=[0m190 [3mhwm_mb[0m[2m=[0m190
[2m2026-09-15T06:25:08.411914Z[0m [32m INFO[0m [2mmidnight_bench[0m[2m:[0m [3mstage[0m[2m=[0m"finalise.multi_open.end" [3mrss_mb[0m[2m=[0m190 [3mhwm_mb[0m[2m=[0m190
[2m2026-09-15T06:25:08.412460Z[0m [32m INFO[0m [2mmidnight_bench[0m[2m:[0m [3mstage[0m[2m=[0m"create_proof.finalise_proof.end" [3mrss_mb[0m[2m=[0m175 [3mhwm_mb[0m[2m=[0m189
[2m2026-09-15T06:25:08.428574Z[0m [32m INFO[0m [2mactix_web::middleware::logger[0m[2m:[0m 192.168.65.1 POST /prove HTTP/1.1; took 0.648812s
[2m2026-09-15T06:25:08.430712Z[0m [32m INFO[0m [2mmidnight_proof_server::endpoints[0m[2m:[0m Starting to process request for /prove...
[2m2026-09-15T06:25:08.500588Z[0m [32m INFO[0m [2mmidnight_bench[0m[2m:[0m [3mstage[0m[2m=[0m"create_proof.compute_trace.start" [3mrss_mb[0m[2m=[0m169 [3mhwm_mb[0m[2m=[0m189
[2m2026-09-15T06:25:08.500613Z[0m [32m INFO[0m [2mmidnight_bench[0m[2m:[0m [3mstage[0m[2m=[0m"trace.compute_instances.start" [3mrss_mb[0m[2m=[0m169 [3mhwm_mb[0m[2m=[0m189
[2m2026-09-15T06:25:08.505947Z[0m [32m INFO[0m [2mmidnight_bench[0m[2m:[0m [3mstage[0m[2m=[0m"trace.compute_instances.end" [3mrss_mb[0m[2m=[0m169 [3mhwm_mb[0m[2m=[0m189
[2m2026-09-15T06:25:08.505966Z[0m [32m INFO[0m [2mmidnight_bench[0m[2m:[0m [3mstage[0m[2m=[0m"trace.parse_advices.start" [3mrss_mb[0m[2m=[0m169 [3mhwm_mb[0m[2m=[0m189
[2m2026-09-15T06:25:08.512375Z[0m [32m INFO[0m [2mmidnight_bench[0m[2m:[0m [3mstage[0m[2m=[0m"trace.parse_advices.end" [3mrss_mb[0m[2m=[0m177 [3mhwm_mb[0m[2m=[0m189
[2m2026-09-15T06:25:08.512396Z[0m [32m INFO[0m [2mmidnight_bench[0m[2m:[0m [3mstage[0m[2m=[0m"trace.lookups_permuted.start" [3mrss_mb[0m[2m=[0m177 [3mhwm_mb[0m[2m=[0m189
[2m2026-09-15T06:25:08.557323Z[0m [32m INFO[0m [2mmidnight_bench[0m[2m:[0m [3mstage[0m[2m=[0m"trace.lookups_permuted.end" [3mrss_mb[0m[2m=[0m182 [3mhwm_mb[0m[2m=[0m189
[2m2026-09-15T06:25:08.557367Z[0m [32m INFO[0m [2mmidnight_bench[0m[2m:[0m [3mstage[0m[2m=[0m"trace.permutations_commit.start" [3mrss_mb[0m[2m=[0m182 [3mhwm_mb[0m[2m=[0m189
[2m2026-09-15T06:25:08.628241Z[0m [32m INFO[0m [2mmidnight_bench[0m[2m:[0m [3mstage[0m[2m=[0m"trace.permutations_commit.end" [3mrss_mb[0m[2m=[0m189 [3mhwm_mb[0m[2m=[0m189
[2m2026-09-15T06:25:08.628263Z[0m [32m INFO[0m [2mmidnight_bench[0m[2m:[0m [3mstage[0m[2m=[0m"trace.lookups_product.start" [3mrss_mb[0m[2m=[0m189 [3mhwm_mb[0m[2m=[0m189
[2m2026-09-15T06:25:08.681291Z[0m [32m INFO[0m [2mmidnight_bench[0m[2m:[0m [3mstage[0m[2m=[0m"trace.lookups_product.end" [3mrss_mb[0m[2m=[0m189 [3mhwm_mb[0m[2m=[0m189
[2m2026-09-15T06:25:08.714981Z[0m [32m INFO[0m [2mmidnight_bench[0m[2m:[0m [3mstage[0m[2m=[0m"create_proof.compute_trace.end" [3mrss_mb[0m[2m=[0m190 [3mhwm_mb[0m[2m=[0m190
[2m2026-09-15T06:25:08.715039Z[0m [32m INFO[0m [2mmidnight_bench[0m[2m:[0m [3mstage[0m[2m=[0m"create_proof.finalise_proof.start" [3mrss_mb[0m[2m=[0m190 [3mhwm_mb[0m[2m=[0m190
[2m2026-09-15T06:25:08.715049Z[0m [32m INFO[0m [2mmidnight_bench[0m[2m:[0m [3mstage[0m[2m=[0m"finalise.compute_h_poly.start" [3mrss_mb[0m[2m=[0m190 [3mhwm_mb[0m[2m=[0m190
[2m2026-09-15T06:25:08.892056Z[0m [32m INFO[0m [2mmidnight_bench[0m[2m:[0m [3mstage[0m[2m=[0m"finalise.compute_h_poly.drop_cosets.end" [3mrss_mb[0m[2m=[0m194 [3mhwm_mb[0m[2m=[0m194
[2m2026-09-15T06:25:08.892082Z[0m [32m INFO[0m [2mmidnight_bench[0m[2m:[0m [3mstage[0m[2m=[0m"finalise.compute_h_poly.end" [3mrss_mb[0m[2m=[0m194 [3mhwm_mb[0m[2m=[0m194
[2m2026-09-15T06:25:08.892089Z[0m [32m INFO[0m [2mmidnight_bench[0m[2m:[0m [3mstage[0m[2m=[0m"finalise.vanishing_construct.start" [3mrss_mb[0m[2m=[0m194 [3mhwm_mb[0m[2m=[0m194
[2m2026-09-15T06:25:09.007833Z[0m [32m INFO[0m [2mmidnight_bench[0m[2m:[0m [3mstage[0m[2m=[0m"finalise.vanishing_construct.end" [3mrss_mb[0m[2m=[0m194 [3mhwm_mb[0m[2m=[0m194
[2m2026-09-15T06:25:09.042437Z[0m [32m INFO[0m [2mmidnight_bench[0m[2m:[0m [3mstage[0m[2m=[0m"finalise.compute_queries.start" [3mrss_mb[0m[2m=[0m194 [3mhwm_mb[0m[2m=[0m194
[2m2026-09-15T06:25:09.042581Z[0m [32m INFO[0m [2mmidnight_bench[0m[2m:[0m [3mstage[0m[2m=[0m"finalise.multi_open.start" [3mrss_mb[0m[2m=[0m194 [3mhwm_mb[0m[2m=[0m194
[2m2026-09-15T06:25:09.146115Z[0m [32m INFO[0m [2mmidnight_bench[0m[2m:[0m [3mstage[0m[2m=[0m"finalise.multi_open.end" [3mrss_mb[0m[2m=[0m194 [3mhwm_mb[0m[2m=[0m194
[2m2026-09-15T06:25:09.146621Z[0m [32m INFO[0m [2mmidnight_bench[0m[2m:[0m [3mstage[0m[2m=[0m"create_proof.finalise_proof.end" [3mrss_mb[0m[2m=[0m179 [3mhwm_mb[0m[2m=[0m193
[2m2026-09-15T06:25:09.168237Z[0m [32m INFO[0m [2mactix_web::middleware::logger[0m[2m:[0m 192.168.65.1 POST /prove HTTP/1.1; took 0.737543s
[2m2026-09-15T06:25:09.170837Z[0m [32m INFO[0m [2mmidnight_proof_server::endpoints[0m[2m:[0m Starting to process request for /prove...
[2m2026-09-15T06:25:09.252881Z[0m [32m INFO[0m [2mmidnight_bench[0m[2m:[0m [3mstage[0m[2m=[0m"create_proof.compute_trace.start" [3mrss_mb[0m[2m=[0m186 [3mhwm_mb[0m[2m=[0m193
[2m2026-09-15T06:25:09.252911Z[0m [32m INFO[0m [2mmidnight_bench[0m[2m:[0m [3mstage[0m[2m=[0m"trace.compute_instances.start" [3mrss_mb[0m[2m=[0m186 [3mhwm_mb[0m[2m=[0m193
[2m2026-09-15T06:25:09.268280Z[0m [32m INFO[0m [2mmidnight_bench[0m[2m:[0m [3mstage[0m[2m=[0m"trace.compute_instances.end" [3mrss_mb[0m[2m=[0m186 [3mhwm_mb[0m[2m=[0m193
[2m2026-09-15T06:25:09.268302Z[0m [32m INFO[0m [2mmidnight_bench[0m[2m:[0m [3mstage[0m[2m=[0m"trace.parse_advices.start" [3mrss_mb[0m[2m=[0m186 [3mhwm_mb[0m[2m=[0m193
[2m2026-09-15T06:25:09.275849Z[0m [32m INFO[0m [2mmidnight_bench[0m[2m:[0m [3mstage[0m[2m=[0m"trace.parse_advices.end" [3mrss_mb[0m[2m=[0m194 [3mhwm_mb[0m[2m=[0m194
[2m2026-09-15T06:25:09.275871Z[0m [32m INFO[0m [2mmidnight_bench[0m[2m:[0m [3mstage[0m[2m=[0m"trace.lookups_permuted.start" [3mrss_mb[0m[2m=[0m194 [3mhwm_mb[0m[2m=[0m194
[2m2026-09-15T06:25:09.336711Z[0m [32m INFO[0m [2mmidnight_bench[0m[2m:[0m [3mstage[0m[2m=[0m"trace.lookups_permuted.end" [3mrss_mb[0m[2m=[0m199 [3mhwm_mb[0m[2m=[0m199
[2m2026-09-15T06:25:09.336798Z[0m [32m INFO[0m [2mmidnight_bench[0m[2m:[0m [3mstage[0m[2m=[0m"trace.permutations_commit.start" [3mrss_mb[0m[2m=[0m199 [3mhwm_mb[0m[2m=[0m199
[2m2026-09-15T06:25:09.421136Z[0m [32m INFO[0m [2mmidnight_bench[0m[2m:[0m [3mstage[0m[2m=[0m"trace.permutations_commit.end" [3mrss_mb[0m[2m=[0m207 [3mhwm_mb[0m[2m=[0m207
[2m2026-09-15T06:25:09.421158Z[0m [32m INFO[0m [2mmidnight_bench[0m[2m:[0m [3mstage[0m[2m=[0m"trace.lookups_product.start" [3mrss_mb[0m[2m=[0m207 [3mhwm_mb[0m[2m=[0m207
[2m2026-09-15T06:25:09.487004Z[0m [32m INFO[0m [2mmidnight_bench[0m[2m:[0m [3mstage[0m[2m=[0m"trace.lookups_product.end" [3mrss_mb[0m[2m=[0m207 [3mhwm_mb[0m[2m=[0m207
[2m2026-09-15T06:25:09.529300Z[0m [32m INFO[0m [2mmidnight_bench[0m[2m:[0m [3mstage[0m[2m=[0m"create_proof.compute_trace.end" [3mrss_mb[0m[2m=[0m208 [3mhwm_mb[0m[2m=[0m208
[2m2026-09-15T06:25:09.529327Z[0m [32m INFO[0m [2mmidnight_bench[0m[2m:[0m [3mstage[0m[2m=[0m"create_proof.finalise_proof.start" [3mrss_mb[0m[2m=[0m208 [3mhwm_mb[0m[2m=[0m208
[2m2026-09-15T06:25:09.529335Z[0m [32m INFO[0m [2mmidnight_bench[0m[2m:[0m [3mstage[0m[2m=[0m"finalise.compute_h_poly.start" [3mrss_mb[0m[2m=[0m208 [3mhwm_mb[0m[2m=[0m208
[2m2026-09-15T06:25:09.701508Z[0m [32m INFO[0m [2mmidnight_bench[0m[2m:[0m [3mstage[0m[2m=[0m"finalise.compute_h_poly.drop_cosets.end" [3mrss_mb[0m[2m=[0m210 [3mhwm_mb[0m[2m=[0m210
[2m2026-09-15T06:25:09.701545Z[0m [32m INFO[0m [2mmidnight_bench[0m[2m:[0m [3mstage[0m[2m=[0m"finalise.compute_h_poly.end" [3mrss_mb[0m[2m=[0m210 [3mhwm_mb[0m[2m=[0m210
[2m2026-09-15T06:25:09.701555Z[0m [32m INFO[0m [2mmidnight_bench[0m[2m:[0m [3mstage[0m[2m=[0m"finalise.vanishing_construct.start" [3mrss_mb[0m[2m=[0m210 [3mhwm_mb[0m[2m=[0m210
[2m2026-09-15T06:25:09.787397Z[0m [32m INFO[0m [2mmidnight_bench[0m[2m:[0m [3mstage[0m[2m=[0m"finalise.vanishing_construct.end" [3mrss_mb[0m[2m=[0m210 [3mhwm_mb[0m[2m=[0m210
[2m2026-09-15T06:25:09.813632Z[0m [32m INFO[0m [2mmidnight_bench[0m[2m:[0m [3mstage[0m[2m=[0m"finalise.compute_queries.start" [3mrss_mb[0m[2m=[0m210 [3mhwm_mb[0m[2m=[0m210
[2m2026-09-15T06:25:09.813721Z[0m [32m INFO[0m [2mmidnight_bench[0m[2m:[0m [3mstage[0m[2m=[0m"finalise.multi_open.start" [3mrss_mb[0m[2m=[0m210 [3mhwm_mb[0m[2m=[0m210
[2m2026-09-15T06:25:09.913835Z[0m [32m INFO[0m [2mmidnight_bench[0m[2m:[0m [3mstage[0m[2m=[0m"finalise.multi_open.end" [3mrss_mb[0m[2m=[0m210 [3mhwm_mb[0m[2m=[0m210
[2m2026-09-15T06:25:09.914341Z[0m [32m INFO[0m [2mmidnight_bench[0m[2m:[0m [3mstage[0m[2m=[0m"create_proof.finalise_proof.end" [3mrss_mb[0m[2m=[0m195 [3mhwm_mb[0m[2m=[0m208
[2m2026-09-15T06:25:09.930360Z[0m [32m INFO[0m [2mactix_web::middleware::logger[0m[2m:[0m 192.168.65.1 POST /prove HTTP/1.1; took 0.759544s
[2m2026-09-15T06:25:09.931987Z[0m [32m INFO[0m [2mmidnight_proof_server::endpoints[0m[2m:[0m Starting to process request for /prove...
[2m2026-09-15T06:25:10.006711Z[0m [32m INFO[0m [2mmidnight_bench[0m[2m:[0m [3mstage[0m[2m=[0m"create_proof.compute_trace.start" [3mrss_mb[0m[2m=[0m190 [3mhwm_mb[0m[2m=[0m208
[2m2026-09-15T06:25:10.006735Z[0m [32m INFO[0m [2mmidnight_bench[0m[2m:[0m [3mstage[0m[2m=[0m"trace.compute_instances.start" [3mrss_mb[0m[2m=[0m190 [3mhwm_mb[0m[2m=[0m208
[2m2026-09-15T06:25:10.011053Z[0m [32m INFO[0m [2mmidnight_bench[0m[2m:[0m [3mstage[0m[2m=[0m"trace.compute_instances.end" [3mrss_mb[0m[2m=[0m190 [3mhwm_mb[0m[2m=[0m208
[2m2026-09-15T06:25:10.011072Z[0m [32m INFO[0m [2mmidnight_bench[0m[2m:[0m [3mstage[0m[2m=[0m"trace.parse_advices.start" [3mrss_mb[0m[2m=[0m190 [3mhwm_mb[0m[2m=[0m208
[2m2026-09-15T06:25:10.017430Z[0m [32m INFO[0m [2mmidnight_bench[0m[2m:[0m [3mstage[0m[2m=[0m"trace.parse_advices.end" [3mrss_mb[0m[2m=[0m198 [3mhwm_mb[0m[2m=[0m208
[2m2026-09-15T06:25:10.017458Z[0m [32m INFO[0m [2mmidnight_bench[0m[2m:[0m [3mstage[0m[2m=[0m"trace.lookups_permuted.start" [3mrss_mb[0m[2m=[0m198 [3mhwm_mb[0m[2m=[0m208
[2m2026-09-15T06:25:10.060536Z[0m [32m INFO[0m [2mmidnight_bench[0m[2m:[0m [3mstage[0m[2m=[0m"trace.lookups_permuted.end" [3mrss_mb[0m[2m=[0m203 [3mhwm_mb[0m[2m=[0m208
[2m2026-09-15T06:25:10.060580Z[0m [32m INFO[0m [2mmidnight_bench[0m[2m:[0m [3mstage[0m[2m=[0m"trace.permutations_commit.start" [3mrss_mb[0m[2m=[0m203 [3mhwm_mb[0m[2m=[0m208
[2m2026-09-15T06:25:10.125536Z[0m [32m INFO[0m [2mmidnight_bench[0m[2m:[0m [3mstage[0m[2m=[0m"trace.permutations_commit.end" [3mrss_mb[0m[2m=[0m211 [3mhwm_mb[0m[2m=[0m211
[2m2026-09-15T06:25:10.125572Z[0m [32m INFO[0m [2mmidnight_bench[0m[2m:[0m [3mstage[0m[2m=[0m"trace.lookups_product.start" [3mrss_mb[0m[2m=[0m211 [3mhwm_mb[0m[2m=[0m211
[2m2026-09-15T06:25:10.175419Z[0m [32m INFO[0m [2mmidnight_bench[0m[2m:[0m [3mstage[0m[2m=[0m"trace.lookups_product.end" [3mrss_mb[0m[2m=[0m211 [3mhwm_mb[0m[2m=[0m211
[2m2026-09-15T06:25:10.199635Z[0m [32m INFO[0m [2mmidnight_bench[0m[2m:[0m [3mstage[0m[2m=[0m"create_proof.compute_trace.end" [3mrss_mb[0m[2m=[0m212 [3mhwm_mb[0m[2m=[0m212
[2m2026-09-15T06:25:10.199667Z[0m [32m INFO[0m [2mmidnight_bench[0m[2m:[0m [3mstage[0m[2m=[0m"create_proof.finalise_proof.start" [3mrss_mb[0m[2m=[0m212 [3mhwm_mb[0m[2m=[0m212
[2m2026-09-15T06:25:10.199675Z[0m [32m INFO[0m [2mmidnight_bench[0m[2m:[0m [3mstage[0m[2m=[0m"finalise.compute_h_poly.start" [3mrss_mb[0m[2m=[0m212 [3mhwm_mb[0m[2m=[0m212
[2m2026-09-15T06:25:10.340763Z[0m [32m INFO[0m [2mmidnight_bench[0m[2m:[0m [3mstage[0m[2m=[0m"finalise.compute_h_poly.drop_cosets.end" [3mrss_mb[0m[2m=[0m214 [3mhwm_mb[0m[2m=[0m214
[2m2026-09-15T06:25:10.340792Z[0m [32m INFO[0m [2mmidnight_bench[0m[2m:[0m [3mstage[0m[2m=[0m"finalise.compute_h_poly.end" [3mrss_mb[0m[2m=[0m214 [3mhwm_mb[0m[2m=[0m214
[2m2026-09-15T06:25:10.340800Z[0m [32m INFO[0m [2mmidnight_bench[0m[2m:[0m [3mstage[0m[2m=[0m"finalise.vanishing_construct.start" [3mrss_mb[0m[2m=[0m214 [3mhwm_mb[0m[2m=[0m214
[2m2026-09-15T06:25:10.423448Z[0m [32m INFO[0m [2mmidnight_bench[0m[2m:[0m [3mstage[0m[2m=[0m"finalise.vanishing_construct.end" [3mrss_mb[0m[2m=[0m214 [3mhwm_mb[0m[2m=[0m214
[2m2026-09-15T06:25:10.450361Z[0m [32m INFO[0m [2mmidnight_bench[0m[2m:[0m [3mstage[0m[2m=[0m"finalise.compute_queries.start" [3mrss_mb[0m[2m=[0m214 [3mhwm_mb[0m[2m=[0m214
[2m2026-09-15T06:25:10.450449Z[0m [32m INFO[0m [2mmidnight_bench[0m[2m:[0m [3mstage[0m[2m=[0m"finalise.multi_open.start" [3mrss_mb[0m[2m=[0m214 [3mhwm_mb[0m[2m=[0m214
[2m2026-09-15T06:25:10.537501Z[0m [32m INFO[0m [2mmidnight_bench[0m[2m:[0m [3mstage[0m[2m=[0m"finalise.multi_open.end" [3mrss_mb[0m[2m=[0m214 [3mhwm_mb[0m[2m=[0m214
[2m2026-09-15T06:25:10.538002Z[0m [32m INFO[0m [2mmidnight_bench[0m[2m:[0m [3mstage[0m[2m=[0m"create_proof.finalise_proof.end" [3mrss_mb[0m[2m=[0m199 [3mhwm_mb[0m[2m=[0m213
[2m2026-09-15T06:25:10.554224Z[0m [32m INFO[0m [2mactix_web::middleware::logger[0m[2m:[0m 192.168.65.1 POST /prove HTTP/1.1; took 0.622252s
[2m2026-09-15T06:25:10.557631Z[0m [32m INFO[0m [2mmidnight_proof_server::endpoints[0m[2m:[0m Starting to process request for /prove...
[2m2026-09-15T06:25:10.626415Z[0m [32m INFO[0m [2mmidnight_bench[0m[2m:[0m [3mstage[0m[2m=[0m"create_proof.compute_trace.start" [3mrss_mb[0m[2m=[0m193 [3mhwm_mb[0m[2m=[0m213
[2m2026-09-15T06:25:10.626444Z[0m [32m INFO[0m [2mmidnight_bench[0m[2m:[0m [3mstage[0m[2m=[0m"trace.compute_instances.start" [3mrss_mb[0m[2m=[0m193 [3mhwm_mb[0m[2m=[0m213
[2m2026-09-15T06:25:10.630959Z[0m [32m INFO[0m [2mmidnight_bench[0m[2m:[0m [3mstage[0m[2m=[0m"trace.compute_instances.end" [3mrss_mb[0m[2m=[0m193 [3mhwm_mb[0m[2m=[0m213
[2m2026-09-15T06:25:10.630977Z[0m [32m INFO[0m [2mmidnight_bench[0m[2m:[0m [3mstage[0m[2m=[0m"trace.parse_advices.start" [3mrss_mb[0m[2m=[0m193 [3mhwm_mb[0m[2m=[0m213
[2m2026-09-15T06:25:10.637219Z[0m [32m INFO[0m [2mmidnight_bench[0m[2m:[0m [3mstage[0m[2m=[0m"trace.parse_advices.end" [3mrss_mb[0m[2m=[0m202 [3mhwm_mb[0m[2m=[0m213
[2m2026-09-15T06:25:10.637242Z[0m [32m INFO[0m [2mmidnight_bench[0m[2m:[0m [3mstage[0m[2m=[0m"trace.lookups_permuted.start" [3mrss_mb[0m[2m=[0m202 [3mhwm_mb[0m[2m=[0m213
[2m2026-09-15T06:25:10.680995Z[0m [32m INFO[0m [2mmidnight_bench[0m[2m:[0m [3mstage[0m[2m=[0m"trace.lookups_permuted.end" [3mrss_mb[0m[2m=[0m207 [3mhwm_mb[0m[2m=[0m213
[2m2026-09-15T06:25:10.681027Z[0m [32m INFO[0m [2mmidnight_bench[0m[2m:[0m [3mstage[0m[2m=[0m"trace.permutations_commit.start" [3mrss_mb[0m[2m=[0m207 [3mhwm_mb[0m[2m=[0m213
[2m2026-09-15T06:25:10.747164Z[0m [32m INFO[0m [2mmidnight_bench[0m[2m:[0m [3mstage[0m[2m=[0m"trace.permutations_commit.end" [3mrss_mb[0m[2m=[0m214 [3mhwm_mb[0m[2m=[0m214
[2m2026-09-15T06:25:10.747194Z[0m [32m INFO[0m [2mmidnight_bench[0m[2m:[0m [3mstage[0m[2m=[0m"trace.lookups_product.start" [3mrss_mb[0m[2m=[0m214 [3mhwm_mb[0m[2m=[0m214
[2m2026-09-15T06:25:10.801345Z[0m [32m INFO[0m [2mmidnight_bench[0m[2m:[0m [3mstage[0m[2m=[0m"trace.lookups_product.end" [3mrss_mb[0m[2m=[0m214 [3mhwm_mb[0m[2m=[0m214
[2m2026-09-15T06:25:10.831232Z[0m [32m INFO[0m [2mmidnight_bench[0m[2m:[0m [3mstage[0m[2m=[0m"create_proof.compute_trace.end" [3mrss_mb[0m[2m=[0m215 [3mhwm_mb[0m[2m=[0m215
[2m2026-09-15T06:25:10.831260Z[0m [32m INFO[0m [2mmidnight_bench[0m[2m:[0m [3mstage[0m[2m=[0m"create_proof.finalise_proof.start" [3mrss_mb[0m[2m=[0m215 [3mhwm_mb[0m[2m=[0m215
[2m2026-09-15T06:25:10.831269Z[0m [32m INFO[0m [2mmidnight_bench[0m[2m:[0m [3mstage[0m[2m=[0m"finalise.compute_h_poly.start" [3mrss_mb[0m[2m=[0m215 [3mhwm_mb[0m[2m=[0m215
[2m2026-09-15T06:25:10.974748Z[0m [32m INFO[0m [2mmidnight_bench[0m[2m:[0m [3mstage[0m[2m=[0m"finalise.compute_h_poly.drop_cosets.end" [3mrss_mb[0m[2m=[0m215 [3mhwm_mb[0m[2m=[0m215
[2m2026-09-15T06:25:10.974815Z[0m [32m INFO[0m [2mmidnight_bench[0m[2m:[0m [3mstage[0m[2m=[0m"finalise.compute_h_poly.end" [3mrss_mb[0m[2m=[0m215 [3mhwm_mb[0m[2m=[0m215
[2m2026-09-15T06:25:10.974824Z[0m [32m INFO[0m [2mmidnight_bench[0m[2m:[0m [3mstage[0m[2m=[0m"finalise.vanishing_construct.start" [3mrss_mb[0m[2m=[0m215 [3mhwm_mb[0m[2m=[0m215
[2m2026-09-15T06:25:11.073745Z[0m [32m INFO[0m [2mmidnight_bench[0m[2m:[0m [3mstage[0m[2m=[0m"finalise.vanishing_construct.end" [3mrss_mb[0m[2m=[0m215 [3mhwm_mb[0m[2m=[0m215
[2m2026-09-15T06:25:11.101037Z[0m [32m INFO[0m [2mmidnight_bench[0m[2m:[0m [3mstage[0m[2m=[0m"finalise.compute_queries.start" [3mrss_mb[0m[2m=[0m215 [3mhwm_mb[0m[2m=[0m215
[2m2026-09-15T06:25:11.101130Z[0m [32m INFO[0m [2mmidnight_bench[0m[2m:[0m [3mstage[0m[2m=[0m"finalise.multi_open.start" [3mrss_mb[0m[2m=[0m215 [3mhwm_mb[0m[2m=[0m215
[2m2026-09-15T06:25:11.189864Z[0m [32m INFO[0m [2mmidnight_bench[0m[2m:[0m [3mstage[0m[2m=[0m"finalise.multi_open.end" [3mrss_mb[0m[2m=[0m215 [3mhwm_mb[0m[2m=[0m215
[2m2026-09-15T06:25:11.190367Z[0m [32m INFO[0m [2mmidnight_bench[0m[2m:[0m [3mstage[0m[2m=[0m"create_proof.finalise_proof.end" [3mrss_mb[0m[2m=[0m200 [3mhwm_mb[0m[2m=[0m214
[2m2026-09-15T06:25:11.206787Z[0m [32m INFO[0m [2mactix_web::middleware::logger[0m[2m:[0m 192.168.65.1 POST /prove HTTP/1.1; took 0.649173s
[2m2026-09-15T06:25:11.208424Z[0m [32m INFO[0m [2mmidnight_proof_server::endpoints[0m[2m:[0m Starting to process request for /prove...
[2m2026-09-15T06:25:11.275704Z[0m [32m INFO[0m [2mmidnight_bench[0m[2m:[0m [3mstage[0m[2m=[0m"create_proof.compute_trace.start" [3mrss_mb[0m[2m=[0m207 [3mhwm_mb[0m[2m=[0m214
[2m2026-09-15T06:25:11.275729Z[0m [32m INFO[0m [2mmidnight_bench[0m[2m:[0m [3mstage[0m[2m=[0m"trace.compute_instances.start" [3mrss_mb[0m[2m=[0m207 [3mhwm_mb[0m[2m=[0m214
[2m2026-09-15T06:25:11.280075Z[0m [32m INFO[0m [2mmidnight_bench[0m[2m:[0m [3mstage[0m[2m=[0m"trace.compute_instances.end" [3mrss_mb[0m[2m=[0m207 [3mhwm_mb[0m[2m=[0m214
[2m2026-09-15T06:25:11.280094Z[0m [32m INFO[0m [2mmidnight_bench[0m[2m:[0m [3mstage[0m[2m=[0m"trace.parse_advices.start" [3mrss_mb[0m[2m=[0m207 [3mhwm_mb[0m[2m=[0m214
[2m2026-09-15T06:25:11.286592Z[0m [32m INFO[0m [2mmidnight_bench[0m[2m:[0m [3mstage[0m[2m=[0m"trace.parse_advices.end" [3mrss_mb[0m[2m=[0m216 [3mhwm_mb[0m[2m=[0m216
[2m2026-09-15T06:25:11.286620Z[0m [32m INFO[0m [2mmidnight_bench[0m[2m:[0m [3mstage[0m[2m=[0m"trace.lookups_permuted.start" [3mrss_mb[0m[2m=[0m216 [3mhwm_mb[0m[2m=[0m216
[2m2026-09-15T06:25:11.330730Z[0m [32m INFO[0m [2mmidnight_bench[0m[2m:[0m [3mstage[0m[2m=[0m"trace.lookups_permuted.end" [3mrss_mb[0m[2m=[0m221 [3mhwm_mb[0m[2m=[0m221
[2m2026-09-15T06:25:11.330765Z[0m [32m INFO[0m [2mmidnight_bench[0m[2m:[0m [3mstage[0m[2m=[0m"trace.permutations_commit.start" [3mrss_mb[0m[2m=[0m221 [3mhwm_mb[0m[2m=[0m221
[2m2026-09-15T06:25:11.400048Z[0m [32m INFO[0m [2mmidnight_bench[0m[2m:[0m [3mstage[0m[2m=[0m"trace.permutations_commit.end" [3mrss_mb[0m[2m=[0m228 [3mhwm_mb[0m[2m=[0m228
[2m2026-09-15T06:25:11.400073Z[0m [32m INFO[0m [2mmidnight_bench[0m[2m:[0m [3mstage[0m[2m=[0m"trace.lookups_product.start" [3mrss_mb[0m[2m=[0m228 [3mhwm_mb[0m[2m=[0m228
[2m2026-09-15T06:25:11.448472Z[0m [32m INFO[0m [2mmidnight_bench[0m[2m:[0m [3mstage[0m[2m=[0m"trace.lookups_product.end" [3mrss_mb[0m[2m=[0m228 [3mhwm_mb[0m[2m=[0m228
[2m2026-09-15T06:25:11.471871Z[0m [32m INFO[0m [2mmidnight_bench[0m[2m:[0m [3mstage[0m[2m=[0m"create_proof.compute_trace.end" [3mrss_mb[0m[2m=[0m229 [3mhwm_mb[0m[2m=[0m229
[2m2026-09-15T06:25:11.471894Z[0m [32m INFO[0m [2mmidnight_bench[0m[2m:[0m [3mstage[0m[2m=[0m"create_proof.finalise_proof.start" [3mrss_mb[0m[2m=[0m229 [3mhwm_mb[0m[2m=[0m229
[2m2026-09-15T06:25:11.471904Z[0m [32m INFO[0m [2mmidnight_bench[0m[2m:[0m [3mstage[0m[2m=[0m"finalise.compute_h_poly.start" [3mrss_mb[0m[2m=[0m229 [3mhwm_mb[0m[2m=[0m229
[2m2026-09-15T06:25:11.604841Z[0m [32m INFO[0m [2mmidnight_bench[0m[2m:[0m [3mstage[0m[2m=[0m"finalise.compute_h_poly.drop_cosets.end" [3mrss_mb[0m[2m=[0m232 [3mhwm_mb[0m[2m=[0m232
[2m2026-09-15T06:25:11.604870Z[0m [32m INFO[0m [2mmidnight_bench[0m[2m:[0m [3mstage[0m[2m=[0m"finalise.compute_h_poly.end" [3mrss_mb[0m[2m=[0m232 [3mhwm_mb[0m[2m=[0m232
[2m2026-09-15T06:25:11.604877Z[0m [32m INFO[0m [2mmidnight_bench[0m[2m:[0m [3mstage[0m[2m=[0m"finalise.vanishing_construct.start" [3mrss_mb[0m[2m=[0m232 [3mhwm_mb[0m[2m=[0m232
[2m2026-09-15T06:25:11.689351Z[0m [32m INFO[0m [2mmidnight_bench[0m[2m:[0m [3mstage[0m[2m=[0m"finalise.vanishing_construct.end" [3mrss_mb[0m[2m=[0m232 [3mhwm_mb[0m[2m=[0m232
[2m2026-09-15T06:25:11.718820Z[0m [32m INFO[0m [2mmidnight_bench[0m[2m:[0m [3mstage[0m[2m=[0m"finalise.compute_queries.start" [3mrss_mb[0m[2m=[0m232 [3mhwm_mb[0m[2m=[0m232
[2m2026-09-15T06:25:11.718913Z[0m [32m INFO[0m [2mmidnight_bench[0m[2m:[0m [3mstage[0m[2m=[0m"finalise.multi_open.start" [3mrss_mb[0m[2m=[0m232 [3mhwm_mb[0m[2m=[0m232
[2m2026-09-15T06:25:11.804917Z[0m [32m INFO[0m [2mmidnight_bench[0m[2m:[0m [3mstage[0m[2m=[0m"finalise.multi_open.end" [3mrss_mb[0m[2m=[0m232 [3mhwm_mb[0m[2m=[0m232
[2m2026-09-15T06:25:11.805401Z[0m [32m INFO[0m [2mmidnight_bench[0m[2m:[0m [3mstage[0m[2m=[0m"create_proof.finalise_proof.end" [3mrss_mb[0m[2m=[0m217 [3mhwm_mb[0m[2m=[0m231
[2m2026-09-15T06:25:11.821902Z[0m [32m INFO[0m [2mactix_web::middleware::logger[0m[2m:[0m 192.168.65.1 POST /prove HTTP/1.1; took 0.613495s
[2m2026-09-15T06:25:11.823282Z[0m [32m INFO[0m [2mmidnight_proof_server::endpoints[0m[2m:[0m Starting to process request for /prove...
[2m2026-09-15T06:25:11.892620Z[0m [32m INFO[0m [2mmidnight_bench[0m[2m:[0m [3mstage[0m[2m=[0m"create_proof.compute_trace.start" [3mrss_mb[0m[2m=[0m209 [3mhwm_mb[0m[2m=[0m231
[2m2026-09-15T06:25:11.892651Z[0m [32m INFO[0m [2mmidnight_bench[0m[2m:[0m [3mstage[0m[2m=[0m"trace.compute_instances.start" [3mrss_mb[0m[2m=[0m209 [3mhwm_mb[0m[2m=[0m231
[2m2026-09-15T06:25:11.898292Z[0m [32m INFO[0m [2mmidnight_bench[0m[2m:[0m [3mstage[0m[2m=[0m"trace.compute_instances.end" [3mrss_mb[0m[2m=[0m209 [3mhwm_mb[0m[2m=[0m231
[2m2026-09-15T06:25:11.898312Z[0m [32m INFO[0m [2mmidnight_bench[0m[2m:[0m [3mstage[0m[2m=[0m"trace.parse_advices.start" [3mrss_mb[0m[2m=[0m209 [3mhwm_mb[0m[2m=[0m231
[2m2026-09-15T06:25:11.904702Z[0m [32m INFO[0m [2mmidnight_bench[0m[2m:[0m [3mstage[0m[2m=[0m"trace.parse_advices.end" [3mrss_mb[0m[2m=[0m217 [3mhwm_mb[0m[2m=[0m231
[2m2026-09-15T06:25:11.904727Z[0m [32m INFO[0m [2mmidnight_bench[0m[2m:[0m [3mstage[0m[2m=[0m"trace.lookups_permuted.start" [3mrss_mb[0m[2m=[0m217 [3mhwm_mb[0m[2m=[0m231
[2m2026-09-15T06:25:11.959858Z[0m [32m INFO[0m [2mmidnight_bench[0m[2m:[0m [3mstage[0m[2m=[0m"trace.lookups_permuted.end" [3mrss_mb[0m[2m=[0m222 [3mhwm_mb[0m[2m=[0m231
[2m2026-09-15T06:25:11.959892Z[0m [32m INFO[0m [2mmidnight_bench[0m[2m:[0m [3mstage[0m[2m=[0m"trace.permutations_commit.start" [3mrss_mb[0m[2m=[0m222 [3mhwm_mb[0m[2m=[0m231
[2m2026-09-15T06:25:12.030791Z[0m [32m INFO[0m [2mmidnight_bench[0m[2m:[0m [3mstage[0m[2m=[0m"trace.permutations_commit.end" [3mrss_mb[0m[2m=[0m229 [3mhwm_mb[0m[2m=[0m231
[2m2026-09-15T06:25:12.030813Z[0m [32m INFO[0m [2mmidnight_bench[0m[2m:[0m [3mstage[0m[2m=[0m"trace.lookups_product.start" [3mrss_mb[0m[2m=[0m229 [3mhwm_mb[0m[2m=[0m231
[2m2026-09-15T06:25:12.080566Z[0m [32m INFO[0m [2mmidnight_bench[0m[2m:[0m [3mstage[0m[2m=[0m"trace.lookups_product.end" [3mrss_mb[0m[2m=[0m229 [3mhwm_mb[0m[2m=[0m231
[2m2026-09-15T06:25:12.107222Z[0m [32m INFO[0m [2mmidnight_bench[0m[2m:[0m [3mstage[0m[2m=[0m"create_proof.compute_trace.end" [3mrss_mb[0m[2m=[0m230 [3mhwm_mb[0m[2m=[0m231
[2m2026-09-15T06:25:12.107247Z[0m [32m INFO[0m [2mmidnight_bench[0m[2m:[0m [3mstage[0m[2m=[0m"create_proof.finalise_proof.start" [3mrss_mb[0m[2m=[0m230 [3mhwm_mb[0m[2m=[0m231
[2m2026-09-15T06:25:12.107256Z[0m [32m INFO[0m [2mmidnight_bench[0m[2m:[0m [3mstage[0m[2m=[0m"finalise.compute_h_poly.start" [3mrss_mb[0m[2m=[0m230 [3mhwm_mb[0m[2m=[0m231
[2m2026-09-15T06:25:12.242342Z[0m [32m INFO[0m [2mmidnight_bench[0m[2m:[0m [3mstage[0m[2m=[0m"finalise.compute_h_poly.drop_cosets.end" [3mrss_mb[0m[2m=[0m230 [3mhwm_mb[0m[2m=[0m231
[2m2026-09-15T06:25:12.242373Z[0m [32m INFO[0m [2mmidnight_bench[0m[2m:[0m [3mstage[0m[2m=[0m"finalise.compute_h_poly.end" [3mrss_mb[0m[2m=[0m230 [3mhwm_mb[0m[2m=[0m231
[2m2026-09-15T06:25:12.242383Z[0m [32m INFO[0m [2mmidnight_bench[0m[2m:[0m [3mstage[0m[2m=[0m"finalise.vanishing_construct.start" [3mrss_mb[0m[2m=[0m230 [3mhwm_mb[0m[2m=[0m231
[2m2026-09-15T06:25:12.333674Z[0m [32m INFO[0m [2mmidnight_bench[0m[2m:[0m [3mstage[0m[2m=[0m"finalise.vanishing_construct.end" [3mrss_mb[0m[2m=[0m230 [3mhwm_mb[0m[2m=[0m231
[2m2026-09-15T06:25:12.360503Z[0m [32m INFO[0m [2mmidnight_bench[0m[2m:[0m [3mstage[0m[2m=[0m"finalise.compute_queries.start" [3mrss_mb[0m[2m=[0m230 [3mhwm_mb[0m[2m=[0m231
[2m2026-09-15T06:25:12.360603Z[0m [32m INFO[0m [2mmidnight_bench[0m[2m:[0m [3mstage[0m[2m=[0m"finalise.multi_open.start" [3mrss_mb[0m[2m=[0m230 [3mhwm_mb[0m[2m=[0m231
[2m2026-09-15T06:25:12.449863Z[0m [32m INFO[0m [2mmidnight_bench[0m[2m:[0m [3mstage[0m[2m=[0m"finalise.multi_open.end" [3mrss_mb[0m[2m=[0m230 [3mhwm_mb[0m[2m=[0m231
[2m2026-09-15T06:25:12.449898Z[0m [32m INFO[0m [2mmidnight_bench[0m[2m:[0m [3mstage[0m[2m=[0m"create_proof.finalise_proof.end" [3mrss_mb[0m[2m=[0m230 [3mhwm_mb[0m[2m=[0m231
[2m2026-09-15T06:25:12.466590Z[0m [32m INFO[0m [2mactix_web::middleware::logger[0m[2m:[0m 192.168.65.1 POST /prove HTTP/1.1; took 0.643324s
[2m2026-09-15T06:25:12.468759Z[0m [32m INFO[0m [2mmidnight_proof_server::endpoints[0m[2m:[0m Starting to process request for /prove...
[2m2026-09-15T06:25:12.535857Z[0m [32m INFO[0m [2mmidnight_bench[0m[2m:[0m [3mstage[0m[2m=[0m"create_proof.compute_trace.start" [3mrss_mb[0m[2m=[0m209 [3mhwm_mb[0m[2m=[0m231
[2m2026-09-15T06:25:12.535886Z[0m [32m INFO[0m [2mmidnight_bench[0m[2m:[0m [3mstage[0m[2m=[0m"trace.compute_instances.start" [3mrss_mb[0m[2m=[0m209 [3mhwm_mb[0m[2m=[0m231
[2m2026-09-15T06:25:12.540622Z[0m [32m INFO[0m [2mmidnight_bench[0m[2m:[0m [3mstage[0m[2m=[0m"trace.compute_instances.end" [3mrss_mb[0m[2m=[0m209 [3mhwm_mb[0m[2m=[0m231
[2m2026-09-15T06:25:12.540638Z[0m [32m INFO[0m [2mmidnight_bench[0m[2m:[0m [3mstage[0m[2m=[0m"trace.parse_advices.start" [3mrss_mb[0m[2m=[0m209 [3mhwm_mb[0m[2m=[0m231
[2m2026-09-15T06:25:12.547080Z[0m [32m INFO[0m [2mmidnight_bench[0m[2m:[0m [3mstage[0m[2m=[0m"trace.parse_advices.end" [3mrss_mb[0m[2m=[0m217 [3mhwm_mb[0m[2m=[0m231
[2m2026-09-15T06:25:12.547103Z[0m [32m INFO[0m [2mmidnight_bench[0m[2m:[0m [3mstage[0m[2m=[0m"trace.lookups_permuted.start" [3mrss_mb[0m[2m=[0m217 [3mhwm_mb[0m[2m=[0m231
[2m2026-09-15T06:25:12.590123Z[0m [32m INFO[0m [2mmidnight_bench[0m[2m:[0m [3mstage[0m[2m=[0m"trace.lookups_permuted.end" [3mrss_mb[0m[2m=[0m222 [3mhwm_mb[0m[2m=[0m231
[2m2026-09-15T06:25:12.590150Z[0m [32m INFO[0m [2mmidnight_bench[0m[2m:[0m [3mstage[0m[2m=[0m"trace.permutations_commit.start" [3mrss_mb[0m[2m=[0m222 [3mhwm_mb[0m[2m=[0m231
[2m2026-09-15T06:25:12.657026Z[0m [32m INFO[0m [2mmidnight_bench[0m[2m:[0m [3mstage[0m[2m=[0m"trace.permutations_commit.end" [3mrss_mb[0m[2m=[0m230 [3mhwm_mb[0m[2m=[0m231
[2m2026-09-15T06:25:12.657049Z[0m [32m INFO[0m [2mmidnight_bench[0m[2m:[0m [3mstage[0m[2m=[0m"trace.lookups_product.start" [3mrss_mb[0m[2m=[0m230 [3mhwm_mb[0m[2m=[0m231
[2m2026-09-15T06:25:12.714443Z[0m [32m INFO[0m [2mmidnight_bench[0m[2m:[0m [3mstage[0m[2m=[0m"trace.lookups_product.end" [3mrss_mb[0m[2m=[0m230 [3mhwm_mb[0m[2m=[0m231
[2m2026-09-15T06:25:12.742776Z[0m [32m INFO[0m [2mmidnight_bench[0m[2m:[0m [3mstage[0m[2m=[0m"create_proof.compute_trace.end" [3mrss_mb[0m[2m=[0m231 [3mhwm_mb[0m[2m=[0m231
[2m2026-09-15T06:25:12.742799Z[0m [32m INFO[0m [2mmidnight_bench[0m[2m:[0m [3mstage[0m[2m=[0m"create_proof.finalise_proof.start" [3mrss_mb[0m[2m=[0m231 [3mhwm_mb[0m[2m=[0m231
[2m2026-09-15T06:25:12.742810Z[0m [32m INFO[0m [2mmidnight_bench[0m[2m:[0m [3mstage[0m[2m=[0m"finalise.compute_h_poly.start" [3mrss_mb[0m[2m=[0m231 [3mhwm_mb[0m[2m=[0m231
[2m2026-09-15T06:25:12.872116Z[0m [32m INFO[0m [2mmidnight_bench[0m[2m:[0m [3mstage[0m[2m=[0m"finalise.compute_h_poly.drop_cosets.end" [3mrss_mb[0m[2m=[0m233 [3mhwm_mb[0m[2m=[0m233
[2m2026-09-15T06:25:12.872149Z[0m [32m INFO[0m [2mmidnight_bench[0m[2m:[0m [3mstage[0m[2m=[0m"finalise.compute_h_poly.end" [3mrss_mb[0m[2m=[0m233 [3mhwm_mb[0m[2m=[0m233
[2m2026-09-15T06:25:12.872157Z[0m [32m INFO[0m [2mmidnight_bench[0m[2m:[0m [3mstage[0m[2m=[0m"finalise.vanishing_construct.start" [3mrss_mb[0m[2m=[0m233 [3mhwm_mb[0m[2m=[0m233
[2m2026-09-15T06:25:12.955493Z[0m [32m INFO[0m [2mmidnight_bench[0m[2m:[0m [3mstage[0m[2m=[0m"finalise.vanishing_construct.end" [3mrss_mb[0m[2m=[0m233 [3mhwm_mb[0m[2m=[0m233
[2m2026-09-15T06:25:12.981595Z[0m [32m INFO[0m [2mmidnight_bench[0m[2m:[0m [3mstage[0m[2m=[0m"finalise.compute_queries.start" [3mrss_mb[0m[2m=[0m233 [3mhwm_mb[0m[2m=[0m233
[2m2026-09-15T06:25:12.981686Z[0m [32m INFO[0m [2mmidnight_bench[0m[2m:[0m [3mstage[0m[2m=[0m"finalise.multi_open.start" [3mrss_mb[0m[2m=[0m233 [3mhwm_mb[0m[2m=[0m233
[2m2026-09-15T06:25:13.070134Z[0m [32m INFO[0m [2mmidnight_bench[0m[2m:[0m [3mstage[0m[2m=[0m"finalise.multi_open.end" [3mrss_mb[0m[2m=[0m233 [3mhwm_mb[0m[2m=[0m233
[2m2026-09-15T06:25:13.070177Z[0m [32m INFO[0m [2mmidnight_bench[0m[2m:[0m [3mstage[0m[2m=[0m"create_proof.finalise_proof.end" [3mrss_mb[0m[2m=[0m233 [3mhwm_mb[0m[2m=[0m233
[2m2026-09-15T06:25:13.087461Z[0m [32m INFO[0m [2mactix_web::middleware::logger[0m[2m:[0m 192.168.65.1 POST /prove HTTP/1.1; took 0.618718s
[2m2026-09-15T06:25:13.089509Z[0m [32m INFO[0m [2mmidnight_proof_server::endpoints[0m[2m:[0m Starting to process request for /prove...
[2m2026-09-15T06:25:13.159070Z[0m [32m INFO[0m [2mmidnight_bench[0m[2m:[0m [3mstage[0m[2m=[0m"create_proof.compute_trace.start" [3mrss_mb[0m[2m=[0m211 [3mhwm_mb[0m[2m=[0m231
[2m2026-09-15T06:25:13.159098Z[0m [32m INFO[0m [2mmidnight_bench[0m[2m:[0m [3mstage[0m[2m=[0m"trace.compute_instances.start" [3mrss_mb[0m[2m=[0m211 [3mhwm_mb[0m[2m=[0m231
[2m2026-09-15T06:25:13.164113Z[0m [32m INFO[0m [2mmidnight_bench[0m[2m:[0m [3mstage[0m[2m=[0m"trace.compute_instances.end" [3mrss_mb[0m[2m=[0m211 [3mhwm_mb[0m[2m=[0m231
[2m2026-09-15T06:25:13.164133Z[0m [32m INFO[0m [2mmidnight_bench[0m[2m:[0m [3mstage[0m[2m=[0m"trace.parse_advices.start" [3mrss_mb[0m[2m=[0m211 [3mhwm_mb[0m[2m=[0m231
[2m2026-09-15T06:25:13.170620Z[0m [32m INFO[0m [2mmidnight_bench[0m[2m:[0m [3mstage[0m[2m=[0m"trace.parse_advices.end" [3mrss_mb[0m[2m=[0m220 [3mhwm_mb[0m[2m=[0m231
[2m2026-09-15T06:25:13.170645Z[0m [32m INFO[0m [2mmidnight_bench[0m[2m:[0m [3mstage[0m[2m=[0m"trace.lookups_permuted.start" [3mrss_mb[0m[2m=[0m220 [3mhwm_mb[0m[2m=[0m231
[2m2026-09-15T06:25:13.213570Z[0m [32m INFO[0m [2mmidnight_bench[0m[2m:[0m [3mstage[0m[2m=[0m"trace.lookups_permuted.end" [3mrss_mb[0m[2m=[0m225 [3mhwm_mb[0m[2m=[0m231
[2m2026-09-15T06:25:13.213600Z[0m [32m INFO[0m [2mmidnight_bench[0m[2m:[0m [3mstage[0m[2m=[0m"trace.permutations_commit.start" [3mrss_mb[0m[2m=[0m225 [3mhwm_mb[0m[2m=[0m231
[2m2026-09-15T06:25:13.282717Z[0m [32m INFO[0m [2mmidnight_bench[0m[2m:[0m [3mstage[0m[2m=[0m"trace.permutations_commit.end" [3mrss_mb[0m[2m=[0m232 [3mhwm_mb[0m[2m=[0m232
[2m2026-09-15T06:25:13.282743Z[0m [32m INFO[0m [2mmidnight_bench[0m[2m:[0m [3mstage[0m[2m=[0m"trace.lookups_product.start" [3mrss_mb[0m[2m=[0m232 [3mhwm_mb[0m[2m=[0m232
[2m2026-09-15T06:25:13.331264Z[0m [32m INFO[0m [2mmidnight_bench[0m[2m:[0m [3mstage[0m[2m=[0m"trace.lookups_product.end" [3mrss_mb[0m[2m=[0m232 [3mhwm_mb[0m[2m=[0m232
[2m2026-09-15T06:25:13.354606Z[0m [32m INFO[0m [2mmidnight_bench[0m[2m:[0m [3mstage[0m[2m=[0m"create_proof.compute_trace.end" [3mrss_mb[0m[2m=[0m233 [3mhwm_mb[0m[2m=[0m233
[2m2026-09-15T06:25:13.354629Z[0m [32m INFO[0m [2mmidnight_bench[0m[2m:[0m [3mstage[0m[2m=[0m"create_proof.finalise_proof.start" [3mrss_mb[0m[2m=[0m233 [3mhwm_mb[0m[2m=[0m233
[2m2026-09-15T06:25:13.354638Z[0m [32m INFO[0m [2mmidnight_bench[0m[2m:[0m [3mstage[0m[2m=[0m"finalise.compute_h_poly.start" [3mrss_mb[0m[2m=[0m233 [3mhwm_mb[0m[2m=[0m233
[2m2026-09-15T06:25:13.487313Z[0m [32m INFO[0m [2mmidnight_bench[0m[2m:[0m [3mstage[0m[2m=[0m"finalise.compute_h_poly.drop_cosets.end" [3mrss_mb[0m[2m=[0m233 [3mhwm_mb[0m[2m=[0m233
[2m2026-09-15T06:25:13.487341Z[0m [32m INFO[0m [2mmidnight_bench[0m[2m:[0m [3mstage[0m[2m=[0m"finalise.compute_h_poly.end" [3mrss_mb[0m[2m=[0m233 [3mhwm_mb[0m[2m=[0m233
[2m2026-09-15T06:25:13.487350Z[0m [32m INFO[0m [2mmidnight_bench[0m[2m:[0m [3mstage[0m[2m=[0m"finalise.vanishing_construct.start" [3mrss_mb[0m[2m=[0m233 [3mhwm_mb[0m[2m=[0m233
[2m2026-09-15T06:25:13.575653Z[0m [32m INFO[0m [2mmidnight_bench[0m[2m:[0m [3mstage[0m[2m=[0m"finalise.vanishing_construct.end" [3mrss_mb[0m[2m=[0m233 [3mhwm_mb[0m[2m=[0m233
[2m2026-09-15T06:25:13.602458Z[0m [32m INFO[0m [2mmidnight_bench[0m[2m:[0m [3mstage[0m[2m=[0m"finalise.compute_queries.start" [3mrss_mb[0m[2m=[0m233 [3mhwm_mb[0m[2m=[0m233
[2m2026-09-15T06:25:13.602558Z[0m [32m INFO[0m [2mmidnight_bench[0m[2m:[0m [3mstage[0m[2m=[0m"finalise.multi_open.start" [3mrss_mb[0m[2m=[0m233 [3mhwm_mb[0m[2m=[0m233
[2m2026-09-15T06:25:13.690078Z[0m [32m INFO[0m [2mmidnight_bench[0m[2m:[0m [3mstage[0m[2m=[0m"finalise.multi_open.end" [3mrss_mb[0m[2m=[0m233 [3mhwm_mb[0m[2m=[0m233
[2m2026-09-15T06:25:13.690583Z[0m [32m INFO[0m [2mmidnight_bench[0m[2m:[0m [3mstage[0m[2m=[0m"create_proof.finalise_proof.end" [3mrss_mb[0m[2m=[0m218 [3mhwm_mb[0m[2m=[0m232
[2m2026-09-15T06:25:13.707070Z[0m [32m INFO[0m [2mactix_web::middleware::logger[0m[2m:[0m 192.168.65.1 POST /prove HTTP/1.1; took 0.617779s
[2m2026-09-15T06:25:13.708833Z[0m [32m INFO[0m [2mmidnight_proof_server::endpoints[0m[2m:[0m Starting to process request for /prove...
[2m2026-09-15T06:25:13.779583Z[0m [32m INFO[0m [2mmidnight_bench[0m[2m:[0m [3mstage[0m[2m=[0m"create_proof.compute_trace.start" [3mrss_mb[0m[2m=[0m212 [3mhwm_mb[0m[2m=[0m232
[2m2026-09-15T06:25:13.779614Z[0m [32m INFO[0m [2mmidnight_bench[0m[2m:[0m [3mstage[0m[2m=[0m"trace.compute_instances.start" [3mrss_mb[0m[2m=[0m212 [3mhwm_mb[0m[2m=[0m232
[2m2026-09-15T06:25:13.783966Z[0m [32m INFO[0m [2mmidnight_bench[0m[2m:[0m [3mstage[0m[2m=[0m"trace.compute_instances.end" [3mrss_mb[0m[2m=[0m212 [3mhwm_mb[0m[2m=[0m232
[2m2026-09-15T06:25:13.783985Z[0m [32m INFO[0m [2mmidnight_bench[0m[2m:[0m [3mstage[0m[2m=[0m"trace.parse_advices.start" [3mrss_mb[0m[2m=[0m212 [3mhwm_mb[0m[2m=[0m232
[2m2026-09-15T06:25:13.790509Z[0m [32m INFO[0m [2mmidnight_bench[0m[2m:[0m [3mstage[0m[2m=[0m"trace.parse_advices.end" [3mrss_mb[0m[2m=[0m220 [3mhwm_mb[0m[2m=[0m232
[2m2026-09-15T06:25:13.790530Z[0m [32m INFO[0m [2mmidnight_bench[0m[2m:[0m [3mstage[0m[2m=[0m"trace.lookups_permuted.start" [3mrss_mb[0m[2m=[0m220 [3mhwm_mb[0m[2m=[0m232
[2m2026-09-15T06:25:13.831738Z[0m [32m INFO[0m [2mmidnight_bench[0m[2m:[0m [3mstage[0m[2m=[0m"trace.lookups_permuted.end" [3mrss_mb[0m[2m=[0m225 [3mhwm_mb[0m[2m=[0m232
[2m2026-09-15T06:25:13.831768Z[0m [32m INFO[0m [2mmidnight_bench[0m[2m:[0m [3mstage[0m[2m=[0m"trace.permutations_commit.start" [3mrss_mb[0m[2m=[0m225 [3mhwm_mb[0m[2m=[0m232
[2m2026-09-15T06:25:13.901073Z[0m [32m INFO[0m [2mmidnight_bench[0m[2m:[0m [3mstage[0m[2m=[0m"trace.permutations_commit.end" [3mrss_mb[0m[2m=[0m232 [3mhwm_mb[0m[2m=[0m232
[2m2026-09-15T06:25:13.901099Z[0m [32m INFO[0m [2mmidnight_bench[0m[2m:[0m [3mstage[0m[2m=[0m"trace.lookups_product.start" [3mrss_mb[0m[2m=[0m232 [3mhwm_mb[0m[2m=[0m232
[2m2026-09-15T06:25:13.950574Z[0m [32m INFO[0m [2mmidnight_bench[0m[2m:[0m [3mstage[0m[2m=[0m"trace.lookups_product.end" [3mrss_mb[0m[2m=[0m232 [3mhwm_mb[0m[2m=[0m232
[2m2026-09-15T06:25:13.974494Z[0m [32m INFO[0m [2mmidnight_bench[0m[2m:[0m [3mstage[0m[2m=[0m"create_proof.compute_trace.end" [3mrss_mb[0m[2m=[0m233 [3mhwm_mb[0m[2m=[0m233
[2m2026-09-15T06:25:13.974519Z[0m [32m INFO[0m [2mmidnight_bench[0m[2m:[0m [3mstage[0m[2m=[0m"create_proof.finalise_proof.start" [3mrss_mb[0m[2m=[0m233 [3mhwm_mb[0m[2m=[0m233
[2m2026-09-15T06:25:13.974528Z[0m [32m INFO[0m [2mmidnight_bench[0m[2m:[0m [3mstage[0m[2m=[0m"finalise.compute_h_poly.start" [3mrss_mb[0m[2m=[0m233 [3mhwm_mb[0m[2m=[0m233
[2m2026-09-15T06:25:14.123748Z[0m [32m INFO[0m [2mmidnight_bench[0m[2m:[0m [3mstage[0m[2m=[0m"finalise.compute_h_poly.drop_cosets.end" [3mrss_mb[0m[2m=[0m236 [3mhwm_mb[0m[2m=[0m236
[2m2026-09-15T06:25:14.123781Z[0m [32m INFO[0m [2mmidnight_bench[0m[2m:[0m [3mstage[0m[2m=[0m"finalise.compute_h_poly.end" [3mrss_mb[0m[2m=[0m236 [3mhwm_mb[0m[2m=[0m236
[2m2026-09-15T06:25:14.123791Z[0m [32m INFO[0m [2mmidnight_bench[0m[2m:[0m [3mstage[0m[2m=[0m"finalise.vanishing_construct.start" [3mrss_mb[0m[2m=[0m236 [3mhwm_mb[0m[2m=[0m236
[2m2026-09-15T06:25:14.214858Z[0m [32m INFO[0m [2mmidnight_bench[0m[2m:[0m [3mstage[0m[2m=[0m"finalise.vanishing_construct.end" [3mrss_mb[0m[2m=[0m236 [3mhwm_mb[0m[2m=[0m236
[2m2026-09-15T06:25:14.241163Z[0m [32m INFO[0m [2mmidnight_bench[0m[2m:[0m [3mstage[0m[2m=[0m"finalise.compute_queries.start" [3mrss_mb[0m[2m=[0m236 [3mhwm_mb[0m[2m=[0m236
[2m2026-09-15T06:25:14.241247Z[0m [32m INFO[0m [2mmidnight_bench[0m[2m:[0m [3mstage[0m[2m=[0m"finalise.multi_open.start" [3mrss_mb[0m[2m=[0m236 [3mhwm_mb[0m[2m=[0m236
[2m2026-09-15T06:25:14.333353Z[0m [32m INFO[0m [2mmidnight_bench[0m[2m:[0m [3mstage[0m[2m=[0m"finalise.multi_open.end" [3mrss_mb[0m[2m=[0m236 [3mhwm_mb[0m[2m=[0m236
[2m2026-09-15T06:25:14.333908Z[0m [32m INFO[0m [2mmidnight_bench[0m[2m:[0m [3mstage[0m[2m=[0m"create_proof.finalise_proof.end" [3mrss_mb[0m[2m=[0m221 [3mhwm_mb[0m[2m=[0m235
[2m2026-09-15T06:25:14.350284Z[0m [32m INFO[0m [2mactix_web::middleware::logger[0m[2m:[0m 192.168.65.1 POST /prove HTTP/1.1; took 0.641467s
[2m2026-09-15T06:25:14.353794Z[0m [32m INFO[0m [2mmidnight_proof_server::endpoints[0m[2m:[0m Starting to process request for /prove...
[2m2026-09-15T06:25:14.427000Z[0m [32m INFO[0m [2mmidnight_bench[0m[2m:[0m [3mstage[0m[2m=[0m"create_proof.compute_trace.start" [3mrss_mb[0m[2m=[0m227 [3mhwm_mb[0m[2m=[0m235
[2m2026-09-15T06:25:14.427033Z[0m [32m INFO[0m [2mmidnight_bench[0m[2m:[0m [3mstage[0m[2m=[0m"trace.compute_instances.start" [3mrss_mb[0m[2m=[0m227 [3mhwm_mb[0m[2m=[0m235
[2m2026-09-15T06:25:14.431706Z[0m [32m INFO[0m [2mmidnight_bench[0m[2m:[0m [3mstage[0m[2m=[0m"trace.compute_instances.end" [3mrss_mb[0m[2m=[0m227 [3mhwm_mb[0m[2m=[0m235
[2m2026-09-15T06:25:14.431731Z[0m [32m INFO[0m [2mmidnight_bench[0m[2m:[0m [3mstage[0m[2m=[0m"trace.parse_advices.start" [3mrss_mb[0m[2m=[0m227 [3mhwm_mb[0m[2m=[0m235
[2m2026-09-15T06:25:14.438055Z[0m [32m INFO[0m [2mmidnight_bench[0m[2m:[0m [3mstage[0m[2m=[0m"trace.parse_advices.end" [3mrss_mb[0m[2m=[0m235 [3mhwm_mb[0m[2m=[0m235
[2m2026-09-15T06:25:14.438079Z[0m [32m INFO[0m [2mmidnight_bench[0m[2m:[0m [3mstage[0m[2m=[0m"trace.lookups_permuted.start" [3mrss_mb[0m[2m=[0m235 [3mhwm_mb[0m[2m=[0m235
[2m2026-09-15T06:25:14.492031Z[0m [32m INFO[0m [2mmidnight_bench[0m[2m:[0m [3mstage[0m[2m=[0m"trace.lookups_permuted.end" [3mrss_mb[0m[2m=[0m240 [3mhwm_mb[0m[2m=[0m240
[2m2026-09-15T06:25:14.492060Z[0m [32m INFO[0m [2mmidnight_bench[0m[2m:[0m [3mstage[0m[2m=[0m"trace.permutations_commit.start" [3mrss_mb[0m[2m=[0m240 [3mhwm_mb[0m[2m=[0m240
[2m2026-09-15T06:25:14.556776Z[0m [32m INFO[0m [2mmidnight_bench[0m[2m:[0m [3mstage[0m[2m=[0m"trace.permutations_commit.end" [3mrss_mb[0m[2m=[0m247 [3mhwm_mb[0m[2m=[0m247
[2m2026-09-15T06:25:14.556803Z[0m [32m INFO[0m [2mmidnight_bench[0m[2m:[0m [3mstage[0m[2m=[0m"trace.lookups_product.start" [3mrss_mb[0m[2m=[0m247 [3mhwm_mb[0m[2m=[0m247
[2m2026-09-15T06:25:14.605699Z[0m [32m INFO[0m [2mmidnight_bench[0m[2m:[0m [3mstage[0m[2m=[0m"trace.lookups_product.end" [3mrss_mb[0m[2m=[0m247 [3mhwm_mb[0m[2m=[0m247
[2m2026-09-15T06:25:14.629722Z[0m [32m INFO[0m [2mmidnight_bench[0m[2m:[0m [3mstage[0m[2m=[0m"create_proof.compute_trace.end" [3mrss_mb[0m[2m=[0m248 [3mhwm_mb[0m[2m=[0m248
[2m2026-09-15T06:25:14.629742Z[0m [32m INFO[0m [2mmidnight_bench[0m[2m:[0m [3mstage[0m[2m=[0m"create_proof.finalise_proof.start" [3mrss_mb[0m[2m=[0m248 [3mhwm_mb[0m[2m=[0m248
[2m2026-09-15T06:25:14.629750Z[0m [32m INFO[0m [2mmidnight_bench[0m[2m:[0m [3mstage[0m[2m=[0m"finalise.compute_h_poly.start" [3mrss_mb[0m[2m=[0m248 [3mhwm_mb[0m[2m=[0m248
[2m2026-09-15T06:25:14.759664Z[0m [32m INFO[0m [2mmidnight_bench[0m[2m:[0m [3mstage[0m[2m=[0m"finalise.compute_h_poly.drop_cosets.end" [3mrss_mb[0m[2m=[0m248 [3mhwm_mb[0m[2m=[0m248
[2m2026-09-15T06:25:14.759691Z[0m [32m INFO[0m [2mmidnight_bench[0m[2m:[0m [3mstage[0m[2m=[0m"finalise.compute_h_poly.end" [3mrss_mb[0m[2m=[0m248 [3mhwm_mb[0m[2m=[0m248
[2m2026-09-15T06:25:14.759698Z[0m [32m INFO[0m [2mmidnight_bench[0m[2m:[0m [3mstage[0m[2m=[0m"finalise.vanishing_construct.start" [3mrss_mb[0m[2m=[0m248 [3mhwm_mb[0m[2m=[0m248
[2m2026-09-15T06:25:14.843491Z[0m [32m INFO[0m [2mmidnight_bench[0m[2m:[0m [3mstage[0m[2m=[0m"finalise.vanishing_construct.end" [3mrss_mb[0m[2m=[0m248 [3mhwm_mb[0m[2m=[0m248
[2m2026-09-15T06:25:14.871506Z[0m [32m INFO[0m [2mmidnight_bench[0m[2m:[0m [3mstage[0m[2m=[0m"finalise.compute_queries.start" [3mrss_mb[0m[2m=[0m248 [3mhwm_mb[0m[2m=[0m248
[2m2026-09-15T06:25:14.871606Z[0m [32m INFO[0m [2mmidnight_bench[0m[2m:[0m [3mstage[0m[2m=[0m"finalise.multi_open.start" [3mrss_mb[0m[2m=[0m248 [3mhwm_mb[0m[2m=[0m248
[2m2026-09-15T06:25:14.958727Z[0m [32m INFO[0m [2mmidnight_bench[0m[2m:[0m [3mstage[0m[2m=[0m"finalise.multi_open.end" [3mrss_mb[0m[2m=[0m248 [3mhwm_mb[0m[2m=[0m248
[2m2026-09-15T06:25:14.959258Z[0m [32m INFO[0m [2mmidnight_bench[0m[2m:[0m [3mstage[0m[2m=[0m"create_proof.finalise_proof.end" [3mrss_mb[0m[2m=[0m233 [3mhwm_mb[0m[2m=[0m247
[2m2026-09-15T06:25:14.975710Z[0m [32m INFO[0m [2mactix_web::middleware::logger[0m[2m:[0m 192.168.65.1 POST /prove HTTP/1.1; took 0.621932s
[2m2026-09-15T06:25:14.977402Z[0m [32m INFO[0m [2mmidnight_proof_server::endpoints[0m[2m:[0m Starting to process request for /prove...
[2m2026-09-15T06:25:15.044265Z[0m [32m INFO[0m [2mmidnight_bench[0m[2m:[0m [3mstage[0m[2m=[0m"create_proof.compute_trace.start" [3mrss_mb[0m[2m=[0m231 [3mhwm_mb[0m[2m=[0m247
[2m2026-09-15T06:25:15.044293Z[0m [32m INFO[0m [2mmidnight_bench[0m[2m:[0m [3mstage[0m[2m=[0m"trace.compute_instances.start" [3mrss_mb[0m[2m=[0m231 [3mhwm_mb[0m[2m=[0m247
[2m2026-09-15T06:25:15.048656Z[0m [32m INFO[0m [2mmidnight_bench[0m[2m:[0m [3mstage[0m[2m=[0m"trace.compute_instances.end" [3mrss_mb[0m[2m=[0m231 [3mhwm_mb[0m[2m=[0m247
[2m2026-09-15T06:25:15.048678Z[0m [32m INFO[0m [2mmidnight_bench[0m[2m:[0m [3mstage[0m[2m=[0m"trace.parse_advices.start" [3mrss_mb[0m[2m=[0m231 [3mhwm_mb[0m[2m=[0m247
[2m2026-09-15T06:25:15.055031Z[0m [32m INFO[0m [2mmidnight_bench[0m[2m:[0m [3mstage[0m[2m=[0m"trace.parse_advices.end" [3mrss_mb[0m[2m=[0m239 [3mhwm_mb[0m[2m=[0m247
[2m2026-09-15T06:25:15.055052Z[0m [32m INFO[0m [2mmidnight_bench[0m[2m:[0m [3mstage[0m[2m=[0m"trace.lookups_permuted.start" [3mrss_mb[0m[2m=[0m239 [3mhwm_mb[0m[2m=[0m247
[2m2026-09-15T06:25:15.108086Z[0m [32m INFO[0m [2mmidnight_bench[0m[2m:[0m [3mstage[0m[2m=[0m"trace.lookups_permuted.end" [3mrss_mb[0m[2m=[0m244 [3mhwm_mb[0m[2m=[0m247
[2m2026-09-15T06:25:15.108117Z[0m [32m INFO[0m [2mmidnight_bench[0m[2m:[0m [3mstage[0m[2m=[0m"trace.permutations_commit.start" [3mrss_mb[0m[2m=[0m244 [3mhwm_mb[0m[2m=[0m247
[2m2026-09-15T06:25:15.172494Z[0m [32m INFO[0m [2mmidnight_bench[0m[2m:[0m [3mstage[0m[2m=[0m"trace.permutations_commit.end" [3mrss_mb[0m[2m=[0m251 [3mhwm_mb[0m[2m=[0m251
[2m2026-09-15T06:25:15.172520Z[0m [32m INFO[0m [2mmidnight_bench[0m[2m:[0m [3mstage[0m[2m=[0m"trace.lookups_product.start" [3mrss_mb[0m[2m=[0m251 [3mhwm_mb[0m[2m=[0m251
[2m2026-09-15T06:25:15.226291Z[0m [32m INFO[0m [2mmidnight_bench[0m[2m:[0m [3mstage[0m[2m=[0m"trace.lookups_product.end" [3mrss_mb[0m[2m=[0m251 [3mhwm_mb[0m[2m=[0m251
[2m2026-09-15T06:25:15.250497Z[0m [32m INFO[0m [2mmidnight_bench[0m[2m:[0m [3mstage[0m[2m=[0m"create_proof.compute_trace.end" [3mrss_mb[0m[2m=[0m252 [3mhwm_mb[0m[2m=[0m252
[2m2026-09-15T06:25:15.250528Z[0m [32m INFO[0m [2mmidnight_bench[0m[2m:[0m [3mstage[0m[2m=[0m"create_proof.finalise_proof.start" [3mrss_mb[0m[2m=[0m252 [3mhwm_mb[0m[2m=[0m252
[2m2026-09-15T06:25:15.250536Z[0m [32m INFO[0m [2mmidnight_bench[0m[2m:[0m [3mstage[0m[2m=[0m"finalise.compute_h_poly.start" [3mrss_mb[0m[2m=[0m252 [3mhwm_mb[0m[2m=[0m252
[2m2026-09-15T06:25:15.377430Z[0m [32m INFO[0m [2mmidnight_bench[0m[2m:[0m [3mstage[0m[2m=[0m"finalise.compute_h_poly.drop_cosets.end" [3mrss_mb[0m[2m=[0m252 [3mhwm_mb[0m[2m=[0m252
[2m2026-09-15T06:25:15.377465Z[0m [32m INFO[0m [2mmidnight_bench[0m[2m:[0m [3mstage[0m[2m=[0m"finalise.compute_h_poly.end" [3mrss_mb[0m[2m=[0m252 [3mhwm_mb[0m[2m=[0m252
[2m2026-09-15T06:25:15.377473Z[0m [32m INFO[0m [2mmidnight_bench[0m[2m:[0m [3mstage[0m[2m=[0m"finalise.vanishing_construct.start" [3mrss_mb[0m[2m=[0m252 [3mhwm_mb[0m[2m=[0m252
[2m2026-09-15T06:25:15.465464Z[0m [32m INFO[0m [2mmidnight_bench[0m[2m:[0m [3mstage[0m[2m=[0m"finalise.vanishing_construct.end" [3mrss_mb[0m[2m=[0m252 [3mhwm_mb[0m[2m=[0m252
[2m2026-09-15T06:25:15.490873Z[0m [32m INFO[0m [2mmidnight_bench[0m[2m:[0m [3mstage[0m[2m=[0m"finalise.compute_queries.start" [3mrss_mb[0m[2m=[0m252 [3mhwm_mb[0m[2m=[0m252
[2m2026-09-15T06:25:15.490962Z[0m [32m INFO[0m [2mmidnight_bench[0m[2m:[0m [3mstage[0m[2m=[0m"finalise.multi_open.start" [3mrss_mb[0m[2m=[0m252 [3mhwm_mb[0m[2m=[0m252
[2m2026-09-15T06:25:15.582767Z[0m [32m INFO[0m [2mmidnight_bench[0m[2m:[0m [3mstage[0m[2m=[0m"finalise.multi_open.end" [3mrss_mb[0m[2m=[0m252 [3mhwm_mb[0m[2m=[0m252
[2m2026-09-15T06:25:15.583268Z[0m [32m INFO[0m [2mmidnight_bench[0m[2m:[0m [3mstage[0m[2m=[0m"create_proof.finalise_proof.end" [3mrss_mb[0m[2m=[0m237 [3mhwm_mb[0m[2m=[0m251
[2m2026-09-15T06:25:15.599506Z[0m [32m INFO[0m [2mactix_web::middleware::logger[0m[2m:[0m 192.168.65.1 POST /prove HTTP/1.1; took 0.622123s
[2m2026-09-15T06:25:15.600876Z[0m [32m INFO[0m [2mmidnight_proof_server::endpoints[0m[2m:[0m Starting to process request for /prove...
[2m2026-09-15T06:25:15.669702Z[0m [32m INFO[0m [2mmidnight_bench[0m[2m:[0m [3mstage[0m[2m=[0m"create_proof.compute_trace.start" [3mrss_mb[0m[2m=[0m239 [3mhwm_mb[0m[2m=[0m251
[2m2026-09-15T06:25:15.669737Z[0m [32m INFO[0m [2mmidnight_bench[0m[2m:[0m [3mstage[0m[2m=[0m"trace.compute_instances.start" [3mrss_mb[0m[2m=[0m239 [3mhwm_mb[0m[2m=[0m251
[2m2026-09-15T06:25:15.674868Z[0m [32m INFO[0m [2mmidnight_bench[0m[2m:[0m [3mstage[0m[2m=[0m"trace.compute_instances.end" [3mrss_mb[0m[2m=[0m239 [3mhwm_mb[0m[2m=[0m251
[2m2026-09-15T06:25:15.674888Z[0m [32m INFO[0m [2mmidnight_bench[0m[2m:[0m [3mstage[0m[2m=[0m"trace.parse_advices.start" [3mrss_mb[0m[2m=[0m239 [3mhwm_mb[0m[2m=[0m251
[2m2026-09-15T06:25:15.681578Z[0m [32m INFO[0m [2mmidnight_bench[0m[2m:[0m [3mstage[0m[2m=[0m"trace.parse_advices.end" [3mrss_mb[0m[2m=[0m247 [3mhwm_mb[0m[2m=[0m251
[2m2026-09-15T06:25:15.681601Z[0m [32m INFO[0m [2mmidnight_bench[0m[2m:[0m [3mstage[0m[2m=[0m"trace.lookups_permuted.start" [3mrss_mb[0m[2m=[0m247 [3mhwm_mb[0m[2m=[0m251
[2m2026-09-15T06:25:15.727559Z[0m [32m INFO[0m [2mmidnight_bench[0m[2m:[0m [3mstage[0m[2m=[0m"trace.lookups_permuted.end" [3mrss_mb[0m[2m=[0m252 [3mhwm_mb[0m[2m=[0m252
[2m2026-09-15T06:25:15.727592Z[0m [32m INFO[0m [2mmidnight_bench[0m[2m:[0m [3mstage[0m[2m=[0m"trace.permutations_commit.start" [3mrss_mb[0m[2m=[0m252 [3mhwm_mb[0m[2m=[0m252
[2m2026-09-15T06:25:15.804759Z[0m [32m INFO[0m [2mmidnight_bench[0m[2m:[0m [3mstage[0m[2m=[0m"trace.permutations_commit.end" [3mrss_mb[0m[2m=[0m259 [3mhwm_mb[0m[2m=[0m259
[2m2026-09-15T06:25:15.804821Z[0m [32m INFO[0m [2mmidnight_bench[0m[2m:[0m [3mstage[0m[2m=[0m"trace.lookups_product.start" [3mrss_mb[0m[2m=[0m259 [3mhwm_mb[0m[2m=[0m259
[2m2026-09-15T06:25:15.861946Z[0m [32m INFO[0m [2mmidnight_bench[0m[2m:[0m [3mstage[0m[2m=[0m"trace.lookups_product.end" [3mrss_mb[0m[2m=[0m259 [3mhwm_mb[0m[2m=[0m259
[2m2026-09-15T06:25:15.888612Z[0m [32m INFO[0m [2mmidnight_bench[0m[2m:[0m [3mstage[0m[2m=[0m"create_proof.compute_trace.end" [3mrss_mb[0m[2m=[0m260 [3mhwm_mb[0m[2m=[0m260
[2m2026-09-15T06:25:15.888714Z[0m [32m INFO[0m [2mmidnight_bench[0m[2m:[0m [3mstage[0m[2m=[0m"create_proof.finalise_proof.start" [3mrss_mb[0m[2m=[0m260 [3mhwm_mb[0m[2m=[0m260
[2m2026-09-15T06:25:15.888763Z[0m [32m INFO[0m [2mmidnight_bench[0m[2m:[0m [3mstage[0m[2m=[0m"finalise.compute_h_poly.start" [3mrss_mb[0m[2m=[0m260 [3mhwm_mb[0m[2m=[0m260
[2m2026-09-15T06:25:16.047873Z[0m [32m INFO[0m [2mmidnight_bench[0m[2m:[0m [3mstage[0m[2m=[0m"finalise.compute_h_poly.drop_cosets.end" [3mrss_mb[0m[2m=[0m260 [3mhwm_mb[0m[2m=[0m260
[2m2026-09-15T06:25:16.047907Z[0m [32m INFO[0m [2mmidnight_bench[0m[2m:[0m [3mstage[0m[2m=[0m"finalise.compute_h_poly.end" [3mrss_mb[0m[2m=[0m260 [3mhwm_mb[0m[2m=[0m260
[2m2026-09-15T06:25:16.047914Z[0m [32m INFO[0m [2mmidnight_bench[0m[2m:[0m [3mstage[0m[2m=[0m"finalise.vanishing_construct.start" [3mrss_mb[0m[2m=[0m260 [3mhwm_mb[0m[2m=[0m260
[2m2026-09-15T06:25:16.141212Z[0m [32m INFO[0m [2mmidnight_bench[0m[2m:[0m [3mstage[0m[2m=[0m"finalise.vanishing_construct.end" [3mrss_mb[0m[2m=[0m260 [3mhwm_mb[0m[2m=[0m260
[2m2026-09-15T06:25:16.178895Z[0m [32m INFO[0m [2mmidnight_bench[0m[2m:[0m [3mstage[0m[2m=[0m"finalise.compute_queries.start" [3mrss_mb[0m[2m=[0m260 [3mhwm_mb[0m[2m=[0m260
[2m2026-09-15T06:25:16.178986Z[0m [32m INFO[0m [2mmidnight_bench[0m[2m:[0m [3mstage[0m[2m=[0m"finalise.multi_open.start" [3mrss_mb[0m[2m=[0m260 [3mhwm_mb[0m[2m=[0m260
[2m2026-09-15T06:25:16.268870Z[0m [32m INFO[0m [2mmidnight_bench[0m[2m:[0m [3mstage[0m[2m=[0m"finalise.multi_open.end" [3mrss_mb[0m[2m=[0m260 [3mhwm_mb[0m[2m=[0m260
[2m2026-09-15T06:25:16.269750Z[0m [32m INFO[0m [2mmidnight_bench[0m[2m:[0m [3mstage[0m[2m=[0m"create_proof.finalise_proof.end" [3mrss_mb[0m[2m=[0m235 [3mhwm_mb[0m[2m=[0m259
[2m2026-09-15T06:25:16.286080Z[0m [32m INFO[0m [2mactix_web::middleware::logger[0m[2m:[0m 192.168.65.1 POST /prove HTTP/1.1; took 0.685223s
[2m2026-09-15T06:25:16.287676Z[0m [32m INFO[0m [2mmidnight_proof_server::endpoints[0m[2m:[0m Starting to process request for /prove...
[2m2026-09-15T06:25:16.357846Z[0m [32m INFO[0m [2mmidnight_bench[0m[2m:[0m [3mstage[0m[2m=[0m"create_proof.compute_trace.start" [3mrss_mb[0m[2m=[0m228 [3mhwm_mb[0m[2m=[0m259
[2m2026-09-15T06:25:16.357880Z[0m [32m INFO[0m [2mmidnight_bench[0m[2m:[0m [3mstage[0m[2m=[0m"trace.compute_instances.start" [3mrss_mb[0m[2m=[0m228 [3mhwm_mb[0m[2m=[0m259
[2m2026-09-15T06:25:16.363521Z[0m [32m INFO[0m [2mmidnight_bench[0m[2m:[0m [3mstage[0m[2m=[0m"trace.compute_instances.end" [3mrss_mb[0m[2m=[0m228 [3mhwm_mb[0m[2m=[0m259
[2m2026-09-15T06:25:16.363552Z[0m [32m INFO[0m [2mmidnight_bench[0m[2m:[0m [3mstage[0m[2m=[0m"trace.parse_advices.start" [3mrss_mb[0m[2m=[0m228 [3mhwm_mb[0m[2m=[0m259
[2m2026-09-15T06:25:16.370193Z[0m [32m INFO[0m [2mmidnight_bench[0m[2m:[0m [3mstage[0m[2m=[0m"trace.parse_advices.end" [3mrss_mb[0m[2m=[0m236 [3mhwm_mb[0m[2m=[0m259
[2m2026-09-15T06:25:16.370217Z[0m [32m INFO[0m [2mmidnight_bench[0m[2m:[0m [3mstage[0m[2m=[0m"trace.lookups_permuted.start" [3mrss_mb[0m[2m=[0m236 [3mhwm_mb[0m[2m=[0m259
[2m2026-09-15T06:25:16.415685Z[0m [32m INFO[0m [2mmidnight_bench[0m[2m:[0m [3mstage[0m[2m=[0m"trace.lookups_permuted.end" [3mrss_mb[0m[2m=[0m241 [3mhwm_mb[0m[2m=[0m259
[2m2026-09-15T06:25:16.415714Z[0m [32m INFO[0m [2mmidnight_bench[0m[2m:[0m [3mstage[0m[2m=[0m"trace.permutations_commit.start" [3mrss_mb[0m[2m=[0m241 [3mhwm_mb[0m[2m=[0m259
[2m2026-09-15T06:25:16.484351Z[0m [32m INFO[0m [2mmidnight_bench[0m[2m:[0m [3mstage[0m[2m=[0m"trace.permutations_commit.end" [3mrss_mb[0m[2m=[0m249 [3mhwm_mb[0m[2m=[0m259
[2m2026-09-15T06:25:16.484378Z[0m [32m INFO[0m [2mmidnight_bench[0m[2m:[0m [3mstage[0m[2m=[0m"trace.lookups_product.start" [3mrss_mb[0m[2m=[0m249 [3mhwm_mb[0m[2m=[0m259
[2m2026-09-15T06:25:16.534384Z[0m [32m INFO[0m [2mmidnight_bench[0m[2m:[0m [3mstage[0m[2m=[0m"trace.lookups_product.end" [3mrss_mb[0m[2m=[0m249 [3mhwm_mb[0m[2m=[0m259
[2m2026-09-15T06:25:16.556393Z[0m [32m INFO[0m [2mmidnight_bench[0m[2m:[0m [3mstage[0m[2m=[0m"create_proof.compute_trace.end" [3mrss_mb[0m[2m=[0m250 [3mhwm_mb[0m[2m=[0m259
[2m2026-09-15T06:25:16.556417Z[0m [32m INFO[0m [2mmidnight_bench[0m[2m:[0m [3mstage[0m[2m=[0m"create_proof.finalise_proof.start" [3mrss_mb[0m[2m=[0m250 [3mhwm_mb[0m[2m=[0m259
[2m2026-09-15T06:25:16.556425Z[0m [32m INFO[0m [2mmidnight_bench[0m[2m:[0m [3mstage[0m[2m=[0m"finalise.compute_h_poly.start" [3mrss_mb[0m[2m=[0m250 [3mhwm_mb[0m[2m=[0m259
[2m2026-09-15T06:25:16.688627Z[0m [32m INFO[0m [2mmidnight_bench[0m[2m:[0m [3mstage[0m[2m=[0m"finalise.compute_h_poly.drop_cosets.end" [3mrss_mb[0m[2m=[0m250 [3mhwm_mb[0m[2m=[0m259
[2m2026-09-15T06:25:16.688656Z[0m [32m INFO[0m [2mmidnight_bench[0m[2m:[0m [3mstage[0m[2m=[0m"finalise.compute_h_poly.end" [3mrss_mb[0m[2m=[0m250 [3mhwm_mb[0m[2m=[0m259
[2m2026-09-15T06:25:16.688663Z[0m [32m INFO[0m [2mmidnight_bench[0m[2m:[0m [3mstage[0m[2m=[0m"finalise.vanishing_construct.start" [3mrss_mb[0m[2m=[0m250 [3mhwm_mb[0m[2m=[0m259
[2m2026-09-15T06:25:16.776037Z[0m [32m INFO[0m [2mmidnight_bench[0m[2m:[0m [3mstage[0m[2m=[0m"finalise.vanishing_construct.end" [3mrss_mb[0m[2m=[0m250 [3mhwm_mb[0m[2m=[0m259
[2m2026-09-15T06:25:16.804314Z[0m [32m INFO[0m [2mmidnight_bench[0m[2m:[0m [3mstage[0m[2m=[0m"finalise.compute_queries.start" [3mrss_mb[0m[2m=[0m250 [3mhwm_mb[0m[2m=[0m259
[2m2026-09-15T06:25:16.804407Z[0m [32m INFO[0m [2mmidnight_bench[0m[2m:[0m [3mstage[0m[2m=[0m"finalise.multi_open.start" [3mrss_mb[0m[2m=[0m250 [3mhwm_mb[0m[2m=[0m259
[2m2026-09-15T06:25:16.897420Z[0m [32m INFO[0m [2mmidnight_bench[0m[2m:[0m [3mstage[0m[2m=[0m"finalise.multi_open.end" [3mrss_mb[0m[2m=[0m250 [3mhwm_mb[0m[2m=[0m259
[2m2026-09-15T06:25:16.898375Z[0m [32m INFO[0m [2mmidnight_bench[0m[2m:[0m [3mstage[0m[2m=[0m"create_proof.finalise_proof.end" [3mrss_mb[0m[2m=[0m224 [3mhwm_mb[0m[2m=[0m259
[2m2026-09-15T06:25:16.914488Z[0m [32m INFO[0m [2mactix_web::middleware::logger[0m[2m:[0m 192.168.65.1 POST /prove HTTP/1.1; took 0.626828s
[2m2026-09-15T06:25:16.916051Z[0m [32m INFO[0m [2mmidnight_proof_server::endpoints[0m[2m:[0m Starting to process request for /prove...
[2m2026-09-15T06:25:16.990186Z[0m [32m INFO[0m [2mmidnight_bench[0m[2m:[0m [3mstage[0m[2m=[0m"create_proof.compute_trace.start" [3mrss_mb[0m[2m=[0m241 [3mhwm_mb[0m[2m=[0m259
[2m2026-09-15T06:25:16.990215Z[0m [32m INFO[0m [2mmidnight_bench[0m[2m:[0m [3mstage[0m[2m=[0m"trace.compute_instances.start" [3mrss_mb[0m[2m=[0m241 [3mhwm_mb[0m[2m=[0m259
[2m2026-09-15T06:25:16.994887Z[0m [32m INFO[0m [2mmidnight_bench[0m[2m:[0m [3mstage[0m[2m=[0m"trace.compute_instances.end" [3mrss_mb[0m[2m=[0m241 [3mhwm_mb[0m[2m=[0m259
[2m2026-09-15T06:25:16.994909Z[0m [32m INFO[0m [2mmidnight_bench[0m[2m:[0m [3mstage[0m[2m=[0m"trace.parse_advices.start" [3mrss_mb[0m[2m=[0m241 [3mhwm_mb[0m[2m=[0m259
[2m2026-09-15T06:25:17.018688Z[0m [32m INFO[0m [2mmidnight_bench[0m[2m:[0m [3mstage[0m[2m=[0m"trace.parse_advices.end" [3mrss_mb[0m[2m=[0m249 [3mhwm_mb[0m[2m=[0m259
[2m2026-09-15T06:25:17.018905Z[0m [32m INFO[0m [2mmidnight_bench[0m[2m:[0m [3mstage[0m[2m=[0m"trace.lookups_permuted.start" [3mrss_mb[0m[2m=[0m249 [3mhwm_mb[0m[2m=[0m259
[2m2026-09-15T06:25:17.067358Z[0m [32m INFO[0m [2mmidnight_bench[0m[2m:[0m [3mstage[0m[2m=[0m"trace.lookups_permuted.end" [3mrss_mb[0m[2m=[0m254 [3mhwm_mb[0m[2m=[0m259
[2m2026-09-15T06:25:17.067389Z[0m [32m INFO[0m [2mmidnight_bench[0m[2m:[0m [3mstage[0m[2m=[0m"trace.permutations_commit.start" [3mrss_mb[0m[2m=[0m254 [3mhwm_mb[0m[2m=[0m259
[2m2026-09-15T06:25:17.134303Z[0m [32m INFO[0m [2mmidnight_bench[0m[2m:[0m [3mstage[0m[2m=[0m"trace.permutations_commit.end" [3mrss_mb[0m[2m=[0m262 [3mhwm_mb[0m[2m=[0m262
[2m2026-09-15T06:25:17.134328Z[0m [32m INFO[0m [2mmidnight_bench[0m[2m:[0m [3mstage[0m[2m=[0m"trace.lookups_product.start" [3mrss_mb[0m[2m=[0m262 [3mhwm_mb[0m[2m=[0m262
[2m2026-09-15T06:25:17.185988Z[0m [32m INFO[0m [2mmidnight_bench[0m[2m:[0m [3mstage[0m[2m=[0m"trace.lookups_product.end" [3mrss_mb[0m[2m=[0m262 [3mhwm_mb[0m[2m=[0m262
[2m2026-09-15T06:25:17.210080Z[0m [32m INFO[0m [2mmidnight_bench[0m[2m:[0m [3mstage[0m[2m=[0m"create_proof.compute_trace.end" [3mrss_mb[0m[2m=[0m263 [3mhwm_mb[0m[2m=[0m263
[2m2026-09-15T06:25:17.210112Z[0m [32m INFO[0m [2mmidnight_bench[0m[2m:[0m [3mstage[0m[2m=[0m"create_proof.finalise_proof.start" [3mrss_mb[0m[2m=[0m263 [3mhwm_mb[0m[2m=[0m263
[2m2026-09-15T06:25:17.210121Z[0m [32m INFO[0m [2mmidnight_bench[0m[2m:[0m [3mstage[0m[2m=[0m"finalise.compute_h_poly.start" [3mrss_mb[0m[2m=[0m263 [3mhwm_mb[0m[2m=[0m263
[2m2026-09-15T06:25:17.334234Z[0m [32m INFO[0m [2mmidnight_bench[0m[2m:[0m [3mstage[0m[2m=[0m"finalise.compute_h_poly.drop_cosets.end" [3mrss_mb[0m[2m=[0m263 [3mhwm_mb[0m[2m=[0m263
[2m2026-09-15T06:25:17.334260Z[0m [32m INFO[0m [2mmidnight_bench[0m[2m:[0m [3mstage[0m[2m=[0m"finalise.compute_h_poly.end" [3mrss_mb[0m[2m=[0m263 [3mhwm_mb[0m[2m=[0m263
[2m2026-09-15T06:25:17.334267Z[0m [32m INFO[0m [2mmidnight_bench[0m[2m:[0m [3mstage[0m[2m=[0m"finalise.vanishing_construct.start" [3mrss_mb[0m[2m=[0m263 [3mhwm_mb[0m[2m=[0m263
[2m2026-09-15T06:25:17.424804Z[0m [32m INFO[0m [2mmidnight_bench[0m[2m:[0m [3mstage[0m[2m=[0m"finalise.vanishing_construct.end" [3mrss_mb[0m[2m=[0m263 [3mhwm_mb[0m[2m=[0m263
[2m2026-09-15T06:25:17.450867Z[0m [32m INFO[0m [2mmidnight_bench[0m[2m:[0m [3mstage[0m[2m=[0m"finalise.compute_queries.start" [3mrss_mb[0m[2m=[0m263 [3mhwm_mb[0m[2m=[0m263
[2m2026-09-15T06:25:17.450961Z[0m [32m INFO[0m [2mmidnight_bench[0m[2m:[0m [3mstage[0m[2m=[0m"finalise.multi_open.start" [3mrss_mb[0m[2m=[0m263 [3mhwm_mb[0m[2m=[0m263
[2m2026-09-15T06:25:17.542191Z[0m [32m INFO[0m [2mmidnight_bench[0m[2m:[0m [3mstage[0m[2m=[0m"finalise.multi_open.end" [3mrss_mb[0m[2m=[0m263 [3mhwm_mb[0m[2m=[0m263
[2m2026-09-15T06:25:17.543040Z[0m [32m INFO[0m [2mmidnight_bench[0m[2m:[0m [3mstage[0m[2m=[0m"create_proof.finalise_proof.end" [3mrss_mb[0m[2m=[0m237 [3mhwm_mb[0m[2m=[0m262
[2m2026-09-15T06:25:17.558248Z[0m [32m INFO[0m [2mactix_web::middleware::logger[0m[2m:[0m 192.168.65.1 POST /prove HTTP/1.1; took 0.642217s
[2m2026-09-15T06:25:17.559903Z[0m [32m INFO[0m [2mmidnight_proof_server::endpoints[0m[2m:[0m Starting to process request for /prove...
[2m2026-09-15T06:25:17.627887Z[0m [32m INFO[0m [2mmidnight_bench[0m[2m:[0m [3mstage[0m[2m=[0m"create_proof.compute_trace.start" [3mrss_mb[0m[2m=[0m250 [3mhwm_mb[0m[2m=[0m262
[2m2026-09-15T06:25:17.627917Z[0m [32m INFO[0m [2mmidnight_bench[0m[2m:[0m [3mstage[0m[2m=[0m"trace.compute_instances.start" [3mrss_mb[0m[2m=[0m250 [3mhwm_mb[0m[2m=[0m262
[2m2026-09-15T06:25:17.632114Z[0m [32m INFO[0m [2mmidnight_bench[0m[2m:[0m [3mstage[0m[2m=[0m"trace.compute_instances.end" [3mrss_mb[0m[2m=[0m250 [3mhwm_mb[0m[2m=[0m262
[2m2026-09-15T06:25:17.632138Z[0m [32m INFO[0m [2mmidnight_bench[0m[2m:[0m [3mstage[0m[2m=[0m"trace.parse_advices.start" [3mrss_mb[0m[2m=[0m250 [3mhwm_mb[0m[2m=[0m262
[2m2026-09-15T06:25:17.641056Z[0m [32m INFO[0m [2mmidnight_bench[0m[2m:[0m [3mstage[0m[2m=[0m"trace.parse_advices.end" [3mrss_mb[0m[2m=[0m258 [3mhwm_mb[0m[2m=[0m262
[2m2026-09-15T06:25:17.641084Z[0m [32m INFO[0m [2mmidnight_bench[0m[2m:[0m [3mstage[0m[2m=[0m"trace.lookups_permuted.start" [3mrss_mb[0m[2m=[0m258 [3mhwm_mb[0m[2m=[0m262
[2m2026-09-15T06:25:17.686326Z[0m [32m INFO[0m [2mmidnight_bench[0m[2m:[0m [3mstage[0m[2m=[0m"trace.lookups_permuted.end" [3mrss_mb[0m[2m=[0m263 [3mhwm_mb[0m[2m=[0m263
[2m2026-09-15T06:25:17.686360Z[0m [32m INFO[0m [2mmidnight_bench[0m[2m:[0m [3mstage[0m[2m=[0m"trace.permutations_commit.start" [3mrss_mb[0m[2m=[0m263 [3mhwm_mb[0m[2m=[0m263
[2m2026-09-15T06:25:17.752409Z[0m [32m INFO[0m [2mmidnight_bench[0m[2m:[0m [3mstage[0m[2m=[0m"trace.permutations_commit.end" [3mrss_mb[0m[2m=[0m271 [3mhwm_mb[0m[2m=[0m271
[2m2026-09-15T06:25:17.752438Z[0m [32m INFO[0m [2mmidnight_bench[0m[2m:[0m [3mstage[0m[2m=[0m"trace.lookups_product.start" [3mrss_mb[0m[2m=[0m271 [3mhwm_mb[0m[2m=[0m271
[2m2026-09-15T06:25:17.802331Z[0m [32m INFO[0m [2mmidnight_bench[0m[2m:[0m [3mstage[0m[2m=[0m"trace.lookups_product.end" [3mrss_mb[0m[2m=[0m271 [3mhwm_mb[0m[2m=[0m271
[2m2026-09-15T06:25:17.827026Z[0m [32m INFO[0m [2mmidnight_bench[0m[2m:[0m [3mstage[0m[2m=[0m"create_proof.compute_trace.end" [3mrss_mb[0m[2m=[0m272 [3mhwm_mb[0m[2m=[0m272
[2m2026-09-15T06:25:17.827067Z[0m [32m INFO[0m [2mmidnight_bench[0m[2m:[0m [3mstage[0m[2m=[0m"create_proof.finalise_proof.start" [3mrss_mb[0m[2m=[0m272 [3mhwm_mb[0m[2m=[0m272
[2m2026-09-15T06:25:17.827075Z[0m [32m INFO[0m [2mmidnight_bench[0m[2m:[0m [3mstage[0m[2m=[0m"finalise.compute_h_poly.start" [3mrss_mb[0m[2m=[0m272 [3mhwm_mb[0m[2m=[0m272
[2m2026-09-15T06:25:17.974752Z[0m [32m INFO[0m [2mmidnight_bench[0m[2m:[0m [3mstage[0m[2m=[0m"finalise.compute_h_poly.drop_cosets.end" [3mrss_mb[0m[2m=[0m272 [3mhwm_mb[0m[2m=[0m272
[2m2026-09-15T06:25:17.974783Z[0m [32m INFO[0m [2mmidnight_bench[0m[2m:[0m [3mstage[0m[2m=[0m"finalise.compute_h_poly.end" [3mrss_mb[0m[2m=[0m272 [3mhwm_mb[0m[2m=[0m272
[2m2026-09-15T06:25:17.974791Z[0m [32m INFO[0m [2mmidnight_bench[0m[2m:[0m [3mstage[0m[2m=[0m"finalise.vanishing_construct.start" [3mrss_mb[0m[2m=[0m272 [3mhwm_mb[0m[2m=[0m272
[2m2026-09-15T06:25:18.061477Z[0m [32m INFO[0m [2mmidnight_bench[0m[2m:[0m [3mstage[0m[2m=[0m"finalise.vanishing_construct.end" [3mrss_mb[0m[2m=[0m272 [3mhwm_mb[0m[2m=[0m272
[2m2026-09-15T06:25:18.088746Z[0m [32m INFO[0m [2mmidnight_bench[0m[2m:[0m [3mstage[0m[2m=[0m"finalise.compute_queries.start" [3mrss_mb[0m[2m=[0m272 [3mhwm_mb[0m[2m=[0m272
[2m2026-09-15T06:25:18.088838Z[0m [32m INFO[0m [2mmidnight_bench[0m[2m:[0m [3mstage[0m[2m=[0m"finalise.multi_open.start" [3mrss_mb[0m[2m=[0m272 [3mhwm_mb[0m[2m=[0m272
[2m2026-09-15T06:25:18.182247Z[0m [32m INFO[0m [2mmidnight_bench[0m[2m:[0m [3mstage[0m[2m=[0m"finalise.multi_open.end" [3mrss_mb[0m[2m=[0m272 [3mhwm_mb[0m[2m=[0m272
[2m2026-09-15T06:25:18.183074Z[0m [32m INFO[0m [2mmidnight_bench[0m[2m:[0m [3mstage[0m[2m=[0m"create_proof.finalise_proof.end" [3mrss_mb[0m[2m=[0m246 [3mhwm_mb[0m[2m=[0m270
[2m2026-09-15T06:25:18.199620Z[0m [32m INFO[0m [2mactix_web::middleware::logger[0m[2m:[0m 192.168.65.1 POST /prove HTTP/1.1; took 0.639737s
[2m2026-09-15T06:25:18.241011Z[0m [32m INFO[0m [2mmidnight_proof_server::endpoints[0m[2m:[0m Starting to process request for /prove...
[2m2026-09-15T06:25:18.310319Z[0m [32m INFO[0m [2mmidnight_bench[0m[2m:[0m [3mstage[0m[2m=[0m"create_proof.compute_trace.start" [3mrss_mb[0m[2m=[0m250 [3mhwm_mb[0m[2m=[0m270
[2m2026-09-15T06:25:18.310347Z[0m [32m INFO[0m [2mmidnight_bench[0m[2m:[0m [3mstage[0m[2m=[0m"trace.compute_instances.start" [3mrss_mb[0m[2m=[0m250 [3mhwm_mb[0m[2m=[0m270
[2m2026-09-15T06:25:18.315928Z[0m [32m INFO[0m [2mmidnight_bench[0m[2m:[0m [3mstage[0m[2m=[0m"trace.compute_instances.end" [3mrss_mb[0m[2m=[0m250 [3mhwm_mb[0m[2m=[0m270
[2m2026-09-15T06:25:18.315947Z[0m [32m INFO[0m [2mmidnight_bench[0m[2m:[0m [3mstage[0m[2m=[0m"trace.parse_advices.start" [3mrss_mb[0m[2m=[0m250 [3mhwm_mb[0m[2m=[0m270
[2m2026-09-15T06:25:18.322492Z[0m [32m INFO[0m [2mmidnight_bench[0m[2m:[0m [3mstage[0m[2m=[0m"trace.parse_advices.end" [3mrss_mb[0m[2m=[0m258 [3mhwm_mb[0m[2m=[0m270
[2m2026-09-15T06:25:18.322513Z[0m [32m INFO[0m [2mmidnight_bench[0m[2m:[0m [3mstage[0m[2m=[0m"trace.lookups_permuted.start" [3mrss_mb[0m[2m=[0m258 [3mhwm_mb[0m[2m=[0m270
[2m2026-09-15T06:25:18.367651Z[0m [32m INFO[0m [2mmidnight_bench[0m[2m:[0m [3mstage[0m[2m=[0m"trace.lookups_permuted.end" [3mrss_mb[0m[2m=[0m263 [3mhwm_mb[0m[2m=[0m270
[2m2026-09-15T06:25:18.367675Z[0m [32m INFO[0m [2mmidnight_bench[0m[2m:[0m [3mstage[0m[2m=[0m"trace.permutations_commit.start" [3mrss_mb[0m[2m=[0m263 [3mhwm_mb[0m[2m=[0m270
[2m2026-09-15T06:25:18.438113Z[0m [32m INFO[0m [2mmidnight_bench[0m[2m:[0m [3mstage[0m[2m=[0m"trace.permutations_commit.end" [3mrss_mb[0m[2m=[0m271 [3mhwm_mb[0m[2m=[0m271
[2m2026-09-15T06:25:18.438140Z[0m [32m INFO[0m [2mmidnight_bench[0m[2m:[0m [3mstage[0m[2m=[0m"trace.lookups_product.start" [3mrss_mb[0m[2m=[0m271 [3mhwm_mb[0m[2m=[0m271
[2m2026-09-15T06:25:18.488836Z[0m [32m INFO[0m [2mmidnight_bench[0m[2m:[0m [3mstage[0m[2m=[0m"trace.lookups_product.end" [3mrss_mb[0m[2m=[0m271 [3mhwm_mb[0m[2m=[0m271
[2m2026-09-15T06:25:18.512421Z[0m [32m INFO[0m [2mmidnight_bench[0m[2m:[0m [3mstage[0m[2m=[0m"create_proof.compute_trace.end" [3mrss_mb[0m[2m=[0m272 [3mhwm_mb[0m[2m=[0m272
[2m2026-09-15T06:25:18.512451Z[0m [32m INFO[0m [2mmidnight_bench[0m[2m:[0m [3mstage[0m[2m=[0m"create_proof.finalise_proof.start" [3mrss_mb[0m[2m=[0m272 [3mhwm_mb[0m[2m=[0m272
[2m2026-09-15T06:25:18.512459Z[0m [32m INFO[0m [2mmidnight_bench[0m[2m:[0m [3mstage[0m[2m=[0m"finalise.compute_h_poly.start" [3mrss_mb[0m[2m=[0m272 [3mhwm_mb[0m[2m=[0m272
[2m2026-09-15T06:25:18.648462Z[0m [32m INFO[0m [2mmidnight_bench[0m[2m:[0m [3mstage[0m[2m=[0m"finalise.compute_h_poly.drop_cosets.end" [3mrss_mb[0m[2m=[0m272 [3mhwm_mb[0m[2m=[0m272
[2m2026-09-15T06:25:18.648502Z[0m [32m INFO[0m [2mmidnight_bench[0m[2m:[0m [3mstage[0m[2m=[0m"finalise.compute_h_poly.end" [3mrss_mb[0m[2m=[0m272 [3mhwm_mb[0m[2m=[0m272
[2m2026-09-15T06:25:18.648511Z[0m [32m INFO[0m [2mmidnight_bench[0m[2m:[0m [3mstage[0m[2m=[0m"finalise.vanishing_construct.start" [3mrss_mb[0m[2m=[0m272 [3mhwm_mb[0m[2m=[0m272
[2m2026-09-15T06:25:18.742519Z[0m [32m INFO[0m [2mmidnight_bench[0m[2m:[0m [3mstage[0m[2m=[0m"finalise.vanishing_construct.end" [3mrss_mb[0m[2m=[0m272 [3mhwm_mb[0m[2m=[0m272
[2m2026-09-15T06:25:18.770181Z[0m [32m INFO[0m [2mmidnight_bench[0m[2m:[0m [3mstage[0m[2m=[0m"finalise.compute_queries.start" [3mrss_mb[0m[2m=[0m272 [3mhwm_mb[0m[2m=[0m272
[2m2026-09-15T06:25:18.770271Z[0m [32m INFO[0m [2mmidnight_bench[0m[2m:[0m [3mstage[0m[2m=[0m"finalise.multi_open.start" [3mrss_mb[0m[2m=[0m272 [3mhwm_mb[0m[2m=[0m272
[2m2026-09-15T06:25:18.862781Z[0m [32m INFO[0m [2mmidnight_bench[0m[2m:[0m [3mstage[0m[2m=[0m"finalise.multi_open.end" [3mrss_mb[0m[2m=[0m272 [3mhwm_mb[0m[2m=[0m272
[2m2026-09-15T06:25:18.863570Z[0m [32m INFO[0m [2mmidnight_bench[0m[2m:[0m [3mstage[0m[2m=[0m"create_proof.finalise_proof.end" [3mrss_mb[0m[2m=[0m246 [3mhwm_mb[0m[2m=[0m270
[2m2026-09-15T06:25:18.879086Z[0m [32m INFO[0m [2mactix_web::middleware::logger[0m[2m:[0m 192.168.65.1 POST /prove HTTP/1.1; took 0.638099s
[2m2026-09-15T06:25:18.880724Z[0m [32m INFO[0m [2mmidnight_proof_server::endpoints[0m[2m:[0m Starting to process request for /prove...
[2m2026-09-15T06:25:18.955281Z[0m [32m INFO[0m [2mmidnight_bench[0m[2m:[0m [3mstage[0m[2m=[0m"create_proof.compute_trace.start" [3mrss_mb[0m[2m=[0m262 [3mhwm_mb[0m[2m=[0m270
[2m2026-09-15T06:25:18.955311Z[0m [32m INFO[0m [2mmidnight_bench[0m[2m:[0m [3mstage[0m[2m=[0m"trace.compute_instances.start" [3mrss_mb[0m[2m=[0m262 [3mhwm_mb[0m[2m=[0m270
[2m2026-09-15T06:25:18.961740Z[0m [32m INFO[0m [2mmidnight_bench[0m[2m:[0m [3mstage[0m[2m=[0m"trace.compute_instances.end" [3mrss_mb[0m[2m=[0m262 [3mhwm_mb[0m[2m=[0m270
[2m2026-09-15T06:25:18.961768Z[0m [32m INFO[0m [2mmidnight_bench[0m[2m:[0m [3mstage[0m[2m=[0m"trace.parse_advices.start" [3mrss_mb[0m[2m=[0m262 [3mhwm_mb[0m[2m=[0m270
[2m2026-09-15T06:25:18.969935Z[0m [32m INFO[0m [2mmidnight_bench[0m[2m:[0m [3mstage[0m[2m=[0m"trace.parse_advices.end" [3mrss_mb[0m[2m=[0m270 [3mhwm_mb[0m[2m=[0m270
[2m2026-09-15T06:25:18.969965Z[0m [32m INFO[0m [2mmidnight_bench[0m[2m:[0m [3mstage[0m[2m=[0m"trace.lookups_permuted.start" [3mrss_mb[0m[2m=[0m270 [3mhwm_mb[0m[2m=[0m270
[2m2026-09-15T06:25:19.031989Z[0m [32m INFO[0m [2mmidnight_bench[0m[2m:[0m [3mstage[0m[2m=[0m"trace.lookups_permuted.end" [3mrss_mb[0m[2m=[0m275 [3mhwm_mb[0m[2m=[0m275
[2m2026-09-15T06:25:19.032019Z[0m [32m INFO[0m [2mmidnight_bench[0m[2m:[0m [3mstage[0m[2m=[0m"trace.permutations_commit.start" [3mrss_mb[0m[2m=[0m275 [3mhwm_mb[0m[2m=[0m275
[2m2026-09-15T06:25:19.130787Z[0m [32m INFO[0m [2mmidnight_bench[0m[2m:[0m [3mstage[0m[2m=[0m"trace.permutations_commit.end" [3mrss_mb[0m[2m=[0m283 [3mhwm_mb[0m[2m=[0m283
[2m2026-09-15T06:25:19.130814Z[0m [32m INFO[0m [2mmidnight_bench[0m[2m:[0m [3mstage[0m[2m=[0m"trace.lookups_product.start" [3mrss_mb[0m[2m=[0m283 [3mhwm_mb[0m[2m=[0m283
[2m2026-09-15T06:25:19.189683Z[0m [32m INFO[0m [2mmidnight_bench[0m[2m:[0m [3mstage[0m[2m=[0m"trace.lookups_product.end" [3mrss_mb[0m[2m=[0m283 [3mhwm_mb[0m[2m=[0m283
[2m2026-09-15T06:25:19.214759Z[0m [32m INFO[0m [2mmidnight_bench[0m[2m:[0m [3mstage[0m[2m=[0m"create_proof.compute_trace.end" [3mrss_mb[0m[2m=[0m284 [3mhwm_mb[0m[2m=[0m284
[2m2026-09-15T06:25:19.214786Z[0m [32m INFO[0m [2mmidnight_bench[0m[2m:[0m [3mstage[0m[2m=[0m"create_proof.finalise_proof.start" [3mrss_mb[0m[2m=[0m284 [3mhwm_mb[0m[2m=[0m284
[2m2026-09-15T06:25:19.214794Z[0m [32m INFO[0m [2mmidnight_bench[0m[2m:[0m [3mstage[0m[2m=[0m"finalise.compute_h_poly.start" [3mrss_mb[0m[2m=[0m284 [3mhwm_mb[0m[2m=[0m284
[2m2026-09-15T06:25:19.348470Z[0m [32m INFO[0m [2mmidnight_bench[0m[2m:[0m [3mstage[0m[2m=[0m"finalise.compute_h_poly.drop_cosets.end" [3mrss_mb[0m[2m=[0m284 [3mhwm_mb[0m[2m=[0m284
[2m2026-09-15T06:25:19.348497Z[0m [32m INFO[0m [2mmidnight_bench[0m[2m:[0m [3mstage[0m[2m=[0m"finalise.compute_h_poly.end" [3mrss_mb[0m[2m=[0m284 [3mhwm_mb[0m[2m=[0m284
[2m2026-09-15T06:25:19.348504Z[0m [32m INFO[0m [2mmidnight_bench[0m[2m:[0m [3mstage[0m[2m=[0m"finalise.vanishing_construct.start" [3mrss_mb[0m[2m=[0m284 [3mhwm_mb[0m[2m=[0m284
[2m2026-09-15T06:25:19.441595Z[0m [32m INFO[0m [2mmidnight_bench[0m[2m:[0m [3mstage[0m[2m=[0m"finalise.vanishing_construct.end" [3mrss_mb[0m[2m=[0m284 [3mhwm_mb[0m[2m=[0m284
[2m2026-09-15T06:25:19.470213Z[0m [32m INFO[0m [2mmidnight_bench[0m[2m:[0m [3mstage[0m[2m=[0m"finalise.compute_queries.start" [3mrss_mb[0m[2m=[0m284 [3mhwm_mb[0m[2m=[0m284
[2m2026-09-15T06:25:19.470347Z[0m [32m INFO[0m [2mmidnight_bench[0m[2m:[0m [3mstage[0m[2m=[0m"finalise.multi_open.start" [3mrss_mb[0m[2m=[0m284 [3mhwm_mb[0m[2m=[0m284
[2m2026-09-15T06:25:19.560449Z[0m [32m INFO[0m [2mmidnight_bench[0m[2m:[0m [3mstage[0m[2m=[0m"finalise.multi_open.end" [3mrss_mb[0m[2m=[0m284 [3mhwm_mb[0m[2m=[0m284
[2m2026-09-15T06:25:19.561250Z[0m [32m INFO[0m [2mmidnight_bench[0m[2m:[0m [3mstage[0m[2m=[0m"create_proof.finalise_proof.end" [3mrss_mb[0m[2m=[0m258 [3mhwm_mb[0m[2m=[0m282
[2m2026-09-15T06:25:19.578108Z[0m [32m INFO[0m [2mactix_web::middleware::logger[0m[2m:[0m 192.168.65.1 POST /prove HTTP/1.1; took 0.697403s
[2m2026-09-15T06:25:19.579979Z[0m [32m INFO[0m [2mmidnight_proof_server::endpoints[0m[2m:[0m Starting to process request for /prove...
[2m2026-09-15T06:25:19.653254Z[0m [32m INFO[0m [2mmidnight_bench[0m[2m:[0m [3mstage[0m[2m=[0m"create_proof.compute_trace.start" [3mrss_mb[0m[2m=[0m275 [3mhwm_mb[0m[2m=[0m282
[2m2026-09-15T06:25:19.653287Z[0m [32m INFO[0m [2mmidnight_bench[0m[2m:[0m [3mstage[0m[2m=[0m"trace.compute_instances.start" [3mrss_mb[0m[2m=[0m275 [3mhwm_mb[0m[2m=[0m282
[2m2026-09-15T06:25:19.657901Z[0m [32m INFO[0m [2mmidnight_bench[0m[2m:[0m [3mstage[0m[2m=[0m"trace.compute_instances.end" [3mrss_mb[0m[2m=[0m275 [3mhwm_mb[0m[2m=[0m282
[2m2026-09-15T06:25:19.657919Z[0m [32m INFO[0m [2mmidnight_bench[0m[2m:[0m [3mstage[0m[2m=[0m"trace.parse_advices.start" [3mrss_mb[0m[2m=[0m275 [3mhwm_mb[0m[2m=[0m282
[2m2026-09-15T06:25:19.664410Z[0m [32m INFO[0m [2mmidnight_bench[0m[2m:[0m [3mstage[0m[2m=[0m"trace.parse_advices.end" [3mrss_mb[0m[2m=[0m283 [3mhwm_mb[0m[2m=[0m283
[2m2026-09-15T06:25:19.664432Z[0m [32m INFO[0m [2mmidnight_bench[0m[2m:[0m [3mstage[0m[2m=[0m"trace.lookups_permuted.start" [3mrss_mb[0m[2m=[0m283 [3mhwm_mb[0m[2m=[0m283
[2m2026-09-15T06:25:19.708707Z[0m [32m INFO[0m [2mmidnight_bench[0m[2m:[0m [3mstage[0m[2m=[0m"trace.lookups_permuted.end" [3mrss_mb[0m[2m=[0m288 [3mhwm_mb[0m[2m=[0m288
[2m2026-09-15T06:25:19.708736Z[0m [32m INFO[0m [2mmidnight_bench[0m[2m:[0m [3mstage[0m[2m=[0m"trace.permutations_commit.start" [3mrss_mb[0m[2m=[0m288 [3mhwm_mb[0m[2m=[0m288
[2m2026-09-15T06:25:19.777351Z[0m [32m INFO[0m [2mmidnight_bench[0m[2m:[0m [3mstage[0m[2m=[0m"trace.permutations_commit.end" [3mrss_mb[0m[2m=[0m295 [3mhwm_mb[0m[2m=[0m295
[2m2026-09-15T06:25:19.777379Z[0m [32m INFO[0m [2mmidnight_bench[0m[2m:[0m [3mstage[0m[2m=[0m"trace.lookups_product.start" [3mrss_mb[0m[2m=[0m295 [3mhwm_mb[0m[2m=[0m295
[2m2026-09-15T06:25:19.827991Z[0m [32m INFO[0m [2mmidnight_bench[0m[2m:[0m [3mstage[0m[2m=[0m"trace.lookups_product.end" [3mrss_mb[0m[2m=[0m295 [3mhwm_mb[0m[2m=[0m295
[2m2026-09-15T06:25:19.850104Z[0m [32m INFO[0m [2mmidnight_bench[0m[2m:[0m [3mstage[0m[2m=[0m"create_proof.compute_trace.end" [3mrss_mb[0m[2m=[0m296 [3mhwm_mb[0m[2m=[0m296
[2m2026-09-15T06:25:19.850127Z[0m [32m INFO[0m [2mmidnight_bench[0m[2m:[0m [3mstage[0m[2m=[0m"create_proof.finalise_proof.start" [3mrss_mb[0m[2m=[0m296 [3mhwm_mb[0m[2m=[0m296
[2m2026-09-15T06:25:19.850135Z[0m [32m INFO[0m [2mmidnight_bench[0m[2m:[0m [3mstage[0m[2m=[0m"finalise.compute_h_poly.start" [3mrss_mb[0m[2m=[0m296 [3mhwm_mb[0m[2m=[0m296
[2m2026-09-15T06:25:19.981236Z[0m [32m INFO[0m [2mmidnight_bench[0m[2m:[0m [3mstage[0m[2m=[0m"finalise.compute_h_poly.drop_cosets.end" [3mrss_mb[0m[2m=[0m298 [3mhwm_mb[0m[2m=[0m298
[2m2026-09-15T06:25:19.981267Z[0m [32m INFO[0m [2mmidnight_bench[0m[2m:[0m [3mstage[0m[2m=[0m"finalise.compute_h_poly.end" [3mrss_mb[0m[2m=[0m298 [3mhwm_mb[0m[2m=[0m298
[2m2026-09-15T06:25:19.981275Z[0m [32m INFO[0m [2mmidnight_bench[0m[2m:[0m [3mstage[0m[2m=[0m"finalise.vanishing_construct.start" [3mrss_mb[0m[2m=[0m298 [3mhwm_mb[0m[2m=[0m298
[2m2026-09-15T06:25:20.072830Z[0m [32m INFO[0m [2mmidnight_bench[0m[2m:[0m [3mstage[0m[2m=[0m"finalise.vanishing_construct.end" [3mrss_mb[0m[2m=[0m298 [3mhwm_mb[0m[2m=[0m298
[2m2026-09-15T06:25:20.098665Z[0m [32m INFO[0m [2mmidnight_bench[0m[2m:[0m [3mstage[0m[2m=[0m"finalise.compute_queries.start" [3mrss_mb[0m[2m=[0m298 [3mhwm_mb[0m[2m=[0m298
[2m2026-09-15T06:25:20.098760Z[0m [32m INFO[0m [2mmidnight_bench[0m[2m:[0m [3mstage[0m[2m=[0m"finalise.multi_open.start" [3mrss_mb[0m[2m=[0m298 [3mhwm_mb[0m[2m=[0m298
[2m2026-09-15T06:25:20.183112Z[0m [32m INFO[0m [2mmidnight_bench[0m[2m:[0m [3mstage[0m[2m=[0m"finalise.multi_open.end" [3mrss_mb[0m[2m=[0m298 [3mhwm_mb[0m[2m=[0m298
[2m2026-09-15T06:25:20.183879Z[0m [32m INFO[0m [2mmidnight_bench[0m[2m:[0m [3mstage[0m[2m=[0m"create_proof.finalise_proof.end" [3mrss_mb[0m[2m=[0m273 [3mhwm_mb[0m[2m=[0m297
[2m2026-09-15T06:25:20.199854Z[0m [32m INFO[0m [2mactix_web::middleware::logger[0m[2m:[0m 192.168.65.1 POST /prove HTTP/1.1; took 0.619894s
[2m2026-09-15T06:25:20.201478Z[0m [32m INFO[0m [2mmidnight_proof_server::endpoints[0m[2m:[0m Starting to process request for /prove...
[2m2026-09-15T06:25:20.272759Z[0m [32m INFO[0m [2mmidnight_bench[0m[2m:[0m [3mstage[0m[2m=[0m"create_proof.compute_trace.start" [3mrss_mb[0m[2m=[0m278 [3mhwm_mb[0m[2m=[0m297
[2m2026-09-15T06:25:20.272791Z[0m [32m INFO[0m [2mmidnight_bench[0m[2m:[0m [3mstage[0m[2m=[0m"trace.compute_instances.start" [3mrss_mb[0m[2m=[0m278 [3mhwm_mb[0m[2m=[0m297
[2m2026-09-15T06:25:20.277534Z[0m [32m INFO[0m [2mmidnight_bench[0m[2m:[0m [3mstage[0m[2m=[0m"trace.compute_instances.end" [3mrss_mb[0m[2m=[0m278 [3mhwm_mb[0m[2m=[0m297
[2m2026-09-15T06:25:20.277575Z[0m [32m INFO[0m [2mmidnight_bench[0m[2m:[0m [3mstage[0m[2m=[0m"trace.parse_advices.start" [3mrss_mb[0m[2m=[0m278 [3mhwm_mb[0m[2m=[0m297
[2m2026-09-15T06:25:20.284208Z[0m [32m INFO[0m [2mmidnight_bench[0m[2m:[0m [3mstage[0m[2m=[0m"trace.parse_advices.end" [3mrss_mb[0m[2m=[0m286 [3mhwm_mb[0m[2m=[0m297
[2m2026-09-15T06:25:20.284232Z[0m [32m INFO[0m [2mmidnight_bench[0m[2m:[0m [3mstage[0m[2m=[0m"trace.lookups_permuted.start" [3mrss_mb[0m[2m=[0m286 [3mhwm_mb[0m[2m=[0m297
[2m2026-09-15T06:25:20.328480Z[0m [32m INFO[0m [2mmidnight_bench[0m[2m:[0m [3mstage[0m[2m=[0m"trace.lookups_permuted.end" [3mrss_mb[0m[2m=[0m291 [3mhwm_mb[0m[2m=[0m297
[2m2026-09-15T06:25:20.328567Z[0m [32m INFO[0m [2mmidnight_bench[0m[2m:[0m [3mstage[0m[2m=[0m"trace.permutations_commit.start" [3mrss_mb[0m[2m=[0m291 [3mhwm_mb[0m[2m=[0m297
[2m2026-09-15T06:25:20.392749Z[0m [32m INFO[0m [2mmidnight_bench[0m[2m:[0m [3mstage[0m[2m=[0m"trace.permutations_commit.end" [3mrss_mb[0m[2m=[0m298 [3mhwm_mb[0m[2m=[0m298
[2m2026-09-15T06:25:20.392769Z[0m [32m INFO[0m [2mmidnight_bench[0m[2m:[0m [3mstage[0m[2m=[0m"trace.lookups_product.start" [3mrss_mb[0m[2m=[0m298 [3mhwm_mb[0m[2m=[0m298
[2m2026-09-15T06:25:20.441594Z[0m [32m INFO[0m [2mmidnight_bench[0m[2m:[0m [3mstage[0m[2m=[0m"trace.lookups_product.end" [3mrss_mb[0m[2m=[0m298 [3mhwm_mb[0m[2m=[0m298
[2m2026-09-15T06:25:20.467118Z[0m [32m INFO[0m [2mmidnight_bench[0m[2m:[0m [3mstage[0m[2m=[0m"create_proof.compute_trace.end" [3mrss_mb[0m[2m=[0m299 [3mhwm_mb[0m[2m=[0m299
[2m2026-09-15T06:25:20.467143Z[0m [32m INFO[0m [2mmidnight_bench[0m[2m:[0m [3mstage[0m[2m=[0m"create_proof.finalise_proof.start" [3mrss_mb[0m[2m=[0m299 [3mhwm_mb[0m[2m=[0m299
[2m2026-09-15T06:25:20.467151Z[0m [32m INFO[0m [2mmidnight_bench[0m[2m:[0m [3mstage[0m[2m=[0m"finalise.compute_h_poly.start" [3mrss_mb[0m[2m=[0m299 [3mhwm_mb[0m[2m=[0m299
[2m2026-09-15T06:25:20.602048Z[0m [32m INFO[0m [2mmidnight_bench[0m[2m:[0m [3mstage[0m[2m=[0m"finalise.compute_h_poly.drop_cosets.end" [3mrss_mb[0m[2m=[0m299 [3mhwm_mb[0m[2m=[0m299
[2m2026-09-15T06:25:20.602076Z[0m [32m INFO[0m [2mmidnight_bench[0m[2m:[0m [3mstage[0m[2m=[0m"finalise.compute_h_poly.end" [3mrss_mb[0m[2m=[0m299 [3mhwm_mb[0m[2m=[0m299
[2m2026-09-15T06:25:20.602084Z[0m [32m INFO[0m [2mmidnight_bench[0m[2m:[0m [3mstage[0m[2m=[0m"finalise.vanishing_construct.start" [3mrss_mb[0m[2m=[0m299 [3mhwm_mb[0m[2m=[0m299
[2m2026-09-15T06:25:20.689722Z[0m [32m INFO[0m [2mmidnight_bench[0m[2m:[0m [3mstage[0m[2m=[0m"finalise.vanishing_construct.end" [3mrss_mb[0m[2m=[0m299 [3mhwm_mb[0m[2m=[0m299
[2m2026-09-15T06:25:20.719387Z[0m [32m INFO[0m [2mmidnight_bench[0m[2m:[0m [3mstage[0m[2m=[0m"finalise.compute_queries.start" [3mrss_mb[0m[2m=[0m299 [3mhwm_mb[0m[2m=[0m299
[2m2026-09-15T06:25:20.719475Z[0m [32m INFO[0m [2mmidnight_bench[0m[2m:[0m [3mstage[0m[2m=[0m"finalise.multi_open.start" [3mrss_mb[0m[2m=[0m299 [3mhwm_mb[0m[2m=[0m299
[2m2026-09-15T06:25:20.804556Z[0m [32m INFO[0m [2mmidnight_bench[0m[2m:[0m [3mstage[0m[2m=[0m"finalise.multi_open.end" [3mrss_mb[0m[2m=[0m299 [3mhwm_mb[0m[2m=[0m299
[2m2026-09-15T06:25:20.805335Z[0m [32m INFO[0m [2mmidnight_bench[0m[2m:[0m [3mstage[0m[2m=[0m"create_proof.finalise_proof.end" [3mrss_mb[0m[2m=[0m274 [3mhwm_mb[0m[2m=[0m298
[2m2026-09-15T06:25:20.821100Z[0m [32m INFO[0m [2mactix_web::middleware::logger[0m[2m:[0m 192.168.65.1 POST /prove HTTP/1.1; took 0.619639s
[2m2026-09-15T06:25:20.823207Z[0m [32m INFO[0m [2mmidnight_proof_server::endpoints[0m[2m:[0m Starting to process request for /prove...
[2m2026-09-15T06:25:20.904187Z[0m [32m INFO[0m [2mmidnight_bench[0m[2m:[0m [3mstage[0m[2m=[0m"create_proof.compute_trace.start" [3mrss_mb[0m[2m=[0m276 [3mhwm_mb[0m[2m=[0m298
[2m2026-09-15T06:25:20.904216Z[0m [32m INFO[0m [2mmidnight_bench[0m[2m:[0m [3mstage[0m[2m=[0m"trace.compute_instances.start" [3mrss_mb[0m[2m=[0m276 [3mhwm_mb[0m[2m=[0m298
[2m2026-09-15T06:25:20.909178Z[0m [32m INFO[0m [2mmidnight_bench[0m[2m:[0m [3mstage[0m[2m=[0m"trace.compute_instances.end" [3mrss_mb[0m[2m=[0m276 [3mhwm_mb[0m[2m=[0m298
[2m2026-09-15T06:25:20.909198Z[0m [32m INFO[0m [2mmidnight_bench[0m[2m:[0m [3mstage[0m[2m=[0m"trace.parse_advices.start" [3mrss_mb[0m[2m=[0m276 [3mhwm_mb[0m[2m=[0m298
[2m2026-09-15T06:25:20.916266Z[0m [32m INFO[0m [2mmidnight_bench[0m[2m:[0m [3mstage[0m[2m=[0m"trace.parse_advices.end" [3mrss_mb[0m[2m=[0m284 [3mhwm_mb[0m[2m=[0m298
[2m2026-09-15T06:25:20.916292Z[0m [32m INFO[0m [2mmidnight_bench[0m[2m:[0m [3mstage[0m[2m=[0m"trace.lookups_permuted.start" [3mrss_mb[0m[2m=[0m284 [3mhwm_mb[0m[2m=[0m298
[2m2026-09-15T06:25:20.960248Z[0m [32m INFO[0m [2mmidnight_bench[0m[2m:[0m [3mstage[0m[2m=[0m"trace.lookups_permuted.end" [3mrss_mb[0m[2m=[0m289 [3mhwm_mb[0m[2m=[0m298
[2m2026-09-15T06:25:20.960280Z[0m [32m INFO[0m [2mmidnight_bench[0m[2m:[0m [3mstage[0m[2m=[0m"trace.permutations_commit.start" [3mrss_mb[0m[2m=[0m289 [3mhwm_mb[0m[2m=[0m298
[2m2026-09-15T06:25:21.033933Z[0m [32m INFO[0m [2mmidnight_bench[0m[2m:[0m [3mstage[0m[2m=[0m"trace.permutations_commit.end" [3mrss_mb[0m[2m=[0m297 [3mhwm_mb[0m[2m=[0m298
[2m2026-09-15T06:25:21.033963Z[0m [32m INFO[0m [2mmidnight_bench[0m[2m:[0m [3mstage[0m[2m=[0m"trace.lookups_product.start" [3mrss_mb[0m[2m=[0m297 [3mhwm_mb[0m[2m=[0m298
[2m2026-09-15T06:25:21.084796Z[0m [32m INFO[0m [2mmidnight_bench[0m[2m:[0m [3mstage[0m[2m=[0m"trace.lookups_product.end" [3mrss_mb[0m[2m=[0m297 [3mhwm_mb[0m[2m=[0m298
[2m2026-09-15T06:25:21.106611Z[0m [32m INFO[0m [2mmidnight_bench[0m[2m:[0m [3mstage[0m[2m=[0m"create_proof.compute_trace.end" [3mrss_mb[0m[2m=[0m298 [3mhwm_mb[0m[2m=[0m298
[2m2026-09-15T06:25:21.106633Z[0m [32m INFO[0m [2mmidnight_bench[0m[2m:[0m [3mstage[0m[2m=[0m"create_proof.finalise_proof.start" [3mrss_mb[0m[2m=[0m298 [3mhwm_mb[0m[2m=[0m298
[2m2026-09-15T06:25:21.106641Z[0m [32m INFO[0m [2mmidnight_bench[0m[2m:[0m [3mstage[0m[2m=[0m"finalise.compute_h_poly.start" [3mrss_mb[0m[2m=[0m298 [3mhwm_mb[0m[2m=[0m298
[2m2026-09-15T06:25:21.245997Z[0m [32m INFO[0m [2mmidnight_bench[0m[2m:[0m [3mstage[0m[2m=[0m"finalise.compute_h_poly.drop_cosets.end" [3mrss_mb[0m[2m=[0m298 [3mhwm_mb[0m[2m=[0m298
[2m2026-09-15T06:25:21.246026Z[0m [32m INFO[0m [2mmidnight_bench[0m[2m:[0m [3mstage[0m[2m=[0m"finalise.compute_h_poly.end" [3mrss_mb[0m[2m=[0m298 [3mhwm_mb[0m[2m=[0m298
[2m2026-09-15T06:25:21.246035Z[0m [32m INFO[0m [2mmidnight_bench[0m[2m:[0m [3mstage[0m[2m=[0m"finalise.vanishing_construct.start" [3mrss_mb[0m[2m=[0m298 [3mhwm_mb[0m[2m=[0m298
[2m2026-09-15T06:25:21.329018Z[0m [32m INFO[0m [2mmidnight_bench[0m[2m:[0m [3mstage[0m[2m=[0m"finalise.vanishing_construct.end" [3mrss_mb[0m[2m=[0m298 [3mhwm_mb[0m[2m=[0m298
[2m2026-09-15T06:25:21.357049Z[0m [32m INFO[0m [2mmidnight_bench[0m[2m:[0m [3mstage[0m[2m=[0m"finalise.compute_queries.start" [3mrss_mb[0m[2m=[0m298 [3mhwm_mb[0m[2m=[0m298
[2m2026-09-15T06:25:21.357135Z[0m [32m INFO[0m [2mmidnight_bench[0m[2m:[0m [3mstage[0m[2m=[0m"finalise.multi_open.start" [3mrss_mb[0m[2m=[0m298 [3mhwm_mb[0m[2m=[0m298
[2m2026-09-15T06:25:21.447722Z[0m [32m INFO[0m [2mmidnight_bench[0m[2m:[0m [3mstage[0m[2m=[0m"finalise.multi_open.end" [3mrss_mb[0m[2m=[0m298 [3mhwm_mb[0m[2m=[0m298
[2m2026-09-15T06:25:21.448518Z[0m [32m INFO[0m [2mmidnight_bench[0m[2m:[0m [3mstage[0m[2m=[0m"create_proof.finalise_proof.end" [3mrss_mb[0m[2m=[0m272 [3mhwm_mb[0m[2m=[0m298
[2m2026-09-15T06:25:21.464379Z[0m [32m INFO[0m [2mactix_web::middleware::logger[0m[2m:[0m 192.168.65.1 POST /prove HTTP/1.1; took 0.641188s
[2m2026-09-15T06:25:21.466095Z[0m [32m INFO[0m [2mmidnight_proof_server::endpoints[0m[2m:[0m Starting to process request for /prove...
[2m2026-09-15T06:25:21.533511Z[0m [32m INFO[0m [2mmidnight_bench[0m[2m:[0m [3mstage[0m[2m=[0m"create_proof.compute_trace.start" [3mrss_mb[0m[2m=[0m281 [3mhwm_mb[0m[2m=[0m298
[2m2026-09-15T06:25:21.533543Z[0m [32m INFO[0m [2mmidnight_bench[0m[2m:[0m [3mstage[0m[2m=[0m"trace.compute_instances.start" [3mrss_mb[0m[2m=[0m281 [3mhwm_mb[0m[2m=[0m298
[2m2026-09-15T06:25:21.537610Z[0m [32m INFO[0m [2mmidnight_bench[0m[2m:[0m [3mstage[0m[2m=[0m"trace.compute_instances.end" [3mrss_mb[0m[2m=[0m281 [3mhwm_mb[0m[2m=[0m298
[2m2026-09-15T06:25:21.537639Z[0m [32m INFO[0m [2mmidnight_bench[0m[2m:[0m [3mstage[0m[2m=[0m"trace.parse_advices.start" [3mrss_mb[0m[2m=[0m281 [3mhwm_mb[0m[2m=[0m298
[2m2026-09-15T06:25:21.544617Z[0m [32m INFO[0m [2mmidnight_bench[0m[2m:[0m [3mstage[0m[2m=[0m"trace.parse_advices.end" [3mrss_mb[0m[2m=[0m289 [3mhwm_mb[0m[2m=[0m298
[2m2026-09-15T06:25:21.544700Z[0m [32m INFO[0m [2mmidnight_bench[0m[2m:[0m [3mstage[0m[2m=[0m"trace.lookups_permuted.start" [3mrss_mb[0m[2m=[0m289 [3mhwm_mb[0m[2m=[0m298
[2m2026-09-15T06:25:21.590351Z[0m [32m INFO[0m [2mmidnight_bench[0m[2m:[0m [3mstage[0m[2m=[0m"trace.lookups_permuted.end" [3mrss_mb[0m[2m=[0m294 [3mhwm_mb[0m[2m=[0m298
[2m2026-09-15T06:25:21.590379Z[0m [32m INFO[0m [2mmidnight_bench[0m[2m:[0m [3mstage[0m[2m=[0m"trace.permutations_commit.start" [3mrss_mb[0m[2m=[0m294 [3mhwm_mb[0m[2m=[0m298
[2m2026-09-15T06:25:21.655231Z[0m [32m INFO[0m [2mmidnight_bench[0m[2m:[0m [3mstage[0m[2m=[0m"trace.permutations_commit.end" [3mrss_mb[0m[2m=[0m301 [3mhwm_mb[0m[2m=[0m301
[2m2026-09-15T06:25:21.655253Z[0m [32m INFO[0m [2mmidnight_bench[0m[2m:[0m [3mstage[0m[2m=[0m"trace.lookups_product.start" [3mrss_mb[0m[2m=[0m301 [3mhwm_mb[0m[2m=[0m301
[2m2026-09-15T06:25:21.705372Z[0m [32m INFO[0m [2mmidnight_bench[0m[2m:[0m [3mstage[0m[2m=[0m"trace.lookups_product.end" [3mrss_mb[0m[2m=[0m301 [3mhwm_mb[0m[2m=[0m301
[2m2026-09-15T06:25:21.730450Z[0m [32m INFO[0m [2mmidnight_bench[0m[2m:[0m [3mstage[0m[2m=[0m"create_proof.compute_trace.end" [3mrss_mb[0m[2m=[0m302 [3mhwm_mb[0m[2m=[0m302
[2m2026-09-15T06:25:21.730475Z[0m [32m INFO[0m [2mmidnight_bench[0m[2m:[0m [3mstage[0m[2m=[0m"create_proof.finalise_proof.start" [3mrss_mb[0m[2m=[0m302 [3mhwm_mb[0m[2m=[0m302
[2m2026-09-15T06:25:21.730484Z[0m [32m INFO[0m [2mmidnight_bench[0m[2m:[0m [3mstage[0m[2m=[0m"finalise.compute_h_poly.start" [3mrss_mb[0m[2m=[0m302 [3mhwm_mb[0m[2m=[0m302
[2m2026-09-15T06:25:21.867159Z[0m [32m INFO[0m [2mmidnight_bench[0m[2m:[0m [3mstage[0m[2m=[0m"finalise.compute_h_poly.drop_cosets.end" [3mrss_mb[0m[2m=[0m302 [3mhwm_mb[0m[2m=[0m302
[2m2026-09-15T06:25:21.867191Z[0m [32m INFO[0m [2mmidnight_bench[0m[2m:[0m [3mstage[0m[2m=[0m"finalise.compute_h_poly.end" [3mrss_mb[0m[2m=[0m302 [3mhwm_mb[0m[2m=[0m302
[2m2026-09-15T06:25:21.867198Z[0m [32m INFO[0m [2mmidnight_bench[0m[2m:[0m [3mstage[0m[2m=[0m"finalise.vanishing_construct.start" [3mrss_mb[0m[2m=[0m302 [3mhwm_mb[0m[2m=[0m302
[2m2026-09-15T06:25:21.957576Z[0m [32m INFO[0m [2mmidnight_bench[0m[2m:[0m [3mstage[0m[2m=[0m"finalise.vanishing_construct.end" [3mrss_mb[0m[2m=[0m302 [3mhwm_mb[0m[2m=[0m302
[2m2026-09-15T06:25:21.984568Z[0m [32m INFO[0m [2mmidnight_bench[0m[2m:[0m [3mstage[0m[2m=[0m"finalise.compute_queries.start" [3mrss_mb[0m[2m=[0m302 [3mhwm_mb[0m[2m=[0m302
[2m2026-09-15T06:25:21.984662Z[0m [32m INFO[0m [2mmidnight_bench[0m[2m:[0m [3mstage[0m[2m=[0m"finalise.multi_open.start" [3mrss_mb[0m[2m=[0m302 [3mhwm_mb[0m[2m=[0m302
[2m2026-09-15T06:25:22.071842Z[0m [32m INFO[0m [2mmidnight_bench[0m[2m:[0m [3mstage[0m[2m=[0m"finalise.multi_open.end" [3mrss_mb[0m[2m=[0m302 [3mhwm_mb[0m[2m=[0m302
[2m2026-09-15T06:25:22.072653Z[0m [32m INFO[0m [2mmidnight_bench[0m[2m:[0m [3mstage[0m[2m=[0m"create_proof.finalise_proof.end" [3mrss_mb[0m[2m=[0m277 [3mhwm_mb[0m[2m=[0m301
[2m2026-09-15T06:25:22.089301Z[0m [32m INFO[0m [2mactix_web::middleware::logger[0m[2m:[0m 192.168.65.1 POST /prove HTTP/1.1; took 0.623223s
[2m2026-09-15T06:25:22.090647Z[0m [32m INFO[0m [2mmidnight_proof_server::endpoints[0m[2m:[0m Starting to process request for /prove...
[2m2026-09-15T06:25:22.162168Z[0m [32m INFO[0m [2mmidnight_bench[0m[2m:[0m [3mstage[0m[2m=[0m"create_proof.compute_trace.start" [3mrss_mb[0m[2m=[0m277 [3mhwm_mb[0m[2m=[0m301
[2m2026-09-15T06:25:22.162209Z[0m [32m INFO[0m [2mmidnight_bench[0m[2m:[0m [3mstage[0m[2m=[0m"trace.compute_instances.start" [3mrss_mb[0m[2m=[0m277 [3mhwm_mb[0m[2m=[0m301
[2m2026-09-15T06:25:22.166684Z[0m [32m INFO[0m [2mmidnight_bench[0m[2m:[0m [3mstage[0m[2m=[0m"trace.compute_instances.end" [3mrss_mb[0m[2m=[0m277 [3mhwm_mb[0m[2m=[0m301
[2m2026-09-15T06:25:22.166709Z[0m [32m INFO[0m [2mmidnight_bench[0m[2m:[0m [3mstage[0m[2m=[0m"trace.parse_advices.start" [3mrss_mb[0m[2m=[0m277 [3mhwm_mb[0m[2m=[0m301
[2m2026-09-15T06:25:22.173599Z[0m [32m INFO[0m [2mmidnight_bench[0m[2m:[0m [3mstage[0m[2m=[0m"trace.parse_advices.end" [3mrss_mb[0m[2m=[0m285 [3mhwm_mb[0m[2m=[0m301
[2m2026-09-15T06:25:22.173656Z[0m [32m INFO[0m [2mmidnight_bench[0m[2m:[0m [3mstage[0m[2m=[0m"trace.lookups_permuted.start" [3mrss_mb[0m[2m=[0m285 [3mhwm_mb[0m[2m=[0m301
[2m2026-09-15T06:25:22.217805Z[0m [32m INFO[0m [2mmidnight_bench[0m[2m:[0m [3mstage[0m[2m=[0m"trace.lookups_permuted.end" [3mrss_mb[0m[2m=[0m290 [3mhwm_mb[0m[2m=[0m301
[2m2026-09-15T06:25:22.217834Z[0m [32m INFO[0m [2mmidnight_bench[0m[2m:[0m [3mstage[0m[2m=[0m"trace.permutations_commit.start" [3mrss_mb[0m[2m=[0m290 [3mhwm_mb[0m[2m=[0m301
[2m2026-09-15T06:25:22.292143Z[0m [32m INFO[0m [2mmidnight_bench[0m[2m:[0m [3mstage[0m[2m=[0m"trace.permutations_commit.end" [3mrss_mb[0m[2m=[0m297 [3mhwm_mb[0m[2m=[0m301
[2m2026-09-15T06:25:22.292165Z[0m [32m INFO[0m [2mmidnight_bench[0m[2m:[0m [3mstage[0m[2m=[0m"trace.lookups_product.start" [3mrss_mb[0m[2m=[0m297 [3mhwm_mb[0m[2m=[0m301
[2m2026-09-15T06:25:22.341806Z[0m [32m INFO[0m [2mmidnight_bench[0m[2m:[0m [3mstage[0m[2m=[0m"trace.lookups_product.end" [3mrss_mb[0m[2m=[0m297 [3mhwm_mb[0m[2m=[0m301
[2m2026-09-15T06:25:22.365194Z[0m [32m INFO[0m [2mmidnight_bench[0m[2m:[0m [3mstage[0m[2m=[0m"create_proof.compute_trace.end" [3mrss_mb[0m[2m=[0m298 [3mhwm_mb[0m[2m=[0m301
[2m2026-09-15T06:25:22.365219Z[0m [32m INFO[0m [2mmidnight_bench[0m[2m:[0m [3mstage[0m[2m=[0m"create_proof.finalise_proof.start" [3mrss_mb[0m[2m=[0m298 [3mhwm_mb[0m[2m=[0m301
[2m2026-09-15T06:25:22.365232Z[0m [32m INFO[0m [2mmidnight_bench[0m[2m:[0m [3mstage[0m[2m=[0m"finalise.compute_h_poly.start" [3mrss_mb[0m[2m=[0m298 [3mhwm_mb[0m[2m=[0m301
[2m2026-09-15T06:25:22.508620Z[0m [32m INFO[0m [2mmidnight_bench[0m[2m:[0m [3mstage[0m[2m=[0m"finalise.compute_h_poly.drop_cosets.end" [3mrss_mb[0m[2m=[0m301 [3mhwm_mb[0m[2m=[0m301
[2m2026-09-15T06:25:22.508653Z[0m [32m INFO[0m [2mmidnight_bench[0m[2m:[0m [3mstage[0m[2m=[0m"finalise.compute_h_poly.end" [3mrss_mb[0m[2m=[0m301 [3mhwm_mb[0m[2m=[0m301
[2m2026-09-15T06:25:22.508661Z[0m [32m INFO[0m [2mmidnight_bench[0m[2m:[0m [3mstage[0m[2m=[0m"finalise.vanishing_construct.start" [3mrss_mb[0m[2m=[0m301 [3mhwm_mb[0m[2m=[0m301
[2m2026-09-15T06:25:22.596469Z[0m [32m INFO[0m [2mmidnight_bench[0m[2m:[0m [3mstage[0m[2m=[0m"finalise.vanishing_construct.end" [3mrss_mb[0m[2m=[0m301 [3mhwm_mb[0m[2m=[0m301
[2m2026-09-15T06:25:22.625340Z[0m [32m INFO[0m [2mmidnight_bench[0m[2m:[0m [3mstage[0m[2m=[0m"finalise.compute_queries.start" [3mrss_mb[0m[2m=[0m301 [3mhwm_mb[0m[2m=[0m301
[2m2026-09-15T06:25:22.625430Z[0m [32m INFO[0m [2mmidnight_bench[0m[2m:[0m [3mstage[0m[2m=[0m"finalise.multi_open.start" [3mrss_mb[0m[2m=[0m301 [3mhwm_mb[0m[2m=[0m301
[2m2026-09-15T06:25:22.714976Z[0m [32m INFO[0m [2mmidnight_bench[0m[2m:[0m [3mstage[0m[2m=[0m"finalise.multi_open.end" [3mrss_mb[0m[2m=[0m301 [3mhwm_mb[0m[2m=[0m301
[2m2026-09-15T06:25:22.715836Z[0m [32m INFO[0m [2mmidnight_bench[0m[2m:[0m [3mstage[0m[2m=[0m"create_proof.finalise_proof.end" [3mrss_mb[0m[2m=[0m275 [3mhwm_mb[0m[2m=[0m301
[2m2026-09-15T06:25:22.733391Z[0m [32m INFO[0m [2mactix_web::middleware::logger[0m[2m:[0m 192.168.65.1 POST /prove HTTP/1.1; took 0.642762s
[2m2026-09-15T06:25:22.734892Z[0m [32m INFO[0m [2mmidnight_proof_server::endpoints[0m[2m:[0m Starting to process request for /prove...
[2m2026-09-15T06:25:22.819255Z[0m [32m INFO[0m [2mmidnight_bench[0m[2m:[0m [3mstage[0m[2m=[0m"create_proof.compute_trace.start" [3mrss_mb[0m[2m=[0m283 [3mhwm_mb[0m[2m=[0m301
[2m2026-09-15T06:25:22.819286Z[0m [32m INFO[0m [2mmidnight_bench[0m[2m:[0m [3mstage[0m[2m=[0m"trace.compute_instances.start" [3mrss_mb[0m[2m=[0m283 [3mhwm_mb[0m[2m=[0m301
[2m2026-09-15T06:25:22.822826Z[0m [32m INFO[0m [2mmidnight_bench[0m[2m:[0m [3mstage[0m[2m=[0m"trace.compute_instances.end" [3mrss_mb[0m[2m=[0m283 [3mhwm_mb[0m[2m=[0m301
[2m2026-09-15T06:25:22.822848Z[0m [32m INFO[0m [2mmidnight_bench[0m[2m:[0m [3mstage[0m[2m=[0m"trace.parse_advices.start" [3mrss_mb[0m[2m=[0m283 [3mhwm_mb[0m[2m=[0m301
[2m2026-09-15T06:25:22.829496Z[0m [32m INFO[0m [2mmidnight_bench[0m[2m:[0m [3mstage[0m[2m=[0m"trace.parse_advices.end" [3mrss_mb[0m[2m=[0m291 [3mhwm_mb[0m[2m=[0m301
[2m2026-09-15T06:25:22.829528Z[0m [32m INFO[0m [2mmidnight_bench[0m[2m:[0m [3mstage[0m[2m=[0m"trace.lookups_permuted.start" [3mrss_mb[0m[2m=[0m291 [3mhwm_mb[0m[2m=[0m301
[2m2026-09-15T06:25:22.871861Z[0m [32m INFO[0m [2mmidnight_bench[0m[2m:[0m [3mstage[0m[2m=[0m"trace.lookups_permuted.end" [3mrss_mb[0m[2m=[0m296 [3mhwm_mb[0m[2m=[0m301
[2m2026-09-15T06:25:22.871890Z[0m [32m INFO[0m [2mmidnight_bench[0m[2m:[0m [3mstage[0m[2m=[0m"trace.permutations_commit.start" [3mrss_mb[0m[2m=[0m296 [3mhwm_mb[0m[2m=[0m301
[2m2026-09-15T06:25:22.939630Z[0m [32m INFO[0m [2mmidnight_bench[0m[2m:[0m [3mstage[0m[2m=[0m"trace.permutations_commit.end" [3mrss_mb[0m[2m=[0m304 [3mhwm_mb[0m[2m=[0m304
[2m2026-09-15T06:25:22.939659Z[0m [32m INFO[0m [2mmidnight_bench[0m[2m:[0m [3mstage[0m[2m=[0m"trace.lookups_product.start" [3mrss_mb[0m[2m=[0m304 [3mhwm_mb[0m[2m=[0m304
[2m2026-09-15T06:25:22.989358Z[0m [32m INFO[0m [2mmidnight_bench[0m[2m:[0m [3mstage[0m[2m=[0m"trace.lookups_product.end" [3mrss_mb[0m[2m=[0m304 [3mhwm_mb[0m[2m=[0m304
[2m2026-09-15T06:25:23.013248Z[0m [32m INFO[0m [2mmidnight_bench[0m[2m:[0m [3mstage[0m[2m=[0m"create_proof.compute_trace.end" [3mrss_mb[0m[2m=[0m305 [3mhwm_mb[0m[2m=[0m305
[2m2026-09-15T06:25:23.013277Z[0m [32m INFO[0m [2mmidnight_bench[0m[2m:[0m [3mstage[0m[2m=[0m"create_proof.finalise_proof.start" [3mrss_mb[0m[2m=[0m305 [3mhwm_mb[0m[2m=[0m305
[2m2026-09-15T06:25:23.013287Z[0m [32m INFO[0m [2mmidnight_bench[0m[2m:[0m [3mstage[0m[2m=[0m"finalise.compute_h_poly.start" [3mrss_mb[0m[2m=[0m305 [3mhwm_mb[0m[2m=[0m305
[2m2026-09-15T06:25:23.151393Z[0m [32m INFO[0m [2mmidnight_bench[0m[2m:[0m [3mstage[0m[2m=[0m"finalise.compute_h_poly.drop_cosets.end" [3mrss_mb[0m[2m=[0m305 [3mhwm_mb[0m[2m=[0m305
[2m2026-09-15T06:25:23.151429Z[0m [32m INFO[0m [2mmidnight_bench[0m[2m:[0m [3mstage[0m[2m=[0m"finalise.compute_h_poly.end" [3mrss_mb[0m[2m=[0m305 [3mhwm_mb[0m[2m=[0m305
[2m2026-09-15T06:25:23.151436Z[0m [32m INFO[0m [2mmidnight_bench[0m[2m:[0m [3mstage[0m[2m=[0m"finalise.vanishing_construct.start" [3mrss_mb[0m[2m=[0m305 [3mhwm_mb[0m[2m=[0m305
[2m2026-09-15T06:25:23.239278Z[0m [32m INFO[0m [2mmidnight_bench[0m[2m:[0m [3mstage[0m[2m=[0m"finalise.vanishing_construct.end" [3mrss_mb[0m[2m=[0m305 [3mhwm_mb[0m[2m=[0m305
[2m2026-09-15T06:25:23.268349Z[0m [32m INFO[0m [2mmidnight_bench[0m[2m:[0m [3mstage[0m[2m=[0m"finalise.compute_queries.start" [3mrss_mb[0m[2m=[0m305 [3mhwm_mb[0m[2m=[0m305
[2m2026-09-15T06:25:23.268444Z[0m [32m INFO[0m [2mmidnight_bench[0m[2m:[0m [3mstage[0m[2m=[0m"finalise.multi_open.start" [3mrss_mb[0m[2m=[0m305 [3mhwm_mb[0m[2m=[0m305
[2m2026-09-15T06:25:23.356820Z[0m [32m INFO[0m [2mmidnight_bench[0m[2m:[0m [3mstage[0m[2m=[0m"finalise.multi_open.end" [3mrss_mb[0m[2m=[0m305 [3mhwm_mb[0m[2m=[0m305
[2m2026-09-15T06:25:23.357612Z[0m [32m INFO[0m [2mmidnight_bench[0m[2m:[0m [3mstage[0m[2m=[0m"create_proof.finalise_proof.end" [3mrss_mb[0m[2m=[0m279 [3mhwm_mb[0m[2m=[0m304
[2m2026-09-15T06:25:23.373993Z[0m [32m INFO[0m [2mactix_web::middleware::logger[0m[2m:[0m 192.168.65.1 POST /prove HTTP/1.1; took 0.639124s
[2m2026-09-15T06:25:23.375740Z[0m [32m INFO[0m [2mmidnight_proof_server::endpoints[0m[2m:[0m Starting to process request for /prove...
[2m2026-09-15T06:25:23.442142Z[0m [32m INFO[0m [2mmidnight_bench[0m[2m:[0m [3mstage[0m[2m=[0m"create_proof.compute_trace.start" [3mrss_mb[0m[2m=[0m279 [3mhwm_mb[0m[2m=[0m304
[2m2026-09-15T06:25:23.442170Z[0m [32m INFO[0m [2mmidnight_bench[0m[2m:[0m [3mstage[0m[2m=[0m"trace.compute_instances.start" [3mrss_mb[0m[2m=[0m279 [3mhwm_mb[0m[2m=[0m304
[2m2026-09-15T06:25:23.446284Z[0m [32m INFO[0m [2mmidnight_bench[0m[2m:[0m [3mstage[0m[2m=[0m"trace.compute_instances.end" [3mrss_mb[0m[2m=[0m279 [3mhwm_mb[0m[2m=[0m304
[2m2026-09-15T06:25:23.446306Z[0m [32m INFO[0m [2mmidnight_bench[0m[2m:[0m [3mstage[0m[2m=[0m"trace.parse_advices.start" [3mrss_mb[0m[2m=[0m279 [3mhwm_mb[0m[2m=[0m304
[2m2026-09-15T06:25:23.452871Z[0m [32m INFO[0m [2mmidnight_bench[0m[2m:[0m [3mstage[0m[2m=[0m"trace.parse_advices.end" [3mrss_mb[0m[2m=[0m288 [3mhwm_mb[0m[2m=[0m304
[2m2026-09-15T06:25:23.452896Z[0m [32m INFO[0m [2mmidnight_bench[0m[2m:[0m [3mstage[0m[2m=[0m"trace.lookups_permuted.start" [3mrss_mb[0m[2m=[0m288 [3mhwm_mb[0m[2m=[0m304
[2m2026-09-15T06:25:23.497411Z[0m [32m INFO[0m [2mmidnight_bench[0m[2m:[0m [3mstage[0m[2m=[0m"trace.lookups_permuted.end" [3mrss_mb[0m[2m=[0m293 [3mhwm_mb[0m[2m=[0m304
[2m2026-09-15T06:25:23.497446Z[0m [32m INFO[0m [2mmidnight_bench[0m[2m:[0m [3mstage[0m[2m=[0m"trace.permutations_commit.start" [3mrss_mb[0m[2m=[0m293 [3mhwm_mb[0m[2m=[0m304
[2m2026-09-15T06:25:23.563280Z[0m [32m INFO[0m [2mmidnight_bench[0m[2m:[0m [3mstage[0m[2m=[0m"trace.permutations_commit.end" [3mrss_mb[0m[2m=[0m300 [3mhwm_mb[0m[2m=[0m304
[2m2026-09-15T06:25:23.563309Z[0m [32m INFO[0m [2mmidnight_bench[0m[2m:[0m [3mstage[0m[2m=[0m"trace.lookups_product.start" [3mrss_mb[0m[2m=[0m300 [3mhwm_mb[0m[2m=[0m304
[2m2026-09-15T06:25:23.612833Z[0m [32m INFO[0m [2mmidnight_bench[0m[2m:[0m [3mstage[0m[2m=[0m"trace.lookups_product.end" [3mrss_mb[0m[2m=[0m300 [3mhwm_mb[0m[2m=[0m304
[2m2026-09-15T06:25:23.639211Z[0m [32m INFO[0m [2mmidnight_bench[0m[2m:[0m [3mstage[0m[2m=[0m"create_proof.compute_trace.end" [3mrss_mb[0m[2m=[0m301 [3mhwm_mb[0m[2m=[0m304
[2m2026-09-15T06:25:23.639244Z[0m [32m INFO[0m [2mmidnight_bench[0m[2m:[0m [3mstage[0m[2m=[0m"create_proof.finalise_proof.start" [3mrss_mb[0m[2m=[0m301 [3mhwm_mb[0m[2m=[0m304
[2m2026-09-15T06:25:23.639253Z[0m [32m INFO[0m [2mmidnight_bench[0m[2m:[0m [3mstage[0m[2m=[0m"finalise.compute_h_poly.start" [3mrss_mb[0m[2m=[0m301 [3mhwm_mb[0m[2m=[0m304
[2m2026-09-15T06:25:23.768457Z[0m [32m INFO[0m [2mmidnight_bench[0m[2m:[0m [3mstage[0m[2m=[0m"finalise.compute_h_poly.drop_cosets.end" [3mrss_mb[0m[2m=[0m301 [3mhwm_mb[0m[2m=[0m304
[2m2026-09-15T06:25:23.768491Z[0m [32m INFO[0m [2mmidnight_bench[0m[2m:[0m [3mstage[0m[2m=[0m"finalise.compute_h_poly.end" [3mrss_mb[0m[2m=[0m301 [3mhwm_mb[0m[2m=[0m304
[2m2026-09-15T06:25:23.768499Z[0m [32m INFO[0m [2mmidnight_bench[0m[2m:[0m [3mstage[0m[2m=[0m"finalise.vanishing_construct.start" [3mrss_mb[0m[2m=[0m301 [3mhwm_mb[0m[2m=[0m304
[2m2026-09-15T06:25:23.854205Z[0m [32m INFO[0m [2mmidnight_bench[0m[2m:[0m [3mstage[0m[2m=[0m"finalise.vanishing_construct.end" [3mrss_mb[0m[2m=[0m301 [3mhwm_mb[0m[2m=[0m304
[2m2026-09-15T06:25:23.880972Z[0m [32m INFO[0m [2mmidnight_bench[0m[2m:[0m [3mstage[0m[2m=[0m"finalise.compute_queries.start" [3mrss_mb[0m[2m=[0m301 [3mhwm_mb[0m[2m=[0m304
[2m2026-09-15T06:25:23.881065Z[0m [32m INFO[0m [2mmidnight_bench[0m[2m:[0m [3mstage[0m[2m=[0m"finalise.multi_open.start" [3mrss_mb[0m[2m=[0m301 [3mhwm_mb[0m[2m=[0m304
[2m2026-09-15T06:25:23.968034Z[0m [32m INFO[0m [2mmidnight_bench[0m[2m:[0m [3mstage[0m[2m=[0m"finalise.multi_open.end" [3mrss_mb[0m[2m=[0m301 [3mhwm_mb[0m[2m=[0m304
[2m2026-09-15T06:25:23.968839Z[0m [32m INFO[0m [2mmidnight_bench[0m[2m:[0m [3mstage[0m[2m=[0m"create_proof.finalise_proof.end" [3mrss_mb[0m[2m=[0m276 [3mhwm_mb[0m[2m=[0m304
[2m2026-09-15T06:25:23.984643Z[0m [32m INFO[0m [2mactix_web::middleware::logger[0m[2m:[0m 192.168.65.1 POST /prove HTTP/1.1; took 0.608922s
[2m2026-09-15T06:25:23.986800Z[0m [32m INFO[0m [2mmidnight_proof_server::endpoints[0m[2m:[0m Starting to process request for /prove...
[2m2026-09-15T06:25:24.057013Z[0m [32m INFO[0m [2mmidnight_bench[0m[2m:[0m [3mstage[0m[2m=[0m"create_proof.compute_trace.start" [3mrss_mb[0m[2m=[0m284 [3mhwm_mb[0m[2m=[0m304
[2m2026-09-15T06:25:24.057045Z[0m [32m INFO[0m [2mmidnight_bench[0m[2m:[0m [3mstage[0m[2m=[0m"trace.compute_instances.start" [3mrss_mb[0m[2m=[0m284 [3mhwm_mb[0m[2m=[0m304
[2m2026-09-15T06:25:24.061243Z[0m [32m INFO[0m [2mmidnight_bench[0m[2m:[0m [3mstage[0m[2m=[0m"trace.compute_instances.end" [3mrss_mb[0m[2m=[0m284 [3mhwm_mb[0m[2m=[0m304
[2m2026-09-15T06:25:24.061264Z[0m [32m INFO[0m [2mmidnight_bench[0m[2m:[0m [3mstage[0m[2m=[0m"trace.parse_advices.start" [3mrss_mb[0m[2m=[0m284 [3mhwm_mb[0m[2m=[0m304
[2m2026-09-15T06:25:24.068012Z[0m [32m INFO[0m [2mmidnight_bench[0m[2m:[0m [3mstage[0m[2m=[0m"trace.parse_advices.end" [3mrss_mb[0m[2m=[0m292 [3mhwm_mb[0m[2m=[0m304
[2m2026-09-15T06:25:24.068037Z[0m [32m INFO[0m [2mmidnight_bench[0m[2m:[0m [3mstage[0m[2m=[0m"trace.lookups_permuted.start" [3mrss_mb[0m[2m=[0m292 [3mhwm_mb[0m[2m=[0m304
[2m2026-09-15T06:25:24.109950Z[0m [32m INFO[0m [2mmidnight_bench[0m[2m:[0m [3mstage[0m[2m=[0m"trace.lookups_permuted.end" [3mrss_mb[0m[2m=[0m297 [3mhwm_mb[0m[2m=[0m304
[2m2026-09-15T06:25:24.109979Z[0m [32m INFO[0m [2mmidnight_bench[0m[2m:[0m [3mstage[0m[2m=[0m"trace.permutations_commit.start" [3mrss_mb[0m[2m=[0m297 [3mhwm_mb[0m[2m=[0m304
[2m2026-09-15T06:25:24.173743Z[0m [32m INFO[0m [2mmidnight_bench[0m[2m:[0m [3mstage[0m[2m=[0m"trace.permutations_commit.end" [3mrss_mb[0m[2m=[0m305 [3mhwm_mb[0m[2m=[0m305
[2m2026-09-15T06:25:24.173787Z[0m [32m INFO[0m [2mmidnight_bench[0m[2m:[0m [3mstage[0m[2m=[0m"trace.lookups_product.start" [3mrss_mb[0m[2m=[0m305 [3mhwm_mb[0m[2m=[0m305
[2m2026-09-15T06:25:24.221424Z[0m [32m INFO[0m [2mmidnight_bench[0m[2m:[0m [3mstage[0m[2m=[0m"trace.lookups_product.end" [3mrss_mb[0m[2m=[0m305 [3mhwm_mb[0m[2m=[0m305
[2m2026-09-15T06:25:24.245591Z[0m [32m INFO[0m [2mmidnight_bench[0m[2m:[0m [3mstage[0m[2m=[0m"create_proof.compute_trace.end" [3mrss_mb[0m[2m=[0m306 [3mhwm_mb[0m[2m=[0m306
[2m2026-09-15T06:25:24.245615Z[0m [32m INFO[0m [2mmidnight_bench[0m[2m:[0m [3mstage[0m[2m=[0m"create_proof.finalise_proof.start" [3mrss_mb[0m[2m=[0m306 [3mhwm_mb[0m[2m=[0m306
[2m2026-09-15T06:25:24.245625Z[0m [32m INFO[0m [2mmidnight_bench[0m[2m:[0m [3mstage[0m[2m=[0m"finalise.compute_h_poly.start" [3mrss_mb[0m[2m=[0m306 [3mhwm_mb[0m[2m=[0m306
[2m2026-09-15T06:25:24.387413Z[0m [32m INFO[0m [2mmidnight_bench[0m[2m:[0m [3mstage[0m[2m=[0m"finalise.compute_h_poly.drop_cosets.end" [3mrss_mb[0m[2m=[0m306 [3mhwm_mb[0m[2m=[0m306
[2m2026-09-15T06:25:24.387449Z[0m [32m INFO[0m [2mmidnight_bench[0m[2m:[0m [3mstage[0m[2m=[0m"finalise.compute_h_poly.end" [3mrss_mb[0m[2m=[0m306 [3mhwm_mb[0m[2m=[0m306
[2m2026-09-15T06:25:24.387460Z[0m [32m INFO[0m [2mmidnight_bench[0m[2m:[0m [3mstage[0m[2m=[0m"finalise.vanishing_construct.start" [3mrss_mb[0m[2m=[0m306 [3mhwm_mb[0m[2m=[0m306
[2m2026-09-15T06:25:24.472861Z[0m [32m INFO[0m [2mmidnight_bench[0m[2m:[0m [3mstage[0m[2m=[0m"finalise.vanishing_construct.end" [3mrss_mb[0m[2m=[0m306 [3mhwm_mb[0m[2m=[0m306
[2m2026-09-15T06:25:24.498196Z[0m [32m INFO[0m [2mmidnight_bench[0m[2m:[0m [3mstage[0m[2m=[0m"finalise.compute_queries.start" [3mrss_mb[0m[2m=[0m306 [3mhwm_mb[0m[2m=[0m306
[2m2026-09-15T06:25:24.498286Z[0m [32m INFO[0m [2mmidnight_bench[0m[2m:[0m [3mstage[0m[2m=[0m"finalise.multi_open.start" [3mrss_mb[0m[2m=[0m306 [3mhwm_mb[0m[2m=[0m306
[2m2026-09-15T06:25:24.587485Z[0m [32m INFO[0m [2mmidnight_bench[0m[2m:[0m [3mstage[0m[2m=[0m"finalise.multi_open.end" [3mrss_mb[0m[2m=[0m306 [3mhwm_mb[0m[2m=[0m306
[2m2026-09-15T06:25:24.588322Z[0m [32m INFO[0m [2mmidnight_bench[0m[2m:[0m [3mstage[0m[2m=[0m"create_proof.finalise_proof.end" [3mrss_mb[0m[2m=[0m280 [3mhwm_mb[0m[2m=[0m304
[2m2026-09-15T06:25:24.605510Z[0m [32m INFO[0m [2mactix_web::middleware::logger[0m[2m:[0m 192.168.65.1 POST /prove HTTP/1.1; took 0.618726s
[2m2026-09-15T06:25:24.607237Z[0m [32m INFO[0m [2mmidnight_proof_server::endpoints[0m[2m:[0m Starting to process request for /prove...
[2m2026-09-15T06:25:24.674319Z[0m [32m INFO[0m [2mmidnight_bench[0m[2m:[0m [3mstage[0m[2m=[0m"create_proof.compute_trace.start" [3mrss_mb[0m[2m=[0m269 [3mhwm_mb[0m[2m=[0m304
[2m2026-09-15T06:25:24.674350Z[0m [32m INFO[0m [2mmidnight_bench[0m[2m:[0m [3mstage[0m[2m=[0m"trace.compute_instances.start" [3mrss_mb[0m[2m=[0m269 [3mhwm_mb[0m[2m=[0m304
[2m2026-09-15T06:25:24.678226Z[0m [32m INFO[0m [2mmidnight_bench[0m[2m:[0m [3mstage[0m[2m=[0m"trace.compute_instances.end" [3mrss_mb[0m[2m=[0m269 [3mhwm_mb[0m[2m=[0m304
[2m2026-09-15T06:25:24.678253Z[0m [32m INFO[0m [2mmidnight_bench[0m[2m:[0m [3mstage[0m[2m=[0m"trace.parse_advices.start" [3mrss_mb[0m[2m=[0m269 [3mhwm_mb[0m[2m=[0m304
[2m2026-09-15T06:25:24.684810Z[0m [32m INFO[0m [2mmidnight_bench[0m[2m:[0m [3mstage[0m[2m=[0m"trace.parse_advices.end" [3mrss_mb[0m[2m=[0m277 [3mhwm_mb[0m[2m=[0m304
[2m2026-09-15T06:25:24.684835Z[0m [32m INFO[0m [2mmidnight_bench[0m[2m:[0m [3mstage[0m[2m=[0m"trace.lookups_permuted.start" [3mrss_mb[0m[2m=[0m277 [3mhwm_mb[0m[2m=[0m304
[2m2026-09-15T06:25:24.728270Z[0m [32m INFO[0m [2mmidnight_bench[0m[2m:[0m [3mstage[0m[2m=[0m"trace.lookups_permuted.end" [3mrss_mb[0m[2m=[0m282 [3mhwm_mb[0m[2m=[0m304
[2m2026-09-15T06:25:24.728305Z[0m [32m INFO[0m [2mmidnight_bench[0m[2m:[0m [3mstage[0m[2m=[0m"trace.permutations_commit.start" [3mrss_mb[0m[2m=[0m282 [3mhwm_mb[0m[2m=[0m304
[2m2026-09-15T06:25:24.794802Z[0m [32m INFO[0m [2mmidnight_bench[0m[2m:[0m [3mstage[0m[2m=[0m"trace.permutations_commit.end" [3mrss_mb[0m[2m=[0m290 [3mhwm_mb[0m[2m=[0m304
[2m2026-09-15T06:25:24.794828Z[0m [32m INFO[0m [2mmidnight_bench[0m[2m:[0m [3mstage[0m[2m=[0m"trace.lookups_product.start" [3mrss_mb[0m[2m=[0m290 [3mhwm_mb[0m[2m=[0m304
[2m2026-09-15T06:25:24.844887Z[0m [32m INFO[0m [2mmidnight_bench[0m[2m:[0m [3mstage[0m[2m=[0m"trace.lookups_product.end" [3mrss_mb[0m[2m=[0m290 [3mhwm_mb[0m[2m=[0m304
[2m2026-09-15T06:25:24.867363Z[0m [32m INFO[0m [2mmidnight_bench[0m[2m:[0m [3mstage[0m[2m=[0m"create_proof.compute_trace.end" [3mrss_mb[0m[2m=[0m291 [3mhwm_mb[0m[2m=[0m304
[2m2026-09-15T06:25:24.867385Z[0m [32m INFO[0m [2mmidnight_bench[0m[2m:[0m [3mstage[0m[2m=[0m"create_proof.finalise_proof.start" [3mrss_mb[0m[2m=[0m291 [3mhwm_mb[0m[2m=[0m304
[2m2026-09-15T06:25:24.867394Z[0m [32m INFO[0m [2mmidnight_bench[0m[2m:[0m [3mstage[0m[2m=[0m"finalise.compute_h_poly.start" [3mrss_mb[0m[2m=[0m291 [3mhwm_mb[0m[2m=[0m304
[2m2026-09-15T06:25:25.006822Z[0m [32m INFO[0m [2mmidnight_bench[0m[2m:[0m [3mstage[0m[2m=[0m"finalise.compute_h_poly.drop_cosets.end" [3mrss_mb[0m[2m=[0m291 [3mhwm_mb[0m[2m=[0m304
[2m2026-09-15T06:25:25.006849Z[0m [32m INFO[0m [2mmidnight_bench[0m[2m:[0m [3mstage[0m[2m=[0m"finalise.compute_h_poly.end" [3mrss_mb[0m[2m=[0m291 [3mhwm_mb[0m[2m=[0m304
[2m2026-09-15T06:25:25.006856Z[0m [32m INFO[0m [2mmidnight_bench[0m[2m:[0m [3mstage[0m[2m=[0m"finalise.vanishing_construct.start" [3mrss_mb[0m[2m=[0m291 [3mhwm_mb[0m[2m=[0m304
[2m2026-09-15T06:25:25.091861Z[0m [32m INFO[0m [2mmidnight_bench[0m[2m:[0m [3mstage[0m[2m=[0m"finalise.vanishing_construct.end" [3mrss_mb[0m[2m=[0m291 [3mhwm_mb[0m[2m=[0m304
[2m2026-09-15T06:25:25.119702Z[0m [32m INFO[0m [2mmidnight_bench[0m[2m:[0m [3mstage[0m[2m=[0m"finalise.compute_queries.start" [3mrss_mb[0m[2m=[0m291 [3mhwm_mb[0m[2m=[0m304
[2m2026-09-15T06:25:25.119803Z[0m [32m INFO[0m [2mmidnight_bench[0m[2m:[0m [3mstage[0m[2m=[0m"finalise.multi_open.start" [3mrss_mb[0m[2m=[0m291 [3mhwm_mb[0m[2m=[0m304
[2m2026-09-15T06:25:25.208311Z[0m [32m INFO[0m [2mmidnight_bench[0m[2m:[0m [3mstage[0m[2m=[0m"finalise.multi_open.end" [3mrss_mb[0m[2m=[0m291 [3mhwm_mb[0m[2m=[0m304
[2m2026-09-15T06:25:25.209184Z[0m [32m INFO[0m [2mmidnight_bench[0m[2m:[0m [3mstage[0m[2m=[0m"create_proof.finalise_proof.end" [3mrss_mb[0m[2m=[0m265 [3mhwm_mb[0m[2m=[0m304
[2m2026-09-15T06:25:25.224381Z[0m [32m INFO[0m [2mactix_web::middleware::logger[0m[2m:[0m 192.168.65.1 POST /prove HTTP/1.1; took 0.617159s
[2m2026-09-15T06:25:25.226266Z[0m [32m INFO[0m [2mmidnight_proof_server::endpoints[0m[2m:[0m Starting to process request for /prove...
[2m2026-09-15T06:25:25.291529Z[0m [32m INFO[0m [2mmidnight_bench[0m[2m:[0m [3mstage[0m[2m=[0m"create_proof.compute_trace.start" [3mrss_mb[0m[2m=[0m269 [3mhwm_mb[0m[2m=[0m304
[2m2026-09-15T06:25:25.291559Z[0m [32m INFO[0m [2mmidnight_bench[0m[2m:[0m [3mstage[0m[2m=[0m"trace.compute_instances.start" [3mrss_mb[0m[2m=[0m269 [3mhwm_mb[0m[2m=[0m304
[2m2026-09-15T06:25:25.296682Z[0m [32m INFO[0m [2mmidnight_bench[0m[2m:[0m [3mstage[0m[2m=[0m"trace.compute_instances.end" [3mrss_mb[0m[2m=[0m269 [3mhwm_mb[0m[2m=[0m304
[2m2026-09-15T06:25:25.296704Z[0m [32m INFO[0m [2mmidnight_bench[0m[2m:[0m [3mstage[0m[2m=[0m"trace.parse_advices.start" [3mrss_mb[0m[2m=[0m269 [3mhwm_mb[0m[2m=[0m304
[2m2026-09-15T06:25:25.303035Z[0m [32m INFO[0m [2mmidnight_bench[0m[2m:[0m [3mstage[0m[2m=[0m"trace.parse_advices.end" [3mrss_mb[0m[2m=[0m278 [3mhwm_mb[0m[2m=[0m304
[2m2026-09-15T06:25:25.303057Z[0m [32m INFO[0m [2mmidnight_bench[0m[2m:[0m [3mstage[0m[2m=[0m"trace.lookups_permuted.start" [3mrss_mb[0m[2m=[0m278 [3mhwm_mb[0m[2m=[0m304
[2m2026-09-15T06:25:25.345968Z[0m [32m INFO[0m [2mmidnight_bench[0m[2m:[0m [3mstage[0m[2m=[0m"trace.lookups_permuted.end" [3mrss_mb[0m[2m=[0m283 [3mhwm_mb[0m[2m=[0m304
[2m2026-09-15T06:25:25.345997Z[0m [32m INFO[0m [2mmidnight_bench[0m[2m:[0m [3mstage[0m[2m=[0m"trace.permutations_commit.start" [3mrss_mb[0m[2m=[0m283 [3mhwm_mb[0m[2m=[0m304
[2m2026-09-15T06:25:25.416429Z[0m [32m INFO[0m [2mmidnight_bench[0m[2m:[0m [3mstage[0m[2m=[0m"trace.permutations_commit.end" [3mrss_mb[0m[2m=[0m290 [3mhwm_mb[0m[2m=[0m304
[2m2026-09-15T06:25:25.416452Z[0m [32m INFO[0m [2mmidnight_bench[0m[2m:[0m [3mstage[0m[2m=[0m"trace.lookups_product.start" [3mrss_mb[0m[2m=[0m290 [3mhwm_mb[0m[2m=[0m304
[2m2026-09-15T06:25:25.465987Z[0m [32m INFO[0m [2mmidnight_bench[0m[2m:[0m [3mstage[0m[2m=[0m"trace.lookups_product.end" [3mrss_mb[0m[2m=[0m290 [3mhwm_mb[0m[2m=[0m304
[2m2026-09-15T06:25:25.495239Z[0m [32m INFO[0m [2mmidnight_bench[0m[2m:[0m [3mstage[0m[2m=[0m"create_proof.compute_trace.end" [3mrss_mb[0m[2m=[0m291 [3mhwm_mb[0m[2m=[0m304
[2m2026-09-15T06:25:25.495268Z[0m [32m INFO[0m [2mmidnight_bench[0m[2m:[0m [3mstage[0m[2m=[0m"create_proof.finalise_proof.start" [3mrss_mb[0m[2m=[0m291 [3mhwm_mb[0m[2m=[0m304
[2m2026-09-15T06:25:25.495277Z[0m [32m INFO[0m [2mmidnight_bench[0m[2m:[0m [3mstage[0m[2m=[0m"finalise.compute_h_poly.start" [3mrss_mb[0m[2m=[0m291 [3mhwm_mb[0m[2m=[0m304
[2m2026-09-15T06:25:25.629013Z[0m [32m INFO[0m [2mmidnight_bench[0m[2m:[0m [3mstage[0m[2m=[0m"finalise.compute_h_poly.drop_cosets.end" [3mrss_mb[0m[2m=[0m291 [3mhwm_mb[0m[2m=[0m304
[2m2026-09-15T06:25:25.629039Z[0m [32m INFO[0m [2mmidnight_bench[0m[2m:[0m [3mstage[0m[2m=[0m"finalise.compute_h_poly.end" [3mrss_mb[0m[2m=[0m291 [3mhwm_mb[0m[2m=[0m304
[2m2026-09-15T06:25:25.629047Z[0m [32m INFO[0m [2mmidnight_bench[0m[2m:[0m [3mstage[0m[2m=[0m"finalise.vanishing_construct.start" [3mrss_mb[0m[2m=[0m291 [3mhwm_mb[0m[2m=[0m304
[2m2026-09-15T06:25:25.713234Z[0m [32m INFO[0m [2mmidnight_bench[0m[2m:[0m [3mstage[0m[2m=[0m"finalise.vanishing_construct.end" [3mrss_mb[0m[2m=[0m291 [3mhwm_mb[0m[2m=[0m304
[2m2026-09-15T06:25:25.741227Z[0m [32m INFO[0m [2mmidnight_bench[0m[2m:[0m [3mstage[0m[2m=[0m"finalise.compute_queries.start" [3mrss_mb[0m[2m=[0m291 [3mhwm_mb[0m[2m=[0m304
[2m2026-09-15T06:25:25.741320Z[0m [32m INFO[0m [2mmidnight_bench[0m[2m:[0m [3mstage[0m[2m=[0m"finalise.multi_open.start" [3mrss_mb[0m[2m=[0m291 [3mhwm_mb[0m[2m=[0m304
[2m2026-09-15T06:25:25.835044Z[0m [32m INFO[0m [2mmidnight_bench[0m[2m:[0m [3mstage[0m[2m=[0m"finalise.multi_open.end" [3mrss_mb[0m[2m=[0m291 [3mhwm_mb[0m[2m=[0m304
[2m2026-09-15T06:25:25.835082Z[0m [32m INFO[0m [2mmidnight_bench[0m[2m:[0m [3mstage[0m[2m=[0m"create_proof.finalise_proof.end" [3mrss_mb[0m[2m=[0m291 [3mhwm_mb[0m[2m=[0m304
[2m2026-09-15T06:25:25.853793Z[0m [32m INFO[0m [2mactix_web::middleware::logger[0m[2m:[0m 192.168.65.1 POST /prove HTTP/1.1; took 0.627544s
[2m2026-09-15T06:25:25.855843Z[0m [32m INFO[0m [2mmidnight_proof_server::endpoints[0m[2m:[0m Starting to process request for /prove...
[2m2026-09-15T06:25:25.928194Z[0m [32m INFO[0m [2mmidnight_bench[0m[2m:[0m [3mstage[0m[2m=[0m"create_proof.compute_trace.start" [3mrss_mb[0m[2m=[0m275 [3mhwm_mb[0m[2m=[0m304
[2m2026-09-15T06:25:25.928266Z[0m [32m INFO[0m [2mmidnight_bench[0m[2m:[0m [3mstage[0m[2m=[0m"trace.compute_instances.start" [3mrss_mb[0m[2m=[0m275 [3mhwm_mb[0m[2m=[0m304
[2m2026-09-15T06:25:25.932999Z[0m [32m INFO[0m [2mmidnight_bench[0m[2m:[0m [3mstage[0m[2m=[0m"trace.compute_instances.end" [3mrss_mb[0m[2m=[0m275 [3mhwm_mb[0m[2m=[0m304
[2m2026-09-15T06:25:25.933018Z[0m [32m INFO[0m [2mmidnight_bench[0m[2m:[0m [3mstage[0m[2m=[0m"trace.parse_advices.start" [3mrss_mb[0m[2m=[0m275 [3mhwm_mb[0m[2m=[0m304
[2m2026-09-15T06:25:25.939611Z[0m [32m INFO[0m [2mmidnight_bench[0m[2m:[0m [3mstage[0m[2m=[0m"trace.parse_advices.end" [3mrss_mb[0m[2m=[0m284 [3mhwm_mb[0m[2m=[0m304
[2m2026-09-15T06:25:25.939639Z[0m [32m INFO[0m [2mmidnight_bench[0m[2m:[0m [3mstage[0m[2m=[0m"trace.lookups_permuted.start" [3mrss_mb[0m[2m=[0m284 [3mhwm_mb[0m[2m=[0m304
[2m2026-09-15T06:25:25.984305Z[0m [32m INFO[0m [2mmidnight_bench[0m[2m:[0m [3mstage[0m[2m=[0m"trace.lookups_permuted.end" [3mrss_mb[0m[2m=[0m289 [3mhwm_mb[0m[2m=[0m304
[2m2026-09-15T06:25:25.984332Z[0m [32m INFO[0m [2mmidnight_bench[0m[2m:[0m [3mstage[0m[2m=[0m"trace.permutations_commit.start" [3mrss_mb[0m[2m=[0m289 [3mhwm_mb[0m[2m=[0m304
[2m2026-09-15T06:25:26.063583Z[0m [32m INFO[0m [2mmidnight_bench[0m[2m:[0m [3mstage[0m[2m=[0m"trace.permutations_commit.end" [3mrss_mb[0m[2m=[0m296 [3mhwm_mb[0m[2m=[0m304
[2m2026-09-15T06:25:26.063611Z[0m [32m INFO[0m [2mmidnight_bench[0m[2m:[0m [3mstage[0m[2m=[0m"trace.lookups_product.start" [3mrss_mb[0m[2m=[0m296 [3mhwm_mb[0m[2m=[0m304
[2m2026-09-15T06:25:26.123956Z[0m [32m INFO[0m [2mmidnight_bench[0m[2m:[0m [3mstage[0m[2m=[0m"trace.lookups_product.end" [3mrss_mb[0m[2m=[0m296 [3mhwm_mb[0m[2m=[0m304
[2m2026-09-15T06:25:26.150727Z[0m [32m INFO[0m [2mmidnight_bench[0m[2m:[0m [3mstage[0m[2m=[0m"create_proof.compute_trace.end" [3mrss_mb[0m[2m=[0m297 [3mhwm_mb[0m[2m=[0m304
[2m2026-09-15T06:25:26.150755Z[0m [32m INFO[0m [2mmidnight_bench[0m[2m:[0m [3mstage[0m[2m=[0m"create_proof.finalise_proof.start" [3mrss_mb[0m[2m=[0m297 [3mhwm_mb[0m[2m=[0m304
[2m2026-09-15T06:25:26.150765Z[0m [32m INFO[0m [2mmidnight_bench[0m[2m:[0m [3mstage[0m[2m=[0m"finalise.compute_h_poly.start" [3mrss_mb[0m[2m=[0m297 [3mhwm_mb[0m[2m=[0m304
[2m2026-09-15T06:25:26.332588Z[0m [32m INFO[0m [2mmidnight_bench[0m[2m:[0m [3mstage[0m[2m=[0m"finalise.compute_h_poly.drop_cosets.end" [3mrss_mb[0m[2m=[0m297 [3mhwm_mb[0m[2m=[0m304
[2m2026-09-15T06:25:26.332640Z[0m [32m INFO[0m [2mmidnight_bench[0m[2m:[0m [3mstage[0m[2m=[0m"finalise.compute_h_poly.end" [3mrss_mb[0m[2m=[0m297 [3mhwm_mb[0m[2m=[0m304
[2m2026-09-15T06:25:26.332651Z[0m [32m INFO[0m [2mmidnight_bench[0m[2m:[0m [3mstage[0m[2m=[0m"finalise.vanishing_construct.start" [3mrss_mb[0m[2m=[0m297 [3mhwm_mb[0m[2m=[0m304
[2m2026-09-15T06:25:26.439264Z[0m [32m INFO[0m [2mmidnight_bench[0m[2m:[0m [3mstage[0m[2m=[0m"finalise.vanishing_construct.end" [3mrss_mb[0m[2m=[0m297 [3mhwm_mb[0m[2m=[0m304
[2m2026-09-15T06:25:26.463842Z[0m [32m INFO[0m [2mmidnight_bench[0m[2m:[0m [3mstage[0m[2m=[0m"finalise.compute_queries.start" [3mrss_mb[0m[2m=[0m297 [3mhwm_mb[0m[2m=[0m304
[2m2026-09-15T06:25:26.463926Z[0m [32m INFO[0m [2mmidnight_bench[0m[2m:[0m [3mstage[0m[2m=[0m"finalise.multi_open.start" [3mrss_mb[0m[2m=[0m297 [3mhwm_mb[0m[2m=[0m304
[2m2026-09-15T06:25:26.567224Z[0m [32m INFO[0m [2mmidnight_bench[0m[2m:[0m [3mstage[0m[2m=[0m"finalise.multi_open.end" [3mrss_mb[0m[2m=[0m297 [3mhwm_mb[0m[2m=[0m304
[2m2026-09-15T06:25:26.568003Z[0m [32m INFO[0m [2mmidnight_bench[0m[2m:[0m [3mstage[0m[2m=[0m"create_proof.finalise_proof.end" [3mrss_mb[0m[2m=[0m272 [3mhwm_mb[0m[2m=[0m304
[2m2026-09-15T06:25:26.595665Z[0m [32m INFO[0m [2mactix_web::middleware::logger[0m[2m:[0m 192.168.65.1 POST /prove HTTP/1.1; took 0.739844s
[2m2026-09-15T06:25:26.598448Z[0m [32m INFO[0m [2mmidnight_proof_server::endpoints[0m[2m:[0m Starting to process request for /prove...
[2m2026-09-15T06:25:27.023390Z[0m [32m INFO[0m [2mmidnight_bench[0m[2m:[0m [3mstage[0m[2m=[0m"create_proof.compute_trace.start" [3mrss_mb[0m[2m=[0m258 [3mhwm_mb[0m[2m=[0m304
[2m2026-09-15T06:25:27.023417Z[0m [32m INFO[0m [2mmidnight_bench[0m[2m:[0m [3mstage[0m[2m=[0m"trace.compute_instances.start" [3mrss_mb[0m[2m=[0m258 [3mhwm_mb[0m[2m=[0m304
[2m2026-09-15T06:25:27.029013Z[0m [32m INFO[0m [2mmidnight_bench[0m[2m:[0m [3mstage[0m[2m=[0m"trace.compute_instances.end" [3mrss_mb[0m[2m=[0m258 [3mhwm_mb[0m[2m=[0m304
[2m2026-09-15T06:25:27.029034Z[0m [32m INFO[0m [2mmidnight_bench[0m[2m:[0m [3mstage[0m[2m=[0m"trace.parse_advices.start" [3mrss_mb[0m[2m=[0m258 [3mhwm_mb[0m[2m=[0m304
[2m2026-09-15T06:25:27.035728Z[0m [32m INFO[0m [2mmidnight_bench[0m[2m:[0m [3mstage[0m[2m=[0m"trace.parse_advices.end" [3mrss_mb[0m[2m=[0m266 [3mhwm_mb[0m[2m=[0m304
[2m2026-09-15T06:25:27.035752Z[0m [32m INFO[0m [2mmidnight_bench[0m[2m:[0m [3mstage[0m[2m=[0m"trace.lookups_permuted.start" [3mrss_mb[0m[2m=[0m266 [3mhwm_mb[0m[2m=[0m304
[2m2026-09-15T06:25:27.078699Z[0m [32m INFO[0m [2mmidnight_bench[0m[2m:[0m [3mstage[0m[2m=[0m"trace.lookups_permuted.end" [3mrss_mb[0m[2m=[0m271 [3mhwm_mb[0m[2m=[0m304
[2m2026-09-15T06:25:27.078731Z[0m [32m INFO[0m [2mmidnight_bench[0m[2m:[0m [3mstage[0m[2m=[0m"trace.permutations_commit.start" [3mrss_mb[0m[2m=[0m271 [3mhwm_mb[0m[2m=[0m304
[2m2026-09-15T06:25:27.145990Z[0m [32m INFO[0m [2mmidnight_bench[0m[2m:[0m [3mstage[0m[2m=[0m"trace.permutations_commit.end" [3mrss_mb[0m[2m=[0m279 [3mhwm_mb[0m[2m=[0m304
[2m2026-09-15T06:25:27.146014Z[0m [32m INFO[0m [2mmidnight_bench[0m[2m:[0m [3mstage[0m[2m=[0m"trace.lookups_product.start" [3mrss_mb[0m[2m=[0m279 [3mhwm_mb[0m[2m=[0m304
[2m2026-09-15T06:25:27.200548Z[0m [32m INFO[0m [2mmidnight_bench[0m[2m:[0m [3mstage[0m[2m=[0m"trace.lookups_product.end" [3mrss_mb[0m[2m=[0m279 [3mhwm_mb[0m[2m=[0m304
[2m2026-09-15T06:25:27.224407Z[0m [32m INFO[0m [2mmidnight_bench[0m[2m:[0m [3mstage[0m[2m=[0m"create_proof.compute_trace.end" [3mrss_mb[0m[2m=[0m280 [3mhwm_mb[0m[2m=[0m304
[2m2026-09-15T06:25:27.224431Z[0m [32m INFO[0m [2mmidnight_bench[0m[2m:[0m [3mstage[0m[2m=[0m"create_proof.finalise_proof.start" [3mrss_mb[0m[2m=[0m280 [3mhwm_mb[0m[2m=[0m304
[2m2026-09-15T06:25:27.224440Z[0m [32m INFO[0m [2mmidnight_bench[0m[2m:[0m [3mstage[0m[2m=[0m"finalise.compute_h_poly.start" [3mrss_mb[0m[2m=[0m280 [3mhwm_mb[0m[2m=[0m304
[2m2026-09-15T06:25:27.358482Z[0m [32m INFO[0m [2mmidnight_bench[0m[2m:[0m [3mstage[0m[2m=[0m"finalise.compute_h_poly.drop_cosets.end" [3mrss_mb[0m[2m=[0m280 [3mhwm_mb[0m[2m=[0m304
[2m2026-09-15T06:25:27.358510Z[0m [32m INFO[0m [2mmidnight_bench[0m[2m:[0m [3mstage[0m[2m=[0m"finalise.compute_h_poly.end" [3mrss_mb[0m[2m=[0m280 [3mhwm_mb[0m[2m=[0m304
[2m2026-09-15T06:25:27.358518Z[0m [32m INFO[0m [2mmidnight_bench[0m[2m:[0m [3mstage[0m[2m=[0m"finalise.vanishing_construct.start" [3mrss_mb[0m[2m=[0m280 [3mhwm_mb[0m[2m=[0m304
[2m2026-09-15T06:25:27.447071Z[0m [32m INFO[0m [2mmidnight_bench[0m[2m:[0m [3mstage[0m[2m=[0m"finalise.vanishing_construct.end" [3mrss_mb[0m[2m=[0m280 [3mhwm_mb[0m[2m=[0m304
[2m2026-09-15T06:25:27.475723Z[0m [32m INFO[0m [2mmidnight_bench[0m[2m:[0m [3mstage[0m[2m=[0m"finalise.compute_queries.start" [3mrss_mb[0m[2m=[0m280 [3mhwm_mb[0m[2m=[0m304
[2m2026-09-15T06:25:27.475830Z[0m [32m INFO[0m [2mmidnight_bench[0m[2m:[0m [3mstage[0m[2m=[0m"finalise.multi_open.start" [3mrss_mb[0m[2m=[0m280 [3mhwm_mb[0m[2m=[0m304
[2m2026-09-15T06:25:27.567101Z[0m [32m INFO[0m [2mmidnight_bench[0m[2m:[0m [3mstage[0m[2m=[0m"finalise.multi_open.end" [3mrss_mb[0m[2m=[0m280 [3mhwm_mb[0m[2m=[0m304
[2m2026-09-15T06:25:27.567901Z[0m [32m INFO[0m [2mmidnight_bench[0m[2m:[0m [3mstage[0m[2m=[0m"create_proof.finalise_proof.end" [3mrss_mb[0m[2m=[0m254 [3mhwm_mb[0m[2m=[0m304
[2m2026-09-15T06:25:27.585112Z[0m [32m INFO[0m [2mactix_web::middleware::logger[0m[2m:[0m 192.168.65.1 POST /prove HTTP/1.1; took 0.986683s
