[2m2026-09-15T06:58:29.941987Z[0m [32m INFO[0m [2mactix_server::builder[0m[2m:[0m starting 12 workers
[2m2026-09-15T06:58:29.942009Z[0m [32m INFO[0m [2mactix_server::server[0m[2m:[0m Actix runtime found; starting in Actix runtime
[2m2026-09-15T06:58:29.942011Z[0m [32m INFO[0m [2mactix_server::server[0m[2m:[0m starting service: "actix-web-service-0.0.0.0:6311", workers: 12, listening on: 0.0.0.0:6311
[2m2026-09-15T06:58:29.954660Z[0m [32m INFO[0m [2mactix_web::middleware::logger[0m[2m:[0m 192.168.65.1 GET /health HTTP/1.1; took 0.000047s
[2m2026-09-15T06:58:29.956202Z[0m [32m INFO[0m [2mactix_web::middleware::logger[0m[2m:[0m 192.168.65.1 GET /ready HTTP/1.1; took 0.000042s
[2m2026-09-15T06:58:29.957505Z[0m [32m INFO[0m [2mmidnight_proof_server::endpoints[0m[2m:[0m Starting to process request for /prove...
[2m2026-09-15T06:58:30.183064Z[0m [32m INFO[0m [2mmidnight_bench[0m[2m:[0m [3mstage[0m[2m=[0m"create_proof.compute_trace.start" [3mrss_mb[0m[2m=[0m92 [3mhwm_mb[0m[2m=[0m98
[2m2026-09-15T06:58:30.183096Z[0m [32m INFO[0m [2mmidnight_bench[0m[2m:[0m [3mstage[0m[2m=[0m"trace.compute_instances.start" [3mrss_mb[0m[2m=[0m92 [3mhwm_mb[0m[2m=[0m98
[2m2026-09-15T06:58:30.188947Z[0m [32m INFO[0m [2mmidnight_bench[0m[2m:[0m [3mstage[0m[2m=[0m"trace.compute_instances.end" [3mrss_mb[0m[2m=[0m92 [3mhwm_mb[0m[2m=[0m98
[2m2026-09-15T06:58:30.188970Z[0m [32m INFO[0m [2mmidnight_bench[0m[2m:[0m [3mstage[0m[2m=[0m"trace.parse_advices.start" [3mrss_mb[0m[2m=[0m92 [3mhwm_mb[0m[2m=[0m98
[2m2026-09-15T06:58:30.194746Z[0m [32m INFO[0m [2mmidnight_bench[0m[2m:[0m [3mstage[0m[2m=[0m"trace.parse_advices.end" [3mrss_mb[0m[2m=[0m93 [3mhwm_mb[0m[2m=[0m98
[2m2026-09-15T06:58:30.194767Z[0m [32m INFO[0m [2mmidnight_bench[0m[2m:[0m [3mstage[0m[2m=[0m"trace.lookups_permuted.start" [3mrss_mb[0m[2m=[0m93 [3mhwm_mb[0m[2m=[0m98
[2m2026-09-15T06:58:30.243109Z[0m [32m INFO[0m [2mmidnight_bench[0m[2m:[0m [3mstage[0m[2m=[0m"trace.lookups_permuted.end" [3mrss_mb[0m[2m=[0m97 [3mhwm_mb[0m[2m=[0m98
[2m2026-09-15T06:58:30.243136Z[0m [32m INFO[0m [2mmidnight_bench[0m[2m:[0m [3mstage[0m[2m=[0m"trace.permutations_commit.start" [3mrss_mb[0m[2m=[0m97 [3mhwm_mb[0m[2m=[0m98
[2m2026-09-15T06:58:30.313637Z[0m [32m INFO[0m [2mmidnight_bench[0m[2m:[0m [3mstage[0m[2m=[0m"trace.permutations_commit.end" [3mrss_mb[0m[2m=[0m107 [3mhwm_mb[0m[2m=[0m107
[2m2026-09-15T06:58:30.313661Z[0m [32m INFO[0m [2mmidnight_bench[0m[2m:[0m [3mstage[0m[2m=[0m"trace.lookups_product.start" [3mrss_mb[0m[2m=[0m107 [3mhwm_mb[0m[2m=[0m107
[2m2026-09-15T06:58:30.365975Z[0m [32m INFO[0m [2mmidnight_bench[0m[2m:[0m [3mstage[0m[2m=[0m"trace.lookups_product.end" [3mrss_mb[0m[2m=[0m107 [3mhwm_mb[0m[2m=[0m107
[2m2026-09-15T06:58:30.390638Z[0m [32m INFO[0m [2mmidnight_bench[0m[2m:[0m [3mstage[0m[2m=[0m"create_proof.compute_trace.end" [3mrss_mb[0m[2m=[0m107 [3mhwm_mb[0m[2m=[0m107
[2m2026-09-15T06:58:30.390660Z[0m [32m INFO[0m [2mmidnight_bench[0m[2m:[0m [3mstage[0m[2m=[0m"create_proof.finalise_proof.start" [3mrss_mb[0m[2m=[0m107 [3mhwm_mb[0m[2m=[0m107
[2m2026-09-15T06:58:30.390667Z[0m [32m INFO[0m [2mmidnight_bench[0m[2m:[0m [3mstage[0m[2m=[0m"finalise.compute_h_poly.start" [3mrss_mb[0m[2m=[0m107 [3mhwm_mb[0m[2m=[0m107
[2m2026-09-15T06:58:30.409271Z[0m [32m INFO[0m [2mmidnight_bench[0m[2m:[0m [3mstage[0m[2m=[0m"finalise.compute_h_poly.materialise_fixed_cosets.start" [3mrss_mb[0m[2m=[0m124 [3mhwm_mb[0m[2m=[0m124
[2m2026-09-15T06:58:30.438023Z[0m [32m INFO[0m [2mmidnight_bench[0m[2m:[0m [3mstage[0m[2m=[0m"finalise.compute_h_poly.materialise_fixed_cosets.end" [3mrss_mb[0m[2m=[0m168 [3mhwm_mb[0m[2m=[0m168
[2m2026-09-15T06:58:30.438052Z[0m [32m INFO[0m [2mmidnight_bench[0m[2m:[0m [3mstage[0m[2m=[0m"finalise.compute_h_poly.materialise_perm_cosets.start" [3mrss_mb[0m[2m=[0m168 [3mhwm_mb[0m[2m=[0m168
[2m2026-09-15T06:58:30.451036Z[0m [32m INFO[0m [2mmidnight_bench[0m[2m:[0m [3mstage[0m[2m=[0m"finalise.compute_h_poly.materialise_perm_cosets.end" [3mrss_mb[0m[2m=[0m182 [3mhwm_mb[0m[2m=[0m182
[2m2026-09-15T06:58:30.587788Z[0m [32m INFO[0m [2mmidnight_bench[0m[2m:[0m [3mstage[0m[2m=[0m"finalise.compute_h_poly.drop_cosets.end" [3mrss_mb[0m[2m=[0m182 [3mhwm_mb[0m[2m=[0m182
[2m2026-09-15T06:58:30.588154Z[0m [32m INFO[0m [2mmidnight_bench[0m[2m:[0m [3mstage[0m[2m=[0m"finalise.compute_h_poly.end" [3mrss_mb[0m[2m=[0m173 [3mhwm_mb[0m[2m=[0m181
[2m2026-09-15T06:58:30.588168Z[0m [32m INFO[0m [2mmidnight_bench[0m[2m:[0m [3mstage[0m[2m=[0m"finalise.vanishing_construct.start" [3mrss_mb[0m[2m=[0m173 [3mhwm_mb[0m[2m=[0m181
[2m2026-09-15T06:58:30.685541Z[0m [32m INFO[0m [2mmidnight_bench[0m[2m:[0m [3mstage[0m[2m=[0m"finalise.vanishing_construct.end" [3mrss_mb[0m[2m=[0m173 [3mhwm_mb[0m[2m=[0m181
[2m2026-09-15T06:58:30.717521Z[0m [32m INFO[0m [2mmidnight_bench[0m[2m:[0m [3mstage[0m[2m=[0m"finalise.compute_queries.start" [3mrss_mb[0m[2m=[0m173 [3mhwm_mb[0m[2m=[0m181
[2m2026-09-15T06:58:30.717626Z[0m [32m INFO[0m [2mmidnight_bench[0m[2m:[0m [3mstage[0m[2m=[0m"finalise.multi_open.start" [3mrss_mb[0m[2m=[0m173 [3mhwm_mb[0m[2m=[0m181
[2m2026-09-15T06:58:30.821548Z[0m [32m INFO[0m [2mmidnight_bench[0m[2m:[0m [3mstage[0m[2m=[0m"finalise.multi_open.end" [3mrss_mb[0m[2m=[0m173 [3mhwm_mb[0m[2m=[0m181
[2m2026-09-15T06:58:30.822321Z[0m [32m INFO[0m [2mmidnight_bench[0m[2m:[0m [3mstage[0m[2m=[0m"create_proof.finalise_proof.end" [3mrss_mb[0m[2m=[0m160 [3mhwm_mb[0m[2m=[0m181
[2m2026-09-15T06:58:30.853937Z[0m [32m INFO[0m [2mactix_web::middleware::logger[0m[2m:[0m 192.168.65.1 POST /prove HTTP/1.1; took 0.896452s
[2m2026-09-15T06:58:30.884202Z[0m [32m INFO[0m [2mmidnight_proof_server::endpoints[0m[2m:[0m Starting to process request for /prove...
[2m2026-09-15T06:58:30.956545Z[0m [32m INFO[0m [2mmidnight_bench[0m[2m:[0m [3mstage[0m[2m=[0m"create_proof.compute_trace.start" [3mrss_mb[0m[2m=[0m152 [3mhwm_mb[0m[2m=[0m181
[2m2026-09-15T06:58:30.956573Z[0m [32m INFO[0m [2mmidnight_bench[0m[2m:[0m [3mstage[0m[2m=[0m"trace.compute_instances.start" [3mrss_mb[0m[2m=[0m152 [3mhwm_mb[0m[2m=[0m181
[2m2026-09-15T06:58:30.961635Z[0m [32m INFO[0m [2mmidnight_bench[0m[2m:[0m [3mstage[0m[2m=[0m"trace.compute_instances.end" [3mrss_mb[0m[2m=[0m152 [3mhwm_mb[0m[2m=[0m181
[2m2026-09-15T06:58:30.961662Z[0m [32m INFO[0m [2mmidnight_bench[0m[2m:[0m [3mstage[0m[2m=[0m"trace.parse_advices.start" [3mrss_mb[0m[2m=[0m152 [3mhwm_mb[0m[2m=[0m181
[2m2026-09-15T06:58:30.968141Z[0m [32m INFO[0m [2mmidnight_bench[0m[2m:[0m [3mstage[0m[2m=[0m"trace.parse_advices.end" [3mrss_mb[0m[2m=[0m158 [3mhwm_mb[0m[2m=[0m181
[2m2026-09-15T06:58:30.968165Z[0m [32m INFO[0m [2mmidnight_bench[0m[2m:[0m [3mstage[0m[2m=[0m"trace.lookups_permuted.start" [3mrss_mb[0m[2m=[0m158 [3mhwm_mb[0m[2m=[0m181
[2m2026-09-15T06:58:31.015701Z[0m [32m INFO[0m [2mmidnight_bench[0m[2m:[0m [3mstage[0m[2m=[0m"trace.lookups_permuted.end" [3mrss_mb[0m[2m=[0m163 [3mhwm_mb[0m[2m=[0m181
[2m2026-09-15T06:58:31.015735Z[0m [32m INFO[0m [2mmidnight_bench[0m[2m:[0m [3mstage[0m[2m=[0m"trace.permutations_commit.start" [3mrss_mb[0m[2m=[0m163 [3mhwm_mb[0m[2m=[0m181
[2m2026-09-15T06:58:31.085582Z[0m [32m INFO[0m [2mmidnight_bench[0m[2m:[0m [3mstage[0m[2m=[0m"trace.permutations_commit.end" [3mrss_mb[0m[2m=[0m170 [3mhwm_mb[0m[2m=[0m181
[2m2026-09-15T06:58:31.085608Z[0m [32m INFO[0m [2mmidnight_bench[0m[2m:[0m [3mstage[0m[2m=[0m"trace.lookups_product.start" [3mrss_mb[0m[2m=[0m170 [3mhwm_mb[0m[2m=[0m181
[2m2026-09-15T06:58:31.137182Z[0m [32m INFO[0m [2mmidnight_bench[0m[2m:[0m [3mstage[0m[2m=[0m"trace.lookups_product.end" [3mrss_mb[0m[2m=[0m171 [3mhwm_mb[0m[2m=[0m181
[2m2026-09-15T06:58:31.162473Z[0m [32m INFO[0m [2mmidnight_bench[0m[2m:[0m [3mstage[0m[2m=[0m"create_proof.compute_trace.end" [3mrss_mb[0m[2m=[0m171 [3mhwm_mb[0m[2m=[0m181
[2m2026-09-15T06:58:31.162499Z[0m [32m INFO[0m [2mmidnight_bench[0m[2m:[0m [3mstage[0m[2m=[0m"create_proof.finalise_proof.start" [3mrss_mb[0m[2m=[0m171 [3mhwm_mb[0m[2m=[0m181
[2m2026-09-15T06:58:31.162507Z[0m [32m INFO[0m [2mmidnight_bench[0m[2m:[0m [3mstage[0m[2m=[0m"finalise.compute_h_poly.start" [3mrss_mb[0m[2m=[0m171 [3mhwm_mb[0m[2m=[0m181
[2m2026-09-15T06:58:31.181526Z[0m [32m INFO[0m [2mmidnight_bench[0m[2m:[0m [3mstage[0m[2m=[0m"finalise.compute_h_poly.materialise_fixed_cosets.start" [3mrss_mb[0m[2m=[0m174 [3mhwm_mb[0m[2m=[0m181
[2m2026-09-15T06:58:31.212742Z[0m [32m INFO[0m [2mmidnight_bench[0m[2m:[0m [3mstage[0m[2m=[0m"finalise.compute_h_poly.materialise_fixed_cosets.end" [3mrss_mb[0m[2m=[0m184 [3mhwm_mb[0m[2m=[0m184
[2m2026-09-15T06:58:31.212766Z[0m [32m INFO[0m [2mmidnight_bench[0m[2m:[0m [3mstage[0m[2m=[0m"finalise.compute_h_poly.materialise_perm_cosets.start" [3mrss_mb[0m[2m=[0m184 [3mhwm_mb[0m[2m=[0m184
[2m2026-09-15T06:58:31.227923Z[0m [32m INFO[0m [2mmidnight_bench[0m[2m:[0m [3mstage[0m[2m=[0m"finalise.compute_h_poly.materialise_perm_cosets.end" [3mrss_mb[0m[2m=[0m193 [3mhwm_mb[0m[2m=[0m193
[2m2026-09-15T06:58:31.372021Z[0m [32m INFO[0m [2mmidnight_bench[0m[2m:[0m [3mstage[0m[2m=[0m"finalise.compute_h_poly.drop_cosets.end" [3mrss_mb[0m[2m=[0m194 [3mhwm_mb[0m[2m=[0m194
[2m2026-09-15T06:58:31.372068Z[0m [32m INFO[0m [2mmidnight_bench[0m[2m:[0m [3mstage[0m[2m=[0m"finalise.compute_h_poly.end" [3mrss_mb[0m[2m=[0m194 [3mhwm_mb[0m[2m=[0m194
[2m2026-09-15T06:58:31.372076Z[0m [32m INFO[0m [2mmidnight_bench[0m[2m:[0m [3mstage[0m[2m=[0m"finalise.vanishing_construct.start" [3mrss_mb[0m[2m=[0m194 [3mhwm_mb[0m[2m=[0m194
[2m2026-09-15T06:58:31.470083Z[0m [32m INFO[0m [2mmidnight_bench[0m[2m:[0m [3mstage[0m[2m=[0m"finalise.vanishing_construct.end" [3mrss_mb[0m[2m=[0m194 [3mhwm_mb[0m[2m=[0m194
[2m2026-09-15T06:58:31.501651Z[0m [32m INFO[0m [2mmidnight_bench[0m[2m:[0m [3mstage[0m[2m=[0m"finalise.compute_queries.start" [3mrss_mb[0m[2m=[0m194 [3mhwm_mb[0m[2m=[0m194
[2m2026-09-15T06:58:31.501741Z[0m [32m INFO[0m [2mmidnight_bench[0m[2m:[0m [3mstage[0m[2m=[0m"finalise.multi_open.start" [3mrss_mb[0m[2m=[0m194 [3mhwm_mb[0m[2m=[0m194
[2m2026-09-15T06:58:31.605348Z[0m [32m INFO[0m [2mmidnight_bench[0m[2m:[0m [3mstage[0m[2m=[0m"finalise.multi_open.end" [3mrss_mb[0m[2m=[0m195 [3mhwm_mb[0m[2m=[0m195
[2m2026-09-15T06:58:31.605857Z[0m [32m INFO[0m [2mmidnight_bench[0m[2m:[0m [3mstage[0m[2m=[0m"create_proof.finalise_proof.end" [3mrss_mb[0m[2m=[0m180 [3mhwm_mb[0m[2m=[0m193
[2m2026-09-15T06:58:31.622111Z[0m [32m INFO[0m [2mactix_web::middleware::logger[0m[2m:[0m 192.168.65.1 POST /prove HTTP/1.1; took 0.737940s
[2m2026-09-15T06:58:31.623901Z[0m [32m INFO[0m [2mmidnight_proof_server::endpoints[0m[2m:[0m Starting to process request for /prove...
[2m2026-09-15T06:58:31.702264Z[0m [32m INFO[0m [2mmidnight_bench[0m[2m:[0m [3mstage[0m[2m=[0m"create_proof.compute_trace.start" [3mrss_mb[0m[2m=[0m196 [3mhwm_mb[0m[2m=[0m196
[2m2026-09-15T06:58:31.702291Z[0m [32m INFO[0m [2mmidnight_bench[0m[2m:[0m [3mstage[0m[2m=[0m"trace.compute_instances.start" [3mrss_mb[0m[2m=[0m196 [3mhwm_mb[0m[2m=[0m196
[2m2026-09-15T06:58:31.706733Z[0m [32m INFO[0m [2mmidnight_bench[0m[2m:[0m [3mstage[0m[2m=[0m"trace.compute_instances.end" [3mrss_mb[0m[2m=[0m196 [3mhwm_mb[0m[2m=[0m196
[2m2026-09-15T06:58:31.706753Z[0m [32m INFO[0m [2mmidnight_bench[0m[2m:[0m [3mstage[0m[2m=[0m"trace.parse_advices.start" [3mrss_mb[0m[2m=[0m196 [3mhwm_mb[0m[2m=[0m196
[2m2026-09-15T06:58:31.712046Z[0m [32m INFO[0m [2mmidnight_bench[0m[2m:[0m [3mstage[0m[2m=[0m"trace.parse_advices.end" [3mrss_mb[0m[2m=[0m196 [3mhwm_mb[0m[2m=[0m196
[2m2026-09-15T06:58:31.712068Z[0m [32m INFO[0m [2mmidnight_bench[0m[2m:[0m [3mstage[0m[2m=[0m"trace.lookups_permuted.start" [3mrss_mb[0m[2m=[0m196 [3mhwm_mb[0m[2m=[0m196
[2m2026-09-15T06:58:31.758653Z[0m [32m INFO[0m [2mmidnight_bench[0m[2m:[0m [3mstage[0m[2m=[0m"trace.lookups_permuted.end" [3mrss_mb[0m[2m=[0m201 [3mhwm_mb[0m[2m=[0m201
[2m2026-09-15T06:58:31.758682Z[0m [32m INFO[0m [2mmidnight_bench[0m[2m:[0m [3mstage[0m[2m=[0m"trace.permutations_commit.start" [3mrss_mb[0m[2m=[0m201 [3mhwm_mb[0m[2m=[0m201
[2m2026-09-15T06:58:31.827302Z[0m [32m INFO[0m [2mmidnight_bench[0m[2m:[0m [3mstage[0m[2m=[0m"trace.permutations_commit.end" [3mrss_mb[0m[2m=[0m208 [3mhwm_mb[0m[2m=[0m208
[2m2026-09-15T06:58:31.827326Z[0m [32m INFO[0m [2mmidnight_bench[0m[2m:[0m [3mstage[0m[2m=[0m"trace.lookups_product.start" [3mrss_mb[0m[2m=[0m208 [3mhwm_mb[0m[2m=[0m208
[2m2026-09-15T06:58:31.877687Z[0m [32m INFO[0m [2mmidnight_bench[0m[2m:[0m [3mstage[0m[2m=[0m"trace.lookups_product.end" [3mrss_mb[0m[2m=[0m209 [3mhwm_mb[0m[2m=[0m209
[2m2026-09-15T06:58:31.901994Z[0m [32m INFO[0m [2mmidnight_bench[0m[2m:[0m [3mstage[0m[2m=[0m"create_proof.compute_trace.end" [3mrss_mb[0m[2m=[0m209 [3mhwm_mb[0m[2m=[0m209
[2m2026-09-15T06:58:31.902022Z[0m [32m INFO[0m [2mmidnight_bench[0m[2m:[0m [3mstage[0m[2m=[0m"create_proof.finalise_proof.start" [3mrss_mb[0m[2m=[0m209 [3mhwm_mb[0m[2m=[0m209
[2m2026-09-15T06:58:31.902029Z[0m [32m INFO[0m [2mmidnight_bench[0m[2m:[0m [3mstage[0m[2m=[0m"finalise.compute_h_poly.start" [3mrss_mb[0m[2m=[0m209 [3mhwm_mb[0m[2m=[0m209
[2m2026-09-15T06:58:31.920934Z[0m [32m INFO[0m [2mmidnight_bench[0m[2m:[0m [3mstage[0m[2m=[0m"finalise.compute_h_poly.materialise_fixed_cosets.start" [3mrss_mb[0m[2m=[0m209 [3mhwm_mb[0m[2m=[0m209
[2m2026-09-15T06:58:31.952719Z[0m [32m INFO[0m [2mmidnight_bench[0m[2m:[0m [3mstage[0m[2m=[0m"finalise.compute_h_poly.materialise_fixed_cosets.end" [3mrss_mb[0m[2m=[0m212 [3mhwm_mb[0m[2m=[0m212
[2m2026-09-15T06:58:31.952739Z[0m [32m INFO[0m [2mmidnight_bench[0m[2m:[0m [3mstage[0m[2m=[0m"finalise.compute_h_poly.materialise_perm_cosets.start" [3mrss_mb[0m[2m=[0m212 [3mhwm_mb[0m[2m=[0m212
[2m2026-09-15T06:58:31.965272Z[0m [32m INFO[0m [2mmidnight_bench[0m[2m:[0m [3mstage[0m[2m=[0m"finalise.compute_h_poly.materialise_perm_cosets.end" [3mrss_mb[0m[2m=[0m216 [3mhwm_mb[0m[2m=[0m216
[2m2026-09-15T06:58:32.096352Z[0m [32m INFO[0m [2mmidnight_bench[0m[2m:[0m [3mstage[0m[2m=[0m"finalise.compute_h_poly.drop_cosets.end" [3mrss_mb[0m[2m=[0m218 [3mhwm_mb[0m[2m=[0m218
[2m2026-09-15T06:58:32.096384Z[0m [32m INFO[0m [2mmidnight_bench[0m[2m:[0m [3mstage[0m[2m=[0m"finalise.compute_h_poly.end" [3mrss_mb[0m[2m=[0m218 [3mhwm_mb[0m[2m=[0m218
[2m2026-09-15T06:58:32.096391Z[0m [32m INFO[0m [2mmidnight_bench[0m[2m:[0m [3mstage[0m[2m=[0m"finalise.vanishing_construct.start" [3mrss_mb[0m[2m=[0m218 [3mhwm_mb[0m[2m=[0m218
[2m2026-09-15T06:58:32.184320Z[0m [32m INFO[0m [2mmidnight_bench[0m[2m:[0m [3mstage[0m[2m=[0m"finalise.vanishing_construct.end" [3mrss_mb[0m[2m=[0m218 [3mhwm_mb[0m[2m=[0m218
[2m2026-09-15T06:58:32.212817Z[0m [32m INFO[0m [2mmidnight_bench[0m[2m:[0m [3mstage[0m[2m=[0m"finalise.compute_queries.start" [3mrss_mb[0m[2m=[0m218 [3mhwm_mb[0m[2m=[0m218
[2m2026-09-15T06:58:32.212904Z[0m [32m INFO[0m [2mmidnight_bench[0m[2m:[0m [3mstage[0m[2m=[0m"finalise.multi_open.start" [3mrss_mb[0m[2m=[0m218 [3mhwm_mb[0m[2m=[0m218
[2m2026-09-15T06:58:32.304754Z[0m [32m INFO[0m [2mmidnight_bench[0m[2m:[0m [3mstage[0m[2m=[0m"finalise.multi_open.end" [3mrss_mb[0m[2m=[0m218 [3mhwm_mb[0m[2m=[0m218
[2m2026-09-15T06:58:32.305258Z[0m [32m INFO[0m [2mmidnight_bench[0m[2m:[0m [3mstage[0m[2m=[0m"create_proof.finalise_proof.end" [3mrss_mb[0m[2m=[0m204 [3mhwm_mb[0m[2m=[0m217
[2m2026-09-15T06:58:32.321272Z[0m [32m INFO[0m [2mactix_web::middleware::logger[0m[2m:[0m 192.168.65.1 POST /prove HTTP/1.1; took 0.697385s
[2m2026-09-15T06:58:32.324144Z[0m [32m INFO[0m [2mmidnight_proof_server::endpoints[0m[2m:[0m Starting to process request for /prove...
[2m2026-09-15T06:58:32.395852Z[0m [32m INFO[0m [2mmidnight_bench[0m[2m:[0m [3mstage[0m[2m=[0m"create_proof.compute_trace.start" [3mrss_mb[0m[2m=[0m205 [3mhwm_mb[0m[2m=[0m217
[2m2026-09-15T06:58:32.395883Z[0m [32m INFO[0m [2mmidnight_bench[0m[2m:[0m [3mstage[0m[2m=[0m"trace.compute_instances.start" [3mrss_mb[0m[2m=[0m205 [3mhwm_mb[0m[2m=[0m217
[2m2026-09-15T06:58:32.401141Z[0m [32m INFO[0m [2mmidnight_bench[0m[2m:[0m [3mstage[0m[2m=[0m"trace.compute_instances.end" [3mrss_mb[0m[2m=[0m205 [3mhwm_mb[0m[2m=[0m217
[2m2026-09-15T06:58:32.401160Z[0m [32m INFO[0m [2mmidnight_bench[0m[2m:[0m [3mstage[0m[2m=[0m"trace.parse_advices.start" [3mrss_mb[0m[2m=[0m205 [3mhwm_mb[0m[2m=[0m217
[2m2026-09-15T06:58:32.406166Z[0m [32m INFO[0m [2mmidnight_bench[0m[2m:[0m [3mstage[0m[2m=[0m"trace.parse_advices.end" [3mrss_mb[0m[2m=[0m205 [3mhwm_mb[0m[2m=[0m217
[2m2026-09-15T06:58:32.406199Z[0m [32m INFO[0m [2mmidnight_bench[0m[2m:[0m [3mstage[0m[2m=[0m"trace.lookups_permuted.start" [3mrss_mb[0m[2m=[0m205 [3mhwm_mb[0m[2m=[0m217
[2m2026-09-15T06:58:32.450411Z[0m [32m INFO[0m [2mmidnight_bench[0m[2m:[0m [3mstage[0m[2m=[0m"trace.lookups_permuted.end" [3mrss_mb[0m[2m=[0m209 [3mhwm_mb[0m[2m=[0m217
[2m2026-09-15T06:58:32.450439Z[0m [32m INFO[0m [2mmidnight_bench[0m[2m:[0m [3mstage[0m[2m=[0m"trace.permutations_commit.start" [3mrss_mb[0m[2m=[0m209 [3mhwm_mb[0m[2m=[0m217
[2m2026-09-15T06:58:32.522889Z[0m [32m INFO[0m [2mmidnight_bench[0m[2m:[0m [3mstage[0m[2m=[0m"trace.permutations_commit.end" [3mrss_mb[0m[2m=[0m217 [3mhwm_mb[0m[2m=[0m217
[2m2026-09-15T06:58:32.522916Z[0m [32m INFO[0m [2mmidnight_bench[0m[2m:[0m [3mstage[0m[2m=[0m"trace.lookups_product.start" [3mrss_mb[0m[2m=[0m217 [3mhwm_mb[0m[2m=[0m217
[2m2026-09-15T06:58:32.584826Z[0m [32m INFO[0m [2mmidnight_bench[0m[2m:[0m [3mstage[0m[2m=[0m"trace.lookups_product.end" [3mrss_mb[0m[2m=[0m217 [3mhwm_mb[0m[2m=[0m217
[2m2026-09-15T06:58:32.609536Z[0m [32m INFO[0m [2mmidnight_bench[0m[2m:[0m [3mstage[0m[2m=[0m"create_proof.compute_trace.end" [3mrss_mb[0m[2m=[0m217 [3mhwm_mb[0m[2m=[0m217
[2m2026-09-15T06:58:32.609561Z[0m [32m INFO[0m [2mmidnight_bench[0m[2m:[0m [3mstage[0m[2m=[0m"create_proof.finalise_proof.start" [3mrss_mb[0m[2m=[0m217 [3mhwm_mb[0m[2m=[0m217
[2m2026-09-15T06:58:32.609569Z[0m [32m INFO[0m [2mmidnight_bench[0m[2m:[0m [3mstage[0m[2m=[0m"finalise.compute_h_poly.start" [3mrss_mb[0m[2m=[0m217 [3mhwm_mb[0m[2m=[0m217
[2m2026-09-15T06:58:32.624421Z[0m [32m INFO[0m [2mmidnight_bench[0m[2m:[0m [3mstage[0m[2m=[0m"finalise.compute_h_poly.materialise_fixed_cosets.start" [3mrss_mb[0m[2m=[0m217 [3mhwm_mb[0m[2m=[0m217
[2m2026-09-15T06:58:32.652112Z[0m [32m INFO[0m [2mmidnight_bench[0m[2m:[0m [3mstage[0m[2m=[0m"finalise.compute_h_poly.materialise_fixed_cosets.end" [3mrss_mb[0m[2m=[0m217 [3mhwm_mb[0m[2m=[0m217
[2m2026-09-15T06:58:32.652140Z[0m [32m INFO[0m [2mmidnight_bench[0m[2m:[0m [3mstage[0m[2m=[0m"finalise.compute_h_poly.materialise_perm_cosets.start" [3mrss_mb[0m[2m=[0m217 [3mhwm_mb[0m[2m=[0m217
[2m2026-09-15T06:58:32.667178Z[0m [32m INFO[0m [2mmidnight_bench[0m[2m:[0m [3mstage[0m[2m=[0m"finalise.compute_h_poly.materialise_perm_cosets.end" [3mrss_mb[0m[2m=[0m220 [3mhwm_mb[0m[2m=[0m220
[2m2026-09-15T06:58:32.793576Z[0m [32m INFO[0m [2mmidnight_bench[0m[2m:[0m [3mstage[0m[2m=[0m"finalise.compute_h_poly.drop_cosets.end" [3mrss_mb[0m[2m=[0m222 [3mhwm_mb[0m[2m=[0m222
[2m2026-09-15T06:58:32.793610Z[0m [32m INFO[0m [2mmidnight_bench[0m[2m:[0m [3mstage[0m[2m=[0m"finalise.compute_h_poly.end" [3mrss_mb[0m[2m=[0m222 [3mhwm_mb[0m[2m=[0m222
[2m2026-09-15T06:58:32.793619Z[0m [32m INFO[0m [2mmidnight_bench[0m[2m:[0m [3mstage[0m[2m=[0m"finalise.vanishing_construct.start" [3mrss_mb[0m[2m=[0m222 [3mhwm_mb[0m[2m=[0m222
[2m2026-09-15T06:58:32.881433Z[0m [32m INFO[0m [2mmidnight_bench[0m[2m:[0m [3mstage[0m[2m=[0m"finalise.vanishing_construct.end" [3mrss_mb[0m[2m=[0m222 [3mhwm_mb[0m[2m=[0m222
[2m2026-09-15T06:58:32.909692Z[0m [32m INFO[0m [2mmidnight_bench[0m[2m:[0m [3mstage[0m[2m=[0m"finalise.compute_queries.start" [3mrss_mb[0m[2m=[0m222 [3mhwm_mb[0m[2m=[0m222
[2m2026-09-15T06:58:32.909793Z[0m [32m INFO[0m [2mmidnight_bench[0m[2m:[0m [3mstage[0m[2m=[0m"finalise.multi_open.start" [3mrss_mb[0m[2m=[0m222 [3mhwm_mb[0m[2m=[0m222
[2m2026-09-15T06:58:33.010950Z[0m [32m INFO[0m [2mmidnight_bench[0m[2m:[0m [3mstage[0m[2m=[0m"finalise.multi_open.end" [3mrss_mb[0m[2m=[0m222 [3mhwm_mb[0m[2m=[0m222
[2m2026-09-15T06:58:33.011429Z[0m [32m INFO[0m [2mmidnight_bench[0m[2m:[0m [3mstage[0m[2m=[0m"create_proof.finalise_proof.end" [3mrss_mb[0m[2m=[0m208 [3mhwm_mb[0m[2m=[0m221
[2m2026-09-15T06:58:33.027144Z[0m [32m INFO[0m [2mactix_web::middleware::logger[0m[2m:[0m 192.168.65.1 POST /prove HTTP/1.1; took 0.703016s
[2m2026-09-15T06:58:33.029302Z[0m [32m INFO[0m [2mmidnight_proof_server::endpoints[0m[2m:[0m Starting to process request for /prove...
[2m2026-09-15T06:58:33.098325Z[0m [32m INFO[0m [2mmidnight_bench[0m[2m:[0m [3mstage[0m[2m=[0m"create_proof.compute_trace.start" [3mrss_mb[0m[2m=[0m209 [3mhwm_mb[0m[2m=[0m221
[2m2026-09-15T06:58:33.098355Z[0m [32m INFO[0m [2mmidnight_bench[0m[2m:[0m [3mstage[0m[2m=[0m"trace.compute_instances.start" [3mrss_mb[0m[2m=[0m209 [3mhwm_mb[0m[2m=[0m221
[2m2026-09-15T06:58:33.102400Z[0m [32m INFO[0m [2mmidnight_bench[0m[2m:[0m [3mstage[0m[2m=[0m"trace.compute_instances.end" [3mrss_mb[0m[2m=[0m209 [3mhwm_mb[0m[2m=[0m221
[2m2026-09-15T06:58:33.102420Z[0m [32m INFO[0m [2mmidnight_bench[0m[2m:[0m [3mstage[0m[2m=[0m"trace.parse_advices.start" [3mrss_mb[0m[2m=[0m209 [3mhwm_mb[0m[2m=[0m221
[2m2026-09-15T06:58:33.107490Z[0m [32m INFO[0m [2mmidnight_bench[0m[2m:[0m [3mstage[0m[2m=[0m"trace.parse_advices.end" [3mrss_mb[0m[2m=[0m209 [3mhwm_mb[0m[2m=[0m221
[2m2026-09-15T06:58:33.107520Z[0m [32m INFO[0m [2mmidnight_bench[0m[2m:[0m [3mstage[0m[2m=[0m"trace.lookups_permuted.start" [3mrss_mb[0m[2m=[0m209 [3mhwm_mb[0m[2m=[0m221
[2m2026-09-15T06:58:33.150465Z[0m [32m INFO[0m [2mmidnight_bench[0m[2m:[0m [3mstage[0m[2m=[0m"trace.lookups_permuted.end" [3mrss_mb[0m[2m=[0m213 [3mhwm_mb[0m[2m=[0m221
[2m2026-09-15T06:58:33.150500Z[0m [32m INFO[0m [2mmidnight_bench[0m[2m:[0m [3mstage[0m[2m=[0m"trace.permutations_commit.start" [3mrss_mb[0m[2m=[0m213 [3mhwm_mb[0m[2m=[0m221
[2m2026-09-15T06:58:33.219710Z[0m [32m INFO[0m [2mmidnight_bench[0m[2m:[0m [3mstage[0m[2m=[0m"trace.permutations_commit.end" [3mrss_mb[0m[2m=[0m221 [3mhwm_mb[0m[2m=[0m221
[2m2026-09-15T06:58:33.219735Z[0m [32m INFO[0m [2mmidnight_bench[0m[2m:[0m [3mstage[0m[2m=[0m"trace.lookups_product.start" [3mrss_mb[0m[2m=[0m221 [3mhwm_mb[0m[2m=[0m221
[2m2026-09-15T06:58:33.270371Z[0m [32m INFO[0m [2mmidnight_bench[0m[2m:[0m [3mstage[0m[2m=[0m"trace.lookups_product.end" [3mrss_mb[0m[2m=[0m221 [3mhwm_mb[0m[2m=[0m221
[2m2026-09-15T06:58:33.297390Z[0m [32m INFO[0m [2mmidnight_bench[0m[2m:[0m [3mstage[0m[2m=[0m"create_proof.compute_trace.end" [3mrss_mb[0m[2m=[0m221 [3mhwm_mb[0m[2m=[0m221
[2m2026-09-15T06:58:33.297413Z[0m [32m INFO[0m [2mmidnight_bench[0m[2m:[0m [3mstage[0m[2m=[0m"create_proof.finalise_proof.start" [3mrss_mb[0m[2m=[0m221 [3mhwm_mb[0m[2m=[0m221
[2m2026-09-15T06:58:33.297421Z[0m [32m INFO[0m [2mmidnight_bench[0m[2m:[0m [3mstage[0m[2m=[0m"finalise.compute_h_poly.start" [3mrss_mb[0m[2m=[0m221 [3mhwm_mb[0m[2m=[0m221
[2m2026-09-15T06:58:33.312401Z[0m [32m INFO[0m [2mmidnight_bench[0m[2m:[0m [3mstage[0m[2m=[0m"finalise.compute_h_poly.materialise_fixed_cosets.start" [3mrss_mb[0m[2m=[0m221 [3mhwm_mb[0m[2m=[0m221
[2m2026-09-15T06:58:33.339415Z[0m [32m INFO[0m [2mmidnight_bench[0m[2m:[0m [3mstage[0m[2m=[0m"finalise.compute_h_poly.materialise_fixed_cosets.end" [3mrss_mb[0m[2m=[0m222 [3mhwm_mb[0m[2m=[0m222
[2m2026-09-15T06:58:33.339440Z[0m [32m INFO[0m [2mmidnight_bench[0m[2m:[0m [3mstage[0m[2m=[0m"finalise.compute_h_poly.materialise_perm_cosets.start" [3mrss_mb[0m[2m=[0m222 [3mhwm_mb[0m[2m=[0m222
[2m2026-09-15T06:58:33.353452Z[0m [32m INFO[0m [2mmidnight_bench[0m[2m:[0m [3mstage[0m[2m=[0m"finalise.compute_h_poly.materialise_perm_cosets.end" [3mrss_mb[0m[2m=[0m224 [3mhwm_mb[0m[2m=[0m224
[2m2026-09-15T06:58:33.485769Z[0m [32m INFO[0m [2mmidnight_bench[0m[2m:[0m [3mstage[0m[2m=[0m"finalise.compute_h_poly.drop_cosets.end" [3mrss_mb[0m[2m=[0m226 [3mhwm_mb[0m[2m=[0m226
[2m2026-09-15T06:58:33.485815Z[0m [32m INFO[0m [2mmidnight_bench[0m[2m:[0m [3mstage[0m[2m=[0m"finalise.compute_h_poly.end" [3mrss_mb[0m[2m=[0m226 [3mhwm_mb[0m[2m=[0m226
[2m2026-09-15T06:58:33.485824Z[0m [32m INFO[0m [2mmidnight_bench[0m[2m:[0m [3mstage[0m[2m=[0m"finalise.vanishing_construct.start" [3mrss_mb[0m[2m=[0m226 [3mhwm_mb[0m[2m=[0m226
[2m2026-09-15T06:58:33.585196Z[0m [32m INFO[0m [2mmidnight_bench[0m[2m:[0m [3mstage[0m[2m=[0m"finalise.vanishing_construct.end" [3mrss_mb[0m[2m=[0m226 [3mhwm_mb[0m[2m=[0m226
[2m2026-09-15T06:58:33.614446Z[0m [32m INFO[0m [2mmidnight_bench[0m[2m:[0m [3mstage[0m[2m=[0m"finalise.compute_queries.start" [3mrss_mb[0m[2m=[0m226 [3mhwm_mb[0m[2m=[0m226
[2m2026-09-15T06:58:33.614539Z[0m [32m INFO[0m [2mmidnight_bench[0m[2m:[0m [3mstage[0m[2m=[0m"finalise.multi_open.start" [3mrss_mb[0m[2m=[0m226 [3mhwm_mb[0m[2m=[0m226
[2m2026-09-15T06:58:33.714696Z[0m [32m INFO[0m [2mmidnight_bench[0m[2m:[0m [3mstage[0m[2m=[0m"finalise.multi_open.end" [3mrss_mb[0m[2m=[0m226 [3mhwm_mb[0m[2m=[0m226
[2m2026-09-15T06:58:33.715183Z[0m [32m INFO[0m [2mmidnight_bench[0m[2m:[0m [3mstage[0m[2m=[0m"create_proof.finalise_proof.end" [3mrss_mb[0m[2m=[0m212 [3mhwm_mb[0m[2m=[0m225
[2m2026-09-15T06:58:33.732152Z[0m [32m INFO[0m [2mactix_web::middleware::logger[0m[2m:[0m 192.168.65.1 POST /prove HTTP/1.1; took 0.702867s
[2m2026-09-15T06:58:33.733586Z[0m [32m INFO[0m [2mmidnight_proof_server::endpoints[0m[2m:[0m Starting to process request for /prove...
[2m2026-09-15T06:58:33.815609Z[0m [32m INFO[0m [2mmidnight_bench[0m[2m:[0m [3mstage[0m[2m=[0m"create_proof.compute_trace.start" [3mrss_mb[0m[2m=[0m220 [3mhwm_mb[0m[2m=[0m225
[2m2026-09-15T06:58:33.815638Z[0m [32m INFO[0m [2mmidnight_bench[0m[2m:[0m [3mstage[0m[2m=[0m"trace.compute_instances.start" [3mrss_mb[0m[2m=[0m220 [3mhwm_mb[0m[2m=[0m225
[2m2026-09-15T06:58:33.821064Z[0m [32m INFO[0m [2mmidnight_bench[0m[2m:[0m [3mstage[0m[2m=[0m"trace.compute_instances.end" [3mrss_mb[0m[2m=[0m220 [3mhwm_mb[0m[2m=[0m225
[2m2026-09-15T06:58:33.821083Z[0m [32m INFO[0m [2mmidnight_bench[0m[2m:[0m [3mstage[0m[2m=[0m"trace.parse_advices.start" [3mrss_mb[0m[2m=[0m220 [3mhwm_mb[0m[2m=[0m225
[2m2026-09-15T06:58:33.826528Z[0m [32m INFO[0m [2mmidnight_bench[0m[2m:[0m [3mstage[0m[2m=[0m"trace.parse_advices.end" [3mrss_mb[0m[2m=[0m220 [3mhwm_mb[0m[2m=[0m225
[2m2026-09-15T06:58:33.826552Z[0m [32m INFO[0m [2mmidnight_bench[0m[2m:[0m [3mstage[0m[2m=[0m"trace.lookups_permuted.start" [3mrss_mb[0m[2m=[0m220 [3mhwm_mb[0m[2m=[0m225
[2m2026-09-15T06:58:33.876407Z[0m [32m INFO[0m [2mmidnight_bench[0m[2m:[0m [3mstage[0m[2m=[0m"trace.lookups_permuted.end" [3mrss_mb[0m[2m=[0m224 [3mhwm_mb[0m[2m=[0m225
[2m2026-09-15T06:58:33.876434Z[0m [32m INFO[0m [2mmidnight_bench[0m[2m:[0m [3mstage[0m[2m=[0m"trace.permutations_commit.start" [3mrss_mb[0m[2m=[0m224 [3mhwm_mb[0m[2m=[0m225
[2m2026-09-15T06:58:33.961537Z[0m [32m INFO[0m [2mmidnight_bench[0m[2m:[0m [3mstage[0m[2m=[0m"trace.permutations_commit.end" [3mrss_mb[0m[2m=[0m232 [3mhwm_mb[0m[2m=[0m232
[2m2026-09-15T06:58:33.961565Z[0m [32m INFO[0m [2mmidnight_bench[0m[2m:[0m [3mstage[0m[2m=[0m"trace.lookups_product.start" [3mrss_mb[0m[2m=[0m232 [3mhwm_mb[0m[2m=[0m232
[2m2026-09-15T06:58:34.013601Z[0m [32m INFO[0m [2mmidnight_bench[0m[2m:[0m [3mstage[0m[2m=[0m"trace.lookups_product.end" [3mrss_mb[0m[2m=[0m233 [3mhwm_mb[0m[2m=[0m233
[2m2026-09-15T06:58:34.041918Z[0m [32m INFO[0m [2mmidnight_bench[0m[2m:[0m [3mstage[0m[2m=[0m"create_proof.compute_trace.end" [3mrss_mb[0m[2m=[0m233 [3mhwm_mb[0m[2m=[0m233
[2m2026-09-15T06:58:34.041941Z[0m [32m INFO[0m [2mmidnight_bench[0m[2m:[0m [3mstage[0m[2m=[0m"create_proof.finalise_proof.start" [3mrss_mb[0m[2m=[0m233 [3mhwm_mb[0m[2m=[0m233
[2m2026-09-15T06:58:34.041949Z[0m [32m INFO[0m [2mmidnight_bench[0m[2m:[0m [3mstage[0m[2m=[0m"finalise.compute_h_poly.start" [3mrss_mb[0m[2m=[0m233 [3mhwm_mb[0m[2m=[0m233
[2m2026-09-15T06:58:34.057433Z[0m [32m INFO[0m [2mmidnight_bench[0m[2m:[0m [3mstage[0m[2m=[0m"finalise.compute_h_poly.materialise_fixed_cosets.start" [3mrss_mb[0m[2m=[0m233 [3mhwm_mb[0m[2m=[0m233
[2m2026-09-15T06:58:34.085461Z[0m [32m INFO[0m [2mmidnight_bench[0m[2m:[0m [3mstage[0m[2m=[0m"finalise.compute_h_poly.materialise_fixed_cosets.end" [3mrss_mb[0m[2m=[0m233 [3mhwm_mb[0m[2m=[0m233
[2m2026-09-15T06:58:34.085488Z[0m [32m INFO[0m [2mmidnight_bench[0m[2m:[0m [3mstage[0m[2m=[0m"finalise.compute_h_poly.materialise_perm_cosets.start" [3mrss_mb[0m[2m=[0m233 [3mhwm_mb[0m[2m=[0m233
[2m2026-09-15T06:58:34.104488Z[0m [32m INFO[0m [2mmidnight_bench[0m[2m:[0m [3mstage[0m[2m=[0m"finalise.compute_h_poly.materialise_perm_cosets.end" [3mrss_mb[0m[2m=[0m233 [3mhwm_mb[0m[2m=[0m233
[2m2026-09-15T06:58:34.233099Z[0m [32m INFO[0m [2mmidnight_bench[0m[2m:[0m [3mstage[0m[2m=[0m"finalise.compute_h_poly.drop_cosets.end" [3mrss_mb[0m[2m=[0m234 [3mhwm_mb[0m[2m=[0m234
[2m2026-09-15T06:58:34.233133Z[0m [32m INFO[0m [2mmidnight_bench[0m[2m:[0m [3mstage[0m[2m=[0m"finalise.compute_h_poly.end" [3mrss_mb[0m[2m=[0m234 [3mhwm_mb[0m[2m=[0m234
[2m2026-09-15T06:58:34.233140Z[0m [32m INFO[0m [2mmidnight_bench[0m[2m:[0m [3mstage[0m[2m=[0m"finalise.vanishing_construct.start" [3mrss_mb[0m[2m=[0m234 [3mhwm_mb[0m[2m=[0m234
[2m2026-09-15T06:58:34.326179Z[0m [32m INFO[0m [2mmidnight_bench[0m[2m:[0m [3mstage[0m[2m=[0m"finalise.vanishing_construct.end" [3mrss_mb[0m[2m=[0m234 [3mhwm_mb[0m[2m=[0m234
[2m2026-09-15T06:58:34.358843Z[0m [32m INFO[0m [2mmidnight_bench[0m[2m:[0m [3mstage[0m[2m=[0m"finalise.compute_queries.start" [3mrss_mb[0m[2m=[0m234 [3mhwm_mb[0m[2m=[0m234
[2m2026-09-15T06:58:34.358936Z[0m [32m INFO[0m [2mmidnight_bench[0m[2m:[0m [3mstage[0m[2m=[0m"finalise.multi_open.start" [3mrss_mb[0m[2m=[0m234 [3mhwm_mb[0m[2m=[0m234
[2m2026-09-15T06:58:34.450649Z[0m [32m INFO[0m [2mmidnight_bench[0m[2m:[0m [3mstage[0m[2m=[0m"finalise.multi_open.end" [3mrss_mb[0m[2m=[0m234 [3mhwm_mb[0m[2m=[0m234
[2m2026-09-15T06:58:34.451358Z[0m [32m INFO[0m [2mmidnight_bench[0m[2m:[0m [3mstage[0m[2m=[0m"create_proof.finalise_proof.end" [3mrss_mb[0m[2m=[0m219 [3mhwm_mb[0m[2m=[0m233
[2m2026-09-15T06:58:34.467411Z[0m [32m INFO[0m [2mactix_web::middleware::logger[0m[2m:[0m 192.168.65.1 POST /prove HTTP/1.1; took 0.733844s
[2m2026-09-15T06:58:34.469577Z[0m [32m INFO[0m [2mmidnight_proof_server::endpoints[0m[2m:[0m Starting to process request for /prove...
[2m2026-09-15T06:58:34.543204Z[0m [32m INFO[0m [2mmidnight_bench[0m[2m:[0m [3mstage[0m[2m=[0m"create_proof.compute_trace.start" [3mrss_mb[0m[2m=[0m218 [3mhwm_mb[0m[2m=[0m233
[2m2026-09-15T06:58:34.543236Z[0m [32m INFO[0m [2mmidnight_bench[0m[2m:[0m [3mstage[0m[2m=[0m"trace.compute_instances.start" [3mrss_mb[0m[2m=[0m218 [3mhwm_mb[0m[2m=[0m233
[2m2026-09-15T06:58:34.548887Z[0m [32m INFO[0m [2mmidnight_bench[0m[2m:[0m [3mstage[0m[2m=[0m"trace.compute_instances.end" [3mrss_mb[0m[2m=[0m218 [3mhwm_mb[0m[2m=[0m233
[2m2026-09-15T06:58:34.548907Z[0m [32m INFO[0m [2mmidnight_bench[0m[2m:[0m [3mstage[0m[2m=[0m"trace.parse_advices.start" [3mrss_mb[0m[2m=[0m218 [3mhwm_mb[0m[2m=[0m233
[2m2026-09-15T06:58:34.554652Z[0m [32m INFO[0m [2mmidnight_bench[0m[2m:[0m [3mstage[0m[2m=[0m"trace.parse_advices.end" [3mrss_mb[0m[2m=[0m220 [3mhwm_mb[0m[2m=[0m233
[2m2026-09-15T06:58:34.554678Z[0m [32m INFO[0m [2mmidnight_bench[0m[2m:[0m [3mstage[0m[2m=[0m"trace.lookups_permuted.start" [3mrss_mb[0m[2m=[0m220 [3mhwm_mb[0m[2m=[0m233
[2m2026-09-15T06:58:34.599548Z[0m [32m INFO[0m [2mmidnight_bench[0m[2m:[0m [3mstage[0m[2m=[0m"trace.lookups_permuted.end" [3mrss_mb[0m[2m=[0m224 [3mhwm_mb[0m[2m=[0m233
[2m2026-09-15T06:58:34.599579Z[0m [32m INFO[0m [2mmidnight_bench[0m[2m:[0m [3mstage[0m[2m=[0m"trace.permutations_commit.start" [3mrss_mb[0m[2m=[0m224 [3mhwm_mb[0m[2m=[0m233
[2m2026-09-15T06:58:34.670147Z[0m [32m INFO[0m [2mmidnight_bench[0m[2m:[0m [3mstage[0m[2m=[0m"trace.permutations_commit.end" [3mrss_mb[0m[2m=[0m232 [3mhwm_mb[0m[2m=[0m233
[2m2026-09-15T06:58:34.670170Z[0m [32m INFO[0m [2mmidnight_bench[0m[2m:[0m [3mstage[0m[2m=[0m"trace.lookups_product.start" [3mrss_mb[0m[2m=[0m232 [3mhwm_mb[0m[2m=[0m233
[2m2026-09-15T06:58:34.719644Z[0m [32m INFO[0m [2mmidnight_bench[0m[2m:[0m [3mstage[0m[2m=[0m"trace.lookups_product.end" [3mrss_mb[0m[2m=[0m232 [3mhwm_mb[0m[2m=[0m233
[2m2026-09-15T06:58:34.744772Z[0m [32m INFO[0m [2mmidnight_bench[0m[2m:[0m [3mstage[0m[2m=[0m"create_proof.compute_trace.end" [3mrss_mb[0m[2m=[0m232 [3mhwm_mb[0m[2m=[0m233
[2m2026-09-15T06:58:34.744812Z[0m [32m INFO[0m [2mmidnight_bench[0m[2m:[0m [3mstage[0m[2m=[0m"create_proof.finalise_proof.start" [3mrss_mb[0m[2m=[0m232 [3mhwm_mb[0m[2m=[0m233
[2m2026-09-15T06:58:34.744821Z[0m [32m INFO[0m [2mmidnight_bench[0m[2m:[0m [3mstage[0m[2m=[0m"finalise.compute_h_poly.start" [3mrss_mb[0m[2m=[0m232 [3mhwm_mb[0m[2m=[0m233
[2m2026-09-15T06:58:34.759992Z[0m [32m INFO[0m [2mmidnight_bench[0m[2m:[0m [3mstage[0m[2m=[0m"finalise.compute_h_poly.materialise_fixed_cosets.start" [3mrss_mb[0m[2m=[0m232 [3mhwm_mb[0m[2m=[0m233
[2m2026-09-15T06:58:34.791947Z[0m [32m INFO[0m [2mmidnight_bench[0m[2m:[0m [3mstage[0m[2m=[0m"finalise.compute_h_poly.materialise_fixed_cosets.end" [3mrss_mb[0m[2m=[0m235 [3mhwm_mb[0m[2m=[0m235
[2m2026-09-15T06:58:34.791974Z[0m [32m INFO[0m [2mmidnight_bench[0m[2m:[0m [3mstage[0m[2m=[0m"finalise.compute_h_poly.materialise_perm_cosets.start" [3mrss_mb[0m[2m=[0m235 [3mhwm_mb[0m[2m=[0m235
[2m2026-09-15T06:58:34.811811Z[0m [32m INFO[0m [2mmidnight_bench[0m[2m:[0m [3mstage[0m[2m=[0m"finalise.compute_h_poly.materialise_perm_cosets.end" [3mrss_mb[0m[2m=[0m236 [3mhwm_mb[0m[2m=[0m236
[2m2026-09-15T06:58:34.944836Z[0m [32m INFO[0m [2mmidnight_bench[0m[2m:[0m [3mstage[0m[2m=[0m"finalise.compute_h_poly.drop_cosets.end" [3mrss_mb[0m[2m=[0m238 [3mhwm_mb[0m[2m=[0m238
[2m2026-09-15T06:58:34.944867Z[0m [32m INFO[0m [2mmidnight_bench[0m[2m:[0m [3mstage[0m[2m=[0m"finalise.compute_h_poly.end" [3mrss_mb[0m[2m=[0m238 [3mhwm_mb[0m[2m=[0m238
[2m2026-09-15T06:58:34.944875Z[0m [32m INFO[0m [2mmidnight_bench[0m[2m:[0m [3mstage[0m[2m=[0m"finalise.vanishing_construct.start" [3mrss_mb[0m[2m=[0m238 [3mhwm_mb[0m[2m=[0m238
[2m2026-09-15T06:58:35.048805Z[0m [32m INFO[0m [2mmidnight_bench[0m[2m:[0m [3mstage[0m[2m=[0m"finalise.vanishing_construct.end" [3mrss_mb[0m[2m=[0m238 [3mhwm_mb[0m[2m=[0m238
[2m2026-09-15T06:58:35.080038Z[0m [32m INFO[0m [2mmidnight_bench[0m[2m:[0m [3mstage[0m[2m=[0m"finalise.compute_queries.start" [3mrss_mb[0m[2m=[0m238 [3mhwm_mb[0m[2m=[0m238
[2m2026-09-15T06:58:35.080124Z[0m [32m INFO[0m [2mmidnight_bench[0m[2m:[0m [3mstage[0m[2m=[0m"finalise.multi_open.start" [3mrss_mb[0m[2m=[0m238 [3mhwm_mb[0m[2m=[0m238
[2m2026-09-15T06:58:35.178492Z[0m [32m INFO[0m [2mmidnight_bench[0m[2m:[0m [3mstage[0m[2m=[0m"finalise.multi_open.end" [3mrss_mb[0m[2m=[0m238 [3mhwm_mb[0m[2m=[0m238
[2m2026-09-15T06:58:35.179019Z[0m [32m INFO[0m [2mmidnight_bench[0m[2m:[0m [3mstage[0m[2m=[0m"create_proof.finalise_proof.end" [3mrss_mb[0m[2m=[0m224 [3mhwm_mb[0m[2m=[0m237
[2m2026-09-15T06:58:35.195196Z[0m [32m INFO[0m [2mactix_web::middleware::logger[0m[2m:[0m 192.168.65.1 POST /prove HTTP/1.1; took 0.725636s
[2m2026-09-15T06:58:35.196994Z[0m [32m INFO[0m [2mmidnight_proof_server::endpoints[0m[2m:[0m Starting to process request for /prove...
[2m2026-09-15T06:58:35.276625Z[0m [32m INFO[0m [2mmidnight_bench[0m[2m:[0m [3mstage[0m[2m=[0m"create_proof.compute_trace.start" [3mrss_mb[0m[2m=[0m238 [3mhwm_mb[0m[2m=[0m238
[2m2026-09-15T06:58:35.276699Z[0m [32m INFO[0m [2mmidnight_bench[0m[2m:[0m [3mstage[0m[2m=[0m"trace.compute_instances.start" [3mrss_mb[0m[2m=[0m238 [3mhwm_mb[0m[2m=[0m238
[2m2026-09-15T06:58:35.282672Z[0m [32m INFO[0m [2mmidnight_bench[0m[2m:[0m [3mstage[0m[2m=[0m"trace.compute_instances.end" [3mrss_mb[0m[2m=[0m238 [3mhwm_mb[0m[2m=[0m238
[2m2026-09-15T06:58:35.282689Z[0m [32m INFO[0m [2mmidnight_bench[0m[2m:[0m [3mstage[0m[2m=[0m"trace.parse_advices.start" [3mrss_mb[0m[2m=[0m238 [3mhwm_mb[0m[2m=[0m238
[2m2026-09-15T06:58:35.288011Z[0m [32m INFO[0m [2mmidnight_bench[0m[2m:[0m [3mstage[0m[2m=[0m"trace.parse_advices.end" [3mrss_mb[0m[2m=[0m238 [3mhwm_mb[0m[2m=[0m238
[2m2026-09-15T06:58:35.288034Z[0m [32m INFO[0m [2mmidnight_bench[0m[2m:[0m [3mstage[0m[2m=[0m"trace.lookups_permuted.start" [3mrss_mb[0m[2m=[0m238 [3mhwm_mb[0m[2m=[0m238
[2m2026-09-15T06:58:35.333458Z[0m [32m INFO[0m [2mmidnight_bench[0m[2m:[0m [3mstage[0m[2m=[0m"trace.lookups_permuted.end" [3mrss_mb[0m[2m=[0m242 [3mhwm_mb[0m[2m=[0m242
[2m2026-09-15T06:58:35.333494Z[0m [32m INFO[0m [2mmidnight_bench[0m[2m:[0m [3mstage[0m[2m=[0m"trace.permutations_commit.start" [3mrss_mb[0m[2m=[0m242 [3mhwm_mb[0m[2m=[0m242
[2m2026-09-15T06:58:35.403553Z[0m [32m INFO[0m [2mmidnight_bench[0m[2m:[0m [3mstage[0m[2m=[0m"trace.permutations_commit.end" [3mrss_mb[0m[2m=[0m250 [3mhwm_mb[0m[2m=[0m250
[2m2026-09-15T06:58:35.403577Z[0m [32m INFO[0m [2mmidnight_bench[0m[2m:[0m [3mstage[0m[2m=[0m"trace.lookups_product.start" [3mrss_mb[0m[2m=[0m250 [3mhwm_mb[0m[2m=[0m250
[2m2026-09-15T06:58:35.454000Z[0m [32m INFO[0m [2mmidnight_bench[0m[2m:[0m [3mstage[0m[2m=[0m"trace.lookups_product.end" [3mrss_mb[0m[2m=[0m250 [3mhwm_mb[0m[2m=[0m250
[2m2026-09-15T06:58:35.480148Z[0m [32m INFO[0m [2mmidnight_bench[0m[2m:[0m [3mstage[0m[2m=[0m"create_proof.compute_trace.end" [3mrss_mb[0m[2m=[0m250 [3mhwm_mb[0m[2m=[0m250
[2m2026-09-15T06:58:35.480179Z[0m [32m INFO[0m [2mmidnight_bench[0m[2m:[0m [3mstage[0m[2m=[0m"create_proof.finalise_proof.start" [3mrss_mb[0m[2m=[0m250 [3mhwm_mb[0m[2m=[0m250
[2m2026-09-15T06:58:35.480189Z[0m [32m INFO[0m [2mmidnight_bench[0m[2m:[0m [3mstage[0m[2m=[0m"finalise.compute_h_poly.start" [3mrss_mb[0m[2m=[0m250 [3mhwm_mb[0m[2m=[0m250
[2m2026-09-15T06:58:35.498039Z[0m [32m INFO[0m [2mmidnight_bench[0m[2m:[0m [3mstage[0m[2m=[0m"finalise.compute_h_poly.materialise_fixed_cosets.start" [3mrss_mb[0m[2m=[0m250 [3mhwm_mb[0m[2m=[0m250
[2m2026-09-15T06:58:35.531140Z[0m [32m INFO[0m [2mmidnight_bench[0m[2m:[0m [3mstage[0m[2m=[0m"finalise.compute_h_poly.materialise_fixed_cosets.end" [3mrss_mb[0m[2m=[0m250 [3mhwm_mb[0m[2m=[0m250
[2m2026-09-15T06:58:35.531168Z[0m [32m INFO[0m [2mmidnight_bench[0m[2m:[0m [3mstage[0m[2m=[0m"finalise.compute_h_poly.materialise_perm_cosets.start" [3mrss_mb[0m[2m=[0m250 [3mhwm_mb[0m[2m=[0m250
[2m2026-09-15T06:58:35.549002Z[0m [32m INFO[0m [2mmidnight_bench[0m[2m:[0m [3mstage[0m[2m=[0m"finalise.compute_h_poly.materialise_perm_cosets.end" [3mrss_mb[0m[2m=[0m254 [3mhwm_mb[0m[2m=[0m254
[2m2026-09-15T06:58:35.693007Z[0m [32m INFO[0m [2mmidnight_bench[0m[2m:[0m [3mstage[0m[2m=[0m"finalise.compute_h_poly.drop_cosets.end" [3mrss_mb[0m[2m=[0m256 [3mhwm_mb[0m[2m=[0m256
[2m2026-09-15T06:58:35.693040Z[0m [32m INFO[0m [2mmidnight_bench[0m[2m:[0m [3mstage[0m[2m=[0m"finalise.compute_h_poly.end" [3mrss_mb[0m[2m=[0m256 [3mhwm_mb[0m[2m=[0m256
[2m2026-09-15T06:58:35.693048Z[0m [32m INFO[0m [2mmidnight_bench[0m[2m:[0m [3mstage[0m[2m=[0m"finalise.vanishing_construct.start" [3mrss_mb[0m[2m=[0m256 [3mhwm_mb[0m[2m=[0m256
[2m2026-09-15T06:58:35.792898Z[0m [32m INFO[0m [2mmidnight_bench[0m[2m:[0m [3mstage[0m[2m=[0m"finalise.vanishing_construct.end" [3mrss_mb[0m[2m=[0m256 [3mhwm_mb[0m[2m=[0m256
[2m2026-09-15T06:58:35.823726Z[0m [32m INFO[0m [2mmidnight_bench[0m[2m:[0m [3mstage[0m[2m=[0m"finalise.compute_queries.start" [3mrss_mb[0m[2m=[0m256 [3mhwm_mb[0m[2m=[0m256
[2m2026-09-15T06:58:35.823825Z[0m [32m INFO[0m [2mmidnight_bench[0m[2m:[0m [3mstage[0m[2m=[0m"finalise.multi_open.start" [3mrss_mb[0m[2m=[0m256 [3mhwm_mb[0m[2m=[0m256
[2m2026-09-15T06:58:35.929653Z[0m [32m INFO[0m [2mmidnight_bench[0m[2m:[0m [3mstage[0m[2m=[0m"finalise.multi_open.end" [3mrss_mb[0m[2m=[0m256 [3mhwm_mb[0m[2m=[0m256
[2m2026-09-15T06:58:35.930276Z[0m [32m INFO[0m [2mmidnight_bench[0m[2m:[0m [3mstage[0m[2m=[0m"create_proof.finalise_proof.end" [3mrss_mb[0m[2m=[0m242 [3mhwm_mb[0m[2m=[0m255
[2m2026-09-15T06:58:35.946811Z[0m [32m INFO[0m [2mactix_web::middleware::logger[0m[2m:[0m 192.168.65.1 POST /prove HTTP/1.1; took 0.749834s
[2m2026-09-15T06:58:35.948803Z[0m [32m INFO[0m [2mmidnight_proof_server::endpoints[0m[2m:[0m Starting to process request for /prove...
[2m2026-09-15T06:58:36.025015Z[0m [32m INFO[0m [2mmidnight_bench[0m[2m:[0m [3mstage[0m[2m=[0m"create_proof.compute_trace.start" [3mrss_mb[0m[2m=[0m242 [3mhwm_mb[0m[2m=[0m255
[2m2026-09-15T06:58:36.025044Z[0m [32m INFO[0m [2mmidnight_bench[0m[2m:[0m [3mstage[0m[2m=[0m"trace.compute_instances.start" [3mrss_mb[0m[2m=[0m242 [3mhwm_mb[0m[2m=[0m255
[2m2026-09-15T06:58:36.030877Z[0m [32m INFO[0m [2mmidnight_bench[0m[2m:[0m [3mstage[0m[2m=[0m"trace.compute_instances.end" [3mrss_mb[0m[2m=[0m242 [3mhwm_mb[0m[2m=[0m255
[2m2026-09-15T06:58:36.030898Z[0m [32m INFO[0m [2mmidnight_bench[0m[2m:[0m [3mstage[0m[2m=[0m"trace.parse_advices.start" [3mrss_mb[0m[2m=[0m242 [3mhwm_mb[0m[2m=[0m255
[2m2026-09-15T06:58:36.036824Z[0m [32m INFO[0m [2mmidnight_bench[0m[2m:[0m [3mstage[0m[2m=[0m"trace.parse_advices.end" [3mrss_mb[0m[2m=[0m242 [3mhwm_mb[0m[2m=[0m255
[2m2026-09-15T06:58:36.036843Z[0m [32m INFO[0m [2mmidnight_bench[0m[2m:[0m [3mstage[0m[2m=[0m"trace.lookups_permuted.start" [3mrss_mb[0m[2m=[0m242 [3mhwm_mb[0m[2m=[0m255
[2m2026-09-15T06:58:36.089723Z[0m [32m INFO[0m [2mmidnight_bench[0m[2m:[0m [3mstage[0m[2m=[0m"trace.lookups_permuted.end" [3mrss_mb[0m[2m=[0m246 [3mhwm_mb[0m[2m=[0m255
[2m2026-09-15T06:58:36.089749Z[0m [32m INFO[0m [2mmidnight_bench[0m[2m:[0m [3mstage[0m[2m=[0m"trace.permutations_commit.start" [3mrss_mb[0m[2m=[0m246 [3mhwm_mb[0m[2m=[0m255
[2m2026-09-15T06:58:36.166262Z[0m [32m INFO[0m [2mmidnight_bench[0m[2m:[0m [3mstage[0m[2m=[0m"trace.permutations_commit.end" [3mrss_mb[0m[2m=[0m254 [3mhwm_mb[0m[2m=[0m255
[2m2026-09-15T06:58:36.166285Z[0m [32m INFO[0m [2mmidnight_bench[0m[2m:[0m [3mstage[0m[2m=[0m"trace.lookups_product.start" [3mrss_mb[0m[2m=[0m254 [3mhwm_mb[0m[2m=[0m255
[2m2026-09-15T06:58:36.220456Z[0m [32m INFO[0m [2mmidnight_bench[0m[2m:[0m [3mstage[0m[2m=[0m"trace.lookups_product.end" [3mrss_mb[0m[2m=[0m254 [3mhwm_mb[0m[2m=[0m255
[2m2026-09-15T06:58:36.246618Z[0m [32m INFO[0m [2mmidnight_bench[0m[2m:[0m [3mstage[0m[2m=[0m"create_proof.compute_trace.end" [3mrss_mb[0m[2m=[0m254 [3mhwm_mb[0m[2m=[0m255
[2m2026-09-15T06:58:36.246641Z[0m [32m INFO[0m [2mmidnight_bench[0m[2m:[0m [3mstage[0m[2m=[0m"create_proof.finalise_proof.start" [3mrss_mb[0m[2m=[0m254 [3mhwm_mb[0m[2m=[0m255
[2m2026-09-15T06:58:36.246652Z[0m [32m INFO[0m [2mmidnight_bench[0m[2m:[0m [3mstage[0m[2m=[0m"finalise.compute_h_poly.start" [3mrss_mb[0m[2m=[0m254 [3mhwm_mb[0m[2m=[0m255
[2m2026-09-15T06:58:36.266180Z[0m [32m INFO[0m [2mmidnight_bench[0m[2m:[0m [3mstage[0m[2m=[0m"finalise.compute_h_poly.materialise_fixed_cosets.start" [3mrss_mb[0m[2m=[0m254 [3mhwm_mb[0m[2m=[0m255
[2m2026-09-15T06:58:36.295071Z[0m [32m INFO[0m [2mmidnight_bench[0m[2m:[0m [3mstage[0m[2m=[0m"finalise.compute_h_poly.materialise_fixed_cosets.end" [3mrss_mb[0m[2m=[0m255 [3mhwm_mb[0m[2m=[0m255
[2m2026-09-15T06:58:36.295097Z[0m [32m INFO[0m [2mmidnight_bench[0m[2m:[0m [3mstage[0m[2m=[0m"finalise.compute_h_poly.materialise_perm_cosets.start" [3mrss_mb[0m[2m=[0m255 [3mhwm_mb[0m[2m=[0m255
[2m2026-09-15T06:58:36.308367Z[0m [32m INFO[0m [2mmidnight_bench[0m[2m:[0m [3mstage[0m[2m=[0m"finalise.compute_h_poly.materialise_perm_cosets.end" [3mrss_mb[0m[2m=[0m257 [3mhwm_mb[0m[2m=[0m257
[2m2026-09-15T06:58:36.444673Z[0m [32m INFO[0m [2mmidnight_bench[0m[2m:[0m [3mstage[0m[2m=[0m"finalise.compute_h_poly.drop_cosets.end" [3mrss_mb[0m[2m=[0m259 [3mhwm_mb[0m[2m=[0m259
[2m2026-09-15T06:58:36.444704Z[0m [32m INFO[0m [2mmidnight_bench[0m[2m:[0m [3mstage[0m[2m=[0m"finalise.compute_h_poly.end" [3mrss_mb[0m[2m=[0m259 [3mhwm_mb[0m[2m=[0m259
[2m2026-09-15T06:58:36.444712Z[0m [32m INFO[0m [2mmidnight_bench[0m[2m:[0m [3mstage[0m[2m=[0m"finalise.vanishing_construct.start" [3mrss_mb[0m[2m=[0m259 [3mhwm_mb[0m[2m=[0m259
[2m2026-09-15T06:58:36.540395Z[0m [32m INFO[0m [2mmidnight_bench[0m[2m:[0m [3mstage[0m[2m=[0m"finalise.vanishing_construct.end" [3mrss_mb[0m[2m=[0m259 [3mhwm_mb[0m[2m=[0m259
[2m2026-09-15T06:58:36.570093Z[0m [32m INFO[0m [2mmidnight_bench[0m[2m:[0m [3mstage[0m[2m=[0m"finalise.compute_queries.start" [3mrss_mb[0m[2m=[0m259 [3mhwm_mb[0m[2m=[0m259
[2m2026-09-15T06:58:36.570194Z[0m [32m INFO[0m [2mmidnight_bench[0m[2m:[0m [3mstage[0m[2m=[0m"finalise.multi_open.start" [3mrss_mb[0m[2m=[0m259 [3mhwm_mb[0m[2m=[0m259
[2m2026-09-15T06:58:36.666927Z[0m [32m INFO[0m [2mmidnight_bench[0m[2m:[0m [3mstage[0m[2m=[0m"finalise.multi_open.end" [3mrss_mb[0m[2m=[0m259 [3mhwm_mb[0m[2m=[0m259
[2m2026-09-15T06:58:36.667421Z[0m [32m INFO[0m [2mmidnight_bench[0m[2m:[0m [3mstage[0m[2m=[0m"create_proof.finalise_proof.end" [3mrss_mb[0m[2m=[0m245 [3mhwm_mb[0m[2m=[0m258
[2m2026-09-15T06:58:36.683271Z[0m [32m INFO[0m [2mactix_web::middleware::logger[0m[2m:[0m 192.168.65.1 POST /prove HTTP/1.1; took 0.734485s
[2m2026-09-15T06:58:36.685243Z[0m [32m INFO[0m [2mmidnight_proof_server::endpoints[0m[2m:[0m Starting to process request for /prove...
[2m2026-09-15T06:58:36.758662Z[0m [32m INFO[0m [2mmidnight_bench[0m[2m:[0m [3mstage[0m[2m=[0m"create_proof.compute_trace.start" [3mrss_mb[0m[2m=[0m244 [3mhwm_mb[0m[2m=[0m258
[2m2026-09-15T06:58:36.758694Z[0m [32m INFO[0m [2mmidnight_bench[0m[2m:[0m [3mstage[0m[2m=[0m"trace.compute_instances.start" [3mrss_mb[0m[2m=[0m244 [3mhwm_mb[0m[2m=[0m258
[2m2026-09-15T06:58:36.764375Z[0m [32m INFO[0m [2mmidnight_bench[0m[2m:[0m [3mstage[0m[2m=[0m"trace.compute_instances.end" [3mrss_mb[0m[2m=[0m244 [3mhwm_mb[0m[2m=[0m258
[2m2026-09-15T06:58:36.764395Z[0m [32m INFO[0m [2mmidnight_bench[0m[2m:[0m [3mstage[0m[2m=[0m"trace.parse_advices.start" [3mrss_mb[0m[2m=[0m244 [3mhwm_mb[0m[2m=[0m258
[2m2026-09-15T06:58:36.769537Z[0m [32m INFO[0m [2mmidnight_bench[0m[2m:[0m [3mstage[0m[2m=[0m"trace.parse_advices.end" [3mrss_mb[0m[2m=[0m244 [3mhwm_mb[0m[2m=[0m258
[2m2026-09-15T06:58:36.769563Z[0m [32m INFO[0m [2mmidnight_bench[0m[2m:[0m [3mstage[0m[2m=[0m"trace.lookups_permuted.start" [3mrss_mb[0m[2m=[0m244 [3mhwm_mb[0m[2m=[0m258
[2m2026-09-15T06:58:36.820546Z[0m [32m INFO[0m [2mmidnight_bench[0m[2m:[0m [3mstage[0m[2m=[0m"trace.lookups_permuted.end" [3mrss_mb[0m[2m=[0m248 [3mhwm_mb[0m[2m=[0m258
[2m2026-09-15T06:58:36.820573Z[0m [32m INFO[0m [2mmidnight_bench[0m[2m:[0m [3mstage[0m[2m=[0m"trace.permutations_commit.start" [3mrss_mb[0m[2m=[0m248 [3mhwm_mb[0m[2m=[0m258
[2m2026-09-15T06:58:36.900859Z[0m [32m INFO[0m [2mmidnight_bench[0m[2m:[0m [3mstage[0m[2m=[0m"trace.permutations_commit.end" [3mrss_mb[0m[2m=[0m256 [3mhwm_mb[0m[2m=[0m258
[2m2026-09-15T06:58:36.900885Z[0m [32m INFO[0m [2mmidnight_bench[0m[2m:[0m [3mstage[0m[2m=[0m"trace.lookups_product.start" [3mrss_mb[0m[2m=[0m256 [3mhwm_mb[0m[2m=[0m258
[2m2026-09-15T06:58:36.956520Z[0m [32m INFO[0m [2mmidnight_bench[0m[2m:[0m [3mstage[0m[2m=[0m"trace.lookups_product.end" [3mrss_mb[0m[2m=[0m256 [3mhwm_mb[0m[2m=[0m258
[2m2026-09-15T06:58:36.984706Z[0m [32m INFO[0m [2mmidnight_bench[0m[2m:[0m [3mstage[0m[2m=[0m"create_proof.compute_trace.end" [3mrss_mb[0m[2m=[0m256 [3mhwm_mb[0m[2m=[0m258
[2m2026-09-15T06:58:36.984732Z[0m [32m INFO[0m [2mmidnight_bench[0m[2m:[0m [3mstage[0m[2m=[0m"create_proof.finalise_proof.start" [3mrss_mb[0m[2m=[0m256 [3mhwm_mb[0m[2m=[0m258
[2m2026-09-15T06:58:36.984740Z[0m [32m INFO[0m [2mmidnight_bench[0m[2m:[0m [3mstage[0m[2m=[0m"finalise.compute_h_poly.start" [3mrss_mb[0m[2m=[0m256 [3mhwm_mb[0m[2m=[0m258
[2m2026-09-15T06:58:37.003245Z[0m [32m INFO[0m [2mmidnight_bench[0m[2m:[0m [3mstage[0m[2m=[0m"finalise.compute_h_poly.materialise_fixed_cosets.start" [3mrss_mb[0m[2m=[0m256 [3mhwm_mb[0m[2m=[0m258
[2m2026-09-15T06:58:37.033908Z[0m [32m INFO[0m [2mmidnight_bench[0m[2m:[0m [3mstage[0m[2m=[0m"finalise.compute_h_poly.materialise_fixed_cosets.end" [3mrss_mb[0m[2m=[0m259 [3mhwm_mb[0m[2m=[0m259
[2m2026-09-15T06:58:37.033935Z[0m [32m INFO[0m [2mmidnight_bench[0m[2m:[0m [3mstage[0m[2m=[0m"finalise.compute_h_poly.materialise_perm_cosets.start" [3mrss_mb[0m[2m=[0m259 [3mhwm_mb[0m[2m=[0m259
[2m2026-09-15T06:58:37.047182Z[0m [32m INFO[0m [2mmidnight_bench[0m[2m:[0m [3mstage[0m[2m=[0m"finalise.compute_h_poly.materialise_perm_cosets.end" [3mrss_mb[0m[2m=[0m259 [3mhwm_mb[0m[2m=[0m259
[2m2026-09-15T06:58:37.175983Z[0m [32m INFO[0m [2mmidnight_bench[0m[2m:[0m [3mstage[0m[2m=[0m"finalise.compute_h_poly.drop_cosets.end" [3mrss_mb[0m[2m=[0m261 [3mhwm_mb[0m[2m=[0m261
[2m2026-09-15T06:58:37.176015Z[0m [32m INFO[0m [2mmidnight_bench[0m[2m:[0m [3mstage[0m[2m=[0m"finalise.compute_h_poly.end" [3mrss_mb[0m[2m=[0m261 [3mhwm_mb[0m[2m=[0m261
[2m2026-09-15T06:58:37.176024Z[0m [32m INFO[0m [2mmidnight_bench[0m[2m:[0m [3mstage[0m[2m=[0m"finalise.vanishing_construct.start" [3mrss_mb[0m[2m=[0m261 [3mhwm_mb[0m[2m=[0m261
[2m2026-09-15T06:58:37.268307Z[0m [32m INFO[0m [2mmidnight_bench[0m[2m:[0m [3mstage[0m[2m=[0m"finalise.vanishing_construct.end" [3mrss_mb[0m[2m=[0m261 [3mhwm_mb[0m[2m=[0m261
[2m2026-09-15T06:58:37.311346Z[0m [32m INFO[0m [2mmidnight_bench[0m[2m:[0m [3mstage[0m[2m=[0m"finalise.compute_queries.start" [3mrss_mb[0m[2m=[0m261 [3mhwm_mb[0m[2m=[0m261
[2m2026-09-15T06:58:37.311443Z[0m [32m INFO[0m [2mmidnight_bench[0m[2m:[0m [3mstage[0m[2m=[0m"finalise.multi_open.start" [3mrss_mb[0m[2m=[0m261 [3mhwm_mb[0m[2m=[0m261
[2m2026-09-15T06:58:37.407396Z[0m [32m INFO[0m [2mmidnight_bench[0m[2m:[0m [3mstage[0m[2m=[0m"finalise.multi_open.end" [3mrss_mb[0m[2m=[0m261 [3mhwm_mb[0m[2m=[0m261
[2m2026-09-15T06:58:37.407863Z[0m [32m INFO[0m [2mmidnight_bench[0m[2m:[0m [3mstage[0m[2m=[0m"create_proof.finalise_proof.end" [3mrss_mb[0m[2m=[0m247 [3mhwm_mb[0m[2m=[0m260
[2m2026-09-15T06:58:37.423869Z[0m [32m INFO[0m [2mactix_web::middleware::logger[0m[2m:[0m 192.168.65.1 POST /prove HTTP/1.1; took 0.738644s
[2m2026-09-15T06:58:37.425770Z[0m [32m INFO[0m [2mmidnight_proof_server::endpoints[0m[2m:[0m Starting to process request for /prove...
[2m2026-09-15T06:58:37.499597Z[0m [32m INFO[0m [2mmidnight_bench[0m[2m:[0m [3mstage[0m[2m=[0m"create_proof.compute_trace.start" [3mrss_mb[0m[2m=[0m259 [3mhwm_mb[0m[2m=[0m260
[2m2026-09-15T06:58:37.499631Z[0m [32m INFO[0m [2mmidnight_bench[0m[2m:[0m [3mstage[0m[2m=[0m"trace.compute_instances.start" [3mrss_mb[0m[2m=[0m259 [3mhwm_mb[0m[2m=[0m260
[2m2026-09-15T06:58:37.505373Z[0m [32m INFO[0m [2mmidnight_bench[0m[2m:[0m [3mstage[0m[2m=[0m"trace.compute_instances.end" [3mrss_mb[0m[2m=[0m259 [3mhwm_mb[0m[2m=[0m260
[2m2026-09-15T06:58:37.505392Z[0m [32m INFO[0m [2mmidnight_bench[0m[2m:[0m [3mstage[0m[2m=[0m"trace.parse_advices.start" [3mrss_mb[0m[2m=[0m259 [3mhwm_mb[0m[2m=[0m260
[2m2026-09-15T06:58:37.510703Z[0m [32m INFO[0m [2mmidnight_bench[0m[2m:[0m [3mstage[0m[2m=[0m"trace.parse_advices.end" [3mrss_mb[0m[2m=[0m259 [3mhwm_mb[0m[2m=[0m260
[2m2026-09-15T06:58:37.510728Z[0m [32m INFO[0m [2mmidnight_bench[0m[2m:[0m [3mstage[0m[2m=[0m"trace.lookups_permuted.start" [3mrss_mb[0m[2m=[0m259 [3mhwm_mb[0m[2m=[0m260
[2m2026-09-15T06:58:37.564538Z[0m [32m INFO[0m [2mmidnight_bench[0m[2m:[0m [3mstage[0m[2m=[0m"trace.lookups_permuted.end" [3mrss_mb[0m[2m=[0m263 [3mhwm_mb[0m[2m=[0m263
[2m2026-09-15T06:58:37.564567Z[0m [32m INFO[0m [2mmidnight_bench[0m[2m:[0m [3mstage[0m[2m=[0m"trace.permutations_commit.start" [3mrss_mb[0m[2m=[0m263 [3mhwm_mb[0m[2m=[0m263
[2m2026-09-15T06:58:37.646756Z[0m [32m INFO[0m [2mmidnight_bench[0m[2m:[0m [3mstage[0m[2m=[0m"trace.permutations_commit.end" [3mrss_mb[0m[2m=[0m271 [3mhwm_mb[0m[2m=[0m271
[2m2026-09-15T06:58:37.646793Z[0m [32m INFO[0m [2mmidnight_bench[0m[2m:[0m [3mstage[0m[2m=[0m"trace.lookups_product.start" [3mrss_mb[0m[2m=[0m271 [3mhwm_mb[0m[2m=[0m271
[2m2026-09-15T06:58:37.711607Z[0m [32m INFO[0m [2mmidnight_bench[0m[2m:[0m [3mstage[0m[2m=[0m"trace.lookups_product.end" [3mrss_mb[0m[2m=[0m271 [3mhwm_mb[0m[2m=[0m271
[2m2026-09-15T06:58:37.760399Z[0m [32m INFO[0m [2mmidnight_bench[0m[2m:[0m [3mstage[0m[2m=[0m"create_proof.compute_trace.end" [3mrss_mb[0m[2m=[0m271 [3mhwm_mb[0m[2m=[0m271
[2m2026-09-15T06:58:37.760437Z[0m [32m INFO[0m [2mmidnight_bench[0m[2m:[0m [3mstage[0m[2m=[0m"create_proof.finalise_proof.start" [3mrss_mb[0m[2m=[0m271 [3mhwm_mb[0m[2m=[0m271
[2m2026-09-15T06:58:37.760446Z[0m [32m INFO[0m [2mmidnight_bench[0m[2m:[0m [3mstage[0m[2m=[0m"finalise.compute_h_poly.start" [3mrss_mb[0m[2m=[0m271 [3mhwm_mb[0m[2m=[0m271
[2m2026-09-15T06:58:37.789681Z[0m [32m INFO[0m [2mmidnight_bench[0m[2m:[0m [3mstage[0m[2m=[0m"finalise.compute_h_poly.materialise_fixed_cosets.start" [3mrss_mb[0m[2m=[0m271 [3mhwm_mb[0m[2m=[0m271
[2m2026-09-15T06:58:37.829730Z[0m [32m INFO[0m [2mmidnight_bench[0m[2m:[0m [3mstage[0m[2m=[0m"finalise.compute_h_poly.materialise_fixed_cosets.end" [3mrss_mb[0m[2m=[0m271 [3mhwm_mb[0m[2m=[0m271
[2m2026-09-15T06:58:37.829759Z[0m [32m INFO[0m [2mmidnight_bench[0m[2m:[0m [3mstage[0m[2m=[0m"finalise.compute_h_poly.materialise_perm_cosets.start" [3mrss_mb[0m[2m=[0m271 [3mhwm_mb[0m[2m=[0m271
[2m2026-09-15T06:58:37.850850Z[0m [32m INFO[0m [2mmidnight_bench[0m[2m:[0m [3mstage[0m[2m=[0m"finalise.compute_h_poly.materialise_perm_cosets.end" [3mrss_mb[0m[2m=[0m272 [3mhwm_mb[0m[2m=[0m272
[2m2026-09-15T06:58:38.045065Z[0m [32m INFO[0m [2mmidnight_bench[0m[2m:[0m [3mstage[0m[2m=[0m"finalise.compute_h_poly.drop_cosets.end" [3mrss_mb[0m[2m=[0m273 [3mhwm_mb[0m[2m=[0m273
[2m2026-09-15T06:58:38.045096Z[0m [32m INFO[0m [2mmidnight_bench[0m[2m:[0m [3mstage[0m[2m=[0m"finalise.compute_h_poly.end" [3mrss_mb[0m[2m=[0m273 [3mhwm_mb[0m[2m=[0m273
[2m2026-09-15T06:58:38.045104Z[0m [32m INFO[0m [2mmidnight_bench[0m[2m:[0m [3mstage[0m[2m=[0m"finalise.vanishing_construct.start" [3mrss_mb[0m[2m=[0m273 [3mhwm_mb[0m[2m=[0m273
[2m2026-09-15T06:58:38.144630Z[0m [32m INFO[0m [2mmidnight_bench[0m[2m:[0m [3mstage[0m[2m=[0m"finalise.vanishing_construct.end" [3mrss_mb[0m[2m=[0m274 [3mhwm_mb[0m[2m=[0m274
[2m2026-09-15T06:58:38.175786Z[0m [32m INFO[0m [2mmidnight_bench[0m[2m:[0m [3mstage[0m[2m=[0m"finalise.compute_queries.start" [3mrss_mb[0m[2m=[0m274 [3mhwm_mb[0m[2m=[0m274
[2m2026-09-15T06:58:38.175875Z[0m [32m INFO[0m [2mmidnight_bench[0m[2m:[0m [3mstage[0m[2m=[0m"finalise.multi_open.start" [3mrss_mb[0m[2m=[0m274 [3mhwm_mb[0m[2m=[0m274
[2m2026-09-15T06:58:38.276532Z[0m [32m INFO[0m [2mmidnight_bench[0m[2m:[0m [3mstage[0m[2m=[0m"finalise.multi_open.end" [3mrss_mb[0m[2m=[0m274 [3mhwm_mb[0m[2m=[0m274
[2m2026-09-15T06:58:38.277069Z[0m [32m INFO[0m [2mmidnight_bench[0m[2m:[0m [3mstage[0m[2m=[0m"create_proof.finalise_proof.end" [3mrss_mb[0m[2m=[0m260 [3mhwm_mb[0m[2m=[0m273
[2m2026-09-15T06:58:38.293468Z[0m [32m INFO[0m [2mactix_web::middleware::logger[0m[2m:[0m 192.168.65.1 POST /prove HTTP/1.1; took 0.867716s
[2m2026-09-15T06:58:38.295962Z[0m [32m INFO[0m [2mmidnight_proof_server::endpoints[0m[2m:[0m Starting to process request for /prove...
[2m2026-09-15T06:58:38.368972Z[0m [32m INFO[0m [2mmidnight_bench[0m[2m:[0m [3mstage[0m[2m=[0m"create_proof.compute_trace.start" [3mrss_mb[0m[2m=[0m273 [3mhwm_mb[0m[2m=[0m273
[2m2026-09-15T06:58:38.369004Z[0m [32m INFO[0m [2mmidnight_bench[0m[2m:[0m [3mstage[0m[2m=[0m"trace.compute_instances.start" [3mrss_mb[0m[2m=[0m273 [3mhwm_mb[0m[2m=[0m273
[2m2026-09-15T06:58:38.375899Z[0m [32m INFO[0m [2mmidnight_bench[0m[2m:[0m [3mstage[0m[2m=[0m"trace.compute_instances.end" [3mrss_mb[0m[2m=[0m273 [3mhwm_mb[0m[2m=[0m273
[2m2026-09-15T06:58:38.375922Z[0m [32m INFO[0m [2mmidnight_bench[0m[2m:[0m [3mstage[0m[2m=[0m"trace.parse_advices.start" [3mrss_mb[0m[2m=[0m273 [3mhwm_mb[0m[2m=[0m273
[2m2026-09-15T06:58:38.381206Z[0m [32m INFO[0m [2mmidnight_bench[0m[2m:[0m [3mstage[0m[2m=[0m"trace.parse_advices.end" [3mrss_mb[0m[2m=[0m273 [3mhwm_mb[0m[2m=[0m273
[2m2026-09-15T06:58:38.381231Z[0m [32m INFO[0m [2mmidnight_bench[0m[2m:[0m [3mstage[0m[2m=[0m"trace.lookups_permuted.start" [3mrss_mb[0m[2m=[0m273 [3mhwm_mb[0m[2m=[0m273
[2m2026-09-15T06:58:38.431157Z[0m [32m INFO[0m [2mmidnight_bench[0m[2m:[0m [3mstage[0m[2m=[0m"trace.lookups_permuted.end" [3mrss_mb[0m[2m=[0m277 [3mhwm_mb[0m[2m=[0m277
[2m2026-09-15T06:58:38.431193Z[0m [32m INFO[0m [2mmidnight_bench[0m[2m:[0m [3mstage[0m[2m=[0m"trace.permutations_commit.start" [3mrss_mb[0m[2m=[0m277 [3mhwm_mb[0m[2m=[0m277
[2m2026-09-15T06:58:38.505294Z[0m [32m INFO[0m [2mmidnight_bench[0m[2m:[0m [3mstage[0m[2m=[0m"trace.permutations_commit.end" [3mrss_mb[0m[2m=[0m285 [3mhwm_mb[0m[2m=[0m285
[2m2026-09-15T06:58:38.505325Z[0m [32m INFO[0m [2mmidnight_bench[0m[2m:[0m [3mstage[0m[2m=[0m"trace.lookups_product.start" [3mrss_mb[0m[2m=[0m285 [3mhwm_mb[0m[2m=[0m285
[2m2026-09-15T06:58:38.560410Z[0m [32m INFO[0m [2mmidnight_bench[0m[2m:[0m [3mstage[0m[2m=[0m"trace.lookups_product.end" [3mrss_mb[0m[2m=[0m285 [3mhwm_mb[0m[2m=[0m285
[2m2026-09-15T06:58:38.589584Z[0m [32m INFO[0m [2mmidnight_bench[0m[2m:[0m [3mstage[0m[2m=[0m"create_proof.compute_trace.end" [3mrss_mb[0m[2m=[0m285 [3mhwm_mb[0m[2m=[0m285
[2m2026-09-15T06:58:38.589609Z[0m [32m INFO[0m [2mmidnight_bench[0m[2m:[0m [3mstage[0m[2m=[0m"create_proof.finalise_proof.start" [3mrss_mb[0m[2m=[0m285 [3mhwm_mb[0m[2m=[0m285
[2m2026-09-15T06:58:38.589617Z[0m [32m INFO[0m [2mmidnight_bench[0m[2m:[0m [3mstage[0m[2m=[0m"finalise.compute_h_poly.start" [3mrss_mb[0m[2m=[0m285 [3mhwm_mb[0m[2m=[0m285
[2m2026-09-15T06:58:38.607255Z[0m [32m INFO[0m [2mmidnight_bench[0m[2m:[0m [3mstage[0m[2m=[0m"finalise.compute_h_poly.materialise_fixed_cosets.start" [3mrss_mb[0m[2m=[0m285 [3mhwm_mb[0m[2m=[0m285
[2m2026-09-15T06:58:38.637098Z[0m [32m INFO[0m [2mmidnight_bench[0m[2m:[0m [3mstage[0m[2m=[0m"finalise.compute_h_poly.materialise_fixed_cosets.end" [3mrss_mb[0m[2m=[0m285 [3mhwm_mb[0m[2m=[0m285
[2m2026-09-15T06:58:38.637125Z[0m [32m INFO[0m [2mmidnight_bench[0m[2m:[0m [3mstage[0m[2m=[0m"finalise.compute_h_poly.materialise_perm_cosets.start" [3mrss_mb[0m[2m=[0m285 [3mhwm_mb[0m[2m=[0m285
[2m2026-09-15T06:58:38.651993Z[0m [32m INFO[0m [2mmidnight_bench[0m[2m:[0m [3mstage[0m[2m=[0m"finalise.compute_h_poly.materialise_perm_cosets.end" [3mrss_mb[0m[2m=[0m285 [3mhwm_mb[0m[2m=[0m285
[2m2026-09-15T06:58:38.780909Z[0m [32m INFO[0m [2mmidnight_bench[0m[2m:[0m [3mstage[0m[2m=[0m"finalise.compute_h_poly.drop_cosets.end" [3mrss_mb[0m[2m=[0m287 [3mhwm_mb[0m[2m=[0m287
[2m2026-09-15T06:58:38.780941Z[0m [32m INFO[0m [2mmidnight_bench[0m[2m:[0m [3mstage[0m[2m=[0m"finalise.compute_h_poly.end" [3mrss_mb[0m[2m=[0m287 [3mhwm_mb[0m[2m=[0m287
[2m2026-09-15T06:58:38.780948Z[0m [32m INFO[0m [2mmidnight_bench[0m[2m:[0m [3mstage[0m[2m=[0m"finalise.vanishing_construct.start" [3mrss_mb[0m[2m=[0m287 [3mhwm_mb[0m[2m=[0m287
[2m2026-09-15T06:58:38.872387Z[0m [32m INFO[0m [2mmidnight_bench[0m[2m:[0m [3mstage[0m[2m=[0m"finalise.vanishing_construct.end" [3mrss_mb[0m[2m=[0m287 [3mhwm_mb[0m[2m=[0m287
[2m2026-09-15T06:58:38.902528Z[0m [32m INFO[0m [2mmidnight_bench[0m[2m:[0m [3mstage[0m[2m=[0m"finalise.compute_queries.start" [3mrss_mb[0m[2m=[0m287 [3mhwm_mb[0m[2m=[0m287
[2m2026-09-15T06:58:38.902616Z[0m [32m INFO[0m [2mmidnight_bench[0m[2m:[0m [3mstage[0m[2m=[0m"finalise.multi_open.start" [3mrss_mb[0m[2m=[0m287 [3mhwm_mb[0m[2m=[0m287
[2m2026-09-15T06:58:39.012204Z[0m [32m INFO[0m [2mmidnight_bench[0m[2m:[0m [3mstage[0m[2m=[0m"finalise.multi_open.end" [3mrss_mb[0m[2m=[0m287 [3mhwm_mb[0m[2m=[0m287
[2m2026-09-15T06:58:39.012852Z[0m [32m INFO[0m [2mmidnight_bench[0m[2m:[0m [3mstage[0m[2m=[0m"create_proof.finalise_proof.end" [3mrss_mb[0m[2m=[0m273 [3mhwm_mb[0m[2m=[0m286
[2m2026-09-15T06:58:39.029966Z[0m [32m INFO[0m [2mactix_web::middleware::logger[0m[2m:[0m 192.168.65.1 POST /prove HTTP/1.1; took 0.734022s
[2m2026-09-15T06:58:39.032886Z[0m [32m INFO[0m [2mmidnight_proof_server::endpoints[0m[2m:[0m Starting to process request for /prove...
[2m2026-09-15T06:58:39.113254Z[0m [32m INFO[0m [2mmidnight_bench[0m[2m:[0m [3mstage[0m[2m=[0m"create_proof.compute_trace.start" [3mrss_mb[0m[2m=[0m272 [3mhwm_mb[0m[2m=[0m286
[2m2026-09-15T06:58:39.113291Z[0m [32m INFO[0m [2mmidnight_bench[0m[2m:[0m [3mstage[0m[2m=[0m"trace.compute_instances.start" [3mrss_mb[0m[2m=[0m272 [3mhwm_mb[0m[2m=[0m286
[2m2026-09-15T06:58:39.118572Z[0m [32m INFO[0m [2mmidnight_bench[0m[2m:[0m [3mstage[0m[2m=[0m"trace.compute_instances.end" [3mrss_mb[0m[2m=[0m272 [3mhwm_mb[0m[2m=[0m286
[2m2026-09-15T06:58:39.118593Z[0m [32m INFO[0m [2mmidnight_bench[0m[2m:[0m [3mstage[0m[2m=[0m"trace.parse_advices.start" [3mrss_mb[0m[2m=[0m272 [3mhwm_mb[0m[2m=[0m286
[2m2026-09-15T06:58:39.123661Z[0m [32m INFO[0m [2mmidnight_bench[0m[2m:[0m [3mstage[0m[2m=[0m"trace.parse_advices.end" [3mrss_mb[0m[2m=[0m272 [3mhwm_mb[0m[2m=[0m286
[2m2026-09-15T06:58:39.123686Z[0m [32m INFO[0m [2mmidnight_bench[0m[2m:[0m [3mstage[0m[2m=[0m"trace.lookups_permuted.start" [3mrss_mb[0m[2m=[0m272 [3mhwm_mb[0m[2m=[0m286
[2m2026-09-15T06:58:39.170856Z[0m [32m INFO[0m [2mmidnight_bench[0m[2m:[0m [3mstage[0m[2m=[0m"trace.lookups_permuted.end" [3mrss_mb[0m[2m=[0m277 [3mhwm_mb[0m[2m=[0m286
[2m2026-09-15T06:58:39.170891Z[0m [32m INFO[0m [2mmidnight_bench[0m[2m:[0m [3mstage[0m[2m=[0m"trace.permutations_commit.start" [3mrss_mb[0m[2m=[0m277 [3mhwm_mb[0m[2m=[0m286
[2m2026-09-15T06:58:39.241982Z[0m [32m INFO[0m [2mmidnight_bench[0m[2m:[0m [3mstage[0m[2m=[0m"trace.permutations_commit.end" [3mrss_mb[0m[2m=[0m284 [3mhwm_mb[0m[2m=[0m286
[2m2026-09-15T06:58:39.242011Z[0m [32m INFO[0m [2mmidnight_bench[0m[2m:[0m [3mstage[0m[2m=[0m"trace.lookups_product.start" [3mrss_mb[0m[2m=[0m284 [3mhwm_mb[0m[2m=[0m286
[2m2026-09-15T06:58:39.294962Z[0m [32m INFO[0m [2mmidnight_bench[0m[2m:[0m [3mstage[0m[2m=[0m"trace.lookups_product.end" [3mrss_mb[0m[2m=[0m285 [3mhwm_mb[0m[2m=[0m286
[2m2026-09-15T06:58:39.321334Z[0m [32m INFO[0m [2mmidnight_bench[0m[2m:[0m [3mstage[0m[2m=[0m"create_proof.compute_trace.end" [3mrss_mb[0m[2m=[0m285 [3mhwm_mb[0m[2m=[0m286
[2m2026-09-15T06:58:39.321355Z[0m [32m INFO[0m [2mmidnight_bench[0m[2m:[0m [3mstage[0m[2m=[0m"create_proof.finalise_proof.start" [3mrss_mb[0m[2m=[0m285 [3mhwm_mb[0m[2m=[0m286
[2m2026-09-15T06:58:39.321363Z[0m [32m INFO[0m [2mmidnight_bench[0m[2m:[0m [3mstage[0m[2m=[0m"finalise.compute_h_poly.start" [3mrss_mb[0m[2m=[0m285 [3mhwm_mb[0m[2m=[0m286
[2m2026-09-15T06:58:39.339322Z[0m [32m INFO[0m [2mmidnight_bench[0m[2m:[0m [3mstage[0m[2m=[0m"finalise.compute_h_poly.materialise_fixed_cosets.start" [3mrss_mb[0m[2m=[0m285 [3mhwm_mb[0m[2m=[0m286
[2m2026-09-15T06:58:39.369069Z[0m [32m INFO[0m [2mmidnight_bench[0m[2m:[0m [3mstage[0m[2m=[0m"finalise.compute_h_poly.materialise_fixed_cosets.end" [3mrss_mb[0m[2m=[0m285 [3mhwm_mb[0m[2m=[0m286
[2m2026-09-15T06:58:39.369099Z[0m [32m INFO[0m [2mmidnight_bench[0m[2m:[0m [3mstage[0m[2m=[0m"finalise.compute_h_poly.materialise_perm_cosets.start" [3mrss_mb[0m[2m=[0m285 [3mhwm_mb[0m[2m=[0m286
[2m2026-09-15T06:58:39.382864Z[0m [32m INFO[0m [2mmidnight_bench[0m[2m:[0m [3mstage[0m[2m=[0m"finalise.compute_h_poly.materialise_perm_cosets.end" [3mrss_mb[0m[2m=[0m285 [3mhwm_mb[0m[2m=[0m286
[2m2026-09-15T06:58:39.518985Z[0m [32m INFO[0m [2mmidnight_bench[0m[2m:[0m [3mstage[0m[2m=[0m"finalise.compute_h_poly.drop_cosets.end" [3mrss_mb[0m[2m=[0m286 [3mhwm_mb[0m[2m=[0m286
[2m2026-09-15T06:58:39.519025Z[0m [32m INFO[0m [2mmidnight_bench[0m[2m:[0m [3mstage[0m[2m=[0m"finalise.compute_h_poly.end" [3mrss_mb[0m[2m=[0m286 [3mhwm_mb[0m[2m=[0m286
[2m2026-09-15T06:58:39.519033Z[0m [32m INFO[0m [2mmidnight_bench[0m[2m:[0m [3mstage[0m[2m=[0m"finalise.vanishing_construct.start" [3mrss_mb[0m[2m=[0m286 [3mhwm_mb[0m[2m=[0m286
[2m2026-09-15T06:58:39.621665Z[0m [32m INFO[0m [2mmidnight_bench[0m[2m:[0m [3mstage[0m[2m=[0m"finalise.vanishing_construct.end" [3mrss_mb[0m[2m=[0m286 [3mhwm_mb[0m[2m=[0m286
[2m2026-09-15T06:58:39.651907Z[0m [32m INFO[0m [2mmidnight_bench[0m[2m:[0m [3mstage[0m[2m=[0m"finalise.compute_queries.start" [3mrss_mb[0m[2m=[0m286 [3mhwm_mb[0m[2m=[0m286
[2m2026-09-15T06:58:39.651998Z[0m [32m INFO[0m [2mmidnight_bench[0m[2m:[0m [3mstage[0m[2m=[0m"finalise.multi_open.start" [3mrss_mb[0m[2m=[0m286 [3mhwm_mb[0m[2m=[0m286
[2m2026-09-15T06:58:39.743705Z[0m [32m INFO[0m [2mmidnight_bench[0m[2m:[0m [3mstage[0m[2m=[0m"finalise.multi_open.end" [3mrss_mb[0m[2m=[0m287 [3mhwm_mb[0m[2m=[0m287
[2m2026-09-15T06:58:39.744419Z[0m [32m INFO[0m [2mmidnight_bench[0m[2m:[0m [3mstage[0m[2m=[0m"create_proof.finalise_proof.end" [3mrss_mb[0m[2m=[0m272 [3mhwm_mb[0m[2m=[0m286
[2m2026-09-15T06:58:39.761246Z[0m [32m INFO[0m [2mactix_web::middleware::logger[0m[2m:[0m 192.168.65.1 POST /prove HTTP/1.1; took 0.728385s
[2m2026-09-15T06:58:39.763080Z[0m [32m INFO[0m [2mmidnight_proof_server::endpoints[0m[2m:[0m Starting to process request for /prove...
[2m2026-09-15T06:58:39.834407Z[0m [32m INFO[0m [2mmidnight_bench[0m[2m:[0m [3mstage[0m[2m=[0m"create_proof.compute_trace.start" [3mrss_mb[0m[2m=[0m263 [3mhwm_mb[0m[2m=[0m286
[2m2026-09-15T06:58:39.834435Z[0m [32m INFO[0m [2mmidnight_bench[0m[2m:[0m [3mstage[0m[2m=[0m"trace.compute_instances.start" [3mrss_mb[0m[2m=[0m263 [3mhwm_mb[0m[2m=[0m286
[2m2026-09-15T06:58:39.839394Z[0m [32m INFO[0m [2mmidnight_bench[0m[2m:[0m [3mstage[0m[2m=[0m"trace.compute_instances.end" [3mrss_mb[0m[2m=[0m263 [3mhwm_mb[0m[2m=[0m286
[2m2026-09-15T06:58:39.839415Z[0m [32m INFO[0m [2mmidnight_bench[0m[2m:[0m [3mstage[0m[2m=[0m"trace.parse_advices.start" [3mrss_mb[0m[2m=[0m263 [3mhwm_mb[0m[2m=[0m286
[2m2026-09-15T06:58:39.844913Z[0m [32m INFO[0m [2mmidnight_bench[0m[2m:[0m [3mstage[0m[2m=[0m"trace.parse_advices.end" [3mrss_mb[0m[2m=[0m263 [3mhwm_mb[0m[2m=[0m286
[2m2026-09-15T06:58:39.844935Z[0m [32m INFO[0m [2mmidnight_bench[0m[2m:[0m [3mstage[0m[2m=[0m"trace.lookups_permuted.start" [3mrss_mb[0m[2m=[0m263 [3mhwm_mb[0m[2m=[0m286
[2m2026-09-15T06:58:39.891970Z[0m [32m INFO[0m [2mmidnight_bench[0m[2m:[0m [3mstage[0m[2m=[0m"trace.lookups_permuted.end" [3mrss_mb[0m[2m=[0m267 [3mhwm_mb[0m[2m=[0m286
[2m2026-09-15T06:58:39.891998Z[0m [32m INFO[0m [2mmidnight_bench[0m[2m:[0m [3mstage[0m[2m=[0m"trace.permutations_commit.start" [3mrss_mb[0m[2m=[0m267 [3mhwm_mb[0m[2m=[0m286
[2m2026-09-15T06:58:39.961901Z[0m [32m INFO[0m [2mmidnight_bench[0m[2m:[0m [3mstage[0m[2m=[0m"trace.permutations_commit.end" [3mrss_mb[0m[2m=[0m274 [3mhwm_mb[0m[2m=[0m286
[2m2026-09-15T06:58:39.961925Z[0m [32m INFO[0m [2mmidnight_bench[0m[2m:[0m [3mstage[0m[2m=[0m"trace.lookups_product.start" [3mrss_mb[0m[2m=[0m274 [3mhwm_mb[0m[2m=[0m286
[2m2026-09-15T06:58:40.014501Z[0m [32m INFO[0m [2mmidnight_bench[0m[2m:[0m [3mstage[0m[2m=[0m"trace.lookups_product.end" [3mrss_mb[0m[2m=[0m275 [3mhwm_mb[0m[2m=[0m286
[2m2026-09-15T06:58:40.039704Z[0m [32m INFO[0m [2mmidnight_bench[0m[2m:[0m [3mstage[0m[2m=[0m"create_proof.compute_trace.end" [3mrss_mb[0m[2m=[0m275 [3mhwm_mb[0m[2m=[0m286
[2m2026-09-15T06:58:40.039730Z[0m [32m INFO[0m [2mmidnight_bench[0m[2m:[0m [3mstage[0m[2m=[0m"create_proof.finalise_proof.start" [3mrss_mb[0m[2m=[0m275 [3mhwm_mb[0m[2m=[0m286
[2m2026-09-15T06:58:40.039738Z[0m [32m INFO[0m [2mmidnight_bench[0m[2m:[0m [3mstage[0m[2m=[0m"finalise.compute_h_poly.start" [3mrss_mb[0m[2m=[0m275 [3mhwm_mb[0m[2m=[0m286
[2m2026-09-15T06:58:40.060924Z[0m [32m INFO[0m [2mmidnight_bench[0m[2m:[0m [3mstage[0m[2m=[0m"finalise.compute_h_poly.materialise_fixed_cosets.start" [3mrss_mb[0m[2m=[0m275 [3mhwm_mb[0m[2m=[0m286
[2m2026-09-15T06:58:40.091764Z[0m [32m INFO[0m [2mmidnight_bench[0m[2m:[0m [3mstage[0m[2m=[0m"finalise.compute_h_poly.materialise_fixed_cosets.end" [3mrss_mb[0m[2m=[0m275 [3mhwm_mb[0m[2m=[0m286
[2m2026-09-15T06:58:40.091799Z[0m [32m INFO[0m [2mmidnight_bench[0m[2m:[0m [3mstage[0m[2m=[0m"finalise.compute_h_poly.materialise_perm_cosets.start" [3mrss_mb[0m[2m=[0m275 [3mhwm_mb[0m[2m=[0m286
[2m2026-09-15T06:58:40.105566Z[0m [32m INFO[0m [2mmidnight_bench[0m[2m:[0m [3mstage[0m[2m=[0m"finalise.compute_h_poly.materialise_perm_cosets.end" [3mrss_mb[0m[2m=[0m275 [3mhwm_mb[0m[2m=[0m286
[2m2026-09-15T06:58:40.235251Z[0m [32m INFO[0m [2mmidnight_bench[0m[2m:[0m [3mstage[0m[2m=[0m"finalise.compute_h_poly.drop_cosets.end" [3mrss_mb[0m[2m=[0m276 [3mhwm_mb[0m[2m=[0m286
[2m2026-09-15T06:58:40.235280Z[0m [32m INFO[0m [2mmidnight_bench[0m[2m:[0m [3mstage[0m[2m=[0m"finalise.compute_h_poly.end" [3mrss_mb[0m[2m=[0m276 [3mhwm_mb[0m[2m=[0m286
[2m2026-09-15T06:58:40.235288Z[0m [32m INFO[0m [2mmidnight_bench[0m[2m:[0m [3mstage[0m[2m=[0m"finalise.vanishing_construct.start" [3mrss_mb[0m[2m=[0m276 [3mhwm_mb[0m[2m=[0m286
[2m2026-09-15T06:58:40.325241Z[0m [32m INFO[0m [2mmidnight_bench[0m[2m:[0m [3mstage[0m[2m=[0m"finalise.vanishing_construct.end" [3mrss_mb[0m[2m=[0m277 [3mhwm_mb[0m[2m=[0m286
[2m2026-09-15T06:58:40.355284Z[0m [32m INFO[0m [2mmidnight_bench[0m[2m:[0m [3mstage[0m[2m=[0m"finalise.compute_queries.start" [3mrss_mb[0m[2m=[0m277 [3mhwm_mb[0m[2m=[0m286
[2m2026-09-15T06:58:40.355370Z[0m [32m INFO[0m [2mmidnight_bench[0m[2m:[0m [3mstage[0m[2m=[0m"finalise.multi_open.start" [3mrss_mb[0m[2m=[0m277 [3mhwm_mb[0m[2m=[0m286
[2m2026-09-15T06:58:40.449201Z[0m [32m INFO[0m [2mmidnight_bench[0m[2m:[0m [3mstage[0m[2m=[0m"finalise.multi_open.end" [3mrss_mb[0m[2m=[0m277 [3mhwm_mb[0m[2m=[0m286
[2m2026-09-15T06:58:40.449687Z[0m [32m INFO[0m [2mmidnight_bench[0m[2m:[0m [3mstage[0m[2m=[0m"create_proof.finalise_proof.end" [3mrss_mb[0m[2m=[0m263 [3mhwm_mb[0m[2m=[0m286
[2m2026-09-15T06:58:40.465578Z[0m [32m INFO[0m [2mactix_web::middleware::logger[0m[2m:[0m 192.168.65.1 POST /prove HTTP/1.1; took 0.702521s
[2m2026-09-15T06:58:40.467759Z[0m [32m INFO[0m [2mmidnight_proof_server::endpoints[0m[2m:[0m Starting to process request for /prove...
[2m2026-09-15T06:58:40.544764Z[0m [32m INFO[0m [2mmidnight_bench[0m[2m:[0m [3mstage[0m[2m=[0m"create_proof.compute_trace.start" [3mrss_mb[0m[2m=[0m258 [3mhwm_mb[0m[2m=[0m286
[2m2026-09-15T06:58:40.544811Z[0m [32m INFO[0m [2mmidnight_bench[0m[2m:[0m [3mstage[0m[2m=[0m"trace.compute_instances.start" [3mrss_mb[0m[2m=[0m258 [3mhwm_mb[0m[2m=[0m286
[2m2026-09-15T06:58:40.549043Z[0m [32m INFO[0m [2mmidnight_bench[0m[2m:[0m [3mstage[0m[2m=[0m"trace.compute_instances.end" [3mrss_mb[0m[2m=[0m258 [3mhwm_mb[0m[2m=[0m286
[2m2026-09-15T06:58:40.549063Z[0m [32m INFO[0m [2mmidnight_bench[0m[2m:[0m [3mstage[0m[2m=[0m"trace.parse_advices.start" [3mrss_mb[0m[2m=[0m258 [3mhwm_mb[0m[2m=[0m286
[2m2026-09-15T06:58:40.554018Z[0m [32m INFO[0m [2mmidnight_bench[0m[2m:[0m [3mstage[0m[2m=[0m"trace.parse_advices.end" [3mrss_mb[0m[2m=[0m258 [3mhwm_mb[0m[2m=[0m286
[2m2026-09-15T06:58:40.554038Z[0m [32m INFO[0m [2mmidnight_bench[0m[2m:[0m [3mstage[0m[2m=[0m"trace.lookups_permuted.start" [3mrss_mb[0m[2m=[0m258 [3mhwm_mb[0m[2m=[0m286
[2m2026-09-15T06:58:40.602445Z[0m [32m INFO[0m [2mmidnight_bench[0m[2m:[0m [3mstage[0m[2m=[0m"trace.lookups_permuted.end" [3mrss_mb[0m[2m=[0m262 [3mhwm_mb[0m[2m=[0m286
[2m2026-09-15T06:58:40.602475Z[0m [32m INFO[0m [2mmidnight_bench[0m[2m:[0m [3mstage[0m[2m=[0m"trace.permutations_commit.start" [3mrss_mb[0m[2m=[0m262 [3mhwm_mb[0m[2m=[0m286
[2m2026-09-15T06:58:40.675733Z[0m [32m INFO[0m [2mmidnight_bench[0m[2m:[0m [3mstage[0m[2m=[0m"trace.permutations_commit.end" [3mrss_mb[0m[2m=[0m270 [3mhwm_mb[0m[2m=[0m286
[2m2026-09-15T06:58:40.675760Z[0m [32m INFO[0m [2mmidnight_bench[0m[2m:[0m [3mstage[0m[2m=[0m"trace.lookups_product.start" [3mrss_mb[0m[2m=[0m270 [3mhwm_mb[0m[2m=[0m286
[2m2026-09-15T06:58:40.730505Z[0m [32m INFO[0m [2mmidnight_bench[0m[2m:[0m [3mstage[0m[2m=[0m"trace.lookups_product.end" [3mrss_mb[0m[2m=[0m270 [3mhwm_mb[0m[2m=[0m286
[2m2026-09-15T06:58:40.754593Z[0m [32m INFO[0m [2mmidnight_bench[0m[2m:[0m [3mstage[0m[2m=[0m"create_proof.compute_trace.end" [3mrss_mb[0m[2m=[0m271 [3mhwm_mb[0m[2m=[0m286
[2m2026-09-15T06:58:40.754619Z[0m [32m INFO[0m [2mmidnight_bench[0m[2m:[0m [3mstage[0m[2m=[0m"create_proof.finalise_proof.start" [3mrss_mb[0m[2m=[0m271 [3mhwm_mb[0m[2m=[0m286
[2m2026-09-15T06:58:40.754629Z[0m [32m INFO[0m [2mmidnight_bench[0m[2m:[0m [3mstage[0m[2m=[0m"finalise.compute_h_poly.start" [3mrss_mb[0m[2m=[0m271 [3mhwm_mb[0m[2m=[0m286
[2m2026-09-15T06:58:40.773964Z[0m [32m INFO[0m [2mmidnight_bench[0m[2m:[0m [3mstage[0m[2m=[0m"finalise.compute_h_poly.materialise_fixed_cosets.start" [3mrss_mb[0m[2m=[0m271 [3mhwm_mb[0m[2m=[0m286
[2m2026-09-15T06:58:40.801429Z[0m [32m INFO[0m [2mmidnight_bench[0m[2m:[0m [3mstage[0m[2m=[0m"finalise.compute_h_poly.materialise_fixed_cosets.end" [3mrss_mb[0m[2m=[0m271 [3mhwm_mb[0m[2m=[0m286
[2m2026-09-15T06:58:40.801455Z[0m [32m INFO[0m [2mmidnight_bench[0m[2m:[0m [3mstage[0m[2m=[0m"finalise.compute_h_poly.materialise_perm_cosets.start" [3mrss_mb[0m[2m=[0m271 [3mhwm_mb[0m[2m=[0m286
[2m2026-09-15T06:58:40.815055Z[0m [32m INFO[0m [2mmidnight_bench[0m[2m:[0m [3mstage[0m[2m=[0m"finalise.compute_h_poly.materialise_perm_cosets.end" [3mrss_mb[0m[2m=[0m271 [3mhwm_mb[0m[2m=[0m286
[2m2026-09-15T06:58:40.947240Z[0m [32m INFO[0m [2mmidnight_bench[0m[2m:[0m [3mstage[0m[2m=[0m"finalise.compute_h_poly.drop_cosets.end" [3mrss_mb[0m[2m=[0m272 [3mhwm_mb[0m[2m=[0m286
[2m2026-09-15T06:58:40.947279Z[0m [32m INFO[0m [2mmidnight_bench[0m[2m:[0m [3mstage[0m[2m=[0m"finalise.compute_h_poly.end" [3mrss_mb[0m[2m=[0m272 [3mhwm_mb[0m[2m=[0m286
[2m2026-09-15T06:58:40.947287Z[0m [32m INFO[0m [2mmidnight_bench[0m[2m:[0m [3mstage[0m[2m=[0m"finalise.vanishing_construct.start" [3mrss_mb[0m[2m=[0m272 [3mhwm_mb[0m[2m=[0m286
[2m2026-09-15T06:58:41.035970Z[0m [32m INFO[0m [2mmidnight_bench[0m[2m:[0m [3mstage[0m[2m=[0m"finalise.vanishing_construct.end" [3mrss_mb[0m[2m=[0m272 [3mhwm_mb[0m[2m=[0m286
[2m2026-09-15T06:58:41.066614Z[0m [32m INFO[0m [2mmidnight_bench[0m[2m:[0m [3mstage[0m[2m=[0m"finalise.compute_queries.start" [3mrss_mb[0m[2m=[0m272 [3mhwm_mb[0m[2m=[0m286
[2m2026-09-15T06:58:41.066702Z[0m [32m INFO[0m [2mmidnight_bench[0m[2m:[0m [3mstage[0m[2m=[0m"finalise.multi_open.start" [3mrss_mb[0m[2m=[0m272 [3mhwm_mb[0m[2m=[0m286
[2m2026-09-15T06:58:41.159283Z[0m [32m INFO[0m [2mmidnight_bench[0m[2m:[0m [3mstage[0m[2m=[0m"finalise.multi_open.end" [3mrss_mb[0m[2m=[0m272 [3mhwm_mb[0m[2m=[0m286
[2m2026-09-15T06:58:41.159799Z[0m [32m INFO[0m [2mmidnight_bench[0m[2m:[0m [3mstage[0m[2m=[0m"create_proof.finalise_proof.end" [3mrss_mb[0m[2m=[0m258 [3mhwm_mb[0m[2m=[0m286
[2m2026-09-15T06:58:41.175110Z[0m [32m INFO[0m [2mactix_web::middleware::logger[0m[2m:[0m 192.168.65.1 POST /prove HTTP/1.1; took 0.707370s
[2m2026-09-15T06:58:41.176766Z[0m [32m INFO[0m [2mmidnight_proof_server::endpoints[0m[2m:[0m Starting to process request for /prove...
[2m2026-09-15T06:58:41.252204Z[0m [32m INFO[0m [2mmidnight_bench[0m[2m:[0m [3mstage[0m[2m=[0m"create_proof.compute_trace.start" [3mrss_mb[0m[2m=[0m272 [3mhwm_mb[0m[2m=[0m286
[2m2026-09-15T06:58:41.252231Z[0m [32m INFO[0m [2mmidnight_bench[0m[2m:[0m [3mstage[0m[2m=[0m"trace.compute_instances.start" [3mrss_mb[0m[2m=[0m272 [3mhwm_mb[0m[2m=[0m286
[2m2026-09-15T06:58:41.257347Z[0m [32m INFO[0m [2mmidnight_bench[0m[2m:[0m [3mstage[0m[2m=[0m"trace.compute_instances.end" [3mrss_mb[0m[2m=[0m272 [3mhwm_mb[0m[2m=[0m286
[2m2026-09-15T06:58:41.257369Z[0m [32m INFO[0m [2mmidnight_bench[0m[2m:[0m [3mstage[0m[2m=[0m"trace.parse_advices.start" [3mrss_mb[0m[2m=[0m272 [3mhwm_mb[0m[2m=[0m286
[2m2026-09-15T06:58:41.262442Z[0m [32m INFO[0m [2mmidnight_bench[0m[2m:[0m [3mstage[0m[2m=[0m"trace.parse_advices.end" [3mrss_mb[0m[2m=[0m272 [3mhwm_mb[0m[2m=[0m286
[2m2026-09-15T06:58:41.262510Z[0m [32m INFO[0m [2mmidnight_bench[0m[2m:[0m [3mstage[0m[2m=[0m"trace.lookups_permuted.start" [3mrss_mb[0m[2m=[0m272 [3mhwm_mb[0m[2m=[0m286
[2m2026-09-15T06:58:41.311817Z[0m [32m INFO[0m [2mmidnight_bench[0m[2m:[0m [3mstage[0m[2m=[0m"trace.lookups_permuted.end" [3mrss_mb[0m[2m=[0m276 [3mhwm_mb[0m[2m=[0m286
[2m2026-09-15T06:58:41.311851Z[0m [32m INFO[0m [2mmidnight_bench[0m[2m:[0m [3mstage[0m[2m=[0m"trace.permutations_commit.start" [3mrss_mb[0m[2m=[0m276 [3mhwm_mb[0m[2m=[0m286
[2m2026-09-15T06:58:41.392637Z[0m [32m INFO[0m [2mmidnight_bench[0m[2m:[0m [3mstage[0m[2m=[0m"trace.permutations_commit.end" [3mrss_mb[0m[2m=[0m284 [3mhwm_mb[0m[2m=[0m286
[2m2026-09-15T06:58:41.392662Z[0m [32m INFO[0m [2mmidnight_bench[0m[2m:[0m [3mstage[0m[2m=[0m"trace.lookups_product.start" [3mrss_mb[0m[2m=[0m284 [3mhwm_mb[0m[2m=[0m286
[2m2026-09-15T06:58:41.460012Z[0m [32m INFO[0m [2mmidnight_bench[0m[2m:[0m [3mstage[0m[2m=[0m"trace.lookups_product.end" [3mrss_mb[0m[2m=[0m284 [3mhwm_mb[0m[2m=[0m286
[2m2026-09-15T06:58:41.483669Z[0m [32m INFO[0m [2mmidnight_bench[0m[2m:[0m [3mstage[0m[2m=[0m"create_proof.compute_trace.end" [3mrss_mb[0m[2m=[0m284 [3mhwm_mb[0m[2m=[0m286
[2m2026-09-15T06:58:41.483692Z[0m [32m INFO[0m [2mmidnight_bench[0m[2m:[0m [3mstage[0m[2m=[0m"create_proof.finalise_proof.start" [3mrss_mb[0m[2m=[0m284 [3mhwm_mb[0m[2m=[0m286
[2m2026-09-15T06:58:41.483702Z[0m [32m INFO[0m [2mmidnight_bench[0m[2m:[0m [3mstage[0m[2m=[0m"finalise.compute_h_poly.start" [3mrss_mb[0m[2m=[0m284 [3mhwm_mb[0m[2m=[0m286
[2m2026-09-15T06:58:41.499952Z[0m [32m INFO[0m [2mmidnight_bench[0m[2m:[0m [3mstage[0m[2m=[0m"finalise.compute_h_poly.materialise_fixed_cosets.start" [3mrss_mb[0m[2m=[0m284 [3mhwm_mb[0m[2m=[0m286
[2m2026-09-15T06:58:41.530567Z[0m [32m INFO[0m [2mmidnight_bench[0m[2m:[0m [3mstage[0m[2m=[0m"finalise.compute_h_poly.materialise_fixed_cosets.end" [3mrss_mb[0m[2m=[0m284 [3mhwm_mb[0m[2m=[0m286
[2m2026-09-15T06:58:41.530587Z[0m [32m INFO[0m [2mmidnight_bench[0m[2m:[0m [3mstage[0m[2m=[0m"finalise.compute_h_poly.materialise_perm_cosets.start" [3mrss_mb[0m[2m=[0m284 [3mhwm_mb[0m[2m=[0m286
[2m2026-09-15T06:58:41.546442Z[0m [32m INFO[0m [2mmidnight_bench[0m[2m:[0m [3mstage[0m[2m=[0m"finalise.compute_h_poly.materialise_perm_cosets.end" [3mrss_mb[0m[2m=[0m285 [3mhwm_mb[0m[2m=[0m286
[2m2026-09-15T06:58:41.680465Z[0m [32m INFO[0m [2mmidnight_bench[0m[2m:[0m [3mstage[0m[2m=[0m"finalise.compute_h_poly.drop_cosets.end" [3mrss_mb[0m[2m=[0m286 [3mhwm_mb[0m[2m=[0m286
[2m2026-09-15T06:58:41.680498Z[0m [32m INFO[0m [2mmidnight_bench[0m[2m:[0m [3mstage[0m[2m=[0m"finalise.compute_h_poly.end" [3mrss_mb[0m[2m=[0m286 [3mhwm_mb[0m[2m=[0m286
[2m2026-09-15T06:58:41.680506Z[0m [32m INFO[0m [2mmidnight_bench[0m[2m:[0m [3mstage[0m[2m=[0m"finalise.vanishing_construct.start" [3mrss_mb[0m[2m=[0m286 [3mhwm_mb[0m[2m=[0m286
[2m2026-09-15T06:58:41.772988Z[0m [32m INFO[0m [2mmidnight_bench[0m[2m:[0m [3mstage[0m[2m=[0m"finalise.vanishing_construct.end" [3mrss_mb[0m[2m=[0m286 [3mhwm_mb[0m[2m=[0m286
[2m2026-09-15T06:58:41.803808Z[0m [32m INFO[0m [2mmidnight_bench[0m[2m:[0m [3mstage[0m[2m=[0m"finalise.compute_queries.start" [3mrss_mb[0m[2m=[0m286 [3mhwm_mb[0m[2m=[0m286
[2m2026-09-15T06:58:41.803939Z[0m [32m INFO[0m [2mmidnight_bench[0m[2m:[0m [3mstage[0m[2m=[0m"finalise.multi_open.start" [3mrss_mb[0m[2m=[0m286 [3mhwm_mb[0m[2m=[0m286
[2m2026-09-15T06:58:41.899204Z[0m [32m INFO[0m [2mmidnight_bench[0m[2m:[0m [3mstage[0m[2m=[0m"finalise.multi_open.end" [3mrss_mb[0m[2m=[0m287 [3mhwm_mb[0m[2m=[0m287
[2m2026-09-15T06:58:41.899863Z[0m [32m INFO[0m [2mmidnight_bench[0m[2m:[0m [3mstage[0m[2m=[0m"create_proof.finalise_proof.end" [3mrss_mb[0m[2m=[0m272 [3mhwm_mb[0m[2m=[0m286
[2m2026-09-15T06:58:41.914959Z[0m [32m INFO[0m [2mactix_web::middleware::logger[0m[2m:[0m 192.168.65.1 POST /prove HTTP/1.1; took 0.738232s
[2m2026-09-15T06:58:41.917031Z[0m [32m INFO[0m [2mmidnight_proof_server::endpoints[0m[2m:[0m Starting to process request for /prove...
[2m2026-09-15T06:58:41.995168Z[0m [32m INFO[0m [2mmidnight_bench[0m[2m:[0m [3mstage[0m[2m=[0m"create_proof.compute_trace.start" [3mrss_mb[0m[2m=[0m280 [3mhwm_mb[0m[2m=[0m286
[2m2026-09-15T06:58:41.995200Z[0m [32m INFO[0m [2mmidnight_bench[0m[2m:[0m [3mstage[0m[2m=[0m"trace.compute_instances.start" [3mrss_mb[0m[2m=[0m280 [3mhwm_mb[0m[2m=[0m286
[2m2026-09-15T06:58:42.000895Z[0m [32m INFO[0m [2mmidnight_bench[0m[2m:[0m [3mstage[0m[2m=[0m"trace.compute_instances.end" [3mrss_mb[0m[2m=[0m280 [3mhwm_mb[0m[2m=[0m286
[2m2026-09-15T06:58:42.000916Z[0m [32m INFO[0m [2mmidnight_bench[0m[2m:[0m [3mstage[0m[2m=[0m"trace.parse_advices.start" [3mrss_mb[0m[2m=[0m280 [3mhwm_mb[0m[2m=[0m286
[2m2026-09-15T06:58:42.005919Z[0m [32m INFO[0m [2mmidnight_bench[0m[2m:[0m [3mstage[0m[2m=[0m"trace.parse_advices.end" [3mrss_mb[0m[2m=[0m280 [3mhwm_mb[0m[2m=[0m286
[2m2026-09-15T06:58:42.005943Z[0m [32m INFO[0m [2mmidnight_bench[0m[2m:[0m [3mstage[0m[2m=[0m"trace.lookups_permuted.start" [3mrss_mb[0m[2m=[0m280 [3mhwm_mb[0m[2m=[0m286
[2m2026-09-15T06:58:42.053327Z[0m [32m INFO[0m [2mmidnight_bench[0m[2m:[0m [3mstage[0m[2m=[0m"trace.lookups_permuted.end" [3mrss_mb[0m[2m=[0m285 [3mhwm_mb[0m[2m=[0m286
[2m2026-09-15T06:58:42.053355Z[0m [32m INFO[0m [2mmidnight_bench[0m[2m:[0m [3mstage[0m[2m=[0m"trace.permutations_commit.start" [3mrss_mb[0m[2m=[0m285 [3mhwm_mb[0m[2m=[0m286
[2m2026-09-15T06:58:42.130286Z[0m [32m INFO[0m [2mmidnight_bench[0m[2m:[0m [3mstage[0m[2m=[0m"trace.permutations_commit.end" [3mrss_mb[0m[2m=[0m292 [3mhwm_mb[0m[2m=[0m292
[2m2026-09-15T06:58:42.130316Z[0m [32m INFO[0m [2mmidnight_bench[0m[2m:[0m [3mstage[0m[2m=[0m"trace.lookups_product.start" [3mrss_mb[0m[2m=[0m292 [3mhwm_mb[0m[2m=[0m292
[2m2026-09-15T06:58:42.181518Z[0m [32m INFO[0m [2mmidnight_bench[0m[2m:[0m [3mstage[0m[2m=[0m"trace.lookups_product.end" [3mrss_mb[0m[2m=[0m293 [3mhwm_mb[0m[2m=[0m293
[2m2026-09-15T06:58:42.207059Z[0m [32m INFO[0m [2mmidnight_bench[0m[2m:[0m [3mstage[0m[2m=[0m"create_proof.compute_trace.end" [3mrss_mb[0m[2m=[0m293 [3mhwm_mb[0m[2m=[0m293
[2m2026-09-15T06:58:42.207082Z[0m [32m INFO[0m [2mmidnight_bench[0m[2m:[0m [3mstage[0m[2m=[0m"create_proof.finalise_proof.start" [3mrss_mb[0m[2m=[0m293 [3mhwm_mb[0m[2m=[0m293
[2m2026-09-15T06:58:42.207090Z[0m [32m INFO[0m [2mmidnight_bench[0m[2m:[0m [3mstage[0m[2m=[0m"finalise.compute_h_poly.start" [3mrss_mb[0m[2m=[0m293 [3mhwm_mb[0m[2m=[0m293
[2m2026-09-15T06:58:42.225129Z[0m [32m INFO[0m [2mmidnight_bench[0m[2m:[0m [3mstage[0m[2m=[0m"finalise.compute_h_poly.materialise_fixed_cosets.start" [3mrss_mb[0m[2m=[0m293 [3mhwm_mb[0m[2m=[0m293
[2m2026-09-15T06:58:42.251262Z[0m [32m INFO[0m [2mmidnight_bench[0m[2m:[0m [3mstage[0m[2m=[0m"finalise.compute_h_poly.materialise_fixed_cosets.end" [3mrss_mb[0m[2m=[0m293 [3mhwm_mb[0m[2m=[0m293
[2m2026-09-15T06:58:42.251289Z[0m [32m INFO[0m [2mmidnight_bench[0m[2m:[0m [3mstage[0m[2m=[0m"finalise.compute_h_poly.materialise_perm_cosets.start" [3mrss_mb[0m[2m=[0m293 [3mhwm_mb[0m[2m=[0m293
[2m2026-09-15T06:58:42.267560Z[0m [32m INFO[0m [2mmidnight_bench[0m[2m:[0m [3mstage[0m[2m=[0m"finalise.compute_h_poly.materialise_perm_cosets.end" [3mrss_mb[0m[2m=[0m293 [3mhwm_mb[0m[2m=[0m293
[2m2026-09-15T06:58:42.396632Z[0m [32m INFO[0m [2mmidnight_bench[0m[2m:[0m [3mstage[0m[2m=[0m"finalise.compute_h_poly.drop_cosets.end" [3mrss_mb[0m[2m=[0m294 [3mhwm_mb[0m[2m=[0m294
[2m2026-09-15T06:58:42.396662Z[0m [32m INFO[0m [2mmidnight_bench[0m[2m:[0m [3mstage[0m[2m=[0m"finalise.compute_h_poly.end" [3mrss_mb[0m[2m=[0m294 [3mhwm_mb[0m[2m=[0m294
[2m2026-09-15T06:58:42.396670Z[0m [32m INFO[0m [2mmidnight_bench[0m[2m:[0m [3mstage[0m[2m=[0m"finalise.vanishing_construct.start" [3mrss_mb[0m[2m=[0m294 [3mhwm_mb[0m[2m=[0m294
[2m2026-09-15T06:58:42.492442Z[0m [32m INFO[0m [2mmidnight_bench[0m[2m:[0m [3mstage[0m[2m=[0m"finalise.vanishing_construct.end" [3mrss_mb[0m[2m=[0m294 [3mhwm_mb[0m[2m=[0m294
[2m2026-09-15T06:58:42.523180Z[0m [32m INFO[0m [2mmidnight_bench[0m[2m:[0m [3mstage[0m[2m=[0m"finalise.compute_queries.start" [3mrss_mb[0m[2m=[0m294 [3mhwm_mb[0m[2m=[0m294
[2m2026-09-15T06:58:42.523269Z[0m [32m INFO[0m [2mmidnight_bench[0m[2m:[0m [3mstage[0m[2m=[0m"finalise.multi_open.start" [3mrss_mb[0m[2m=[0m294 [3mhwm_mb[0m[2m=[0m294
[2m2026-09-15T06:58:42.629130Z[0m [32m INFO[0m [2mmidnight_bench[0m[2m:[0m [3mstage[0m[2m=[0m"finalise.multi_open.end" [3mrss_mb[0m[2m=[0m295 [3mhwm_mb[0m[2m=[0m295
[2m2026-09-15T06:58:42.629589Z[0m [32m INFO[0m [2mmidnight_bench[0m[2m:[0m [3mstage[0m[2m=[0m"create_proof.finalise_proof.end" [3mrss_mb[0m[2m=[0m280 [3mhwm_mb[0m[2m=[0m294
[2m2026-09-15T06:58:42.645787Z[0m [32m INFO[0m [2mactix_web::middleware::logger[0m[2m:[0m 192.168.65.1 POST /prove HTTP/1.1; took 0.729077s
[2m2026-09-15T06:58:42.649309Z[0m [32m INFO[0m [2mmidnight_proof_server::endpoints[0m[2m:[0m Starting to process request for /prove...
[2m2026-09-15T06:58:42.723428Z[0m [32m INFO[0m [2mmidnight_bench[0m[2m:[0m [3mstage[0m[2m=[0m"create_proof.compute_trace.start" [3mrss_mb[0m[2m=[0m293 [3mhwm_mb[0m[2m=[0m294
[2m2026-09-15T06:58:42.723461Z[0m [32m INFO[0m [2mmidnight_bench[0m[2m:[0m [3mstage[0m[2m=[0m"trace.compute_instances.start" [3mrss_mb[0m[2m=[0m293 [3mhwm_mb[0m[2m=[0m294
[2m2026-09-15T06:58:42.729525Z[0m [32m INFO[0m [2mmidnight_bench[0m[2m:[0m [3mstage[0m[2m=[0m"trace.compute_instances.end" [3mrss_mb[0m[2m=[0m293 [3mhwm_mb[0m[2m=[0m294
[2m2026-09-15T06:58:42.729543Z[0m [32m INFO[0m [2mmidnight_bench[0m[2m:[0m [3mstage[0m[2m=[0m"trace.parse_advices.start" [3mrss_mb[0m[2m=[0m293 [3mhwm_mb[0m[2m=[0m294
[2m2026-09-15T06:58:42.734843Z[0m [32m INFO[0m [2mmidnight_bench[0m[2m:[0m [3mstage[0m[2m=[0m"trace.parse_advices.end" [3mrss_mb[0m[2m=[0m293 [3mhwm_mb[0m[2m=[0m294
[2m2026-09-15T06:58:42.734868Z[0m [32m INFO[0m [2mmidnight_bench[0m[2m:[0m [3mstage[0m[2m=[0m"trace.lookups_permuted.start" [3mrss_mb[0m[2m=[0m293 [3mhwm_mb[0m[2m=[0m294
[2m2026-09-15T06:58:42.783617Z[0m [32m INFO[0m [2mmidnight_bench[0m[2m:[0m [3mstage[0m[2m=[0m"trace.lookups_permuted.end" [3mrss_mb[0m[2m=[0m297 [3mhwm_mb[0m[2m=[0m297
[2m2026-09-15T06:58:42.783647Z[0m [32m INFO[0m [2mmidnight_bench[0m[2m:[0m [3mstage[0m[2m=[0m"trace.permutations_commit.start" [3mrss_mb[0m[2m=[0m297 [3mhwm_mb[0m[2m=[0m297
[2m2026-09-15T06:58:42.859004Z[0m [32m INFO[0m [2mmidnight_bench[0m[2m:[0m [3mstage[0m[2m=[0m"trace.permutations_commit.end" [3mrss_mb[0m[2m=[0m305 [3mhwm_mb[0m[2m=[0m305
[2m2026-09-15T06:58:42.859033Z[0m [32m INFO[0m [2mmidnight_bench[0m[2m:[0m [3mstage[0m[2m=[0m"trace.lookups_product.start" [3mrss_mb[0m[2m=[0m305 [3mhwm_mb[0m[2m=[0m305
[2m2026-09-15T06:58:42.922124Z[0m [32m INFO[0m [2mmidnight_bench[0m[2m:[0m [3mstage[0m[2m=[0m"trace.lookups_product.end" [3mrss_mb[0m[2m=[0m305 [3mhwm_mb[0m[2m=[0m305
[2m2026-09-15T06:58:42.954885Z[0m [32m INFO[0m [2mmidnight_bench[0m[2m:[0m [3mstage[0m[2m=[0m"create_proof.compute_trace.end" [3mrss_mb[0m[2m=[0m306 [3mhwm_mb[0m[2m=[0m306
[2m2026-09-15T06:58:42.954911Z[0m [32m INFO[0m [2mmidnight_bench[0m[2m:[0m [3mstage[0m[2m=[0m"create_proof.finalise_proof.start" [3mrss_mb[0m[2m=[0m306 [3mhwm_mb[0m[2m=[0m306
[2m2026-09-15T06:58:42.954919Z[0m [32m INFO[0m [2mmidnight_bench[0m[2m:[0m [3mstage[0m[2m=[0m"finalise.compute_h_poly.start" [3mrss_mb[0m[2m=[0m306 [3mhwm_mb[0m[2m=[0m306
[2m2026-09-15T06:58:42.974599Z[0m [32m INFO[0m [2mmidnight_bench[0m[2m:[0m [3mstage[0m[2m=[0m"finalise.compute_h_poly.materialise_fixed_cosets.start" [3mrss_mb[0m[2m=[0m306 [3mhwm_mb[0m[2m=[0m306
[2m2026-09-15T06:58:43.012905Z[0m [32m INFO[0m [2mmidnight_bench[0m[2m:[0m [3mstage[0m[2m=[0m"finalise.compute_h_poly.materialise_fixed_cosets.end" [3mrss_mb[0m[2m=[0m306 [3mhwm_mb[0m[2m=[0m306
[2m2026-09-15T06:58:43.012978Z[0m [32m INFO[0m [2mmidnight_bench[0m[2m:[0m [3mstage[0m[2m=[0m"finalise.compute_h_poly.materialise_perm_cosets.start" [3mrss_mb[0m[2m=[0m306 [3mhwm_mb[0m[2m=[0m306
[2m2026-09-15T06:58:43.029866Z[0m [32m INFO[0m [2mmidnight_bench[0m[2m:[0m [3mstage[0m[2m=[0m"finalise.compute_h_poly.materialise_perm_cosets.end" [3mrss_mb[0m[2m=[0m306 [3mhwm_mb[0m[2m=[0m306
[2m2026-09-15T06:58:43.168972Z[0m [32m INFO[0m [2mmidnight_bench[0m[2m:[0m [3mstage[0m[2m=[0m"finalise.compute_h_poly.drop_cosets.end" [3mrss_mb[0m[2m=[0m306 [3mhwm_mb[0m[2m=[0m306
[2m2026-09-15T06:58:43.169007Z[0m [32m INFO[0m [2mmidnight_bench[0m[2m:[0m [3mstage[0m[2m=[0m"finalise.compute_h_poly.end" [3mrss_mb[0m[2m=[0m306 [3mhwm_mb[0m[2m=[0m306
[2m2026-09-15T06:58:43.169016Z[0m [32m INFO[0m [2mmidnight_bench[0m[2m:[0m [3mstage[0m[2m=[0m"finalise.vanishing_construct.start" [3mrss_mb[0m[2m=[0m306 [3mhwm_mb[0m[2m=[0m306
[2m2026-09-15T06:58:43.262094Z[0m [32m INFO[0m [2mmidnight_bench[0m[2m:[0m [3mstage[0m[2m=[0m"finalise.vanishing_construct.end" [3mrss_mb[0m[2m=[0m306 [3mhwm_mb[0m[2m=[0m306
[2m2026-09-15T06:58:43.290950Z[0m [32m INFO[0m [2mmidnight_bench[0m[2m:[0m [3mstage[0m[2m=[0m"finalise.compute_queries.start" [3mrss_mb[0m[2m=[0m306 [3mhwm_mb[0m[2m=[0m306
[2m2026-09-15T06:58:43.291045Z[0m [32m INFO[0m [2mmidnight_bench[0m[2m:[0m [3mstage[0m[2m=[0m"finalise.multi_open.start" [3mrss_mb[0m[2m=[0m306 [3mhwm_mb[0m[2m=[0m306
[2m2026-09-15T06:58:43.391356Z[0m [32m INFO[0m [2mmidnight_bench[0m[2m:[0m [3mstage[0m[2m=[0m"finalise.multi_open.end" [3mrss_mb[0m[2m=[0m306 [3mhwm_mb[0m[2m=[0m306
[2m2026-09-15T06:58:43.391956Z[0m [32m INFO[0m [2mmidnight_bench[0m[2m:[0m [3mstage[0m[2m=[0m"create_proof.finalise_proof.end" [3mrss_mb[0m[2m=[0m292 [3mhwm_mb[0m[2m=[0m305
[2m2026-09-15T06:58:43.407309Z[0m [32m INFO[0m [2mactix_web::middleware::logger[0m[2m:[0m 192.168.65.1 POST /prove HTTP/1.1; took 0.758017s
[2m2026-09-15T06:58:43.435963Z[0m [32m INFO[0m [2mmidnight_proof_server::endpoints[0m[2m:[0m Starting to process request for /prove...
[2m2026-09-15T06:58:43.511661Z[0m [32m INFO[0m [2mmidnight_bench[0m[2m:[0m [3mstage[0m[2m=[0m"create_proof.compute_trace.start" [3mrss_mb[0m[2m=[0m279 [3mhwm_mb[0m[2m=[0m305
[2m2026-09-15T06:58:43.511690Z[0m [32m INFO[0m [2mmidnight_bench[0m[2m:[0m [3mstage[0m[2m=[0m"trace.compute_instances.start" [3mrss_mb[0m[2m=[0m279 [3mhwm_mb[0m[2m=[0m305
[2m2026-09-15T06:58:43.516997Z[0m [32m INFO[0m [2mmidnight_bench[0m[2m:[0m [3mstage[0m[2m=[0m"trace.compute_instances.end" [3mrss_mb[0m[2m=[0m279 [3mhwm_mb[0m[2m=[0m305
[2m2026-09-15T06:58:43.517022Z[0m [32m INFO[0m [2mmidnight_bench[0m[2m:[0m [3mstage[0m[2m=[0m"trace.parse_advices.start" [3mrss_mb[0m[2m=[0m279 [3mhwm_mb[0m[2m=[0m305
[2m2026-09-15T06:58:43.522257Z[0m [32m INFO[0m [2mmidnight_bench[0m[2m:[0m [3mstage[0m[2m=[0m"trace.parse_advices.end" [3mrss_mb[0m[2m=[0m281 [3mhwm_mb[0m[2m=[0m305
[2m2026-09-15T06:58:43.522277Z[0m [32m INFO[0m [2mmidnight_bench[0m[2m:[0m [3mstage[0m[2m=[0m"trace.lookups_permuted.start" [3mrss_mb[0m[2m=[0m281 [3mhwm_mb[0m[2m=[0m305
[2m2026-09-15T06:58:43.572413Z[0m [32m INFO[0m [2mmidnight_bench[0m[2m:[0m [3mstage[0m[2m=[0m"trace.lookups_permuted.end" [3mrss_mb[0m[2m=[0m285 [3mhwm_mb[0m[2m=[0m305
[2m2026-09-15T06:58:43.572453Z[0m [32m INFO[0m [2mmidnight_bench[0m[2m:[0m [3mstage[0m[2m=[0m"trace.permutations_commit.start" [3mrss_mb[0m[2m=[0m285 [3mhwm_mb[0m[2m=[0m305
[2m2026-09-15T06:58:43.649399Z[0m [32m INFO[0m [2mmidnight_bench[0m[2m:[0m [3mstage[0m[2m=[0m"trace.permutations_commit.end" [3mrss_mb[0m[2m=[0m293 [3mhwm_mb[0m[2m=[0m305
[2m2026-09-15T06:58:43.649435Z[0m [32m INFO[0m [2mmidnight_bench[0m[2m:[0m [3mstage[0m[2m=[0m"trace.lookups_product.start" [3mrss_mb[0m[2m=[0m293 [3mhwm_mb[0m[2m=[0m305
[2m2026-09-15T06:58:43.705977Z[0m [32m INFO[0m [2mmidnight_bench[0m[2m:[0m [3mstage[0m[2m=[0m"trace.lookups_product.end" [3mrss_mb[0m[2m=[0m293 [3mhwm_mb[0m[2m=[0m305
[2m2026-09-15T06:58:43.733739Z[0m [32m INFO[0m [2mmidnight_bench[0m[2m:[0m [3mstage[0m[2m=[0m"create_proof.compute_trace.end" [3mrss_mb[0m[2m=[0m293 [3mhwm_mb[0m[2m=[0m305
[2m2026-09-15T06:58:43.733764Z[0m [32m INFO[0m [2mmidnight_bench[0m[2m:[0m [3mstage[0m[2m=[0m"create_proof.finalise_proof.start" [3mrss_mb[0m[2m=[0m293 [3mhwm_mb[0m[2m=[0m305
[2m2026-09-15T06:58:43.733780Z[0m [32m INFO[0m [2mmidnight_bench[0m[2m:[0m [3mstage[0m[2m=[0m"finalise.compute_h_poly.start" [3mrss_mb[0m[2m=[0m293 [3mhwm_mb[0m[2m=[0m305
[2m2026-09-15T06:58:43.750048Z[0m [32m INFO[0m [2mmidnight_bench[0m[2m:[0m [3mstage[0m[2m=[0m"finalise.compute_h_poly.materialise_fixed_cosets.start" [3mrss_mb[0m[2m=[0m293 [3mhwm_mb[0m[2m=[0m305
[2m2026-09-15T06:58:43.778538Z[0m [32m INFO[0m [2mmidnight_bench[0m[2m:[0m [3mstage[0m[2m=[0m"finalise.compute_h_poly.materialise_fixed_cosets.end" [3mrss_mb[0m[2m=[0m294 [3mhwm_mb[0m[2m=[0m305
[2m2026-09-15T06:58:43.778562Z[0m [32m INFO[0m [2mmidnight_bench[0m[2m:[0m [3mstage[0m[2m=[0m"finalise.compute_h_poly.materialise_perm_cosets.start" [3mrss_mb[0m[2m=[0m294 [3mhwm_mb[0m[2m=[0m305
[2m2026-09-15T06:58:43.798663Z[0m [32m INFO[0m [2mmidnight_bench[0m[2m:[0m [3mstage[0m[2m=[0m"finalise.compute_h_poly.materialise_perm_cosets.end" [3mrss_mb[0m[2m=[0m296 [3mhwm_mb[0m[2m=[0m305
[2m2026-09-15T06:58:43.932665Z[0m [32m INFO[0m [2mmidnight_bench[0m[2m:[0m [3mstage[0m[2m=[0m"finalise.compute_h_poly.drop_cosets.end" [3mrss_mb[0m[2m=[0m297 [3mhwm_mb[0m[2m=[0m305
[2m2026-09-15T06:58:43.932708Z[0m [32m INFO[0m [2mmidnight_bench[0m[2m:[0m [3mstage[0m[2m=[0m"finalise.compute_h_poly.end" [3mrss_mb[0m[2m=[0m297 [3mhwm_mb[0m[2m=[0m305
[2m2026-09-15T06:58:43.932716Z[0m [32m INFO[0m [2mmidnight_bench[0m[2m:[0m [3mstage[0m[2m=[0m"finalise.vanishing_construct.start" [3mrss_mb[0m[2m=[0m297 [3mhwm_mb[0m[2m=[0m305
[2m2026-09-15T06:58:44.030715Z[0m [32m INFO[0m [2mmidnight_bench[0m[2m:[0m [3mstage[0m[2m=[0m"finalise.vanishing_construct.end" [3mrss_mb[0m[2m=[0m297 [3mhwm_mb[0m[2m=[0m305
[2m2026-09-15T06:58:44.060210Z[0m [32m INFO[0m [2mmidnight_bench[0m[2m:[0m [3mstage[0m[2m=[0m"finalise.compute_queries.start" [3mrss_mb[0m[2m=[0m297 [3mhwm_mb[0m[2m=[0m305
[2m2026-09-15T06:58:44.060295Z[0m [32m INFO[0m [2mmidnight_bench[0m[2m:[0m [3mstage[0m[2m=[0m"finalise.multi_open.start" [3mrss_mb[0m[2m=[0m297 [3mhwm_mb[0m[2m=[0m305
[2m2026-09-15T06:58:44.154483Z[0m [32m INFO[0m [2mmidnight_bench[0m[2m:[0m [3mstage[0m[2m=[0m"finalise.multi_open.end" [3mrss_mb[0m[2m=[0m297 [3mhwm_mb[0m[2m=[0m305
[2m2026-09-15T06:58:44.155162Z[0m [32m INFO[0m [2mmidnight_bench[0m[2m:[0m [3mstage[0m[2m=[0m"create_proof.finalise_proof.end" [3mrss_mb[0m[2m=[0m283 [3mhwm_mb[0m[2m=[0m305
[2m2026-09-15T06:58:44.170996Z[0m [32m INFO[0m [2mactix_web::middleware::logger[0m[2m:[0m 192.168.65.1 POST /prove HTTP/1.1; took 0.735055s
[2m2026-09-15T06:58:44.173362Z[0m [32m INFO[0m [2mmidnight_proof_server::endpoints[0m[2m:[0m Starting to process request for /prove...
[2m2026-09-15T06:58:44.249639Z[0m [32m INFO[0m [2mmidnight_bench[0m[2m:[0m [3mstage[0m[2m=[0m"create_proof.compute_trace.start" [3mrss_mb[0m[2m=[0m297 [3mhwm_mb[0m[2m=[0m305
[2m2026-09-15T06:58:44.249669Z[0m [32m INFO[0m [2mmidnight_bench[0m[2m:[0m [3mstage[0m[2m=[0m"trace.compute_instances.start" [3mrss_mb[0m[2m=[0m297 [3mhwm_mb[0m[2m=[0m305
[2m2026-09-15T06:58:44.255595Z[0m [32m INFO[0m [2mmidnight_bench[0m[2m:[0m [3mstage[0m[2m=[0m"trace.compute_instances.end" [3mrss_mb[0m[2m=[0m297 [3mhwm_mb[0m[2m=[0m305
[2m2026-09-15T06:58:44.255619Z[0m [32m INFO[0m [2mmidnight_bench[0m[2m:[0m [3mstage[0m[2m=[0m"trace.parse_advices.start" [3mrss_mb[0m[2m=[0m297 [3mhwm_mb[0m[2m=[0m305
[2m2026-09-15T06:58:44.260823Z[0m [32m INFO[0m [2mmidnight_bench[0m[2m:[0m [3mstage[0m[2m=[0m"trace.parse_advices.end" [3mrss_mb[0m[2m=[0m297 [3mhwm_mb[0m[2m=[0m305
[2m2026-09-15T06:58:44.260844Z[0m [32m INFO[0m [2mmidnight_bench[0m[2m:[0m [3mstage[0m[2m=[0m"trace.lookups_permuted.start" [3mrss_mb[0m[2m=[0m297 [3mhwm_mb[0m[2m=[0m305
[2m2026-09-15T06:58:44.309728Z[0m [32m INFO[0m [2mmidnight_bench[0m[2m:[0m [3mstage[0m[2m=[0m"trace.lookups_permuted.end" [3mrss_mb[0m[2m=[0m301 [3mhwm_mb[0m[2m=[0m305
[2m2026-09-15T06:58:44.309758Z[0m [32m INFO[0m [2mmidnight_bench[0m[2m:[0m [3mstage[0m[2m=[0m"trace.permutations_commit.start" [3mrss_mb[0m[2m=[0m301 [3mhwm_mb[0m[2m=[0m305
[2m2026-09-15T06:58:44.381936Z[0m [32m INFO[0m [2mmidnight_bench[0m[2m:[0m [3mstage[0m[2m=[0m"trace.permutations_commit.end" [3mrss_mb[0m[2m=[0m309 [3mhwm_mb[0m[2m=[0m309
[2m2026-09-15T06:58:44.381963Z[0m [32m INFO[0m [2mmidnight_bench[0m[2m:[0m [3mstage[0m[2m=[0m"trace.lookups_product.start" [3mrss_mb[0m[2m=[0m309 [3mhwm_mb[0m[2m=[0m309
[2m2026-09-15T06:58:44.435241Z[0m [32m INFO[0m [2mmidnight_bench[0m[2m:[0m [3mstage[0m[2m=[0m"trace.lookups_product.end" [3mrss_mb[0m[2m=[0m309 [3mhwm_mb[0m[2m=[0m309
[2m2026-09-15T06:58:44.462632Z[0m [32m INFO[0m [2mmidnight_bench[0m[2m:[0m [3mstage[0m[2m=[0m"create_proof.compute_trace.end" [3mrss_mb[0m[2m=[0m309 [3mhwm_mb[0m[2m=[0m309
[2m2026-09-15T06:58:44.462658Z[0m [32m INFO[0m [2mmidnight_bench[0m[2m:[0m [3mstage[0m[2m=[0m"create_proof.finalise_proof.start" [3mrss_mb[0m[2m=[0m309 [3mhwm_mb[0m[2m=[0m309
[2m2026-09-15T06:58:44.462666Z[0m [32m INFO[0m [2mmidnight_bench[0m[2m:[0m [3mstage[0m[2m=[0m"finalise.compute_h_poly.start" [3mrss_mb[0m[2m=[0m309 [3mhwm_mb[0m[2m=[0m309
[2m2026-09-15T06:58:44.479132Z[0m [32m INFO[0m [2mmidnight_bench[0m[2m:[0m [3mstage[0m[2m=[0m"finalise.compute_h_poly.materialise_fixed_cosets.start" [3mrss_mb[0m[2m=[0m309 [3mhwm_mb[0m[2m=[0m309
[2m2026-09-15T06:58:44.508831Z[0m [32m INFO[0m [2mmidnight_bench[0m[2m:[0m [3mstage[0m[2m=[0m"finalise.compute_h_poly.materialise_fixed_cosets.end" [3mrss_mb[0m[2m=[0m309 [3mhwm_mb[0m[2m=[0m309
[2m2026-09-15T06:58:44.508857Z[0m [32m INFO[0m [2mmidnight_bench[0m[2m:[0m [3mstage[0m[2m=[0m"finalise.compute_h_poly.materialise_perm_cosets.start" [3mrss_mb[0m[2m=[0m309 [3mhwm_mb[0m[2m=[0m309
[2m2026-09-15T06:58:44.522514Z[0m [32m INFO[0m [2mmidnight_bench[0m[2m:[0m [3mstage[0m[2m=[0m"finalise.compute_h_poly.materialise_perm_cosets.end" [3mrss_mb[0m[2m=[0m309 [3mhwm_mb[0m[2m=[0m309
[2m2026-09-15T06:58:44.662674Z[0m [32m INFO[0m [2mmidnight_bench[0m[2m:[0m [3mstage[0m[2m=[0m"finalise.compute_h_poly.drop_cosets.end" [3mrss_mb[0m[2m=[0m311 [3mhwm_mb[0m[2m=[0m311
[2m2026-09-15T06:58:44.662709Z[0m [32m INFO[0m [2mmidnight_bench[0m[2m:[0m [3mstage[0m[2m=[0m"finalise.compute_h_poly.end" [3mrss_mb[0m[2m=[0m311 [3mhwm_mb[0m[2m=[0m311
[2m2026-09-15T06:58:44.662717Z[0m [32m INFO[0m [2mmidnight_bench[0m[2m:[0m [3mstage[0m[2m=[0m"finalise.vanishing_construct.start" [3mrss_mb[0m[2m=[0m311 [3mhwm_mb[0m[2m=[0m311
[2m2026-09-15T06:58:44.751433Z[0m [32m INFO[0m [2mmidnight_bench[0m[2m:[0m [3mstage[0m[2m=[0m"finalise.vanishing_construct.end" [3mrss_mb[0m[2m=[0m311 [3mhwm_mb[0m[2m=[0m311
[2m2026-09-15T06:58:44.781282Z[0m [32m INFO[0m [2mmidnight_bench[0m[2m:[0m [3mstage[0m[2m=[0m"finalise.compute_queries.start" [3mrss_mb[0m[2m=[0m311 [3mhwm_mb[0m[2m=[0m311
[2m2026-09-15T06:58:44.781372Z[0m [32m INFO[0m [2mmidnight_bench[0m[2m:[0m [3mstage[0m[2m=[0m"finalise.multi_open.start" [3mrss_mb[0m[2m=[0m311 [3mhwm_mb[0m[2m=[0m311
[2m2026-09-15T06:58:44.876465Z[0m [32m INFO[0m [2mmidnight_bench[0m[2m:[0m [3mstage[0m[2m=[0m"finalise.multi_open.end" [3mrss_mb[0m[2m=[0m311 [3mhwm_mb[0m[2m=[0m311
[2m2026-09-15T06:58:44.877083Z[0m [32m INFO[0m [2mmidnight_bench[0m[2m:[0m [3mstage[0m[2m=[0m"create_proof.finalise_proof.end" [3mrss_mb[0m[2m=[0m297 [3mhwm_mb[0m[2m=[0m310
[2m2026-09-15T06:58:44.893010Z[0m [32m INFO[0m [2mactix_web::middleware::logger[0m[2m:[0m 192.168.65.1 POST /prove HTTP/1.1; took 0.719665s
[2m2026-09-15T06:58:44.894668Z[0m [32m INFO[0m [2mmidnight_proof_server::endpoints[0m[2m:[0m Starting to process request for /prove...
[2m2026-09-15T06:58:44.974218Z[0m [32m INFO[0m [2mmidnight_bench[0m[2m:[0m [3mstage[0m[2m=[0m"create_proof.compute_trace.start" [3mrss_mb[0m[2m=[0m310 [3mhwm_mb[0m[2m=[0m310
[2m2026-09-15T06:58:44.974252Z[0m [32m INFO[0m [2mmidnight_bench[0m[2m:[0m [3mstage[0m[2m=[0m"trace.compute_instances.start" [3mrss_mb[0m[2m=[0m310 [3mhwm_mb[0m[2m=[0m310
[2m2026-09-15T06:58:44.980958Z[0m [32m INFO[0m [2mmidnight_bench[0m[2m:[0m [3mstage[0m[2m=[0m"trace.compute_instances.end" [3mrss_mb[0m[2m=[0m310 [3mhwm_mb[0m[2m=[0m310
[2m2026-09-15T06:58:44.980986Z[0m [32m INFO[0m [2mmidnight_bench[0m[2m:[0m [3mstage[0m[2m=[0m"trace.parse_advices.start" [3mrss_mb[0m[2m=[0m310 [3mhwm_mb[0m[2m=[0m310
[2m2026-09-15T06:58:44.986095Z[0m [32m INFO[0m [2mmidnight_bench[0m[2m:[0m [3mstage[0m[2m=[0m"trace.parse_advices.end" [3mrss_mb[0m[2m=[0m310 [3mhwm_mb[0m[2m=[0m310
[2m2026-09-15T06:58:44.986119Z[0m [32m INFO[0m [2mmidnight_bench[0m[2m:[0m [3mstage[0m[2m=[0m"trace.lookups_permuted.start" [3mrss_mb[0m[2m=[0m310 [3mhwm_mb[0m[2m=[0m310
[2m2026-09-15T06:58:45.034498Z[0m [32m INFO[0m [2mmidnight_bench[0m[2m:[0m [3mstage[0m[2m=[0m"trace.lookups_permuted.end" [3mrss_mb[0m[2m=[0m314 [3mhwm_mb[0m[2m=[0m314
[2m2026-09-15T06:58:45.034531Z[0m [32m INFO[0m [2mmidnight_bench[0m[2m:[0m [3mstage[0m[2m=[0m"trace.permutations_commit.start" [3mrss_mb[0m[2m=[0m314 [3mhwm_mb[0m[2m=[0m314
[2m2026-09-15T06:58:45.107679Z[0m [32m INFO[0m [2mmidnight_bench[0m[2m:[0m [3mstage[0m[2m=[0m"trace.permutations_commit.end" [3mrss_mb[0m[2m=[0m322 [3mhwm_mb[0m[2m=[0m322
[2m2026-09-15T06:58:45.107706Z[0m [32m INFO[0m [2mmidnight_bench[0m[2m:[0m [3mstage[0m[2m=[0m"trace.lookups_product.start" [3mrss_mb[0m[2m=[0m322 [3mhwm_mb[0m[2m=[0m322
[2m2026-09-15T06:58:45.159589Z[0m [32m INFO[0m [2mmidnight_bench[0m[2m:[0m [3mstage[0m[2m=[0m"trace.lookups_product.end" [3mrss_mb[0m[2m=[0m322 [3mhwm_mb[0m[2m=[0m322
[2m2026-09-15T06:58:45.184851Z[0m [32m INFO[0m [2mmidnight_bench[0m[2m:[0m [3mstage[0m[2m=[0m"create_proof.compute_trace.end" [3mrss_mb[0m[2m=[0m323 [3mhwm_mb[0m[2m=[0m323
[2m2026-09-15T06:58:45.184873Z[0m [32m INFO[0m [2mmidnight_bench[0m[2m:[0m [3mstage[0m[2m=[0m"create_proof.finalise_proof.start" [3mrss_mb[0m[2m=[0m323 [3mhwm_mb[0m[2m=[0m323
[2m2026-09-15T06:58:45.184881Z[0m [32m INFO[0m [2mmidnight_bench[0m[2m:[0m [3mstage[0m[2m=[0m"finalise.compute_h_poly.start" [3mrss_mb[0m[2m=[0m323 [3mhwm_mb[0m[2m=[0m323
[2m2026-09-15T06:58:45.202187Z[0m [32m INFO[0m [2mmidnight_bench[0m[2m:[0m [3mstage[0m[2m=[0m"finalise.compute_h_poly.materialise_fixed_cosets.start" [3mrss_mb[0m[2m=[0m323 [3mhwm_mb[0m[2m=[0m323
[2m2026-09-15T06:58:45.231133Z[0m [32m INFO[0m [2mmidnight_bench[0m[2m:[0m [3mstage[0m[2m=[0m"finalise.compute_h_poly.materialise_fixed_cosets.end" [3mrss_mb[0m[2m=[0m323 [3mhwm_mb[0m[2m=[0m323
[2m2026-09-15T06:58:45.231156Z[0m [32m INFO[0m [2mmidnight_bench[0m[2m:[0m [3mstage[0m[2m=[0m"finalise.compute_h_poly.materialise_perm_cosets.start" [3mrss_mb[0m[2m=[0m323 [3mhwm_mb[0m[2m=[0m323
[2m2026-09-15T06:58:45.244037Z[0m [32m INFO[0m [2mmidnight_bench[0m[2m:[0m [3mstage[0m[2m=[0m"finalise.compute_h_poly.materialise_perm_cosets.end" [3mrss_mb[0m[2m=[0m323 [3mhwm_mb[0m[2m=[0m323
[2m2026-09-15T06:58:45.373440Z[0m [32m INFO[0m [2mmidnight_bench[0m[2m:[0m [3mstage[0m[2m=[0m"finalise.compute_h_poly.drop_cosets.end" [3mrss_mb[0m[2m=[0m324 [3mhwm_mb[0m[2m=[0m324
[2m2026-09-15T06:58:45.373472Z[0m [32m INFO[0m [2mmidnight_bench[0m[2m:[0m [3mstage[0m[2m=[0m"finalise.compute_h_poly.end" [3mrss_mb[0m[2m=[0m324 [3mhwm_mb[0m[2m=[0m324
[2m2026-09-15T06:58:45.373480Z[0m [32m INFO[0m [2mmidnight_bench[0m[2m:[0m [3mstage[0m[2m=[0m"finalise.vanishing_construct.start" [3mrss_mb[0m[2m=[0m324 [3mhwm_mb[0m[2m=[0m324
[2m2026-09-15T06:58:45.471204Z[0m [32m INFO[0m [2mmidnight_bench[0m[2m:[0m [3mstage[0m[2m=[0m"finalise.vanishing_construct.end" [3mrss_mb[0m[2m=[0m324 [3mhwm_mb[0m[2m=[0m324
[2m2026-09-15T06:58:45.502148Z[0m [32m INFO[0m [2mmidnight_bench[0m[2m:[0m [3mstage[0m[2m=[0m"finalise.compute_queries.start" [3mrss_mb[0m[2m=[0m324 [3mhwm_mb[0m[2m=[0m324
[2m2026-09-15T06:58:45.502258Z[0m [32m INFO[0m [2mmidnight_bench[0m[2m:[0m [3mstage[0m[2m=[0m"finalise.multi_open.start" [3mrss_mb[0m[2m=[0m324 [3mhwm_mb[0m[2m=[0m324
[2m2026-09-15T06:58:45.604477Z[0m [32m INFO[0m [2mmidnight_bench[0m[2m:[0m [3mstage[0m[2m=[0m"finalise.multi_open.end" [3mrss_mb[0m[2m=[0m324 [3mhwm_mb[0m[2m=[0m324
[2m2026-09-15T06:58:45.604947Z[0m [32m INFO[0m [2mmidnight_bench[0m[2m:[0m [3mstage[0m[2m=[0m"create_proof.finalise_proof.end" [3mrss_mb[0m[2m=[0m310 [3mhwm_mb[0m[2m=[0m323
[2m2026-09-15T06:58:45.623144Z[0m [32m INFO[0m [2mactix_web::middleware::logger[0m[2m:[0m 192.168.65.1 POST /prove HTTP/1.1; took 0.728506s
[2m2026-09-15T06:58:45.624975Z[0m [32m INFO[0m [2mmidnight_proof_server::endpoints[0m[2m:[0m Starting to process request for /prove...
[2m2026-09-15T06:58:45.716050Z[0m [32m INFO[0m [2mmidnight_bench[0m[2m:[0m [3mstage[0m[2m=[0m"create_proof.compute_trace.start" [3mrss_mb[0m[2m=[0m300 [3mhwm_mb[0m[2m=[0m323
[2m2026-09-15T06:58:45.716072Z[0m [32m INFO[0m [2mmidnight_bench[0m[2m:[0m [3mstage[0m[2m=[0m"trace.compute_instances.start" [3mrss_mb[0m[2m=[0m300 [3mhwm_mb[0m[2m=[0m323
[2m2026-09-15T06:58:45.721111Z[0m [32m INFO[0m [2mmidnight_bench[0m[2m:[0m [3mstage[0m[2m=[0m"trace.compute_instances.end" [3mrss_mb[0m[2m=[0m300 [3mhwm_mb[0m[2m=[0m323
[2m2026-09-15T06:58:45.721132Z[0m [32m INFO[0m [2mmidnight_bench[0m[2m:[0m [3mstage[0m[2m=[0m"trace.parse_advices.start" [3mrss_mb[0m[2m=[0m300 [3mhwm_mb[0m[2m=[0m323
[2m2026-09-15T06:58:45.728170Z[0m [32m INFO[0m [2mmidnight_bench[0m[2m:[0m [3mstage[0m[2m=[0m"trace.parse_advices.end" [3mrss_mb[0m[2m=[0m300 [3mhwm_mb[0m[2m=[0m323
[2m2026-09-15T06:58:45.728205Z[0m [32m INFO[0m [2mmidnight_bench[0m[2m:[0m [3mstage[0m[2m=[0m"trace.lookups_permuted.start" [3mrss_mb[0m[2m=[0m300 [3mhwm_mb[0m[2m=[0m323
[2m2026-09-15T06:58:45.795046Z[0m [32m INFO[0m [2mmidnight_bench[0m[2m:[0m [3mstage[0m[2m=[0m"trace.lookups_permuted.end" [3mrss_mb[0m[2m=[0m304 [3mhwm_mb[0m[2m=[0m323
[2m2026-09-15T06:58:45.795142Z[0m [32m INFO[0m [2mmidnight_bench[0m[2m:[0m [3mstage[0m[2m=[0m"trace.permutations_commit.start" [3mrss_mb[0m[2m=[0m304 [3mhwm_mb[0m[2m=[0m323
[2m2026-09-15T06:58:45.900065Z[0m [32m INFO[0m [2mmidnight_bench[0m[2m:[0m [3mstage[0m[2m=[0m"trace.permutations_commit.end" [3mrss_mb[0m[2m=[0m312 [3mhwm_mb[0m[2m=[0m323
[2m2026-09-15T06:58:45.900091Z[0m [32m INFO[0m [2mmidnight_bench[0m[2m:[0m [3mstage[0m[2m=[0m"trace.lookups_product.start" [3mrss_mb[0m[2m=[0m312 [3mhwm_mb[0m[2m=[0m323
[2m2026-09-15T06:58:45.968638Z[0m [32m INFO[0m [2mmidnight_bench[0m[2m:[0m [3mstage[0m[2m=[0m"trace.lookups_product.end" [3mrss_mb[0m[2m=[0m312 [3mhwm_mb[0m[2m=[0m323
[2m2026-09-15T06:58:46.004485Z[0m [32m INFO[0m [2mmidnight_bench[0m[2m:[0m [3mstage[0m[2m=[0m"create_proof.compute_trace.end" [3mrss_mb[0m[2m=[0m312 [3mhwm_mb[0m[2m=[0m323
[2m2026-09-15T06:58:46.004503Z[0m [32m INFO[0m [2mmidnight_bench[0m[2m:[0m [3mstage[0m[2m=[0m"create_proof.finalise_proof.start" [3mrss_mb[0m[2m=[0m312 [3mhwm_mb[0m[2m=[0m323
[2m2026-09-15T06:58:46.004511Z[0m [32m INFO[0m [2mmidnight_bench[0m[2m:[0m [3mstage[0m[2m=[0m"finalise.compute_h_poly.start" [3mrss_mb[0m[2m=[0m312 [3mhwm_mb[0m[2m=[0m323
[2m2026-09-15T06:58:46.021420Z[0m [32m INFO[0m [2mmidnight_bench[0m[2m:[0m [3mstage[0m[2m=[0m"finalise.compute_h_poly.materialise_fixed_cosets.start" [3mrss_mb[0m[2m=[0m312 [3mhwm_mb[0m[2m=[0m323
[2m2026-09-15T06:58:46.053979Z[0m [32m INFO[0m [2mmidnight_bench[0m[2m:[0m [3mstage[0m[2m=[0m"finalise.compute_h_poly.materialise_fixed_cosets.end" [3mrss_mb[0m[2m=[0m312 [3mhwm_mb[0m[2m=[0m323
[2m2026-09-15T06:58:46.054031Z[0m [32m INFO[0m [2mmidnight_bench[0m[2m:[0m [3mstage[0m[2m=[0m"finalise.compute_h_poly.materialise_perm_cosets.start" [3mrss_mb[0m[2m=[0m312 [3mhwm_mb[0m[2m=[0m323
[2m2026-09-15T06:58:46.068622Z[0m [32m INFO[0m [2mmidnight_bench[0m[2m:[0m [3mstage[0m[2m=[0m"finalise.compute_h_poly.materialise_perm_cosets.end" [3mrss_mb[0m[2m=[0m312 [3mhwm_mb[0m[2m=[0m323
[2m2026-09-15T06:58:46.206103Z[0m [32m INFO[0m [2mmidnight_bench[0m[2m:[0m [3mstage[0m[2m=[0m"finalise.compute_h_poly.drop_cosets.end" [3mrss_mb[0m[2m=[0m314 [3mhwm_mb[0m[2m=[0m323
[2m2026-09-15T06:58:46.206134Z[0m [32m INFO[0m [2mmidnight_bench[0m[2m:[0m [3mstage[0m[2m=[0m"finalise.compute_h_poly.end" [3mrss_mb[0m[2m=[0m314 [3mhwm_mb[0m[2m=[0m323
[2m2026-09-15T06:58:46.206142Z[0m [32m INFO[0m [2mmidnight_bench[0m[2m:[0m [3mstage[0m[2m=[0m"finalise.vanishing_construct.start" [3mrss_mb[0m[2m=[0m314 [3mhwm_mb[0m[2m=[0m323
[2m2026-09-15T06:58:46.305730Z[0m [32m INFO[0m [2mmidnight_bench[0m[2m:[0m [3mstage[0m[2m=[0m"finalise.vanishing_construct.end" [3mrss_mb[0m[2m=[0m314 [3mhwm_mb[0m[2m=[0m323
[2m2026-09-15T06:58:46.335427Z[0m [32m INFO[0m [2mmidnight_bench[0m[2m:[0m [3mstage[0m[2m=[0m"finalise.compute_queries.start" [3mrss_mb[0m[2m=[0m314 [3mhwm_mb[0m[2m=[0m323
[2m2026-09-15T06:58:46.335512Z[0m [32m INFO[0m [2mmidnight_bench[0m[2m:[0m [3mstage[0m[2m=[0m"finalise.multi_open.start" [3mrss_mb[0m[2m=[0m314 [3mhwm_mb[0m[2m=[0m323
[2m2026-09-15T06:58:46.434596Z[0m [32m INFO[0m [2mmidnight_bench[0m[2m:[0m [3mstage[0m[2m=[0m"finalise.multi_open.end" [3mrss_mb[0m[2m=[0m314 [3mhwm_mb[0m[2m=[0m323
[2m2026-09-15T06:58:46.435134Z[0m [32m INFO[0m [2mmidnight_bench[0m[2m:[0m [3mstage[0m[2m=[0m"create_proof.finalise_proof.end" [3mrss_mb[0m[2m=[0m300 [3mhwm_mb[0m[2m=[0m323
[2m2026-09-15T06:58:46.452158Z[0m [32m INFO[0m [2mactix_web::middleware::logger[0m[2m:[0m 192.168.65.1 POST /prove HTTP/1.1; took 0.827200s
[2m2026-09-15T06:58:46.454089Z[0m [32m INFO[0m [2mmidnight_proof_server::endpoints[0m[2m:[0m Starting to process request for /prove...
[2m2026-09-15T06:58:46.531411Z[0m [32m INFO[0m [2mmidnight_bench[0m[2m:[0m [3mstage[0m[2m=[0m"create_proof.compute_trace.start" [3mrss_mb[0m[2m=[0m286 [3mhwm_mb[0m[2m=[0m323
[2m2026-09-15T06:58:46.531443Z[0m [32m INFO[0m [2mmidnight_bench[0m[2m:[0m [3mstage[0m[2m=[0m"trace.compute_instances.start" [3mrss_mb[0m[2m=[0m286 [3mhwm_mb[0m[2m=[0m323
[2m2026-09-15T06:58:46.537014Z[0m [32m INFO[0m [2mmidnight_bench[0m[2m:[0m [3mstage[0m[2m=[0m"trace.compute_instances.end" [3mrss_mb[0m[2m=[0m286 [3mhwm_mb[0m[2m=[0m323
[2m2026-09-15T06:58:46.537036Z[0m [32m INFO[0m [2mmidnight_bench[0m[2m:[0m [3mstage[0m[2m=[0m"trace.parse_advices.start" [3mrss_mb[0m[2m=[0m286 [3mhwm_mb[0m[2m=[0m323
[2m2026-09-15T06:58:46.542475Z[0m [32m INFO[0m [2mmidnight_bench[0m[2m:[0m [3mstage[0m[2m=[0m"trace.parse_advices.end" [3mrss_mb[0m[2m=[0m286 [3mhwm_mb[0m[2m=[0m323
[2m2026-09-15T06:58:46.542513Z[0m [32m INFO[0m [2mmidnight_bench[0m[2m:[0m [3mstage[0m[2m=[0m"trace.lookups_permuted.start" [3mrss_mb[0m[2m=[0m286 [3mhwm_mb[0m[2m=[0m323
[2m2026-09-15T06:58:46.591426Z[0m [32m INFO[0m [2mmidnight_bench[0m[2m:[0m [3mstage[0m[2m=[0m"trace.lookups_permuted.end" [3mrss_mb[0m[2m=[0m290 [3mhwm_mb[0m[2m=[0m323
[2m2026-09-15T06:58:46.591460Z[0m [32m INFO[0m [2mmidnight_bench[0m[2m:[0m [3mstage[0m[2m=[0m"trace.permutations_commit.start" [3mrss_mb[0m[2m=[0m290 [3mhwm_mb[0m[2m=[0m323
[2m2026-09-15T06:58:46.662061Z[0m [32m INFO[0m [2mmidnight_bench[0m[2m:[0m [3mstage[0m[2m=[0m"trace.permutations_commit.end" [3mrss_mb[0m[2m=[0m298 [3mhwm_mb[0m[2m=[0m323
[2m2026-09-15T06:58:46.662088Z[0m [32m INFO[0m [2mmidnight_bench[0m[2m:[0m [3mstage[0m[2m=[0m"trace.lookups_product.start" [3mrss_mb[0m[2m=[0m298 [3mhwm_mb[0m[2m=[0m323
[2m2026-09-15T06:58:46.725242Z[0m [32m INFO[0m [2mmidnight_bench[0m[2m:[0m [3mstage[0m[2m=[0m"trace.lookups_product.end" [3mrss_mb[0m[2m=[0m299 [3mhwm_mb[0m[2m=[0m323
[2m2026-09-15T06:58:46.751119Z[0m [32m INFO[0m [2mmidnight_bench[0m[2m:[0m [3mstage[0m[2m=[0m"create_proof.compute_trace.end" [3mrss_mb[0m[2m=[0m299 [3mhwm_mb[0m[2m=[0m323
[2m2026-09-15T06:58:46.751143Z[0m [32m INFO[0m [2mmidnight_bench[0m[2m:[0m [3mstage[0m[2m=[0m"create_proof.finalise_proof.start" [3mrss_mb[0m[2m=[0m299 [3mhwm_mb[0m[2m=[0m323
[2m2026-09-15T06:58:46.751152Z[0m [32m INFO[0m [2mmidnight_bench[0m[2m:[0m [3mstage[0m[2m=[0m"finalise.compute_h_poly.start" [3mrss_mb[0m[2m=[0m299 [3mhwm_mb[0m[2m=[0m323
[2m2026-09-15T06:58:46.770026Z[0m [32m INFO[0m [2mmidnight_bench[0m[2m:[0m [3mstage[0m[2m=[0m"finalise.compute_h_poly.materialise_fixed_cosets.start" [3mrss_mb[0m[2m=[0m299 [3mhwm_mb[0m[2m=[0m323
[2m2026-09-15T06:58:46.798765Z[0m [32m INFO[0m [2mmidnight_bench[0m[2m:[0m [3mstage[0m[2m=[0m"finalise.compute_h_poly.materialise_fixed_cosets.end" [3mrss_mb[0m[2m=[0m299 [3mhwm_mb[0m[2m=[0m323
[2m2026-09-15T06:58:46.798799Z[0m [32m INFO[0m [2mmidnight_bench[0m[2m:[0m [3mstage[0m[2m=[0m"finalise.compute_h_poly.materialise_perm_cosets.start" [3mrss_mb[0m[2m=[0m299 [3mhwm_mb[0m[2m=[0m323
[2m2026-09-15T06:58:46.815786Z[0m [32m INFO[0m [2mmidnight_bench[0m[2m:[0m [3mstage[0m[2m=[0m"finalise.compute_h_poly.materialise_perm_cosets.end" [3mrss_mb[0m[2m=[0m299 [3mhwm_mb[0m[2m=[0m323
[2m2026-09-15T06:58:46.947219Z[0m [32m INFO[0m [2mmidnight_bench[0m[2m:[0m [3mstage[0m[2m=[0m"finalise.compute_h_poly.drop_cosets.end" [3mrss_mb[0m[2m=[0m301 [3mhwm_mb[0m[2m=[0m323
[2m2026-09-15T06:58:46.947258Z[0m [32m INFO[0m [2mmidnight_bench[0m[2m:[0m [3mstage[0m[2m=[0m"finalise.compute_h_poly.end" [3mrss_mb[0m[2m=[0m301 [3mhwm_mb[0m[2m=[0m323
[2m2026-09-15T06:58:46.947266Z[0m [32m INFO[0m [2mmidnight_bench[0m[2m:[0m [3mstage[0m[2m=[0m"finalise.vanishing_construct.start" [3mrss_mb[0m[2m=[0m301 [3mhwm_mb[0m[2m=[0m323
[2m2026-09-15T06:58:47.053064Z[0m [32m INFO[0m [2mmidnight_bench[0m[2m:[0m [3mstage[0m[2m=[0m"finalise.vanishing_construct.end" [3mrss_mb[0m[2m=[0m301 [3mhwm_mb[0m[2m=[0m323
[2m2026-09-15T06:58:47.090503Z[0m [32m INFO[0m [2mmidnight_bench[0m[2m:[0m [3mstage[0m[2m=[0m"finalise.compute_queries.start" [3mrss_mb[0m[2m=[0m301 [3mhwm_mb[0m[2m=[0m323
[2m2026-09-15T06:58:47.090598Z[0m [32m INFO[0m [2mmidnight_bench[0m[2m:[0m [3mstage[0m[2m=[0m"finalise.multi_open.start" [3mrss_mb[0m[2m=[0m301 [3mhwm_mb[0m[2m=[0m323
[2m2026-09-15T06:58:47.186510Z[0m [32m INFO[0m [2mmidnight_bench[0m[2m:[0m [3mstage[0m[2m=[0m"finalise.multi_open.end" [3mrss_mb[0m[2m=[0m301 [3mhwm_mb[0m[2m=[0m323
[2m2026-09-15T06:58:47.186968Z[0m [32m INFO[0m [2mmidnight_bench[0m[2m:[0m [3mstage[0m[2m=[0m"create_proof.finalise_proof.end" [3mrss_mb[0m[2m=[0m287 [3mhwm_mb[0m[2m=[0m323
[2m2026-09-15T06:58:47.202860Z[0m [32m INFO[0m [2mactix_web::middleware::logger[0m[2m:[0m 192.168.65.1 POST /prove HTTP/1.1; took 0.748793s
[2m2026-09-15T06:58:47.204847Z[0m [32m INFO[0m [2mmidnight_proof_server::endpoints[0m[2m:[0m Starting to process request for /prove...
[2m2026-09-15T06:58:47.280031Z[0m [32m INFO[0m [2mmidnight_bench[0m[2m:[0m [3mstage[0m[2m=[0m"create_proof.compute_trace.start" [3mrss_mb[0m[2m=[0m301 [3mhwm_mb[0m[2m=[0m323
[2m2026-09-15T06:58:47.280059Z[0m [32m INFO[0m [2mmidnight_bench[0m[2m:[0m [3mstage[0m[2m=[0m"trace.compute_instances.start" [3mrss_mb[0m[2m=[0m301 [3mhwm_mb[0m[2m=[0m323
[2m2026-09-15T06:58:47.286241Z[0m [32m INFO[0m [2mmidnight_bench[0m[2m:[0m [3mstage[0m[2m=[0m"trace.compute_instances.end" [3mrss_mb[0m[2m=[0m301 [3mhwm_mb[0m[2m=[0m323
[2m2026-09-15T06:58:47.286259Z[0m [32m INFO[0m [2mmidnight_bench[0m[2m:[0m [3mstage[0m[2m=[0m"trace.parse_advices.start" [3mrss_mb[0m[2m=[0m301 [3mhwm_mb[0m[2m=[0m323
[2m2026-09-15T06:58:47.291562Z[0m [32m INFO[0m [2mmidnight_bench[0m[2m:[0m [3mstage[0m[2m=[0m"trace.parse_advices.end" [3mrss_mb[0m[2m=[0m301 [3mhwm_mb[0m[2m=[0m323
[2m2026-09-15T06:58:47.291593Z[0m [32m INFO[0m [2mmidnight_bench[0m[2m:[0m [3mstage[0m[2m=[0m"trace.lookups_permuted.start" [3mrss_mb[0m[2m=[0m301 [3mhwm_mb[0m[2m=[0m323
[2m2026-09-15T06:58:47.336006Z[0m [32m INFO[0m [2mmidnight_bench[0m[2m:[0m [3mstage[0m[2m=[0m"trace.lookups_permuted.end" [3mrss_mb[0m[2m=[0m305 [3mhwm_mb[0m[2m=[0m323
[2m2026-09-15T06:58:47.336032Z[0m [32m INFO[0m [2mmidnight_bench[0m[2m:[0m [3mstage[0m[2m=[0m"trace.permutations_commit.start" [3mrss_mb[0m[2m=[0m305 [3mhwm_mb[0m[2m=[0m323
[2m2026-09-15T06:58:47.406240Z[0m [32m INFO[0m [2mmidnight_bench[0m[2m:[0m [3mstage[0m[2m=[0m"trace.permutations_commit.end" [3mrss_mb[0m[2m=[0m312 [3mhwm_mb[0m[2m=[0m323
[2m2026-09-15T06:58:47.406265Z[0m [32m INFO[0m [2mmidnight_bench[0m[2m:[0m [3mstage[0m[2m=[0m"trace.lookups_product.start" [3mrss_mb[0m[2m=[0m312 [3mhwm_mb[0m[2m=[0m323
[2m2026-09-15T06:58:47.457703Z[0m [32m INFO[0m [2mmidnight_bench[0m[2m:[0m [3mstage[0m[2m=[0m"trace.lookups_product.end" [3mrss_mb[0m[2m=[0m313 [3mhwm_mb[0m[2m=[0m323
[2m2026-09-15T06:58:47.482968Z[0m [32m INFO[0m [2mmidnight_bench[0m[2m:[0m [3mstage[0m[2m=[0m"create_proof.compute_trace.end" [3mrss_mb[0m[2m=[0m313 [3mhwm_mb[0m[2m=[0m323
[2m2026-09-15T06:58:47.482995Z[0m [32m INFO[0m [2mmidnight_bench[0m[2m:[0m [3mstage[0m[2m=[0m"create_proof.finalise_proof.start" [3mrss_mb[0m[2m=[0m313 [3mhwm_mb[0m[2m=[0m323
[2m2026-09-15T06:58:47.483004Z[0m [32m INFO[0m [2mmidnight_bench[0m[2m:[0m [3mstage[0m[2m=[0m"finalise.compute_h_poly.start" [3mrss_mb[0m[2m=[0m313 [3mhwm_mb[0m[2m=[0m323
[2m2026-09-15T06:58:47.498899Z[0m [32m INFO[0m [2mmidnight_bench[0m[2m:[0m [3mstage[0m[2m=[0m"finalise.compute_h_poly.materialise_fixed_cosets.start" [3mrss_mb[0m[2m=[0m313 [3mhwm_mb[0m[2m=[0m323
[2m2026-09-15T06:58:47.526661Z[0m [32m INFO[0m [2mmidnight_bench[0m[2m:[0m [3mstage[0m[2m=[0m"finalise.compute_h_poly.materialise_fixed_cosets.end" [3mrss_mb[0m[2m=[0m313 [3mhwm_mb[0m[2m=[0m323
[2m2026-09-15T06:58:47.526689Z[0m [32m INFO[0m [2mmidnight_bench[0m[2m:[0m [3mstage[0m[2m=[0m"finalise.compute_h_poly.materialise_perm_cosets.start" [3mrss_mb[0m[2m=[0m313 [3mhwm_mb[0m[2m=[0m323
[2m2026-09-15T06:58:47.540308Z[0m [32m INFO[0m [2mmidnight_bench[0m[2m:[0m [3mstage[0m[2m=[0m"finalise.compute_h_poly.materialise_perm_cosets.end" [3mrss_mb[0m[2m=[0m313 [3mhwm_mb[0m[2m=[0m323
[2m2026-09-15T06:58:47.673201Z[0m [32m INFO[0m [2mmidnight_bench[0m[2m:[0m [3mstage[0m[2m=[0m"finalise.compute_h_poly.drop_cosets.end" [3mrss_mb[0m[2m=[0m314 [3mhwm_mb[0m[2m=[0m323
[2m2026-09-15T06:58:47.673233Z[0m [32m INFO[0m [2mmidnight_bench[0m[2m:[0m [3mstage[0m[2m=[0m"finalise.compute_h_poly.end" [3mrss_mb[0m[2m=[0m314 [3mhwm_mb[0m[2m=[0m323
[2m2026-09-15T06:58:47.673241Z[0m [32m INFO[0m [2mmidnight_bench[0m[2m:[0m [3mstage[0m[2m=[0m"finalise.vanishing_construct.start" [3mrss_mb[0m[2m=[0m314 [3mhwm_mb[0m[2m=[0m323
[2m2026-09-15T06:58:47.767167Z[0m [32m INFO[0m [2mmidnight_bench[0m[2m:[0m [3mstage[0m[2m=[0m"finalise.vanishing_construct.end" [3mrss_mb[0m[2m=[0m315 [3mhwm_mb[0m[2m=[0m323
[2m2026-09-15T06:58:47.795999Z[0m [32m INFO[0m [2mmidnight_bench[0m[2m:[0m [3mstage[0m[2m=[0m"finalise.compute_queries.start" [3mrss_mb[0m[2m=[0m315 [3mhwm_mb[0m[2m=[0m323
[2m2026-09-15T06:58:47.796093Z[0m [32m INFO[0m [2mmidnight_bench[0m[2m:[0m [3mstage[0m[2m=[0m"finalise.multi_open.start" [3mrss_mb[0m[2m=[0m315 [3mhwm_mb[0m[2m=[0m323
[2m2026-09-15T06:58:47.895160Z[0m [32m INFO[0m [2mmidnight_bench[0m[2m:[0m [3mstage[0m[2m=[0m"finalise.multi_open.end" [3mrss_mb[0m[2m=[0m315 [3mhwm_mb[0m[2m=[0m323
[2m2026-09-15T06:58:47.895632Z[0m [32m INFO[0m [2mmidnight_bench[0m[2m:[0m [3mstage[0m[2m=[0m"create_proof.finalise_proof.end" [3mrss_mb[0m[2m=[0m301 [3mhwm_mb[0m[2m=[0m323
[2m2026-09-15T06:58:47.911990Z[0m [32m INFO[0m [2mactix_web::middleware::logger[0m[2m:[0m 192.168.65.1 POST /prove HTTP/1.1; took 0.707167s
[2m2026-09-15T06:58:47.913708Z[0m [32m INFO[0m [2mmidnight_proof_server::endpoints[0m[2m:[0m Starting to process request for /prove...
[2m2026-09-15T06:58:47.986850Z[0m [32m INFO[0m [2mmidnight_bench[0m[2m:[0m [3mstage[0m[2m=[0m"create_proof.compute_trace.start" [3mrss_mb[0m[2m=[0m314 [3mhwm_mb[0m[2m=[0m323
[2m2026-09-15T06:58:47.986878Z[0m [32m INFO[0m [2mmidnight_bench[0m[2m:[0m [3mstage[0m[2m=[0m"trace.compute_instances.start" [3mrss_mb[0m[2m=[0m314 [3mhwm_mb[0m[2m=[0m323
[2m2026-09-15T06:58:47.993066Z[0m [32m INFO[0m [2mmidnight_bench[0m[2m:[0m [3mstage[0m[2m=[0m"trace.compute_instances.end" [3mrss_mb[0m[2m=[0m314 [3mhwm_mb[0m[2m=[0m323
[2m2026-09-15T06:58:47.993089Z[0m [32m INFO[0m [2mmidnight_bench[0m[2m:[0m [3mstage[0m[2m=[0m"trace.parse_advices.start" [3mrss_mb[0m[2m=[0m314 [3mhwm_mb[0m[2m=[0m323
[2m2026-09-15T06:58:47.998757Z[0m [32m INFO[0m [2mmidnight_bench[0m[2m:[0m [3mstage[0m[2m=[0m"trace.parse_advices.end" [3mrss_mb[0m[2m=[0m314 [3mhwm_mb[0m[2m=[0m323
[2m2026-09-15T06:58:47.998787Z[0m [32m INFO[0m [2mmidnight_bench[0m[2m:[0m [3mstage[0m[2m=[0m"trace.lookups_permuted.start" [3mrss_mb[0m[2m=[0m314 [3mhwm_mb[0m[2m=[0m323
[2m2026-09-15T06:58:48.047751Z[0m [32m INFO[0m [2mmidnight_bench[0m[2m:[0m [3mstage[0m[2m=[0m"trace.lookups_permuted.end" [3mrss_mb[0m[2m=[0m318 [3mhwm_mb[0m[2m=[0m323
[2m2026-09-15T06:58:48.047800Z[0m [32m INFO[0m [2mmidnight_bench[0m[2m:[0m [3mstage[0m[2m=[0m"trace.permutations_commit.start" [3mrss_mb[0m[2m=[0m318 [3mhwm_mb[0m[2m=[0m323
[2m2026-09-15T06:58:48.120598Z[0m [32m INFO[0m [2mmidnight_bench[0m[2m:[0m [3mstage[0m[2m=[0m"trace.permutations_commit.end" [3mrss_mb[0m[2m=[0m325 [3mhwm_mb[0m[2m=[0m325
[2m2026-09-15T06:58:48.120620Z[0m [32m INFO[0m [2mmidnight_bench[0m[2m:[0m [3mstage[0m[2m=[0m"trace.lookups_product.start" [3mrss_mb[0m[2m=[0m325 [3mhwm_mb[0m[2m=[0m325
[2m2026-09-15T06:58:48.174835Z[0m [32m INFO[0m [2mmidnight_bench[0m[2m:[0m [3mstage[0m[2m=[0m"trace.lookups_product.end" [3mrss_mb[0m[2m=[0m326 [3mhwm_mb[0m[2m=[0m326
[2m2026-09-15T06:58:48.255956Z[0m [32m INFO[0m [2mmidnight_bench[0m[2m:[0m [3mstage[0m[2m=[0m"create_proof.compute_trace.end" [3mrss_mb[0m[2m=[0m326 [3mhwm_mb[0m[2m=[0m326
[2m2026-09-15T06:58:48.255985Z[0m [32m INFO[0m [2mmidnight_bench[0m[2m:[0m [3mstage[0m[2m=[0m"create_proof.finalise_proof.start" [3mrss_mb[0m[2m=[0m326 [3mhwm_mb[0m[2m=[0m326
[2m2026-09-15T06:58:48.255995Z[0m [32m INFO[0m [2mmidnight_bench[0m[2m:[0m [3mstage[0m[2m=[0m"finalise.compute_h_poly.start" [3mrss_mb[0m[2m=[0m326 [3mhwm_mb[0m[2m=[0m326
[2m2026-09-15T06:58:48.285838Z[0m [32m INFO[0m [2mmidnight_bench[0m[2m:[0m [3mstage[0m[2m=[0m"finalise.compute_h_poly.materialise_fixed_cosets.start" [3mrss_mb[0m[2m=[0m326 [3mhwm_mb[0m[2m=[0m326
[2m2026-09-15T06:58:48.316000Z[0m [32m INFO[0m [2mmidnight_bench[0m[2m:[0m [3mstage[0m[2m=[0m"finalise.compute_h_poly.materialise_fixed_cosets.end" [3mrss_mb[0m[2m=[0m327 [3mhwm_mb[0m[2m=[0m327
[2m2026-09-15T06:58:48.316024Z[0m [32m INFO[0m [2mmidnight_bench[0m[2m:[0m [3mstage[0m[2m=[0m"finalise.compute_h_poly.materialise_perm_cosets.start" [3mrss_mb[0m[2m=[0m327 [3mhwm_mb[0m[2m=[0m327
[2m2026-09-15T06:58:48.332671Z[0m [32m INFO[0m [2mmidnight_bench[0m[2m:[0m [3mstage[0m[2m=[0m"finalise.compute_h_poly.materialise_perm_cosets.end" [3mrss_mb[0m[2m=[0m331 [3mhwm_mb[0m[2m=[0m331
[2m2026-09-15T06:58:48.467538Z[0m [32m INFO[0m [2mmidnight_bench[0m[2m:[0m [3mstage[0m[2m=[0m"finalise.compute_h_poly.drop_cosets.end" [3mrss_mb[0m[2m=[0m333 [3mhwm_mb[0m[2m=[0m333
[2m2026-09-15T06:58:48.468024Z[0m [32m INFO[0m [2mmidnight_bench[0m[2m:[0m [3mstage[0m[2m=[0m"finalise.compute_h_poly.end" [3mrss_mb[0m[2m=[0m319 [3mhwm_mb[0m[2m=[0m332
[2m2026-09-15T06:58:48.468039Z[0m [32m INFO[0m [2mmidnight_bench[0m[2m:[0m [3mstage[0m[2m=[0m"finalise.vanishing_construct.start" [3mrss_mb[0m[2m=[0m319 [3mhwm_mb[0m[2m=[0m332
[2m2026-09-15T06:58:48.556452Z[0m [32m INFO[0m [2mmidnight_bench[0m[2m:[0m [3mstage[0m[2m=[0m"finalise.vanishing_construct.end" [3mrss_mb[0m[2m=[0m319 [3mhwm_mb[0m[2m=[0m332
[2m2026-09-15T06:58:48.584578Z[0m [32m INFO[0m [2mmidnight_bench[0m[2m:[0m [3mstage[0m[2m=[0m"finalise.compute_queries.start" [3mrss_mb[0m[2m=[0m319 [3mhwm_mb[0m[2m=[0m332
[2m2026-09-15T06:58:48.584660Z[0m [32m INFO[0m [2mmidnight_bench[0m[2m:[0m [3mstage[0m[2m=[0m"finalise.multi_open.start" [3mrss_mb[0m[2m=[0m319 [3mhwm_mb[0m[2m=[0m332
[2m2026-09-15T06:58:48.672936Z[0m [32m INFO[0m [2mmidnight_bench[0m[2m:[0m [3mstage[0m[2m=[0m"finalise.multi_open.end" [3mrss_mb[0m[2m=[0m319 [3mhwm_mb[0m[2m=[0m332
[2m2026-09-15T06:58:48.673413Z[0m [32m INFO[0m [2mmidnight_bench[0m[2m:[0m [3mstage[0m[2m=[0m"create_proof.finalise_proof.end" [3mrss_mb[0m[2m=[0m305 [3mhwm_mb[0m[2m=[0m332
[2m2026-09-15T06:58:48.689537Z[0m [32m INFO[0m [2mactix_web::middleware::logger[0m[2m:[0m 192.168.65.1 POST /prove HTTP/1.1; took 0.775844s
[2m2026-09-15T06:58:48.691291Z[0m [32m INFO[0m [2mmidnight_proof_server::endpoints[0m[2m:[0m Starting to process request for /prove...
[2m2026-09-15T06:58:48.762886Z[0m [32m INFO[0m [2mmidnight_bench[0m[2m:[0m [3mstage[0m[2m=[0m"create_proof.compute_trace.start" [3mrss_mb[0m[2m=[0m306 [3mhwm_mb[0m[2m=[0m332
[2m2026-09-15T06:58:48.762914Z[0m [32m INFO[0m [2mmidnight_bench[0m[2m:[0m [3mstage[0m[2m=[0m"trace.compute_instances.start" [3mrss_mb[0m[2m=[0m306 [3mhwm_mb[0m[2m=[0m332
[2m2026-09-15T06:58:48.768408Z[0m [32m INFO[0m [2mmidnight_bench[0m[2m:[0m [3mstage[0m[2m=[0m"trace.compute_instances.end" [3mrss_mb[0m[2m=[0m306 [3mhwm_mb[0m[2m=[0m332
[2m2026-09-15T06:58:48.768430Z[0m [32m INFO[0m [2mmidnight_bench[0m[2m:[0m [3mstage[0m[2m=[0m"trace.parse_advices.start" [3mrss_mb[0m[2m=[0m306 [3mhwm_mb[0m[2m=[0m332
[2m2026-09-15T06:58:48.773670Z[0m [32m INFO[0m [2mmidnight_bench[0m[2m:[0m [3mstage[0m[2m=[0m"trace.parse_advices.end" [3mrss_mb[0m[2m=[0m306 [3mhwm_mb[0m[2m=[0m332
[2m2026-09-15T06:58:48.773697Z[0m [32m INFO[0m [2mmidnight_bench[0m[2m:[0m [3mstage[0m[2m=[0m"trace.lookups_permuted.start" [3mrss_mb[0m[2m=[0m306 [3mhwm_mb[0m[2m=[0m332
[2m2026-09-15T06:58:48.816434Z[0m [32m INFO[0m [2mmidnight_bench[0m[2m:[0m [3mstage[0m[2m=[0m"trace.lookups_permuted.end" [3mrss_mb[0m[2m=[0m310 [3mhwm_mb[0m[2m=[0m332
[2m2026-09-15T06:58:48.816464Z[0m [32m INFO[0m [2mmidnight_bench[0m[2m:[0m [3mstage[0m[2m=[0m"trace.permutations_commit.start" [3mrss_mb[0m[2m=[0m310 [3mhwm_mb[0m[2m=[0m332
[2m2026-09-15T06:58:48.884033Z[0m [32m INFO[0m [2mmidnight_bench[0m[2m:[0m [3mstage[0m[2m=[0m"trace.permutations_commit.end" [3mrss_mb[0m[2m=[0m318 [3mhwm_mb[0m[2m=[0m332
[2m2026-09-15T06:58:48.884063Z[0m [32m INFO[0m [2mmidnight_bench[0m[2m:[0m [3mstage[0m[2m=[0m"trace.lookups_product.start" [3mrss_mb[0m[2m=[0m318 [3mhwm_mb[0m[2m=[0m332
[2m2026-09-15T06:58:48.936039Z[0m [32m INFO[0m [2mmidnight_bench[0m[2m:[0m [3mstage[0m[2m=[0m"trace.lookups_product.end" [3mrss_mb[0m[2m=[0m318 [3mhwm_mb[0m[2m=[0m332
[2m2026-09-15T06:58:48.958698Z[0m [32m INFO[0m [2mmidnight_bench[0m[2m:[0m [3mstage[0m[2m=[0m"create_proof.compute_trace.end" [3mrss_mb[0m[2m=[0m318 [3mhwm_mb[0m[2m=[0m332
[2m2026-09-15T06:58:48.958725Z[0m [32m INFO[0m [2mmidnight_bench[0m[2m:[0m [3mstage[0m[2m=[0m"create_proof.finalise_proof.start" [3mrss_mb[0m[2m=[0m318 [3mhwm_mb[0m[2m=[0m332
[2m2026-09-15T06:58:48.958733Z[0m [32m INFO[0m [2mmidnight_bench[0m[2m:[0m [3mstage[0m[2m=[0m"finalise.compute_h_poly.start" [3mrss_mb[0m[2m=[0m318 [3mhwm_mb[0m[2m=[0m332
[2m2026-09-15T06:58:48.974206Z[0m [32m INFO[0m [2mmidnight_bench[0m[2m:[0m [3mstage[0m[2m=[0m"finalise.compute_h_poly.materialise_fixed_cosets.start" [3mrss_mb[0m[2m=[0m318 [3mhwm_mb[0m[2m=[0m332
[2m2026-09-15T06:58:49.003354Z[0m [32m INFO[0m [2mmidnight_bench[0m[2m:[0m [3mstage[0m[2m=[0m"finalise.compute_h_poly.materialise_fixed_cosets.end" [3mrss_mb[0m[2m=[0m322 [3mhwm_mb[0m[2m=[0m332
[2m2026-09-15T06:58:49.003382Z[0m [32m INFO[0m [2mmidnight_bench[0m[2m:[0m [3mstage[0m[2m=[0m"finalise.compute_h_poly.materialise_perm_cosets.start" [3mrss_mb[0m[2m=[0m322 [3mhwm_mb[0m[2m=[0m332
[2m2026-09-15T06:58:49.023673Z[0m [32m INFO[0m [2mmidnight_bench[0m[2m:[0m [3mstage[0m[2m=[0m"finalise.compute_h_poly.materialise_perm_cosets.end" [3mrss_mb[0m[2m=[0m325 [3mhwm_mb[0m[2m=[0m332
[2m2026-09-15T06:58:49.146480Z[0m [32m INFO[0m [2mmidnight_bench[0m[2m:[0m [3mstage[0m[2m=[0m"finalise.compute_h_poly.drop_cosets.end" [3mrss_mb[0m[2m=[0m326 [3mhwm_mb[0m[2m=[0m332
[2m2026-09-15T06:58:49.146512Z[0m [32m INFO[0m [2mmidnight_bench[0m[2m:[0m [3mstage[0m[2m=[0m"finalise.compute_h_poly.end" [3mrss_mb[0m[2m=[0m326 [3mhwm_mb[0m[2m=[0m332
[2m2026-09-15T06:58:49.146519Z[0m [32m INFO[0m [2mmidnight_bench[0m[2m:[0m [3mstage[0m[2m=[0m"finalise.vanishing_construct.start" [3mrss_mb[0m[2m=[0m326 [3mhwm_mb[0m[2m=[0m332
[2m2026-09-15T06:58:49.237349Z[0m [32m INFO[0m [2mmidnight_bench[0m[2m:[0m [3mstage[0m[2m=[0m"finalise.vanishing_construct.end" [3mrss_mb[0m[2m=[0m326 [3mhwm_mb[0m[2m=[0m332
[2m2026-09-15T06:58:49.274655Z[0m [32m INFO[0m [2mmidnight_bench[0m[2m:[0m [3mstage[0m[2m=[0m"finalise.compute_queries.start" [3mrss_mb[0m[2m=[0m326 [3mhwm_mb[0m[2m=[0m332
[2m2026-09-15T06:58:49.274747Z[0m [32m INFO[0m [2mmidnight_bench[0m[2m:[0m [3mstage[0m[2m=[0m"finalise.multi_open.start" [3mrss_mb[0m[2m=[0m326 [3mhwm_mb[0m[2m=[0m332
[2m2026-09-15T06:58:49.368620Z[0m [32m INFO[0m [2mmidnight_bench[0m[2m:[0m [3mstage[0m[2m=[0m"finalise.multi_open.end" [3mrss_mb[0m[2m=[0m326 [3mhwm_mb[0m[2m=[0m332
[2m2026-09-15T06:58:49.369129Z[0m [32m INFO[0m [2mmidnight_bench[0m[2m:[0m [3mstage[0m[2m=[0m"create_proof.finalise_proof.end" [3mrss_mb[0m[2m=[0m312 [3mhwm_mb[0m[2m=[0m332
[2m2026-09-15T06:58:49.385135Z[0m [32m INFO[0m [2mactix_web::middleware::logger[0m[2m:[0m 192.168.65.1 POST /prove HTTP/1.1; took 0.693865s
[2m2026-09-15T06:58:49.386448Z[0m [32m INFO[0m [2mmidnight_proof_server::endpoints[0m[2m:[0m Starting to process request for /prove...
[2m2026-09-15T06:58:49.461760Z[0m [32m INFO[0m [2mmidnight_bench[0m[2m:[0m [3mstage[0m[2m=[0m"create_proof.compute_trace.start" [3mrss_mb[0m[2m=[0m299 [3mhwm_mb[0m[2m=[0m332
[2m2026-09-15T06:58:49.461801Z[0m [32m INFO[0m [2mmidnight_bench[0m[2m:[0m [3mstage[0m[2m=[0m"trace.compute_instances.start" [3mrss_mb[0m[2m=[0m299 [3mhwm_mb[0m[2m=[0m332
[2m2026-09-15T06:58:49.466983Z[0m [32m INFO[0m [2mmidnight_bench[0m[2m:[0m [3mstage[0m[2m=[0m"trace.compute_instances.end" [3mrss_mb[0m[2m=[0m299 [3mhwm_mb[0m[2m=[0m332
[2m2026-09-15T06:58:49.467002Z[0m [32m INFO[0m [2mmidnight_bench[0m[2m:[0m [3mstage[0m[2m=[0m"trace.parse_advices.start" [3mrss_mb[0m[2m=[0m299 [3mhwm_mb[0m[2m=[0m332
[2m2026-09-15T06:58:49.471926Z[0m [32m INFO[0m [2mmidnight_bench[0m[2m:[0m [3mstage[0m[2m=[0m"trace.parse_advices.end" [3mrss_mb[0m[2m=[0m299 [3mhwm_mb[0m[2m=[0m332
[2m2026-09-15T06:58:49.471948Z[0m [32m INFO[0m [2mmidnight_bench[0m[2m:[0m [3mstage[0m[2m=[0m"trace.lookups_permuted.start" [3mrss_mb[0m[2m=[0m299 [3mhwm_mb[0m[2m=[0m332
[2m2026-09-15T06:58:49.518296Z[0m [32m INFO[0m [2mmidnight_bench[0m[2m:[0m [3mstage[0m[2m=[0m"trace.lookups_permuted.end" [3mrss_mb[0m[2m=[0m303 [3mhwm_mb[0m[2m=[0m332
[2m2026-09-15T06:58:49.518327Z[0m [32m INFO[0m [2mmidnight_bench[0m[2m:[0m [3mstage[0m[2m=[0m"trace.permutations_commit.start" [3mrss_mb[0m[2m=[0m303 [3mhwm_mb[0m[2m=[0m332
[2m2026-09-15T06:58:49.590394Z[0m [32m INFO[0m [2mmidnight_bench[0m[2m:[0m [3mstage[0m[2m=[0m"trace.permutations_commit.end" [3mrss_mb[0m[2m=[0m310 [3mhwm_mb[0m[2m=[0m332
[2m2026-09-15T06:58:49.590420Z[0m [32m INFO[0m [2mmidnight_bench[0m[2m:[0m [3mstage[0m[2m=[0m"trace.lookups_product.start" [3mrss_mb[0m[2m=[0m310 [3mhwm_mb[0m[2m=[0m332
[2m2026-09-15T06:58:49.640501Z[0m [32m INFO[0m [2mmidnight_bench[0m[2m:[0m [3mstage[0m[2m=[0m"trace.lookups_product.end" [3mrss_mb[0m[2m=[0m311 [3mhwm_mb[0m[2m=[0m332
[2m2026-09-15T06:58:49.665546Z[0m [32m INFO[0m [2mmidnight_bench[0m[2m:[0m [3mstage[0m[2m=[0m"create_proof.compute_trace.end" [3mrss_mb[0m[2m=[0m311 [3mhwm_mb[0m[2m=[0m332
[2m2026-09-15T06:58:49.665569Z[0m [32m INFO[0m [2mmidnight_bench[0m[2m:[0m [3mstage[0m[2m=[0m"create_proof.finalise_proof.start" [3mrss_mb[0m[2m=[0m311 [3mhwm_mb[0m[2m=[0m332
[2m2026-09-15T06:58:49.665579Z[0m [32m INFO[0m [2mmidnight_bench[0m[2m:[0m [3mstage[0m[2m=[0m"finalise.compute_h_poly.start" [3mrss_mb[0m[2m=[0m311 [3mhwm_mb[0m[2m=[0m332
[2m2026-09-15T06:58:49.681126Z[0m [32m INFO[0m [2mmidnight_bench[0m[2m:[0m [3mstage[0m[2m=[0m"finalise.compute_h_poly.materialise_fixed_cosets.start" [3mrss_mb[0m[2m=[0m311 [3mhwm_mb[0m[2m=[0m332
[2m2026-09-15T06:58:49.709466Z[0m [32m INFO[0m [2mmidnight_bench[0m[2m:[0m [3mstage[0m[2m=[0m"finalise.compute_h_poly.materialise_fixed_cosets.end" [3mrss_mb[0m[2m=[0m311 [3mhwm_mb[0m[2m=[0m332
[2m2026-09-15T06:58:49.709495Z[0m [32m INFO[0m [2mmidnight_bench[0m[2m:[0m [3mstage[0m[2m=[0m"finalise.compute_h_poly.materialise_perm_cosets.start" [3mrss_mb[0m[2m=[0m311 [3mhwm_mb[0m[2m=[0m332
[2m2026-09-15T06:58:49.722362Z[0m [32m INFO[0m [2mmidnight_bench[0m[2m:[0m [3mstage[0m[2m=[0m"finalise.compute_h_poly.materialise_perm_cosets.end" [3mrss_mb[0m[2m=[0m311 [3mhwm_mb[0m[2m=[0m332
[2m2026-09-15T06:58:49.843125Z[0m [32m INFO[0m [2mmidnight_bench[0m[2m:[0m [3mstage[0m[2m=[0m"finalise.compute_h_poly.drop_cosets.end" [3mrss_mb[0m[2m=[0m312 [3mhwm_mb[0m[2m=[0m332
[2m2026-09-15T06:58:49.843154Z[0m [32m INFO[0m [2mmidnight_bench[0m[2m:[0m [3mstage[0m[2m=[0m"finalise.compute_h_poly.end" [3mrss_mb[0m[2m=[0m312 [3mhwm_mb[0m[2m=[0m332
[2m2026-09-15T06:58:49.843162Z[0m [32m INFO[0m [2mmidnight_bench[0m[2m:[0m [3mstage[0m[2m=[0m"finalise.vanishing_construct.start" [3mrss_mb[0m[2m=[0m312 [3mhwm_mb[0m[2m=[0m332
[2m2026-09-15T06:58:49.937470Z[0m [32m INFO[0m [2mmidnight_bench[0m[2m:[0m [3mstage[0m[2m=[0m"finalise.vanishing_construct.end" [3mrss_mb[0m[2m=[0m313 [3mhwm_mb[0m[2m=[0m332
[2m2026-09-15T06:58:49.965022Z[0m [32m INFO[0m [2mmidnight_bench[0m[2m:[0m [3mstage[0m[2m=[0m"finalise.compute_queries.start" [3mrss_mb[0m[2m=[0m313 [3mhwm_mb[0m[2m=[0m332
[2m2026-09-15T06:58:49.965112Z[0m [32m INFO[0m [2mmidnight_bench[0m[2m:[0m [3mstage[0m[2m=[0m"finalise.multi_open.start" [3mrss_mb[0m[2m=[0m313 [3mhwm_mb[0m[2m=[0m332
[2m2026-09-15T06:58:50.059156Z[0m [32m INFO[0m [2mmidnight_bench[0m[2m:[0m [3mstage[0m[2m=[0m"finalise.multi_open.end" [3mrss_mb[0m[2m=[0m313 [3mhwm_mb[0m[2m=[0m332
[2m2026-09-15T06:58:50.059656Z[0m [32m INFO[0m [2mmidnight_bench[0m[2m:[0m [3mstage[0m[2m=[0m"create_proof.finalise_proof.end" [3mrss_mb[0m[2m=[0m299 [3mhwm_mb[0m[2m=[0m332
[2m2026-09-15T06:58:50.075356Z[0m [32m INFO[0m [2mactix_web::middleware::logger[0m[2m:[0m 192.168.65.1 POST /prove HTTP/1.1; took 0.688924s
[2m2026-09-15T06:58:50.076826Z[0m [32m INFO[0m [2mmidnight_proof_server::endpoints[0m[2m:[0m Starting to process request for /prove...
[2m2026-09-15T06:58:50.161588Z[0m [32m INFO[0m [2mmidnight_bench[0m[2m:[0m [3mstage[0m[2m=[0m"create_proof.compute_trace.start" [3mrss_mb[0m[2m=[0m299 [3mhwm_mb[0m[2m=[0m332
[2m2026-09-15T06:58:50.161622Z[0m [32m INFO[0m [2mmidnight_bench[0m[2m:[0m [3mstage[0m[2m=[0m"trace.compute_instances.start" [3mrss_mb[0m[2m=[0m299 [3mhwm_mb[0m[2m=[0m332
[2m2026-09-15T06:58:50.165966Z[0m [32m INFO[0m [2mmidnight_bench[0m[2m:[0m [3mstage[0m[2m=[0m"trace.compute_instances.end" [3mrss_mb[0m[2m=[0m299 [3mhwm_mb[0m[2m=[0m332
[2m2026-09-15T06:58:50.165994Z[0m [32m INFO[0m [2mmidnight_bench[0m[2m:[0m [3mstage[0m[2m=[0m"trace.parse_advices.start" [3mrss_mb[0m[2m=[0m299 [3mhwm_mb[0m[2m=[0m332
[2m2026-09-15T06:58:50.171240Z[0m [32m INFO[0m [2mmidnight_bench[0m[2m:[0m [3mstage[0m[2m=[0m"trace.parse_advices.end" [3mrss_mb[0m[2m=[0m299 [3mhwm_mb[0m[2m=[0m332
[2m2026-09-15T06:58:50.171262Z[0m [32m INFO[0m [2mmidnight_bench[0m[2m:[0m [3mstage[0m[2m=[0m"trace.lookups_permuted.start" [3mrss_mb[0m[2m=[0m299 [3mhwm_mb[0m[2m=[0m332
[2m2026-09-15T06:58:50.219821Z[0m [32m INFO[0m [2mmidnight_bench[0m[2m:[0m [3mstage[0m[2m=[0m"trace.lookups_permuted.end" [3mrss_mb[0m[2m=[0m303 [3mhwm_mb[0m[2m=[0m332
[2m2026-09-15T06:58:50.219849Z[0m [32m INFO[0m [2mmidnight_bench[0m[2m:[0m [3mstage[0m[2m=[0m"trace.permutations_commit.start" [3mrss_mb[0m[2m=[0m303 [3mhwm_mb[0m[2m=[0m332
[2m2026-09-15T06:58:50.291832Z[0m [32m INFO[0m [2mmidnight_bench[0m[2m:[0m [3mstage[0m[2m=[0m"trace.permutations_commit.end" [3mrss_mb[0m[2m=[0m311 [3mhwm_mb[0m[2m=[0m332
[2m2026-09-15T06:58:50.291858Z[0m [32m INFO[0m [2mmidnight_bench[0m[2m:[0m [3mstage[0m[2m=[0m"trace.lookups_product.start" [3mrss_mb[0m[2m=[0m311 [3mhwm_mb[0m[2m=[0m332
[2m2026-09-15T06:58:50.342891Z[0m [32m INFO[0m [2mmidnight_bench[0m[2m:[0m [3mstage[0m[2m=[0m"trace.lookups_product.end" [3mrss_mb[0m[2m=[0m311 [3mhwm_mb[0m[2m=[0m332
[2m2026-09-15T06:58:50.368373Z[0m [32m INFO[0m [2mmidnight_bench[0m[2m:[0m [3mstage[0m[2m=[0m"create_proof.compute_trace.end" [3mrss_mb[0m[2m=[0m311 [3mhwm_mb[0m[2m=[0m332
[2m2026-09-15T06:58:50.368396Z[0m [32m INFO[0m [2mmidnight_bench[0m[2m:[0m [3mstage[0m[2m=[0m"create_proof.finalise_proof.start" [3mrss_mb[0m[2m=[0m311 [3mhwm_mb[0m[2m=[0m332
[2m2026-09-15T06:58:50.368406Z[0m [32m INFO[0m [2mmidnight_bench[0m[2m:[0m [3mstage[0m[2m=[0m"finalise.compute_h_poly.start" [3mrss_mb[0m[2m=[0m311 [3mhwm_mb[0m[2m=[0m332
[2m2026-09-15T06:58:50.383712Z[0m [32m INFO[0m [2mmidnight_bench[0m[2m:[0m [3mstage[0m[2m=[0m"finalise.compute_h_poly.materialise_fixed_cosets.start" [3mrss_mb[0m[2m=[0m311 [3mhwm_mb[0m[2m=[0m332
[2m2026-09-15T06:58:50.417834Z[0m [32m INFO[0m [2mmidnight_bench[0m[2m:[0m [3mstage[0m[2m=[0m"finalise.compute_h_poly.materialise_fixed_cosets.end" [3mrss_mb[0m[2m=[0m313 [3mhwm_mb[0m[2m=[0m332
[2m2026-09-15T06:58:50.417858Z[0m [32m INFO[0m [2mmidnight_bench[0m[2m:[0m [3mstage[0m[2m=[0m"finalise.compute_h_poly.materialise_perm_cosets.start" [3mrss_mb[0m[2m=[0m313 [3mhwm_mb[0m[2m=[0m332
[2m2026-09-15T06:58:50.434792Z[0m [32m INFO[0m [2mmidnight_bench[0m[2m:[0m [3mstage[0m[2m=[0m"finalise.compute_h_poly.materialise_perm_cosets.end" [3mrss_mb[0m[2m=[0m315 [3mhwm_mb[0m[2m=[0m332
[2m2026-09-15T06:58:50.578063Z[0m [32m INFO[0m [2mmidnight_bench[0m[2m:[0m [3mstage[0m[2m=[0m"finalise.compute_h_poly.drop_cosets.end" [3mrss_mb[0m[2m=[0m317 [3mhwm_mb[0m[2m=[0m332
[2m2026-09-15T06:58:50.578097Z[0m [32m INFO[0m [2mmidnight_bench[0m[2m:[0m [3mstage[0m[2m=[0m"finalise.compute_h_poly.end" [3mrss_mb[0m[2m=[0m317 [3mhwm_mb[0m[2m=[0m332
[2m2026-09-15T06:58:50.578105Z[0m [32m INFO[0m [2mmidnight_bench[0m[2m:[0m [3mstage[0m[2m=[0m"finalise.vanishing_construct.start" [3mrss_mb[0m[2m=[0m317 [3mhwm_mb[0m[2m=[0m332
[2m2026-09-15T06:58:50.686883Z[0m [32m INFO[0m [2mmidnight_bench[0m[2m:[0m [3mstage[0m[2m=[0m"finalise.vanishing_construct.end" [3mrss_mb[0m[2m=[0m317 [3mhwm_mb[0m[2m=[0m332
[2m2026-09-15T06:58:50.717416Z[0m [32m INFO[0m [2mmidnight_bench[0m[2m:[0m [3mstage[0m[2m=[0m"finalise.compute_queries.start" [3mrss_mb[0m[2m=[0m317 [3mhwm_mb[0m[2m=[0m332
[2m2026-09-15T06:58:50.717507Z[0m [32m INFO[0m [2mmidnight_bench[0m[2m:[0m [3mstage[0m[2m=[0m"finalise.multi_open.start" [3mrss_mb[0m[2m=[0m317 [3mhwm_mb[0m[2m=[0m332
[2m2026-09-15T06:58:50.816205Z[0m [32m INFO[0m [2mmidnight_bench[0m[2m:[0m [3mstage[0m[2m=[0m"finalise.multi_open.end" [3mrss_mb[0m[2m=[0m317 [3mhwm_mb[0m[2m=[0m332
[2m2026-09-15T06:58:50.816685Z[0m [32m INFO[0m [2mmidnight_bench[0m[2m:[0m [3mstage[0m[2m=[0m"create_proof.finalise_proof.end" [3mrss_mb[0m[2m=[0m303 [3mhwm_mb[0m[2m=[0m332
[2m2026-09-15T06:58:50.832549Z[0m [32m INFO[0m [2mactix_web::middleware::logger[0m[2m:[0m 192.168.65.1 POST /prove HTTP/1.1; took 0.755741s
[2m2026-09-15T06:58:50.834266Z[0m [32m INFO[0m [2mmidnight_proof_server::endpoints[0m[2m:[0m Starting to process request for /prove...
[2m2026-09-15T06:58:50.907472Z[0m [32m INFO[0m [2mmidnight_bench[0m[2m:[0m [3mstage[0m[2m=[0m"create_proof.compute_trace.start" [3mrss_mb[0m[2m=[0m289 [3mhwm_mb[0m[2m=[0m332
[2m2026-09-15T06:58:50.907502Z[0m [32m INFO[0m [2mmidnight_bench[0m[2m:[0m [3mstage[0m[2m=[0m"trace.compute_instances.start" [3mrss_mb[0m[2m=[0m289 [3mhwm_mb[0m[2m=[0m332
[2m2026-09-15T06:58:50.912196Z[0m [32m INFO[0m [2mmidnight_bench[0m[2m:[0m [3mstage[0m[2m=[0m"trace.compute_instances.end" [3mrss_mb[0m[2m=[0m289 [3mhwm_mb[0m[2m=[0m332
[2m2026-09-15T06:58:50.912218Z[0m [32m INFO[0m [2mmidnight_bench[0m[2m:[0m [3mstage[0m[2m=[0m"trace.parse_advices.start" [3mrss_mb[0m[2m=[0m289 [3mhwm_mb[0m[2m=[0m332
[2m2026-09-15T06:58:50.917211Z[0m [32m INFO[0m [2mmidnight_bench[0m[2m:[0m [3mstage[0m[2m=[0m"trace.parse_advices.end" [3mrss_mb[0m[2m=[0m289 [3mhwm_mb[0m[2m=[0m332
[2m2026-09-15T06:58:50.917232Z[0m [32m INFO[0m [2mmidnight_bench[0m[2m:[0m [3mstage[0m[2m=[0m"trace.lookups_permuted.start" [3mrss_mb[0m[2m=[0m289 [3mhwm_mb[0m[2m=[0m332
[2m2026-09-15T06:58:50.963626Z[0m [32m INFO[0m [2mmidnight_bench[0m[2m:[0m [3mstage[0m[2m=[0m"trace.lookups_permuted.end" [3mrss_mb[0m[2m=[0m293 [3mhwm_mb[0m[2m=[0m332
[2m2026-09-15T06:58:50.963655Z[0m [32m INFO[0m [2mmidnight_bench[0m[2m:[0m [3mstage[0m[2m=[0m"trace.permutations_commit.start" [3mrss_mb[0m[2m=[0m293 [3mhwm_mb[0m[2m=[0m332
[2m2026-09-15T06:58:51.036490Z[0m [32m INFO[0m [2mmidnight_bench[0m[2m:[0m [3mstage[0m[2m=[0m"trace.permutations_commit.end" [3mrss_mb[0m[2m=[0m301 [3mhwm_mb[0m[2m=[0m332
[2m2026-09-15T06:58:51.036522Z[0m [32m INFO[0m [2mmidnight_bench[0m[2m:[0m [3mstage[0m[2m=[0m"trace.lookups_product.start" [3mrss_mb[0m[2m=[0m301 [3mhwm_mb[0m[2m=[0m332
[2m2026-09-15T06:58:51.090588Z[0m [32m INFO[0m [2mmidnight_bench[0m[2m:[0m [3mstage[0m[2m=[0m"trace.lookups_product.end" [3mrss_mb[0m[2m=[0m301 [3mhwm_mb[0m[2m=[0m332
[2m2026-09-15T06:58:51.115820Z[0m [32m INFO[0m [2mmidnight_bench[0m[2m:[0m [3mstage[0m[2m=[0m"create_proof.compute_trace.end" [3mrss_mb[0m[2m=[0m301 [3mhwm_mb[0m[2m=[0m332
[2m2026-09-15T06:58:51.115855Z[0m [32m INFO[0m [2mmidnight_bench[0m[2m:[0m [3mstage[0m[2m=[0m"create_proof.finalise_proof.start" [3mrss_mb[0m[2m=[0m301 [3mhwm_mb[0m[2m=[0m332
[2m2026-09-15T06:58:51.115864Z[0m [32m INFO[0m [2mmidnight_bench[0m[2m:[0m [3mstage[0m[2m=[0m"finalise.compute_h_poly.start" [3mrss_mb[0m[2m=[0m301 [3mhwm_mb[0m[2m=[0m332
[2m2026-09-15T06:58:51.131845Z[0m [32m INFO[0m [2mmidnight_bench[0m[2m:[0m [3mstage[0m[2m=[0m"finalise.compute_h_poly.materialise_fixed_cosets.start" [3mrss_mb[0m[2m=[0m301 [3mhwm_mb[0m[2m=[0m332
[2m2026-09-15T06:58:51.163641Z[0m [32m INFO[0m [2mmidnight_bench[0m[2m:[0m [3mstage[0m[2m=[0m"finalise.compute_h_poly.materialise_fixed_cosets.end" [3mrss_mb[0m[2m=[0m301 [3mhwm_mb[0m[2m=[0m332
[2m2026-09-15T06:58:51.163670Z[0m [32m INFO[0m [2mmidnight_bench[0m[2m:[0m [3mstage[0m[2m=[0m"finalise.compute_h_poly.materialise_perm_cosets.start" [3mrss_mb[0m[2m=[0m301 [3mhwm_mb[0m[2m=[0m332
[2m2026-09-15T06:58:51.177386Z[0m [32m INFO[0m [2mmidnight_bench[0m[2m:[0m [3mstage[0m[2m=[0m"finalise.compute_h_poly.materialise_perm_cosets.end" [3mrss_mb[0m[2m=[0m301 [3mhwm_mb[0m[2m=[0m332
[2m2026-09-15T06:58:51.302729Z[0m [32m INFO[0m [2mmidnight_bench[0m[2m:[0m [3mstage[0m[2m=[0m"finalise.compute_h_poly.drop_cosets.end" [3mrss_mb[0m[2m=[0m303 [3mhwm_mb[0m[2m=[0m332
[2m2026-09-15T06:58:51.302765Z[0m [32m INFO[0m [2mmidnight_bench[0m[2m:[0m [3mstage[0m[2m=[0m"finalise.compute_h_poly.end" [3mrss_mb[0m[2m=[0m303 [3mhwm_mb[0m[2m=[0m332
[2m2026-09-15T06:58:51.302780Z[0m [32m INFO[0m [2mmidnight_bench[0m[2m:[0m [3mstage[0m[2m=[0m"finalise.vanishing_construct.start" [3mrss_mb[0m[2m=[0m303 [3mhwm_mb[0m[2m=[0m332
[2m2026-09-15T06:58:51.413001Z[0m [32m INFO[0m [2mmidnight_bench[0m[2m:[0m [3mstage[0m[2m=[0m"finalise.vanishing_construct.end" [3mrss_mb[0m[2m=[0m303 [3mhwm_mb[0m[2m=[0m332
[2m2026-09-15T06:58:51.440843Z[0m [32m INFO[0m [2mmidnight_bench[0m[2m:[0m [3mstage[0m[2m=[0m"finalise.compute_queries.start" [3mrss_mb[0m[2m=[0m303 [3mhwm_mb[0m[2m=[0m332
[2m2026-09-15T06:58:51.440941Z[0m [32m INFO[0m [2mmidnight_bench[0m[2m:[0m [3mstage[0m[2m=[0m"finalise.multi_open.start" [3mrss_mb[0m[2m=[0m303 [3mhwm_mb[0m[2m=[0m332
[2m2026-09-15T06:58:51.535134Z[0m [32m INFO[0m [2mmidnight_bench[0m[2m:[0m [3mstage[0m[2m=[0m"finalise.multi_open.end" [3mrss_mb[0m[2m=[0m303 [3mhwm_mb[0m[2m=[0m332
[2m2026-09-15T06:58:51.536079Z[0m [32m INFO[0m [2mmidnight_bench[0m[2m:[0m [3mstage[0m[2m=[0m"create_proof.finalise_proof.end" [3mrss_mb[0m[2m=[0m289 [3mhwm_mb[0m[2m=[0m332
[2m2026-09-15T06:58:51.552834Z[0m [32m INFO[0m [2mactix_web::middleware::logger[0m[2m:[0m 192.168.65.1 POST /prove HTTP/1.1; took 0.718588s
[2m2026-09-15T06:58:51.555514Z[0m [32m INFO[0m [2mmidnight_proof_server::endpoints[0m[2m:[0m Starting to process request for /prove...
[2m2026-09-15T06:58:51.630614Z[0m [32m INFO[0m [2mmidnight_bench[0m[2m:[0m [3mstage[0m[2m=[0m"create_proof.compute_trace.start" [3mrss_mb[0m[2m=[0m304 [3mhwm_mb[0m[2m=[0m332
[2m2026-09-15T06:58:51.630642Z[0m [32m INFO[0m [2mmidnight_bench[0m[2m:[0m [3mstage[0m[2m=[0m"trace.compute_instances.start" [3mrss_mb[0m[2m=[0m304 [3mhwm_mb[0m[2m=[0m332
[2m2026-09-15T06:58:51.636745Z[0m [32m INFO[0m [2mmidnight_bench[0m[2m:[0m [3mstage[0m[2m=[0m"trace.compute_instances.end" [3mrss_mb[0m[2m=[0m304 [3mhwm_mb[0m[2m=[0m332
[2m2026-09-15T06:58:51.636767Z[0m [32m INFO[0m [2mmidnight_bench[0m[2m:[0m [3mstage[0m[2m=[0m"trace.parse_advices.start" [3mrss_mb[0m[2m=[0m304 [3mhwm_mb[0m[2m=[0m332
[2m2026-09-15T06:58:51.642023Z[0m [32m INFO[0m [2mmidnight_bench[0m[2m:[0m [3mstage[0m[2m=[0m"trace.parse_advices.end" [3mrss_mb[0m[2m=[0m304 [3mhwm_mb[0m[2m=[0m332
[2m2026-09-15T06:58:51.642046Z[0m [32m INFO[0m [2mmidnight_bench[0m[2m:[0m [3mstage[0m[2m=[0m"trace.lookups_permuted.start" [3mrss_mb[0m[2m=[0m304 [3mhwm_mb[0m[2m=[0m332
[2m2026-09-15T06:58:51.691218Z[0m [32m INFO[0m [2mmidnight_bench[0m[2m:[0m [3mstage[0m[2m=[0m"trace.lookups_permuted.end" [3mrss_mb[0m[2m=[0m308 [3mhwm_mb[0m[2m=[0m332
[2m2026-09-15T06:58:51.691247Z[0m [32m INFO[0m [2mmidnight_bench[0m[2m:[0m [3mstage[0m[2m=[0m"trace.permutations_commit.start" [3mrss_mb[0m[2m=[0m308 [3mhwm_mb[0m[2m=[0m332
[2m2026-09-15T06:58:51.764822Z[0m [32m INFO[0m [2mmidnight_bench[0m[2m:[0m [3mstage[0m[2m=[0m"trace.permutations_commit.end" [3mrss_mb[0m[2m=[0m315 [3mhwm_mb[0m[2m=[0m332
[2m2026-09-15T06:58:51.764851Z[0m [32m INFO[0m [2mmidnight_bench[0m[2m:[0m [3mstage[0m[2m=[0m"trace.lookups_product.start" [3mrss_mb[0m[2m=[0m315 [3mhwm_mb[0m[2m=[0m332
[2m2026-09-15T06:58:51.817807Z[0m [32m INFO[0m [2mmidnight_bench[0m[2m:[0m [3mstage[0m[2m=[0m"trace.lookups_product.end" [3mrss_mb[0m[2m=[0m316 [3mhwm_mb[0m[2m=[0m332
[2m2026-09-15T06:58:51.845030Z[0m [32m INFO[0m [2mmidnight_bench[0m[2m:[0m [3mstage[0m[2m=[0m"create_proof.compute_trace.end" [3mrss_mb[0m[2m=[0m316 [3mhwm_mb[0m[2m=[0m332
[2m2026-09-15T06:58:51.845056Z[0m [32m INFO[0m [2mmidnight_bench[0m[2m:[0m [3mstage[0m[2m=[0m"create_proof.finalise_proof.start" [3mrss_mb[0m[2m=[0m316 [3mhwm_mb[0m[2m=[0m332
[2m2026-09-15T06:58:51.845065Z[0m [32m INFO[0m [2mmidnight_bench[0m[2m:[0m [3mstage[0m[2m=[0m"finalise.compute_h_poly.start" [3mrss_mb[0m[2m=[0m316 [3mhwm_mb[0m[2m=[0m332
[2m2026-09-15T06:58:51.863434Z[0m [32m INFO[0m [2mmidnight_bench[0m[2m:[0m [3mstage[0m[2m=[0m"finalise.compute_h_poly.materialise_fixed_cosets.start" [3mrss_mb[0m[2m=[0m316 [3mhwm_mb[0m[2m=[0m332
[2m2026-09-15T06:58:51.890778Z[0m [32m INFO[0m [2mmidnight_bench[0m[2m:[0m [3mstage[0m[2m=[0m"finalise.compute_h_poly.materialise_fixed_cosets.end" [3mrss_mb[0m[2m=[0m317 [3mhwm_mb[0m[2m=[0m332
[2m2026-09-15T06:58:51.890803Z[0m [32m INFO[0m [2mmidnight_bench[0m[2m:[0m [3mstage[0m[2m=[0m"finalise.compute_h_poly.materialise_perm_cosets.start" [3mrss_mb[0m[2m=[0m317 [3mhwm_mb[0m[2m=[0m332
[2m2026-09-15T06:58:51.903709Z[0m [32m INFO[0m [2mmidnight_bench[0m[2m:[0m [3mstage[0m[2m=[0m"finalise.compute_h_poly.materialise_perm_cosets.end" [3mrss_mb[0m[2m=[0m318 [3mhwm_mb[0m[2m=[0m332
[2m2026-09-15T06:58:52.030557Z[0m [32m INFO[0m [2mmidnight_bench[0m[2m:[0m [3mstage[0m[2m=[0m"finalise.compute_h_poly.drop_cosets.end" [3mrss_mb[0m[2m=[0m319 [3mhwm_mb[0m[2m=[0m332
[2m2026-09-15T06:58:52.030590Z[0m [32m INFO[0m [2mmidnight_bench[0m[2m:[0m [3mstage[0m[2m=[0m"finalise.compute_h_poly.end" [3mrss_mb[0m[2m=[0m319 [3mhwm_mb[0m[2m=[0m332
[2m2026-09-15T06:58:52.030597Z[0m [32m INFO[0m [2mmidnight_bench[0m[2m:[0m [3mstage[0m[2m=[0m"finalise.vanishing_construct.start" [3mrss_mb[0m[2m=[0m319 [3mhwm_mb[0m[2m=[0m332
[2m2026-09-15T06:58:52.123835Z[0m [32m INFO[0m [2mmidnight_bench[0m[2m:[0m [3mstage[0m[2m=[0m"finalise.vanishing_construct.end" [3mrss_mb[0m[2m=[0m320 [3mhwm_mb[0m[2m=[0m332
[2m2026-09-15T06:58:52.153948Z[0m [32m INFO[0m [2mmidnight_bench[0m[2m:[0m [3mstage[0m[2m=[0m"finalise.compute_queries.start" [3mrss_mb[0m[2m=[0m320 [3mhwm_mb[0m[2m=[0m332
[2m2026-09-15T06:58:52.154035Z[0m [32m INFO[0m [2mmidnight_bench[0m[2m:[0m [3mstage[0m[2m=[0m"finalise.multi_open.start" [3mrss_mb[0m[2m=[0m320 [3mhwm_mb[0m[2m=[0m332
[2m2026-09-15T06:58:52.247477Z[0m [32m INFO[0m [2mmidnight_bench[0m[2m:[0m [3mstage[0m[2m=[0m"finalise.multi_open.end" [3mrss_mb[0m[2m=[0m320 [3mhwm_mb[0m[2m=[0m332
[2m2026-09-15T06:58:52.247973Z[0m [32m INFO[0m [2mmidnight_bench[0m[2m:[0m [3mstage[0m[2m=[0m"create_proof.finalise_proof.end" [3mrss_mb[0m[2m=[0m306 [3mhwm_mb[0m[2m=[0m332
[2m2026-09-15T06:58:52.264429Z[0m [32m INFO[0m [2mactix_web::middleware::logger[0m[2m:[0m 192.168.65.1 POST /prove HTTP/1.1; took 0.708978s
[2m2026-09-15T06:58:52.265962Z[0m [32m INFO[0m [2mmidnight_proof_server::endpoints[0m[2m:[0m Starting to process request for /prove...
[2m2026-09-15T06:58:52.338129Z[0m [32m INFO[0m [2mmidnight_bench[0m[2m:[0m [3mstage[0m[2m=[0m"create_proof.compute_trace.start" [3mrss_mb[0m[2m=[0m303 [3mhwm_mb[0m[2m=[0m332
[2m2026-09-15T06:58:52.338154Z[0m [32m INFO[0m [2mmidnight_bench[0m[2m:[0m [3mstage[0m[2m=[0m"trace.compute_instances.start" [3mrss_mb[0m[2m=[0m303 [3mhwm_mb[0m[2m=[0m332
[2m2026-09-15T06:58:52.343928Z[0m [32m INFO[0m [2mmidnight_bench[0m[2m:[0m [3mstage[0m[2m=[0m"trace.compute_instances.end" [3mrss_mb[0m[2m=[0m303 [3mhwm_mb[0m[2m=[0m332
[2m2026-09-15T06:58:52.343957Z[0m [32m INFO[0m [2mmidnight_bench[0m[2m:[0m [3mstage[0m[2m=[0m"trace.parse_advices.start" [3mrss_mb[0m[2m=[0m303 [3mhwm_mb[0m[2m=[0m332
[2m2026-09-15T06:58:52.349315Z[0m [32m INFO[0m [2mmidnight_bench[0m[2m:[0m [3mstage[0m[2m=[0m"trace.parse_advices.end" [3mrss_mb[0m[2m=[0m303 [3mhwm_mb[0m[2m=[0m332
[2m2026-09-15T06:58:52.349337Z[0m [32m INFO[0m [2mmidnight_bench[0m[2m:[0m [3mstage[0m[2m=[0m"trace.lookups_permuted.start" [3mrss_mb[0m[2m=[0m303 [3mhwm_mb[0m[2m=[0m332
[2m2026-09-15T06:58:52.394412Z[0m [32m INFO[0m [2mmidnight_bench[0m[2m:[0m [3mstage[0m[2m=[0m"trace.lookups_permuted.end" [3mrss_mb[0m[2m=[0m307 [3mhwm_mb[0m[2m=[0m332
[2m2026-09-15T06:58:52.394443Z[0m [32m INFO[0m [2mmidnight_bench[0m[2m:[0m [3mstage[0m[2m=[0m"trace.permutations_commit.start" [3mrss_mb[0m[2m=[0m307 [3mhwm_mb[0m[2m=[0m332
[2m2026-09-15T06:58:52.466259Z[0m [32m INFO[0m [2mmidnight_bench[0m[2m:[0m [3mstage[0m[2m=[0m"trace.permutations_commit.end" [3mrss_mb[0m[2m=[0m315 [3mhwm_mb[0m[2m=[0m332
[2m2026-09-15T06:58:52.466285Z[0m [32m INFO[0m [2mmidnight_bench[0m[2m:[0m [3mstage[0m[2m=[0m"trace.lookups_product.start" [3mrss_mb[0m[2m=[0m315 [3mhwm_mb[0m[2m=[0m332
[2m2026-09-15T06:58:52.519767Z[0m [32m INFO[0m [2mmidnight_bench[0m[2m:[0m [3mstage[0m[2m=[0m"trace.lookups_product.end" [3mrss_mb[0m[2m=[0m315 [3mhwm_mb[0m[2m=[0m332
[2m2026-09-15T06:58:52.545865Z[0m [32m INFO[0m [2mmidnight_bench[0m[2m:[0m [3mstage[0m[2m=[0m"create_proof.compute_trace.end" [3mrss_mb[0m[2m=[0m315 [3mhwm_mb[0m[2m=[0m332
[2m2026-09-15T06:58:52.545888Z[0m [32m INFO[0m [2mmidnight_bench[0m[2m:[0m [3mstage[0m[2m=[0m"create_proof.finalise_proof.start" [3mrss_mb[0m[2m=[0m315 [3mhwm_mb[0m[2m=[0m332
[2m2026-09-15T06:58:52.545897Z[0m [32m INFO[0m [2mmidnight_bench[0m[2m:[0m [3mstage[0m[2m=[0m"finalise.compute_h_poly.start" [3mrss_mb[0m[2m=[0m315 [3mhwm_mb[0m[2m=[0m332
[2m2026-09-15T06:58:52.565450Z[0m [32m INFO[0m [2mmidnight_bench[0m[2m:[0m [3mstage[0m[2m=[0m"finalise.compute_h_poly.materialise_fixed_cosets.start" [3mrss_mb[0m[2m=[0m315 [3mhwm_mb[0m[2m=[0m332
[2m2026-09-15T06:58:52.597315Z[0m [32m INFO[0m [2mmidnight_bench[0m[2m:[0m [3mstage[0m[2m=[0m"finalise.compute_h_poly.materialise_fixed_cosets.end" [3mrss_mb[0m[2m=[0m315 [3mhwm_mb[0m[2m=[0m332
[2m2026-09-15T06:58:52.597352Z[0m [32m INFO[0m [2mmidnight_bench[0m[2m:[0m [3mstage[0m[2m=[0m"finalise.compute_h_poly.materialise_perm_cosets.start" [3mrss_mb[0m[2m=[0m315 [3mhwm_mb[0m[2m=[0m332
[2m2026-09-15T06:58:52.620331Z[0m [32m INFO[0m [2mmidnight_bench[0m[2m:[0m [3mstage[0m[2m=[0m"finalise.compute_h_poly.materialise_perm_cosets.end" [3mrss_mb[0m[2m=[0m315 [3mhwm_mb[0m[2m=[0m332
[2m2026-09-15T06:58:52.756755Z[0m [32m INFO[0m [2mmidnight_bench[0m[2m:[0m [3mstage[0m[2m=[0m"finalise.compute_h_poly.drop_cosets.end" [3mrss_mb[0m[2m=[0m317 [3mhwm_mb[0m[2m=[0m332
[2m2026-09-15T06:58:52.756794Z[0m [32m INFO[0m [2mmidnight_bench[0m[2m:[0m [3mstage[0m[2m=[0m"finalise.compute_h_poly.end" [3mrss_mb[0m[2m=[0m317 [3mhwm_mb[0m[2m=[0m332
[2m2026-09-15T06:58:52.756803Z[0m [32m INFO[0m [2mmidnight_bench[0m[2m:[0m [3mstage[0m[2m=[0m"finalise.vanishing_construct.start" [3mrss_mb[0m[2m=[0m317 [3mhwm_mb[0m[2m=[0m332
[2m2026-09-15T06:58:52.855356Z[0m [32m INFO[0m [2mmidnight_bench[0m[2m:[0m [3mstage[0m[2m=[0m"finalise.vanishing_construct.end" [3mrss_mb[0m[2m=[0m317 [3mhwm_mb[0m[2m=[0m332
[2m2026-09-15T06:58:52.884317Z[0m [32m INFO[0m [2mmidnight_bench[0m[2m:[0m [3mstage[0m[2m=[0m"finalise.compute_queries.start" [3mrss_mb[0m[2m=[0m317 [3mhwm_mb[0m[2m=[0m332
[2m2026-09-15T06:58:52.884419Z[0m [32m INFO[0m [2mmidnight_bench[0m[2m:[0m [3mstage[0m[2m=[0m"finalise.multi_open.start" [3mrss_mb[0m[2m=[0m317 [3mhwm_mb[0m[2m=[0m332
[2m2026-09-15T06:58:52.978357Z[0m [32m INFO[0m [2mmidnight_bench[0m[2m:[0m [3mstage[0m[2m=[0m"finalise.multi_open.end" [3mrss_mb[0m[2m=[0m317 [3mhwm_mb[0m[2m=[0m332
[2m2026-09-15T06:58:52.978876Z[0m [32m INFO[0m [2mmidnight_bench[0m[2m:[0m [3mstage[0m[2m=[0m"create_proof.finalise_proof.end" [3mrss_mb[0m[2m=[0m301 [3mhwm_mb[0m[2m=[0m332
[2m2026-09-15T06:58:52.994221Z[0m [32m INFO[0m [2mactix_web::middleware::logger[0m[2m:[0m 192.168.65.1 POST /prove HTTP/1.1; took 0.728276s
[2m2026-09-15T06:58:52.995530Z[0m [32m INFO[0m [2mmidnight_proof_server::endpoints[0m[2m:[0m Starting to process request for /prove...
[2m2026-09-15T06:58:53.080503Z[0m [32m INFO[0m [2mmidnight_bench[0m[2m:[0m [3mstage[0m[2m=[0m"create_proof.compute_trace.start" [3mrss_mb[0m[2m=[0m286 [3mhwm_mb[0m[2m=[0m332
[2m2026-09-15T06:58:53.080533Z[0m [32m INFO[0m [2mmidnight_bench[0m[2m:[0m [3mstage[0m[2m=[0m"trace.compute_instances.start" [3mrss_mb[0m[2m=[0m286 [3mhwm_mb[0m[2m=[0m332
[2m2026-09-15T06:58:53.086202Z[0m [32m INFO[0m [2mmidnight_bench[0m[2m:[0m [3mstage[0m[2m=[0m"trace.compute_instances.end" [3mrss_mb[0m[2m=[0m286 [3mhwm_mb[0m[2m=[0m332
[2m2026-09-15T06:58:53.086220Z[0m [32m INFO[0m [2mmidnight_bench[0m[2m:[0m [3mstage[0m[2m=[0m"trace.parse_advices.start" [3mrss_mb[0m[2m=[0m286 [3mhwm_mb[0m[2m=[0m332
[2m2026-09-15T06:58:53.091479Z[0m [32m INFO[0m [2mmidnight_bench[0m[2m:[0m [3mstage[0m[2m=[0m"trace.parse_advices.end" [3mrss_mb[0m[2m=[0m287 [3mhwm_mb[0m[2m=[0m332
[2m2026-09-15T06:58:53.091507Z[0m [32m INFO[0m [2mmidnight_bench[0m[2m:[0m [3mstage[0m[2m=[0m"trace.lookups_permuted.start" [3mrss_mb[0m[2m=[0m287 [3mhwm_mb[0m[2m=[0m332
[2m2026-09-15T06:58:53.136543Z[0m [32m INFO[0m [2mmidnight_bench[0m[2m:[0m [3mstage[0m[2m=[0m"trace.lookups_permuted.end" [3mrss_mb[0m[2m=[0m292 [3mhwm_mb[0m[2m=[0m332
[2m2026-09-15T06:58:53.136570Z[0m [32m INFO[0m [2mmidnight_bench[0m[2m:[0m [3mstage[0m[2m=[0m"trace.permutations_commit.start" [3mrss_mb[0m[2m=[0m292 [3mhwm_mb[0m[2m=[0m332
[2m2026-09-15T06:58:53.208365Z[0m [32m INFO[0m [2mmidnight_bench[0m[2m:[0m [3mstage[0m[2m=[0m"trace.permutations_commit.end" [3mrss_mb[0m[2m=[0m299 [3mhwm_mb[0m[2m=[0m332
[2m2026-09-15T06:58:53.208405Z[0m [32m INFO[0m [2mmidnight_bench[0m[2m:[0m [3mstage[0m[2m=[0m"trace.lookups_product.start" [3mrss_mb[0m[2m=[0m299 [3mhwm_mb[0m[2m=[0m332
[2m2026-09-15T06:58:53.260055Z[0m [32m INFO[0m [2mmidnight_bench[0m[2m:[0m [3mstage[0m[2m=[0m"trace.lookups_product.end" [3mrss_mb[0m[2m=[0m300 [3mhwm_mb[0m[2m=[0m332
[2m2026-09-15T06:58:53.284947Z[0m [32m INFO[0m [2mmidnight_bench[0m[2m:[0m [3mstage[0m[2m=[0m"create_proof.compute_trace.end" [3mrss_mb[0m[2m=[0m300 [3mhwm_mb[0m[2m=[0m332
[2m2026-09-15T06:58:53.284973Z[0m [32m INFO[0m [2mmidnight_bench[0m[2m:[0m [3mstage[0m[2m=[0m"create_proof.finalise_proof.start" [3mrss_mb[0m[2m=[0m300 [3mhwm_mb[0m[2m=[0m332
[2m2026-09-15T06:58:53.284982Z[0m [32m INFO[0m [2mmidnight_bench[0m[2m:[0m [3mstage[0m[2m=[0m"finalise.compute_h_poly.start" [3mrss_mb[0m[2m=[0m300 [3mhwm_mb[0m[2m=[0m332
[2m2026-09-15T06:58:53.299741Z[0m [32m INFO[0m [2mmidnight_bench[0m[2m:[0m [3mstage[0m[2m=[0m"finalise.compute_h_poly.materialise_fixed_cosets.start" [3mrss_mb[0m[2m=[0m300 [3mhwm_mb[0m[2m=[0m332
[2m2026-09-15T06:58:53.325627Z[0m [32m INFO[0m [2mmidnight_bench[0m[2m:[0m [3mstage[0m[2m=[0m"finalise.compute_h_poly.materialise_fixed_cosets.end" [3mrss_mb[0m[2m=[0m300 [3mhwm_mb[0m[2m=[0m332
[2m2026-09-15T06:58:53.325650Z[0m [32m INFO[0m [2mmidnight_bench[0m[2m:[0m [3mstage[0m[2m=[0m"finalise.compute_h_poly.materialise_perm_cosets.start" [3mrss_mb[0m[2m=[0m300 [3mhwm_mb[0m[2m=[0m332
[2m2026-09-15T06:58:53.338547Z[0m [32m INFO[0m [2mmidnight_bench[0m[2m:[0m [3mstage[0m[2m=[0m"finalise.compute_h_poly.materialise_perm_cosets.end" [3mrss_mb[0m[2m=[0m300 [3mhwm_mb[0m[2m=[0m332
[2m2026-09-15T06:58:53.467733Z[0m [32m INFO[0m [2mmidnight_bench[0m[2m:[0m [3mstage[0m[2m=[0m"finalise.compute_h_poly.drop_cosets.end" [3mrss_mb[0m[2m=[0m301 [3mhwm_mb[0m[2m=[0m332
[2m2026-09-15T06:58:53.467761Z[0m [32m INFO[0m [2mmidnight_bench[0m[2m:[0m [3mstage[0m[2m=[0m"finalise.compute_h_poly.end" [3mrss_mb[0m[2m=[0m301 [3mhwm_mb[0m[2m=[0m332
[2m2026-09-15T06:58:53.467769Z[0m [32m INFO[0m [2mmidnight_bench[0m[2m:[0m [3mstage[0m[2m=[0m"finalise.vanishing_construct.start" [3mrss_mb[0m[2m=[0m301 [3mhwm_mb[0m[2m=[0m332
[2m2026-09-15T06:58:53.560027Z[0m [32m INFO[0m [2mmidnight_bench[0m[2m:[0m [3mstage[0m[2m=[0m"finalise.vanishing_construct.end" [3mrss_mb[0m[2m=[0m301 [3mhwm_mb[0m[2m=[0m332
[2m2026-09-15T06:58:53.589145Z[0m [32m INFO[0m [2mmidnight_bench[0m[2m:[0m [3mstage[0m[2m=[0m"finalise.compute_queries.start" [3mrss_mb[0m[2m=[0m301 [3mhwm_mb[0m[2m=[0m332
[2m2026-09-15T06:58:53.589238Z[0m [32m INFO[0m [2mmidnight_bench[0m[2m:[0m [3mstage[0m[2m=[0m"finalise.multi_open.start" [3mrss_mb[0m[2m=[0m301 [3mhwm_mb[0m[2m=[0m332
[2m2026-09-15T06:58:53.725444Z[0m [32m INFO[0m [2mmidnight_bench[0m[2m:[0m [3mstage[0m[2m=[0m"finalise.multi_open.end" [3mrss_mb[0m[2m=[0m302 [3mhwm_mb[0m[2m=[0m332
[2m2026-09-15T06:58:53.726166Z[0m [32m INFO[0m [2mmidnight_bench[0m[2m:[0m [3mstage[0m[2m=[0m"create_proof.finalise_proof.end" [3mrss_mb[0m[2m=[0m286 [3mhwm_mb[0m[2m=[0m332
[2m2026-09-15T06:58:53.749124Z[0m [32m INFO[0m [2mactix_web::middleware::logger[0m[2m:[0m 192.168.65.1 POST /prove HTTP/1.1; took 0.753614s
